group,timestamp_s,x_m,vx_mps,y_m,vy_mps,z_m,vz_mps,Pxx,Pvxvx,Pyy,Pvyvy,Pzz,Pvzvz
radar_only,72.512097,0.05214371532201767,0.0,-0.1325264722108841,0.0,9.020475387573242,0.0,0.10214955413622713,4.0,0.7671504656294204,4.0,0.09,4.0
radar_only,72.522097,0.05214371532201767,0.0,-0.1325264722108841,0.0,9.020475387573242,0.0,0.10254959413622755,4.001600000000002,0.7675505056294207,4.001600000000002,0.09040004000000042,4.001600000000002
radar_only,72.532097,0.05214371532201767,0.0,-0.1325264722108841,0.0,9.020475387573242,0.0,0.10374995413622652,4.003199999999999,0.7687508656294196,4.003199999999999,0.09160039999999939,4.003199999999999
radar_only,72.542097,0.05214371532201767,0.0,-0.1325264722108841,0.0,9.020475387573242,0.0,0.10575095413622744,4.0048,0.7707518656294206,4.0048,0.0936014000000003,4.0048
radar_only,72.552097,0.05214371532201767,0.0,-0.1325264722108841,0.0,9.020475387573242,0.0,0.10855291413622917,4.006400000000002,0.7735538256294223,4.006400000000002,0.09640336000000203,4.006400000000002
radar_only,72.562097,0.05214371532201767,0.0,-0.1325264722108841,0.0,9.020475387573242,0.0,0.11215615413622602,4.007999999999999,0.7771570656294192,4.007999999999999,0.10000659999999889,4.007999999999999
radar_only,72.572097,0.05214371532201767,0.0,-0.1325264722108841,0.0,9.020475387573242,0.0,0.11656099413622825,4.009600000000001,0.7815619056294215,4.009600000000001,0.10441144000000112,4.009600000000001
radar_only,72.58209699999999,0.05214371532201767,0.0,-0.1325264722108841,0.0,9.020475387573242,0.0,0.0558210950549325,3.677035530310141,0.3886907841523595,3.9628178224179216,0.04969356015848042,3.6362015886434405
radar_only,72.592097,0.05214371532201767,0.0,-0.1325264722108841,0.0,9.020475387573242,0.0,0.058829875563356906,3.678635530310143,0.3919335890905661,3.964417822417923,0.05266890213632329,3.637801588643442
radar_only,72.602097,0.05214371532201767,0.0,-0.1325264722108841,0.0,9.020475387573242,0.0,0.06257438317784411,3.6802355303101444,0.39596927759325706,3.9660178224179248,0.05637180443189559,3.6394015886434437
radar_only,72.61209699999999,0.05214371532201767,0.0,-0.1325264722108841,0.0,9.020475387573242,0.0,0.0670549378983872,3.6818355303101415,0.400798169660425,3.967617822417922,0.060802587045190516,3.641001588643441
radar_only,72.622097,0.05214371532201767,0.0,-0.1325264722108841,0.0,9.020475387573242,0.0,0.07227185972499892,3.683435530310143,0.4064205852920836,3.9692178224179235,0.06596156997622066,3.6426015886434424
radar_only,72.632097,0.05214371532201767,0.0,-0.1325264722108841,0.0,9.020475387573242,0.0,0.07822546865767341,3.6850355303101447,0.4128368444882266,3.970817822417925,0.07184907322498023,3.644201588643444
radar_only,72.64209699999999,0.05214371532201767,0.0,-0.1325264722108841,0.0,9.020475387573242,0.0,0.08491608469640065,3.686635530310142,0.42004726724884317,3.9724178224179223,0.07846541679145931,3.645801588643441
radar_only,72.652097,0.05214371532201767,0.0,-0.1325264722108841,0.0,9.020475387573242,0.0,0.04963709481332276,2.97229675830031,0.27586796962879717,3.8405688734890853,0.04505621713298096,2.8712702410762456
radar_only,72.662097,0.05214371532201767,0.0,-0.1325264722108841,0.0,9.020475387573242,0.0,0.05423574976338696,2.9738967583003117,0.2818124530541139,3.842168873489087,0.049498280209122225,2.872870241076247
radar_only,72.672097,0.05214371532201767,0.0,-0.1325264722108841,0.0,9.020475387573242,0.0,0.05942918406510402,2.975496758300309,0.2885253702541191,3.843768873489084,0.05451491733347178,2.8744702410762444
radar_only,72.682097,0.05214371532201767,0.0,-0.1325264722108841,0.0,9.020475387573242,0.0,0.06521771771848872,2.9770967583003105,0.2960070412288319,3.8453688734890856,0.0601064485060439,2.876070241076246
radar_only,72.692097,0.05214371532201767,0.0,-0.1325264722108841,0.0,9.020475387573242,0.0,0.07160167072353409,2.978696758300312,0.3042577859782434,3.8469688734890872,0.06627319372683187,2.8776702410762476
radar_only,72.702097,0.05214371532201767,0.0,-0.1325264722108841,0.0,9.020475387573242,0.0,0.07858136308022978,2.9802967583003093,0.31327792450234004,3.8485688734890844,0.07301547299582568,2.8792702410762447
radar_only,72.712097,0.05214371532201767,0.0,-0.1325264722108841,0.0,9.020475387573242,0.0,0.08615709644630333,2.9811266811483095,0.32306775845885527,3.8493987963370846,0.08033358797075218,2.880100163924245
radar_only,72.72209699999999,0.05214371532201767,0.0,-0.1325264722108841,0.0,9.020475387573242,0.0,0.0507244467430991,2.1389277269190514,0.23432393144325298,3.60546171653061,0.04618299292905598,2.011788913883006
radar_only,72.732097,0.05214371532201767,0.0,-0.1325264722108841,0.0,9.020475387573242,0.0,0.05557344673629338,2.140527726919053,0.24250977398169019,3.6070617165306116,0.050742710808244995,2.0133889138830074
radar_only,72.742097,0.05214371532201767,0.0,-0.1325264722108841,0.0,9.020475387573242,0.0,0.060850552274871905,2.1421277269190546,0.25141702886343426,3.608661716530613,0.05570510647021103,2.014988913883009
radar_only,72.75209699999999,0.05214371532201767,0.0,-0.1325264722108841,0.0,9.020475387573242,0.0,0.06655608335882628,2.143727726919052,0.261046016088471,3.6102617165306103,0.06107049991494616,2.016588913883006
radar_only,72.762097,0.05214371532201767,0.0,-0.1325264722108841,0.0,9.020475387573242,0.0,0.0726903599881727,2.1453277269190534,0.27139705565682776,3.611861716530612,0.06683921114246565,2.018188913883008
radar_only,72.772097,0.05214371532201767,0.0,-0.1325264722108841,0.0,9.020475387573242,0.0,0.07925370216290338,2.146927726919055,0.28247046756849137,3.6134617165306135,0.07301156015276215,2.0197889138830094
radar_only,72.782097,0.05214371532201767,0.0,-0.1325264722108841,0.0,9.020475387573242,0.0,0.04732243428448037,1.4758453499154853,0.2134417164480886,3.277780146517401,0.04276490475526654,1.360086203225377
radar_only,72.792097,0.05214371532201767,0.0,-0.1325264722108841,0.0,9.020475387573242,0.0,0.05144292895873292,1.477445349915487,0.22262823758587022,3.2793801465174024,0.04655995039444098,1.3616862032253787
radar_only,72.802097,0.05214371532201767,0.0,-0.1325264722108841,0.0,9.020475387573242,0.0,0.05585891270296886,1.4790453499154885,0.232470634752956,3.280980146517404,0.050627333274260784,1.3632862032253803
radar_only,72.812097,0.05214371532201767,0.0,-0.1325264722108841,0.0,9.020475387573242,0.0,0.06057070551718129,1.4806453499154857,0.24296922794933057,3.282580146517401,0.054967373394719576,1.3648862032253775
radar_only,72.822097,0.05214371532201767,0.0,-0.1325264722108841,0.0,9.020475387573242,0.0,0.06557862740138364,1.4822453499154873,0.2541243371750237,3.2841801465174028,0.0595803907558297,1.366486203225379
radar_only,72.83209699999999,0.05214371532201767,0.0,-0.1325264722108841,0.0,9.020475387573242,0.0,0.07088299835556162,1.4838453499154844,0.2659362824300037,3.2857801465174,0.06446670535757805,1.3680862032253762
radar_only,72.842097,0.05214371532201767,0.0,-0.1325264722108841,0.0,9.020475387573242,0.0,0.07648413837973034,1.485445349915486,0.27840538371430423,3.2873801465174015,0.0696266371999785,1.3696862032253778
radar_only,72.852097,0.05214371532201767,0.0,-0.1325264722108841,0.0,9.020475387573242,0.0,0.04631173512975237,1.0061888932083047,0.21251645207849787,2.8776315614436636,0.041581885961197496,0.9147667712364033
radar_only,72.86209699999999,0.05214371532201767,0.0,-0.1325264722108841,0.0,9.020475387573242,0.0,0.049827401861386914,1.007788893208302,0.22265739544113192,2.8792315614436608,0.04477390247624629,0.9163667712364003
radar_only,72.872097,0.05214371532201767,0.0,-0.1325264722108841,0.0,9.020475387573242,0.0,0.05354462637166818,1.0093888932083035,0.23337418511606928,2.8808315614436624,0.04814919234554696,0.9179667712364019
radar_only,72.882097,0.05214371532201767,0.0,-0.1325264722108841,0.0,9.020475387573242,0.0,0.057463728660591316,1.010988893208305,0.24466714110329596,2.882431561443664,0.0517080755690951,0.9195667712364035
radar_only,72.89209699999999,0.05214371532201767,0.0,-0.1325264722108841,0.0,9.020475387573242,0.0,0.06158502872815032,1.0125888932083023,0.25653658340279467,2.884031561443661,0.05545087214688526,0.9211667712364006
radar_only,72.902097,0.05214371532201767,0.0,-0.1325264722108841,0.0,9.020475387573242,0.0,0.0659088465743569,1.0141888932083039,0.26898283201459916,2.8856315614436627,0.05937790207892807,0.9227667712364022
radar_only,72.912097,0.05214371532201767,0.0,-0.1325264722108841,0.0,9.020475387573242,0.0,0.07043548338793497,1.015031139640305,0.28200618812742256,2.886473807875664,0.06348946655394795,0.9236090176684034
radar_only,72.922097,0.05214371532201767,0.0,-0.1325264722108841,0.0,9.020475387573242,0.0,0.07516513653411633,1.016631139640302,0.2956068491064839,2.8880738078756614,0.06778576293717738,0.9252090176684005
radar_only,72.932097,0.05214371532201767,0.0,-0.1325264722108841,0.0,9.020475387573242,0.0,0.08009811590823253,1.0182311396403037,0.3097851248471398,2.889673807875663,0.07226710112394664,0.9268090176684021
radar_only,72.942097,0.05214371532201767,0.0,-0.1325264722108841,0.0,9.020475387573242,0.0,0.085234741510277,1.0198311396403053,0.32454133534937146,2.8912738078756646,0.07693380111424977,0.9284090176684037
radar_only,72.952097,0.05214371532201767,0.0,-0.1325264722108841,0.0,9.020475387573242,0.0,0.09057533334024202,1.0214311396403024,0.33987580061315664,2.8928738078756617,0.08178618290807976,0.9300090176684007
radar_only,72.962097,0.05214371532201767,0.0,-0.1325264722108841,0.0,9.020475387573242,0.0,0.09612021139814275,1.023031139640304,0.35578884063853894,2.8944738078756633,0.08682456650545038,0.9316090176684023
radar_only,72.97209699999999,0.05214371532201767,0.0,-0.1325264722108841,0.0,9.020475387573242,0.0,0.10186969568396344,1.0246311396403012,0.3722807754254731,2.8960738078756605,0.0920492719063473,0.9332090176683994
radar_only,72.982097,0.05214371532201767,0.0,-0.1325264722108841,0.0,9.020475387573242,0.0,0.10782410619772041,1.0262311396403028,0.38935192497400606,2.897673807875662,0.09746061911078541,0.934809017668401
radar_only,72.992097,0.05214371532201767,0.0,-0.1325264722108841,0.0,9.020475387573242,0.0,0.11398376293940567,1.0278311396403044,0.4070026092841147,2.8992738078756637,0.10305892811875737,0.9364090176684026
radar_only,73.00209699999999,0.05214371532201767,0.0,-0.1325264722108841,0.0,9.020475387573242,0.0,0.12034898590901,1.0294311396403015,0.42523314835577275,2.900873807875661,0.10884451893025486,0.9380090176683996
radar_only,73.012097,0.05214371532201767,0.0,-0.1325264722108841,0.0,9.020475387573242,0.0,0.1269200951065515,1.0310311396403031,0.444043862189032,2.9024738078756624,0.1148177115452943,0.9396090176684012
radar_only,73.022097,0.05214371532201767,0.0,-0.1325264722108841,0.0,9.020475387573242,0.0,0.13369741053202128,1.0326311396403047,0.46343507078386703,2.904073807875664,0.12097882596386761,0.9412090176684028
radar_only,73.032097,0.05214371532201767,0.0,-0.1325264722108841,0.0,9.020475387573242,0.0,0.14068125218540925,1.0342311396403019,0.48340709414024896,2.905673807875661,0.12732818218596564,0.9428090176683999
radar_only,73.042097,0.05214371532201767,0.0,-0.1325264722108841,0.0,9.020475387573242,0.0,0.1478719400667353,1.0358311396403035,0.5039602522582346,2.907273807875663,0.13386610021160641,0.9444090176684015
radar_only,73.052097,0.05214371532201767,0.0,-0.1325264722108841,0.0,9.020475387573242,0.0,0.15526979417598957,1.037431139640305,0.525094865137796,2.9088738078756644,0.1405929000407811,0.9460090176684031
radar_only,73.062097,0.05214371532201767,0.0,-0.1325264722108841,0.0,9.020475387573242,0.0,0.16287513451316118,1.0390311396403022,0.5468112527789019,2.9104738078756616,0.1475089016734797,0.9476090176684001
radar_only,73.072097,0.05214371532201767,0.0,-0.1325264722108841,0.0,9.020475387573242,0.0,0.17068828107827172,1.0406311396403038,0.5691097351816139,2.912073807875663,0.15461442510972184,0.9492090176684017
radar_only,73.08209699999999,0.05214371532201767,0.0,-0.1325264722108841,0.0,9.020475387573242,0.0,0.178709553871299,1.042231139640301,0.5919906323458687,2.9136738078756603,0.16190979034948735,0.9508090176683988
radar_only,73.092097,0.05214371532201767,0.0,-0.1325264722108841,0.0,9.020475387573242,0.0,0.18693927289226578,1.0438311396403026,0.6154542642717312,2.915273807875662,0.16939531739279698,0.9524090176684004
radar_only,73.102097,0.05214371532201767,0.0,-0.1325264722108841,0.0,9.020475387573242,0.0,0.19537775814116085,1.0454311396403042,0.6395009509591696,2.9168738078756635,0.17707132623964048,0.954009017668402
radar_only,73.11209699999999,0.05214371532201767,0.0,-0.1325264722108841,0.0,9.020475387573242,0.0,0.20402531010981578,1.0463024692083025,0.6641309928999923,2.917745137443662,0.18493811738185062,0.9548803472364001
radar_only,73.122097,0.05214371532201767,0.0,-0.1325264722108841,0.0,9.020475387573242,0.0,0.21288213120143115,1.047902469208304,0.6893445924974454,2.9193451374436634,0.19299589322262564,0.9564803472364017
radar_only,73.132097,0.05214371532201767,0.0,-0.1325264722108841,0.0,9.020475387573242,0.0,0.2219485327868884,1.0495024692083057,0.7151420611223877,2.920945137443665,0.20124496513284815,0.9580803472364033
radar_only,73.14209699999999,0.05214371532201767,0.0,-0.1325264722108841,0.0,9.020475387573242,0.0,0.23122483486617418,1.0511024692083029,0.7415237187747814,2.922545137443662,0.209685653112506,0.9596803472364004
radar_only,73.152097,0.05214371532201767,0.0,-0.1325264722108841,0.0,9.020475387573242,0.0,0.24071135743931488,1.0527024692083045,0.7684898854547015,2.9241451374436638,0.2183182771616232,0.961280347236402
radar_only,73.162097,0.05214371532201767,0.0,-0.1325264722108841,0.0,9.020475387573242,0.0,0.2504084205062974,1.054302469208306,0.796040881162111,2.9257451374436654,0.22714315728018786,0.9628803472364036
radar_only,73.172097,0.05214371532201767,0.0,-0.1325264722108841,0.0,9.020475387573242,0.0,0.26031634406710763,1.0559024692083032,0.8241770258969695,2.9273451374436625,0.23616061346818704,0.9644803472364006
radar_only,73.182097,0.05214371532201767,0.0,-0.1325264722108841,0.0,9.020475387573242,0.0,0.2704354481217736,1.0575024692083048,0.8528986396593569,2.928945137443664,0.24537096572564637,0.9660803472364022
radar_only,73.192097,0.05214371532201767,0.0,-0.1325264722108841,0.0,9.020475387573242,0.0,0.2807660526702815,1.0591024692083064,0.8822060424492335,2.9305451374436657,0.2547745340525531,0.9676803472364038
radar_only,73.202097,0.05214371532201767,0.0,-0.1325264722108841,0.0,9.020475387573242,0.0,0.2913084777126161,1.0607024692083036,0.9120995542665566,2.932145137443663,0.26437163844889366,0.9692803472364009
radar_only,73.212097,0.05214371532201767,0.0,-0.1325264722108841,0.0,9.020475387573242,0.0,0.3020630432488074,1.0623024692083052,0.9425794951114111,2.9337451374436645,0.27416259891469513,0.9708803472364025
radar_only,73.22209699999999,0.05214371532201767,0.0,-0.1325264722108841,0.0,9.020475387573242,0.0,0.3130300692788249,1.0639024692083023,0.9736461849837105,2.9353451374436617,0.2841477354499298,0.9724803472363995
radar_only,73.232097,0.05214371532201767,0.0,-0.1325264722108841,0.0,9.020475387573242,0.0,0.3242098758026996,1.065502469208304,1.0052999438835428,2.9369451374436633,0.29432736805462595,0.9740803472364011
radar_only,73.242097,0.05214371532201767,0.0,-0.1325264722108841,0.0,9.020475387573242,0.0,0.3356027828204163,1.0671024692083055,1.0375410918108645,2.938545137443665,0.3047018167287696,0.9756803472364027
radar_only,73.25209699999999,0.05214371532201767,0.0,-0.1325264722108841,0.0,9.020475387573242,0.0,0.07995545635904285,0.3085681419750749,0.4508754134466675,1.4596301745167861,0.07093331571848632,0.2781487424984434
radar_only,73.262097,0.05214371532201767,0.0,-0.1325264722108841,0.0,9.020475387573242,0.0,0.08268977234302068,0.3101681419750766,0.4649955352634605,1.4612301745167877,0.07336691061974675,0.27974874249844506
radar_only,73.272097,0.05214371532201767,0.0,-0.1325264722108841,0.0,9.020475387573242,0.0,0.08548612195539358,0.31176814197507824,0.4794079031151572,1.4628301745167893,0.07585645526950692,0.2813487424984467
radar_only,73.282097,0.05214371532201767,0.0,-0.1325264722108841,0.0,9.020475387573242,0.0,0.08834482519615745,0.31336814197507534,0.4941128370017364,1.4644301745167865,0.07840226966776319,0.2829487424984438
radar_only,73.292097,0.05214371532201767,0.0,-0.1325264722108841,0.0,9.020475387573242,0.0,0.09126620206532043,0.314968141975077,0.50911065692324,1.466030174516788,0.08100467381452277,0.2845487424984455
radar_only,73.302097,0.05214371532201767,0.0,-0.1325264722108841,0.0,9.020475387573242,0.0,0.0942505725628785,0.31656814197507865,0.5244016828796473,1.4676301745167897,0.0836639877097821,0.28614874249844713
radar_only,73.312097,0.05214371532201767,0.0,-0.1325264722108841,0.0,9.020475387573242,0.0,0.09729823782763643,0.31741194677507734,0.5399862160097451,1.4684739793167882,0.08638051249234645,0.2869925472984458
radar_only,73.322097,0.05214371532201767,0.0,-0.1325264722108841,0.0,9.020475387573242,0.0,0.10040939549546071,0.319011946775079,0.5558644539494353,1.4700739793167898,0.08915444579808135,0.28859254729844747
radar_only,73.33209699999999,0.05214371532201767,0.0,-0.1325264722108841,0.0,9.020475387573242,0.0,0.10358435555263552,0.3206119467750761,0.572036706684966,1.471673979316787,0.09198609761327194,0.29019254729844457
radar_only,73.342097,0.05214371532201767,0.0,-0.1325264722108841,0.0,9.020475387573242,0.0,0.10682343799916988,0.32221194677507775,0.5885032942163831,1.4732739793167886,0.09487578793792625,0.2917925472984462
radar_only,73.352097,0.05214371532201767,0.0,-0.1325264722108841,0.0,9.020475387573242,0.0,0.11012696283505932,0.3238119467750794,0.605264536543664,1.4748739793167902,0.09782383677204032,0.2933925472984479
radar_only,73.36209699999999,0.05214371532201767,0.0,-0.1325264722108841,0.0,9.020475387573242,0.0,0.11349525006029902,0.3254119467750765,0.6223207536667841,1.4764739793167874,0.10083056411560982,0.294992547298445
radar_only,73.372097,0.05214371532201767,0.0,-0.1325264722108841,0.0,9.020475387573242,0.0,0.11692861967489854,0.32701194677507817,0.6396722655857918,1.478073979316789,0.10389628996864331,0.29659254729844664
radar_only,73.382097,0.05214371532201767,0.0,-0.1325264722108841,0.0,9.020475387573242,0.0,0.12042739167885314,0.3286119467750798,0.6573193923006632,1.4796739793167906,0.10702133433113654,0.2981925472984483
radar_only,73.39209699999999,0.05214371532201767,0.0,-0.1325264722108841,0.0,9.020475387573242,0.0,0.1239918860721577,0.3302119467750769,0.6752624538113725,1.4812739793167877,0.11020601720308495,0.2997925472984454
radar_only,73.402097,0.05214371532201767,0.0,-0.1325264722108841,0.0,9.020475387573242,0.0,0.12762242285482236,0.3318119467750786,0.6935017701179709,1.4828739793167893,0.11345065858449761,0.30139254729844706
radar_only,73.412097,0.05214371532201767,0.0,-0.1325264722108841,0.0,9.020475387573242,0.0,0.1313193220268421,0.33341194677508024,0.7120376612204328,1.484473979316791,0.11675557847537002,0.3029925472984487
radar_only,73.422097,0.05214371532201767,0.0,-0.1325264722108841,0.0,9.020475387573242,0.0,0.13508290358821154,0.33501194677507734,0.7308704471187314,1.486073979316788,0.12012109687569734,0.3045925472984458
radar_only,73.432097,0.05214371532201767,0.0,-0.1325264722108841,0.0,9.020475387573242,0.0,0.13891348753894134,0.336611946775079,0.7500004478129203,1.4876739793167897,0.12354753378548916,0.30619254729844747
radar_only,73.442097,0.05214371532201767,0.0,-0.1325264722108841,0.0,9.020475387573242,0.0,0.14281139387902625,0.33821194677508065,0.7694279833029728,1.4892739793167913,0.12703520920474073,0.3077925472984491
radar_only,73.452097,0.05214371532201767,0.0,-0.1325264722108841,0.0,9.020475387573242,0.0,0.14677694260846055,0.33981194677507776,0.7891533735888607,1.4908739793167884,0.13058444313344697,0.30939254729844623
radar_only,73.462097,0.05214371532201767,0.0,-0.1325264722108841,0.0,9.020475387573242,0.0,0.15081045372725552,0.3414119467750794,0.8091769386706401,1.49247397931679,0.13419555557161794,0.3109925472984479
radar_only,73.47209699999999,0.05214371532201767,0.0,-0.1325264722108841,0.0,9.020475387573242,0.0,0.1549122472353997,0.3430119467750765,0.829498998548254,1.4940739793167872,0.1378688665192434,0.312592547298445
radar_only,73.482097,0.05214371532201767,0.0,-0.1325264722108841,0.0,9.020475387573242,0.0,0.15908264313290477,0.34461194677507817,0.8501198732217604,1.4956739793167888,0.1416046959763338,0.31419254729844664
radar_only,73.492097,0.05214371532201767,0.0,-0.1325264722108841,0.0,9.020475387573242,0.0,0.1633219614197649,0.3462119467750798,0.8710398826911304,1.4972739793167904,0.14540336394288397,0.3157925472984483
radar_only,73.50209699999999,0.05214371532201767,0.0,-0.1325264722108841,0.0,9.020475387573242,0.0,0.16763052209597398,0.34781194677507693,0.8922593469563337,1.4988739793167876,0.14926519041888836,0.3173925472984454
radar_only,73.512097,0.05214371532201767,0.0,-0.1325264722108841,0.0,9.020475387573242,0.0,0.17200862588928276,0.3486712210470774,0.9137785667451692,1.4997332535887882,0.1531904761320965,0.31825182157044585
radar_only,73.522097,0.05214371532201767,0.0,-0.1325264722108841,0.0,9.020475387573242,0.0,0.0655291549381571,0.17159085175738034,0.4258553056840898,0.8003046511959601,0.0579747552606095,0.157822931263956
radar_only,73.532097,0.05214371532201767,0.0,-0.1325264722108841,0.0,9.020475387573242,0.0,0.06721757165199915,0.17319085175737742,0.4359534245285372,0.8019046511959571,0.05947986391145572,0.15942293126395307
radar_only,73.542097,0.05214371532201767,0.0,-0.1325264722108841,0.0,9.020475387573242,0.0,0.06894062653619508,0.17479085175737905,0.44621192430323814,0.8035046511959587,0.061016857148556876,0.1610229312639547
radar_only,73.552097,0.05214371532201767,0.0,-0.1325264722108841,0.0,9.020475387573242,0.0,0.07069863959074252,0.17639085175738067,0.45663112500817843,0.8051046511959603,0.06258605497191086,0.16262293126395633
radar_only,73.562097,0.05214371532201767,0.0,-0.1325264722108841,0.0,9.020475387573242,0.0,0.0724919308156389,0.17799085175737775,0.46721134664334296,0.8067046511959574,0.06418777738151536,0.1642229312639534
radar_only,73.572097,0.05214371532201767,0.0,-0.1325264722108841,0.0,9.020475387573242,0.0,0.07432082021088933,0.17959085175737938,0.47795290920876177,0.808304651195959,0.06582234437737494,0.16582293126395503
radar_only,73.58209699999999,0.05214371532201767,0.0,-0.1325264722108841,0.0,9.020475387573242,0.0,0.07618562777648859,0.18119085175737645,0.4888561327044043,0.809904651195956,0.06749007595948496,0.1674229312639521
radar_only,73.592097,0.05214371532201767,0.0,-0.1325264722108841,0.0,9.020475387573242,0.0,0.07808667351244197,0.18279085175737808,0.4999213371303016,0.8115046511959576,0.06919129212785016,0.16902293126395374
radar_only,73.602097,0.05214371532201767,0.0,-0.1325264722108841,0.0,9.020475387573242,0.0,0.08002427741874688,0.1843908517573797,0.5111488424864382,0.8131046511959592,0.07092631288246819,0.17062293126395536
radar_only,73.61209699999999,0.05214371532201767,0.0,-0.1325264722108841,0.0,9.020475387573242,0.0,0.08199875949540046,0.18599085175737678,0.5225389687727979,0.8147046511959563,0.07269545822333649,0.17222293126395244
radar_only,73.622097,0.05214371532201767,0.0,-0.1325264722108841,0.0,9.020475387573242,0.0,0.08401043974240834,0.1875908517573784,0.5340920359894131,0.8163046511959579,0.0744990481504601,0.17382293126395407
radar_only,73.632097,0.05214371532201767,0.0,-0.1325264722108841,0.0,9.020475387573242,0.0,0.08605963815976773,0.18919085175738004,0.5458083641362675,0.8179046511959595,0.07633740266383654,0.1754229312639557
radar_only,73.64209699999999,0.05214371532201767,0.0,-0.1325264722108841,0.0,9.020475387573242,0.0,0.08814667474747566,0.19079085175737712,0.5576882732133444,0.8195046511959565,0.07821084176346313,0.17702293126395277
radar_only,73.652097,0.05214371532201767,0.0,-0.1325264722108841,0.0,9.020475387573242,0.0,0.04817720562093022,0.13255201410129516,0.3283471409338659,0.5477038923930726,0.04261583582024124,0.12394296520464002
radar_only,73.662097,0.05214371532201767,0.0,-0.1325264722108841,0.0,9.020475387573242,0.0,0.04933776174423317,0.1341520141012968,0.3353973675735439,0.5493038923930742,0.04365579768227921,0.12554296520464164
radar_only,73.672097,0.05214371532201767,0.0,-0.1325264722108841,0.0,9.020475387573242,0.0,0.0505251482703547,0.13575201410129387,0.3425574549916903,0.5509038923930712,0.0447208681373566,0.12714296520463872
radar_only,73.682097,0.05214371532201767,0.0,-0.1325264722108841,0.0,9.020475387573242,0.0,0.05173968519929819,0.1373520141012955,0.34982772318832556,0.5525038923930728,0.04581136718547644,0.12874296520464035
radar_only,73.692097,0.05214371532201767,0.0,-0.1325264722108841,0.0,9.020475387573242,0.0,0.05298169253106196,0.13895201410129712,0.35720849216343953,0.5541038923930744,0.04692761482663723,0.13034296520464198
radar_only,73.702097,0.05214371532201767,0.0,-0.1325264722108841,0.0,9.020475387573242,0.0,0.05425149026564421,0.1405520141012942,0.3647000819170215,0.5557038923930715,0.04806993106083734,0.13194296520463905
radar_only,73.712097,0.05214371532201767,0.0,-0.1325264722108841,0.0,9.020475387573242,0.0,0.05554937877536152,0.14143099141329415,0.3723027928214058,0.5565828697050714,0.049238616260393005,0.132821942516639
radar_only,73.72209699999999,0.05214371532201767,0.0,-0.1325264722108841,0.0,9.020475387573242,0.0,0.056875561783780185,0.14303099141329123,0.3800168286001408,0.5581828697050685,0.050433874148870884,0.13442194251663608
radar_only,73.732097,0.05214371532201767,0.0,-0.1325264722108841,0.0,9.020475387573242,0.0,0.058230350990483404,0.14463099141329286,0.38784250095282774,0.5597828697050701,0.051656016425853796,0.1360219425166377
radar_only,73.742097,0.05214371532201767,0.0,-0.1325264722108841,0.0,9.020475387573242,0.0,0.05961406639546931,0.1462309914132945,0.3957801298794558,0.5613828697050717,0.05290536309134006,0.13762194251663934
radar_only,73.75209699999999,0.05214371532201767,0.0,-0.1325264722108841,0.0,9.020475387573242,0.0,0.061027027998735876,0.14783099141329156,0.4038300353800135,0.5629828697050687,0.05418223414532784,0.13922194251663642
radar_only,73.762097,0.05214371532201767,0.0,-0.1325264722108841,0.0,9.020475387573242,0.0,0.06246955580028712,0.1494309914132932,0.41199253745452363,0.5645828697050703,0.055486949587820786,0.14082194251663804
radar_only,73.772097,0.05214371532201767,0.0,-0.1325264722108841,0.0,9.020475387573242,0.0,0.06394196980012107,0.15103099141329482,0.42026795610297496,0.5661828697050719,0.05681982941881708,0.14242194251663967
radar_only,73.782097,0.05214371532201767,0.0,-0.1325264722108841,0.0,9.020475387573242,0.0,0.03991572741934195,0.1181242491998522,0.2751421666958883,0.41866874119400865,0.035361612649629906,0.11194853259820234
radar_only,73.792097,0.05214371532201767,0.0,-0.1325264722108841,0.0,9.020475387573242,0.0,0.0408537037488767,0.11972424919985385,0.2806057253949522,0.4202687411940103,0.036209349581575526,0.11354853259820398
radar_only,73.802097,0.05214371532201767,0.0,-0.1325264722108841,0.0,9.020475387573242,0.0,0.04181562492825145,0.12132424919985549,0.28615333784225505,0.42186874119401196,0.03707979622004081,0.11514853259820562
radar_only,73.812097,0.05214371532201767,0.0,-0.1325264722108841,0.0,9.020475387573242,0.0,0.04280181095746478,0.12292424919985258,0.29178532403778873,0.42346874119400907,0.037973272565024474,0.11674853259820271
radar_only,73.822097,0.05214371532201767,0.0,-0.1325264722108841,0.0,9.020475387573242,0.0,0.04381258183651948,0.12452424919985422,0.29750200398156923,0.4250687411940107,0.038890098616529055,0.11834853259820435
radar_only,73.83209699999999,0.05214371532201767,0.0,-0.1325264722108841,0.0,9.020475387573242,0.0,0.04484825756541269,0.1261242491998513,0.30330369767358034,0.42666874119400783,0.03983059437455194,0.11994853259820144
radar_only,73.842097,0.05214371532201767,0.0,-0.1325264722108841,0.0,9.020475387573242,0.0,0.045909158144147345,0.12772424919985292,0.3091907251138385,0.4282687411940095,0.04079507983909582,0.12154853259820309
radar_only,73.852097,0.05214371532201767,0.0,-0.1325264722108841,0.0,9.020475387573242,0.0,0.046995603572722006,0.12932424919985455,0.3151634063023355,0.42986874119401114,0.04178387501015936,0.12314853259820473
radar_only,73.86209699999999,0.05214371532201767,0.0,-0.1325264722108841,0.0,9.020475387573242,0.0,0.04810791385113506,0.13092424919985163,0.3212220612390628,0.43146874119400824,0.04279729988774111,0.12474853259820182
radar_only,73.872097,0.05214371532201767,0.0,-0.1325264722108841,0.0,9.020475387573242,0.0,0.04924640897938967,0.13252424919985326,0.3273670099240375,0.4330687411940099,0.043835674471843944,0.12634853259820344
radar_only,73.882097,0.05214371532201767,0.0,-0.1325264722108841,0.0,9.020475387573242,0.0,0.050411408957484284,0.13412424919985488,0.33359857235725104,0.43466874119401155,0.04489931876246645,0.12794853259820507
radar_only,73.89209699999999,0.05214371532201767,0.0,-0.1325264722108841,0.0,9.020475387573242,0.0,0.05160323378541718,0.13572424919985196,0.3399170685386945,0.43626874119400866,0.04598855275960706,0.12954853259820215
radar_only,73.902097,0.05214371532201767,0.0,-0.1325264722108841,0.0,9.020475387573242,0.0,0.052822203463191754,0.1373242491998536,0.34632281846838575,0.4378687411940103,0.04710369646326886,0.13114853259820378
radar_only,73.912097,0.05214371532201767,0.0,-0.1325264722108841,0.0,9.020475387573242,0.0,0.0540686183321792,0.1382054539678551,0.3528161224876888,0.43874994596201183,0.04824505021482321,0.1320297373662053
radar_only,73.922097,0.05214371532201767,0.0,-0.1325264722108841,0.0,9.020475387573242,0.0,0.036110585900823104,0.11351567213095128,0.24579388647484296,0.3437887771848343,0.032097412346499106,0.1086527923823961
radar_only,73.932097,0.05214371532201767,0.0,-0.1325264722108841,0.0,9.020475387573242,0.0,0.03696560762033564,0.11511567213095292,0.25036540122466305,0.34538877718483596,0.03287868046288243,0.11025279238239774
radar_only,73.942097,0.05214371532201767,0.0,-0.1325264722108841,0.0,9.020475387573242,0.0,0.03784365247427439,0.11671567213095456,0.2550059937299202,0.3469887771848376,0.033681999137742245,0.11185279238239938
radar_only,73.952097,0.05214371532201767,0.0,-0.1325264722108841,0.0,9.020475387573242,0.0,0.038745040462638054,0.11831567213095165,0.2597159839906077,0.3485887771848347,0.03450768837107738,0.11345279238239647
radar_only,73.962097,0.05214371532201767,0.0,-0.1325264722108841,0.0,9.020475387573242,0.0,0.0396700915854292,0.11991567213095329,0.26449569200673884,0.3501887771848364,0.03535606816289017,0.11505279238239811
radar_only,73.97209699999999,0.05214371532201767,0.0,-0.1325264722108841,0.0,9.020475387573242,0.0,0.040619125842645196,0.12151567213095038,0.26934543777830006,0.3517887771848335,0.036227458513178205,0.1166527923823952
radar_only,73.982097,0.05214371532201767,0.0,-0.1325264722108841,0.0,9.020475387573242,0.0,0.04159246323428874,0.12311567213095202,0.27426554130530517,0.35338877718483513,0.03712217942194397,0.11825279238239685
radar_only,73.992097,0.05214371532201767,0.0,-0.1325264722108841,0.0,9.020475387573242,0.0,0.042590423760358494,0.12471567213095366,0.27925632258774735,0.3549887771848368,0.03804055088918624,0.11985279238239849
radar_only,74.00209699999999,0.05214371532201767,0.0,-0.1325264722108841,0.0,9.020475387573242,0.0,0.04361332742085299,0.12631567213095074,0.28431810162561927,0.3565887771848339,0.03898289291490365,0.12145279238239558
radar_only,74.012097,0.05214371532201767,0.0,-0.1325264722108841,0.0,9.020475387573242,0.0,0.044661494215775144,0.12791567213095237,0.2894511984189354,0.35818877718483555,0.039949525499098894,0.12305279238239722
radar_only,74.022097,0.05214371532201767,0.0,-0.1325264722108841,0.0,9.020475387573242,0.0,0.04573524414512351,0.129515672130954,0.29465593296768855,0.3597887771848372,0.04094076864177064,0.12465279238239886
radar_only,74.032097,0.05214371532201767,0.0,-0.1325264722108841,0.0,9.020475387573242,0.0,0.04683489720889652,0.13111567213095107,0.2999326252718712,0.3613887771848343,0.041956942342917435,0.12625279238239595
radar_only,74.042097,0.05214371532201767,0.0,-0.1325264722108841,0.0,9.020475387573242,0.0,0.047960773407097285,0.1327156721309527,0.30528159533149835,0.36298877718483596,0.04299836660254216,0.12785279238239758
radar_only,74.052097,0.05214371532201767,0.0,-0.1325264722108841,0.0,9.020475387573242,0.0,0.03327561136114524,0.11143646173383949,0.22161600375759452,0.2953475390609766,0.02968321739441231,0.10729214631818569
radar_only,74.062097,0.05214371532201767,0.0,-0.1325264722108841,0.0,9.020475387573242,0.0,0.03407838673811812,0.11303646173383658,0.22554159275753022,0.2969475390609737,0.030423118390448884,0.10889214631818278
radar_only,74.072097,0.05214371532201767,0.0,-0.1325264722108841,0.0,9.020475387573242,0.0,0.03490376940743891,0.11463646173383822,0.22952657126528372,0.29854753906097536,0.031184797815750148,0.11049214631818442
radar_only,74.08209699999999,0.05214371532201767,0.0,-0.1325264722108841,0.0,9.020475387573242,0.0,0.03575207936910527,0.11623646173383531,0.2335712592808437,0.30014753906097247,0.03196857567031395,0.11209214631818151
radar_only,74.092097,0.05214371532201767,0.0,-0.1325264722108841,0.0,9.020475387573242,0.0,0.03662363662311961,0.11783646173383695,0.23767597680422167,0.3017475390609741,0.0327747719541425,0.11369214631818315
radar_only,74.102097,0.05214371532201767,0.0,-0.1325264722108841,0.0,9.020475387573242,0.0,0.03751876116948075,0.1194364617338386,0.24184104383541186,0.3033475390609758,0.033603706667234716,0.1152921463181848
radar_only,74.11209699999999,0.05214371532201767,0.0,-0.1325264722108841,0.0,9.020475387573242,0.0,0.03843775360214144,0.12030217338183638,0.24606676096836233,0.30421325070897354,0.03445568040354345,0.11615785796618258
radar_only,74.122097,0.05214371532201767,0.0,-0.1325264722108841,0.0,9.020475387573242,0.0,0.039380815353173636,0.12190217338183802,0.25035332963515444,0.3058132507089752,0.03533089459514047,0.11775785796618422
radar_only,74.132097,0.05214371532201767,0.0,-0.1325264722108841,0.0,9.020475387573242,0.0,0.04034825753888223,0.12350217338183966,0.25470106095208844,0.30741325070897685,0.03622966035833075,0.11935785796618587
radar_only,74.14209699999999,0.05214371532201767,0.0,-0.1325264722108841,0.0,9.020475387573242,0.0,0.04134040015926579,0.12510217338183674,0.25911027491915795,0.30901325070897395,0.037152297693112964,0.12095785796618296
radar_only,74.152097,0.05214371532201767,0.0,-0.1325264722108841,0.0,9.020475387573242,0.0,0.042357563214327126,0.12670217338183837,0.26358129153637555,0.3106132507089756,0.03809912659948973,0.1225578579661846
radar_only,74.162097,0.05214371532201767,0.0,-0.1325264722108841,0.0,9.020475387573242,0.0,0.04340006670406486,0.12830217338184,0.268114430803735,0.31221325070897726,0.03907046707745976,0.12415785796618624
radar_only,74.172097,0.05214371532201767,0.0,-0.1325264722108841,0.0,9.020475387573242,0.0,0.04446823062847746,0.12990217338183707,0.27271001272122974,0.31381325070897437,0.040066639127021624,0.12575785796618333
radar_only,74.182097,0.05214371532201767,0.0,-0.1325264722108841,0.0,9.020475387573242,0.0,0.031543298971113555,0.11047276032647373,0.2038489936937378,0.2625422214299404,0.028242247552649008,0.10668971477629995
radar_only,74.192097,0.05214371532201767,0.0,-0.1325264722108841,0.0,9.020475387573242,0.0,0.03232151181988389,0.11207276032647537,0.2073229357716979,0.26414222142994204,0.028964254320115953,0.10828971477630159
radar_only,74.202097,0.05214371532201767,0.0,-0.1325264722108841,0.0,9.020475387573242,0.0,0.03312213922071838,0.11367276032647246,0.210849706293939,0.26574222142993914,0.02970791903053711,0.10988971477629868
radar_only,74.212097,0.05214371532201767,0.0,-0.1325264722108841,0.0,9.020475387573242,0.0,0.03394550117361932,0.1152727603264741,0.21442962526047113,0.2673422214299408,0.030473561683914588,0.11148971477630032
radar_only,74.22209699999999,0.05214371532201767,0.0,-0.1325264722108841,0.0,9.020475387573242,0.0,0.03479191767858436,0.11687276032647119,0.21806301267128408,0.2689422214299379,0.03126150228024621,0.11308971477629741
radar_only,74.232097,0.05214371532201767,0.0,-0.1325264722108841,0.0,9.020475387573242,0.0,0.0356617087356159,0.11847276032647283,0.2217501885263882,0.27054222142993956,0.032072060819534225,0.11468971477629905
radar_only,74.242097,0.05214371532201767,0.0,-0.1325264722108841,0.0,9.020475387573242,0.0,0.036555194344712764,0.12007276032647447,0.22549147282577836,0.2721422214299412,0.032905557301777515,0.11628971477630069
radar_only,74.25209699999999,0.05214371532201767,0.0,-0.1325264722108841,0.0,9.020475387573242,0.0,0.03747269450587362,0.12167276032647156,0.22928718556944916,0.2737422214299383,0.03376231172697486,0.11788971477629778
radar_only,74.262097,0.05214371532201767,0.0,-0.1325264722108841,0.0,9.020475387573242,0.0,0.03841452921910109,0.1232727603264732,0.23313764675741133,0.27534222142993997,0.03464264409512869,0.11948971477629942
radar_only,74.272097,0.05214371532201767,0.0,-0.1325264722108841,0.0,9.020475387573242,0.0,0.03938101848439387,0.12487276032647485,0.23704317638965958,0.2769422214299416,0.035546874406237806,0.12108971477630107
radar_only,74.282097,0.05214371532201767,0.0,-0.1325264722108841,0.0,9.020475387573242,0.0,0.04037248230175055,0.12647276032647192,0.24100409446618817,0.27854222142993873,0.03647532266030087,0.12268971477629816
radar_only,74.292097,0.05214371532201767,0.0,-0.1325264722108841,0.0,9.020475387573242,0.0,0.041389240671173944,0.12807276032647355,0.2450207209870084,0.2801422214299404,0.037428308857320514,0.1242897147762998
radar_only,74.302097,0.05214371532201767,0.0,-0.1325264722108841,0.0,9.020475387573242,0.0,0.042431613592662655,0.12967276032647518,0.24909337595211467,0.28174222142994204,0.03840615299729545,0.12588971477630143
radar_only,74.312097,0.05214371532201767,0.0,-0.1325264722108841,0.0,9.020475387573242,0.0,0.04349990213070113,0.13051899405447312,0.253222360425987,0.28258845515794,0.0394091561447102,0.12673594850429937
radar_only,74.322097,0.05214371532201767,0.0,-0.1325264722108841,0.0,9.020475387573242,0.0,0.03122254667096464,0.11128548743475383,0.19334533504207485,0.24104385755660085,0.028072537660716365,0.10763960756585972
radar_only,74.33209699999999,0.05214371532201767,0.0,-0.1325264722108841,0.0,9.020475387573242,0.0,0.0320120213677569,0.11288548743475092,0.19653883198883523,0.24264385755659792,0.028808936138752256,0.10923960756585681
radar_only,74.342097,0.05214371532201767,0.0,-0.1325264722108841,0.0,9.020475387573242,0.0,0.03282407316203725,0.11448548743475256,0.1997808577071115,0.24424385755659955,0.029567182538302372,0.11083960756585845
radar_only,74.352097,0.05214371532201767,0.0,-0.1325264722108841,0.0,9.020475387573242,0.0,0.03365902205380456,0.1160854874347542,0.2030717321968991,0.24584385755660118,0.030347596859365684,0.11243960756586009
radar_only,74.36209699999999,0.05214371532201767,0.0,-0.1325264722108841,0.0,9.020475387573242,0.0,0.03451718804305761,0.1176854874347513,0.20641177545819334,0.24744385755659826,0.031150499101941034,0.11403960756585718
radar_only,74.372097,0.05214371532201767,0.0,-0.1325264722108841,0.0,9.020475387573242,0.0,0.03539889112979884,0.11928548743475294,0.20980130749100365,0.24904385755659988,0.0319762092660307,0.11563960756585882
radar_only,74.382097,0.05214371532201767,0.0,-0.1325264722108841,0.0,9.020475387573242,0.0,0.0268307935694039,0.10524989495353207,0.16701178375718811,0.21962712254499817,0.024096061018553338,0.10173949265195201
radar_only,74.39209699999999,0.05214371532201767,0.0,-0.1325264722108841,0.0,9.020475387573242,0.0,0.027520323946738486,0.10684989495352916,0.16974829415045026,0.22122712254499524,0.024738757991193374,0.1033394926519491
radar_only,74.402097,0.05214371532201767,0.0,-0.1325264722108841,0.0,9.020475387573242,0.0,0.02823122430306476,0.1084498949535308,0.1725290499682253,0.22282712254499687,0.02540212286236472,0.10493949265195074
radar_only,74.412097,0.05214371532201767,0.0,-0.1325264722108841,0.0,9.020475387573242,0.0,0.02896381463838176,0.11004989495353244,0.1753543712105094,0.2244271225449985,0.026086475632066477,0.10653949265195238
radar_only,74.422097,0.05214371532201767,0.0,-0.1325264722108841,0.0,9.020475387573242,0.0,0.029718414952688406,0.11164989495352953,0.1782245778772984,0.22602712254499557,0.026792136300297628,0.10813949265194947
radar_only,74.432097,0.05214371532201767,0.0,-0.1325264722108841,0.0,9.020475387573242,0.0,0.030495345245986835,0.11324989495353117,0.1811399899686005,0.2276271225449972,0.027519424867060178,0.10973949265195111
radar_only,74.442097,0.05214371532201767,0.0,-0.1325264722108841,0.0,9.020475387573242,0.0,0.03129492551827599,0.11484989495353282,0.18410092748441167,0.22922712254499883,0.028268661332353142,0.11133949265195275
radar_only,74.452097,0.05214371532201767,0.0,-0.1325264722108841,0.0,9.020475387573242,0.0,0.024495740245701014,0.10298239670889128,0.1506119093420337,0.20627156164980492,0.02201371680686414,0.0995660781006169
radar_only,74.462097,0.05214371532201767,0.0,-0.1325264722108841,0.0,9.020475387573242,0.0,0.0251434049038682,0.10458239670889292,0.15307305680348757,0.20787156164980655,0.022618184095495597,0.10116607810061855
radar_only,74.47209699999999,0.05214371532201767,0.0,-0.1325264722108841,0.0,9.020475387573242,0.0,0.025811986041376224,0.10618239670889001,0.15557577857726784,0.20947156164980363,0.023242884599746296,0.10276607810061564
radar_only,74.482097,0.05214371532201767,0.0,-0.1325264722108841,0.0,9.020475387573242,0.0,0.02650180365822698,0.10778239670889166,0.15812039466338168,0.21107156164980526,0.023888138319618012,0.10436607810061728
radar_only,74.492097,0.05214371532201767,0.0,-0.1325264722108841,0.0,9.020475387573242,0.0,0.02721317775441954,0.1093823967088933,0.1607072250618255,0.21267156164980688,0.024554265255109876,0.10596607810061892
radar_only,74.50209699999999,0.05214371532201767,0.0,-0.1325264722108841,0.0,9.020475387573242,0.0,0.027946428329952838,0.11098239670889039,0.16333658977259558,0.21427156164980396,0.02524158540622089,0.10756607810061601
radar_only,74.512097,0.05214371532201767,0.0,-0.1325264722108841,0.0,9.020475387573242,0.0,0.02870185574716312,0.11186207939688997,0.16600878915803352,0.21515124433780355,0.025950399135287166,0.10844576078861559
radar_only,74.522097,0.05214371532201767,0.0,-0.1325264722108841,0.0,9.020475387573242,0.0,0.02300673392985039,0.10202530194422671,0.13868646634206092,0.19710414844861351,0.020703253269033946,0.09866994355214428
radar_only,74.532097,0.05214371532201767,0.0,-0.1325264722108841,0.0,9.020475387573242,0.0,0.023635307398250722,0.1036253019442238,0.14095937432116903,0.1987041484486106,0.02129096007887579,0.10026994355214137
radar_only,74.542097,0.05214371532201767,0.0,-0.1325264722108841,0.0,9.020475387573242,0.0,0.0242846059270408,0.10522530194422544,0.14327202312997012,0.20030414844861222,0.0218987208774289,0.10186994355214302
radar_only,74.552097,0.05214371532201767,0.0,-0.1325264722108841,0.0,9.020475387573242,0.0,0.024954949516219745,0.10682530194422708,0.14562473276846097,0.20190414844861385,0.022526855664692463,0.10346994355214466
radar_only,74.562097,0.05214371532201767,0.0,-0.1325264722108841,0.0,9.020475387573242,0.0,0.025646658165786557,0.10842530194422417,0.14801782323663817,0.20350414844861092,0.023175684440665537,0.10506994355214175
radar_only,74.572097,0.05214371532201767,0.0,-0.1325264722108841,0.0,9.020475387573242,0.0,0.026360051875743206,0.11002530194422581,0.1504516145345085,0.20510414844861255,0.023845527205349968,0.10666994355214339
radar_only,74.58209699999999,0.05214371532201767,0.0,-0.1325264722108841,0.0,9.020475387573242,0.0,0.021426714443059294,0.10062739567889127,0.12754106049697858,0.1895590906992402,0.019291455140996623,0.09729792876371124
radar_only,74.592097,0.05214371532201767,0.0,-0.1325264722108841,0.0,9.020475387573242,0.0,0.0220273800291279,0.10222739567889291,0.12964157661323114,0.19115909069924183,0.01985334935362251,0.09889792876371288
radar_only,74.602097,0.05214371532201767,0.0,-0.1325264722108841,0.0,9.020475387573242,0.0,0.02264849109433231,0.10382739567889455,0.13178032454762356,0.19275909069924346,0.020435023152001155,0.10049792876371452
radar_only,74.61209699999999,0.05214371532201767,0.0,-0.1325264722108841,0.0,9.020475387573242,0.0,0.02329036763867159,0.10542739567889164,0.13395762430015273,0.19435909069924054,0.021036796536131695,0.10209792876371161
radar_only,74.622097,0.05214371532201767,0.0,-0.1325264722108841,0.0,9.020475387573242,0.0,0.02395332966214757,0.10702739567889329,0.13617379587082487,0.19595909069924217,0.02165898950601584,0.10369792876371325
radar_only,74.632097,0.05214371532201767,0.0,-0.1325264722108841,0.0,9.020475387573242,0.0,0.024637697164759345,0.10862739567889493,0.13842915925963692,0.1975590906992438,0.02230192206165275,0.1052979287637149
radar_only,74.64209699999999,0.05214371532201767,0.0,-0.1325264722108841,0.0,9.020475387573242,0.0,0.025343790146505906,0.11022739567889202,0.14072403446658555,0.19915909069924087,0.022965914203041466,0.10689792876371199
radar_only,74.652097,0.05214371532201767,0.0,-0.1325264722108841,0.0,9.020475387573242,0.0,0.020834831026003427,0.10068605315966823,0.12074125187144329,0.18499010524834003,0.01879090830425402,0.09735984670743533
radar_only,74.662097,0.05214371532201767,0.0,-0.1325264722108841,0.0,9.020475387573242,0.0,0.02143692333971017,0.10228605315966988,0.12274884797636795,0.18659010524834166,0.019354984294707684,0.09895984670743697
radar_only,74.672097,0.05214371532201767,0.0,-0.1325264722108841,0.0,9.020475387573242,0.0,0.02205947286404797,0.10388605315966697,0.1247937621023394,0.18819010524833873,0.019938852254502013,0.10055984670743406
radar_only,74.682097,0.05214371532201767,0.0,-0.1325264722108841,0.0,9.020475387573242,0.0,0.022702799599018587,0.10548605315966861,0.12687631424936344,0.18979010524834036,0.020542832183638664,0.1021598467074357
radar_only,74.692097,0.05214371532201767,0.0,-0.1325264722108841,0.0,9.020475387573242,0.0,0.023367223544621164,0.10708605315967025,0.12899682441743718,0.191390105248342,0.021167244082116822,0.10375984670743735
radar_only,74.702097,0.05214371532201767,0.0,-0.1325264722108841,0.0,9.020475387573242,0.0,0.024053064700854707,0.10868605315966734,0.13115561260655753,0.19299010524833907,0.02181240794993556,0.10535984670743444
radar_only,74.712097,0.05214371532201767,0.0,-0.1325264722108841,0.0,9.020475387573242,0.0,0.024760623463310545,0.10956342995966849,0.13335297921232,0.19386748204834023,0.02247862418268609,0.10623722350743559
radar_only,74.72209699999999,0.05214371532201767,0.0,-0.1325264722108841,0.0,9.020475387573242,0.0,0.020479370173112046,0.10010666407470448,0.11541781866336304,0.1809769362553824,0.018500377815597963,0.09676315685071027
radar_only,74.732097,0.05214371532201767,0.0,-0.1325264722108841,0.0,9.020475387573242,0.0,0.021085842368452443,0.10170666407470612,0.11735800031095024,0.18257693625538401,0.01906910700021945,0.09836315685071191
radar_only,74.742097,0.05214371532201767,0.0,-0.1325264722108841,0.0,9.020475387573242,0.0,0.0217126558966078,0.10330666407470776,0.11933469734578855,0.18417693625538564,0.019657508816211103,0.09996315685071355
radar_only,74.75209699999999,0.05214371532201767,0.0,-0.1325264722108841,0.0,9.020475387573242,0.0,0.022360130757577187,0.10490666407470485,0.1213482297678751,0.18577693625538272,0.02026590326357204,0.10156315685071064
radar_only,74.762097,0.05214371532201767,0.0,-0.1325264722108841,0.0,9.020475387573242,0.0,0.02302858695136244,0.10650666407470649,0.12339891757721559,0.18737693625538435,0.020894610342303988,0.10316315685071228
radar_only,74.772097,0.05214371532201767,0.0,-0.1325264722108841,0.0,9.020475387573242,0.0,0.023718344477962658,0.10810666407470813,0.12548708077380719,0.18897693625538597,0.0215439500524061,0.10476315685071393
radar_only,74.782097,0.05214371532201767,0.0,-0.1325264722108841,0.0,9.020475387573242,0.0,0.024429723337376814,0.10970666407470522,0.12761303935764684,0.19057693625538305,0.02221424239387741,0.10636315685071102
radar_only,74.792097,0.05214371532201767,0.0,-0.1325264722108841,0.0,9.020475387573242,0.0,0.025163043529606927,0.11130666407470687,0.12977711332874065,0.19217693625538468,0.022905807366719818,0.10796315685071266
radar_only,74.802097,0.05214371532201767,0.0,-0.1325264722108841,0.0,9.020475387573242,0.0,0.025918625054652006,0.11290666407470851,0.13197962268708555,0.1937769362553863,0.023618964970932393,0.1095631568507143
radar_only,74.812097,0.05214371532201767,0.0,-0.1325264722108841,0.0,9.020475387573242,0.0,0.026696787912510924,0.1145066640747056,0.13422088743267835,0.19537693625538338,0.024354035206514073,0.11116315685071139
radar_only,74.822097,0.05214371532201767,0.0,-0.1325264722108841,0.0,9.020475387573242,0.0,0.0274978521031859,0.11610666407470724,0.13650122756552543,0.196976936255385,0.025111338073466948,0.11276315685071303
radar_only,74.83209699999999,0.05214371532201767,0.0,-0.1325264722108841,0.0,9.020475387573242,0.0,0.028322137626674654,0.11770666407470433,0.13882096308562028,0.19857693625538209,0.025891193571788863,0.11436315685071012
radar_only,74.842097,0.05214371532201767,0.0,-0.1325264722108841,0.0,9.020475387573242,0.0,0.029169964482979528,0.11930666407470597,0.14118041399296954,0.20017693625538371,0.026693921701482035,0.11596315685071176
radar_only,74.852097,0.05214371532201767,0.0,-0.1325264722108841,0.0,9.020475387573242,0.0,0.023281710780983466,0.10565704347442152,0.12108324737554507,0.18513322431686743,0.0211406150720027,0.10216730306022573
radar_only,74.86209699999999,0.05214371532201767,0.0,-0.1325264722108841,0.0,9.020475387573242,0.0,0.023978220428162233,0.10725704347441861,0.12314359550695378,0.1867332243168645,0.021795354847144937,0.10376730306022282
radar_only,74.872097,0.05214371532201767,0.0,-0.1325264722108841,0.0,9.020475387573242,0.0,0.024696181484036878,0.10885704347442025,0.1252412902832288,0.18833322431686614,0.022470848082900154,0.10536730306022446
radar_only,74.882097,0.05214371532201767,0.0,-0.1325264722108841,0.0,9.020475387573242,0.0,0.02543591394860643,0.1104570434744219,0.12737665170436724,0.18993322431686777,0.023167414779267436,0.1069673030602261
radar_only,74.89209699999999,0.05214371532201767,0.0,-0.1325264722108841,0.0,9.020475387573242,0.0,0.02619773782186979,0.11205704347441899,0.12954999977036596,0.19153322431686484,0.023885374936245752,0.10856730306022319
radar_only,74.902097,0.05214371532201767,0.0,-0.1325264722108841,0.0,9.020475387573242,0.0,0.026981973103829125,0.11365704347442063,0.13176165448123117,0.19313322431686647,0.02462504855383714,0.11016730306022483
radar_only,74.912097,0.05214371532201767,0.0,-0.1325264722108841,0.0,9.020475387573242,0.0,0.027788920159655867,0.11453652430642217,0.13401191620213226,0.194012705148868,0.02538673599721309,0.11104678389222637
radar_only,74.922097,0.05214371532201767,0.0,-0.1325264722108841,0.0,9.020475387573242,0.0,0.02861878279978813,0.11613652430641926,0.13630098874350532,0.19561270514886508,0.026170641076811794,0.11264678389222346
radar_only,74.932097,0.05214371532201767,0.0,-0.1325264722108841,0.0,9.020475387573242,0.0,0.029471872744782867,0.1177365243064209,0.1386291838259114,0.1972127051488667,0.026977075513190066,0.1142467838922251
radar_only,74.942097,0.05214371532201767,0.0,-0.1325264722108841,0.0,9.020475387573242,0.0,0.030348509994638912,0.11933652430642254,0.14099682144934733,0.19881270514886834,0.027806359306346805,0.11584678389222675
radar_only,74.952097,0.05214371532201767,0.0,-0.1325264722108841,0.0,9.020475387573242,0.0,0.03124901454935497,0.12093652430641963,0.1434042216138096,0.20041270514886542,0.028658812456280783,0.11744678389222384
radar_only,74.962097,0.05214371532201767,0.0,-0.1325264722108841,0.0,9.020475387573242,0.0,0.0321737064089336,0.12253652430642127,0.14585170431930508,0.20201270514886704,0.029534754962994424,0.11904678389222548
radar_only,74.97209699999999,0.05214371532201767,0.0,-0.1325264722108841,0.0,9.020475387573242,0.0,0.03312290557337217,0.12413652430641836,0.1483395895658268,0.20361270514886412,0.03043450682648524,0.12064678389222257
radar_only,74.982097,0.05214371532201767,0.0,-0.1325264722108841,0.0,9.020475387573242,0.0,0.02559600476936472,0.10755423681235125,0.1261351148751499,0.18714880359099112,0.023286689603838114,0.10387739400587233
radar_only,74.992097,0.05214371532201767,0.0,-0.1325264722108841,0.0,9.020475387573242,0.0,0.026347839153487217,0.1091542368123529,0.12828559281117308,0.18874880359099275,0.023992680644483018,0.10547739400587397
radar_only,75.00209699999999,0.05214371532201767,0.0,-0.1325264722108841,0.0,9.020475387573242,0.0,0.02712150438497109,0.11075423681234998,0.13047382050791137,0.19034880359098982,0.02471976716392807,0.10707739400587106
radar_only,75.012097,0.05214371532201767,0.0,-0.1325264722108841,0.0,9.020475387573242,0.0,0.02791732046381854,0.11235423681235163,0.13270011796537096,0.19194880359099145,0.025468269162175334,0.1086773940058727
radar_only,75.022097,0.05214371532201767,0.0,-0.1325264722108841,0.0,9.020475387573242,0.0,0.02873560739002849,0.11395423681235327,0.13496480518354878,0.19354880359099308,0.026238506639223794,0.11027739400587434
radar_only,75.032097,0.05214371532201767,0.0,-0.1325264722108841,0.0,9.020475387573242,0.0,0.029576685163599716,0.11555423681235036,0.13726820216244154,0.19514880359099016,0.027030799595072312,0.11187739400587143
radar_only,75.042097,0.05214371532201767,0.0,-0.1325264722108841,0.0,9.020475387573242,0.0,0.030440873784534618,0.117154236812352,0.13961062890205578,0.19674880359099178,0.02784546802972314,0.11347739400587308
radar_only,75.052097,0.05214371532201767,0.0,-0.1325264722108841,0.0,9.020475387573242,0.0,0.03132849325283201,0.11875423681235364,0.14199240540238828,0.1983488035909934,0.028682831943175162,0.11507739400587472
radar_only,75.062097,0.05214371532201767,0.0,-0.1325264722108841,0.0,9.020475387573242,0.0,0.03223986356849059,0.12035423681235073,0.14441385166343554,0.1999488035909905,0.029543211335427144,0.1166773940058718
radar_only,75.072097,0.05214371532201767,0.0,-0.1325264722108841,0.0,9.020475387573242,0.0,0.033175304731512936,0.12195423681235237,0.14687528768520444,0.20154880359099211,0.03042692620648153,0.11827739400587345
radar_only,75.08209699999999,0.05214371532201767,0.0,-0.1325264722108841,0.0,9.020475387573242,0.0,0.0341351367418964,0.12355423681234946,0.149377033467688,0.2031488035909892,0.03133429655633581,0.11987739400587054
radar_only,75.092097,0.05214371532201767,0.0,-0.1325264722108841,0.0,9.020475387573242,0.0,0.035119679599643704,0.1251542368123511,0.15191940901089332,0.20474880359099082,0.032265642384992556,0.12147739400587218
radar_only,75.102097,0.05214371532201767,0.0,-0.1325264722108841,0.0,9.020475387573242,0.0,0.03612925330475351,0.12675423681235273,0.15450273431481687,0.20634880359099245,0.033221283692450504,0.12307739400587382
radar_only,75.11209699999999,0.05214371532201767,0.0,-0.1325264722108841,0.0,9.020475387573242,0.0,0.037164158579148926,0.12761377268435087,0.1571273101013795,0.20720833946299058,0.03420152120063285,0.12393692987787194
radar_only,75.122097,0.05214371532201767,0.0,-0.1325264722108841,0.0,9.020475387573242,0.0,0.027977495722984896,0.108736561217583,0.13253771465595393,0.18916575307792588,0.025463266550461525,0.10491848256922073
radar_only,75.132097,0.05214371532201767,0.0,-0.1325264722108841,0.0,9.020475387573242,0.0,0.02877611600715473,0.11033656121758464,0.13478765462738107,0.1907657530779275,0.026211855388990263,0.10651848256922238
radar_only,75.14209699999999,0.05214371532201767,0.0,-0.1325264722108841,0.0,9.020475387573242,0.0,0.02959680360356692,0.11193656121758173,0.13707574774942052,0.19236575307792458,0.026981747924031758,0.10811848256921947
radar_only,75.152097,0.05214371532201767,0.0,-0.1325264722108841,0.0,9.020475387573242,0.0,0.0304398785122238,0.11353656121758338,0.13940231402207884,0.1939657530779262,0.027773264155588194,0.1097184825692211
radar_only,75.162097,0.05214371532201767,0.0,-0.1325264722108841,0.0,9.020475387573242,0.0,0.03130566073312422,0.11513656121758502,0.1417676734453528,0.19556575307792784,0.0285867240836585,0.11131848256922275
radar_only,75.172097,0.05214371532201767,0.0,-0.1325264722108841,0.0,9.020475387573242,0.0,0.03219447026626691,0.11673656121758211,0.14417214601923892,0.19716575307792492,0.02942244770824147,0.11291848256921984
radar_only,75.182097,0.05214371532201767,0.0,-0.1325264722108841,0.0,9.020475387573242,0.0,0.03310662711165438,0.11833656121758375,0.14661605174374404,0.19876575307792654,0.03028075502933948,0.11451848256922148
radar_only,75.192097,0.05214371532201767,0.0,-0.1325264722108841,0.0,9.020475387573242,0.0,0.034042451269285394,0.11993656121758539,0.1490997106188648,0.20036575307792817,0.03116196604695136,0.11611848256922312
radar_only,75.202097,0.05214371532201767,0.0,-0.1325264722108841,0.0,9.020475387573242,0.0,0.03500226273915857,0.12153656121758248,0.15162344264459757,0.20196575307792525,0.0320664007610758,0.11771848256922021
radar_only,75.212097,0.05214371532201767,0.0,-0.1325264722108841,0.0,9.020475387573242,0.0,0.035986381521276624,0.12313656121758412,0.15418756782094953,0.20356575307792688,0.03299437917171538,0.11931848256922185
radar_only,75.22209699999999,0.05214371532201767,0.0,-0.1325264722108841,0.0,9.020475387573242,0.0,0.03699512761563677,0.12473656121758121,0.15679240614791337,0.20516575307792395,0.03394622127886746,0.12091848256921894
radar_only,75.232097,0.05214371532201767,0.0,-0.1325264722108841,0.0,9.020475387573242,0.0,0.03802882102224188,0.12633656121758285,0.15943827762549653,0.20676575307792558,0.034922247082534746,0.12251848256922059
radar_only,75.242097,0.05214371532201767,0.0,-0.1325264722108841,0.0,9.020475387573242,0.0,0.039087781741090524,0.12793656121758448,0.16212550225369532,0.2083657530779272,0.03592277658271589,0.12411848256922223
radar_only,75.25209699999999,0.05214371532201767,0.0,-0.1325264722108841,0.0,9.020475387573242,0.0,0.028913977853467193,0.10794296054095799,0.13584012608839718,0.18914514042974856,0.026272295867015648,0.1040748396364951
radar_only,75.262097,0.05214371532201767,0.0,-0.1325264722108841,0.0,9.020475387573242,0.0,0.02971576273872554,0.10954296054095963,0.1381261212842157,0.1907451404297502,0.02702179269340412,0.10567483963649674
radar_only,75.272097,0.05214371532201767,0.0,-0.1325264722108841,0.0,9.020475387573242,0.0,0.0305394562160921,0.11114296054096127,0.1404502655081202,0.19234514042975182,0.027792424487719916,0.10727483963649838
radar_only,75.282097,0.05214371532201767,0.0,-0.1325264722108841,0.0,9.020475387573242,0.0,0.03138537828556565,0.11274296054095836,0.1428128787601073,0.1939451404297489,0.02858451124996189,0.10887483963649547
radar_only,75.292097,0.05214371532201767,0.0,-0.1325264722108841,0.0,9.020475387573242,0.0,0.03225384894714861,0.11434296054096,0.1452142810401837,0.19554514042975052,0.029398372980132297,0.11047483963649711
radar_only,75.302097,0.05214371532201767,0.0,-0.1325264722108841,0.0,9.020475387573242,0.0,0.03314518820083978,0.11594296054096165,0.14765479234834608,0.19714514042975215,0.03023432967823003,0.11207483963649875
radar_only,75.312097,0.05214371532201767,0.0,-0.1325264722108841,0.0,9.020475387573242,0.0,0.03405969647835217,0.11681796729296019,0.15013471311630525,0.19802014718175068,0.031092681775968155,0.1129498463884973
radar_only,75.322097,0.05214371532201767,0.0,-0.1325264722108841,0.0,9.020475387573242,0.0,0.03499757681796352,0.11841796729296183,0.15265424638234334,0.1996201471817523,0.03197363231162427,0.11454984638849894
radar_only,75.33209699999999,0.05214371532201767,0.0,-0.1325264722108841,0.0,9.020475387573242,0.0,0.0359591407510321,0.12001796729295892,0.15521370367781417,0.20122014718174938,0.0328774928165568,0.11614984638849603
radar_only,75.342097,0.05214371532201767,0.0,-0.1325264722108841,0.0,9.020475387573242,0.0,0.03694470827756064,0.12161796729296057,0.157813405002725,0.202820147181751,0.03380458329076833,0.11774984638849767
radar_only,75.352097,0.05214371532201767,0.0,-0.1325264722108841,0.0,9.020475387573242,0.0,0.0379545993975478,0.12321796729296221,0.16045367035707223,0.20442014718175264,0.03475522373425759,0.11934984638849931
radar_only,75.36209699999999,0.05214371532201767,0.0,-0.1325264722108841,0.0,9.020475387573242,0.0,0.03898913411099209,0.1248179672929593,0.163134819740852,0.2060201471817497,0.03572973414702316,0.1209498463884964
radar_only,75.372097,0.05214371532201767,0.0,-0.1325264722108841,0.0,9.020475387573242,0.0,0.040048632417896454,0.12641796729296093,0.16585717315407195,0.20762014718175134,0.03672843452906783,0.12254984638849804
radar_only,75.382097,0.05214371532201767,0.0,-0.1325264722108841,0.0,9.020475387573242,0.0,0.02936603515390768,0.1066720653965974,0.13831170771139947,0.18812660167893513,0.026635203286927266,0.10283815682746943
radar_only,75.39209699999999,0.05214371532201767,0.0,-0.1325264722108841,0.0,9.020475387573242,0.0,0.030160849271454886,0.1082720653965945,0.14061535499905495,0.1897266016789322,0.027376717082156502,0.10443815682746652
radar_only,75.402097,0.05214371532201767,0.0,-0.1325264722108841,0.0,9.020475387573242,0.0,0.030977317802082547,0.10987206539659614,0.1429569476070495,0.19132660167893384,0.02813911850875229,0.10603815682746816
radar_only,75.412097,0.05214371532201767,0.0,-0.1325264722108841,0.0,9.020475387573242,0.0,0.03181576074578955,0.11147206539659778,0.1453368055353799,0.19292660167893547,0.028922727566713595,0.1076381568274698
radar_only,75.422097,0.05214371532201767,0.0,-0.1325264722108841,0.0,9.020475387573242,0.0,0.032676498102574655,0.11307206539659487,0.14775524878404264,0.19452660167893254,0.029727864256039255,0.10923815682746689
radar_only,75.432097,0.05214371532201767,0.0,-0.1325264722108841,0.0,9.020475387573242,0.0,0.03355984987244031,0.11467206539659651,0.15021259735304462,0.19612660167893417,0.03055484857673156,0.11083815682746853
radar_only,75.442097,0.05214371532201767,0.0,-0.1325264722108841,0.0,9.020475387573242,0.0,0.03446613605538531,0.11627206539659815,0.15270917124238242,0.1977266016789358,0.03140400052878938,0.11243815682747017
radar_only,75.452097,0.05214371532201767,0.0,-0.1325264722108841,0.0,9.020475387573242,0.0,0.03539567665140831,0.11787206539659524,0.15524529045205243,0.19932660167893287,0.032275640112211464,0.11403815682746726
radar_only,75.462097,0.05214371532201767,0.0,-0.1325264722108841,0.0,9.020475387573242,0.0,0.03634879166051196,0.11947206539659688,0.15782127498206183,0.2009266016789345,0.03317008732700028,0.1156381568274689
radar_only,75.47209699999999,0.05214371532201767,0.0,-0.1325264722108841,0.0,9.020475387573242,0.0,0.03732580108269356,0.12107206539659397,0.16043744483240333,0.20252660167893158,0.0340876621731533,0.117238156827466
radar_only,75.482097,0.05214371532201767,0.0,-0.1325264722108841,0.0,9.020475387573242,0.0,0.038327024917955865,0.12267206539659561,0.16309412000308432,0.2041266016789332,0.03502868465067313,0.11883815682746764
radar_only,75.492097,0.05214371532201767,0.0,-0.1325264722108841,0.0,9.020475387573242,0.0,0.03935278316629751,0.12427206539659726,0.16579162049410115,0.20572660167893483,0.035993474759558476,0.12043815682746928
radar_only,75.50209699999999,0.05214371532201767,0.0,-0.1325264722108841,0.0,9.020475387573242,0.0,0.040403395827716994,0.12587206539659435,0.16853026630544987,0.2073266016789319,0.03698235249980792,0.12203815682746637
radar_only,75.512097,0.05214371532201767,0.0,-0.1325264722108841,0.0,9.020475387573242,0.0,0.04147916389230225,0.12672087259659526,0.17131035842722325,0.20817540887893282,0.03799561886150922,0.12288696402746728
radar_only,75.522097,0.05214371532201767,0.0,-0.1325264722108841,0.0,9.020475387573242,0.0,0.030209561470850695,0.10673879352812342,0.14220816950516202,0.18799437457861762,0.02737568229578132,0.10297771688628896
radar_only,75.532097,0.05214371532201767,0.0,-0.1325264722108841,0.0,9.020475387573242,0.0,0.031012664973638717,0.10833879352812051,0.14455077393053914,0.1895943745786147,0.028124702415850113,0.10457771688628605
radar_only,75.542097,0.05214371532201767,0.0,-0.1325264722108841,0.0,9.020475387573242,0.0,0.031837436235133514,0.10993879352812215,0.1469312972308353,0.19119437457861632,0.028894638079297232,0.10617771688628769
radar_only,75.552097,0.05214371532201767,0.0,-0.1325264722108841,0.0,9.020475387573242,0.0,0.032684195255333955,0.11153879352812379,0.14935005940604726,0.19279437457861795,0.02968580928612163,0.10777771688628933
radar_only,75.562097,0.05214371532201767,0.0,-0.1325264722108841,0.0,9.020475387573242,0.0,0.0335532620342388,0.11313879352812088,0.15180738045617143,0.19439437457861503,0.03049853603632214,0.10937771688628642
radar_only,75.572097,0.05214371532201767,0.0,-0.1325264722108841,0.0,9.020475387573242,0.0,0.0344449565718505,0.11473879352812252,0.15430358038121483,0.19599437457861665,0.03133313832990107,0.11097771688628806
radar_only,75.58209699999999,0.05214371532201767,0.0,-0.1325264722108841,0.0,9.020475387573242,0.0,0.02631651019611384,0.10028699619559202,0.13031743847577665,0.17942510744873322,0.023756797768724382,0.09671099854034608
radar_only,75.592097,0.05214371532201767,0.0,-0.1325264722108841,0.0,9.020475387573242,0.0,0.027016684123231445,0.10188699619559366,0.13245930420210986,0.18102510744873485,0.024407867636797875,0.09831099854034772
radar_only,75.602097,0.05214371532201767,0.0,-0.1325264722108841,0.0,9.020475387573242,0.0,0.027737235449588192,0.1034869961955953,0.13463737494993283,0.18262510744873647,0.02507859970457946,0.09991099854034936
radar_only,75.61209699999999,0.05214371532201767,0.0,-0.1325264722108841,0.0,9.020475387573242,0.0,0.02847848417518301,0.10508699619559239,0.13685197071924243,0.18422510744873355,0.02576931397206814,0.10151099854034645
radar_only,75.622097,0.05214371532201767,0.0,-0.1325264722108841,0.0,9.020475387573242,0.0,0.029240750300018003,0.10668699619559403,0.13910341151004493,0.18582510744873518,0.026480330439265877,0.1031109985403481
radar_only,75.632097,0.05214371532201767,0.0,-0.1325264722108841,0.0,9.020475387573242,0.0,0.030024353824092142,0.10828699619559568,0.14139201732233722,0.1874251074487368,0.027211969106171702,0.10471099854034974
radar_only,75.64209699999999,0.05214371532201767,0.0,-0.1325264722108841,0.0,9.020475387573242,0.0,0.030829614747404258,0.10988699619559276,0.14371810815611596,0.18902510744873388,0.02796454997278454,0.10631099854034683
radar_only,75.652097,0.05214371532201767,0.0,-0.1325264722108841,0.0,9.020475387573242,0.0,0.02423597342217753,0.09784077010185738,0.12285969304408179,0.17449405788503958,0.02184813741339696,0.0944401666673476
radar_only,75.662097,0.05214371532201767,0.0,-0.1325264722108841,0.0,9.020475387573242,0.0,0.024888742235039146,0.09944077010185902,0.1248825693917657,0.1760940578850412,0.02245521476619457,0.09604016666734924
radar_only,75.672097,0.05214371532201767,0.0,-0.1325264722108841,0.0,9.020475387573242,0.0,0.025561399201920184,0.10104077010185611,0.12694066455102374,0.17769405788503828,0.02308150015232477,0.09764016666734633
radar_only,75.682097,0.05214371532201767,0.0,-0.1325264722108841,0.0,9.020475387573242,0.0,0.026254264322822553,0.10264077010185775,0.1290342985218617,0.1792940578850399,0.02372731357178933,0.09924016666734797
radar_only,75.692097,0.05214371532201767,0.0,-0.1325264722108841,0.0,9.020475387573242,0.0,0.026967657597745314,0.10424077010185939,0.13116379130427672,0.18089405788504154,0.024392975024587385,0.10084016666734961
radar_only,75.702097,0.05214371532201767,0.0,-0.1325264722108841,0.0,9.020475387573242,0.0,0.02770189902668741,0.10584077010185648,0.13332946289826567,0.1824940578850386,0.025078804510717936,0.1024401666673467
radar_only,75.712097,0.05214371532201767,0.0,-0.1325264722108841,0.0,9.020475387573242,0.0,0.028457289044440753,0.10671558101385709,0.13553161373862452,0.18336886879703923,0.025785102464972762,0.10331497757934731
radar_only,75.72209699999999,0.05214371532201767,0.0,-0.1325264722108841,0.0,9.020475387573242,0.0,0.02286062016687012,0.09695108016949829,0.11707597765883651,0.171186833784312,0.020604367650208875,0.0936946855256378
radar_only,75.732097,0.05214371532201767,0.0,-0.1325264722108841,0.0,9.020475387573242,0.0,0.02348850015080385,0.09855108016949993,0.11901402015097143,0.17278683378431361,0.021189163412719664,0.09529468552563944
radar_only,75.742097,0.05214371532201767,0.0,-0.1325264722108841,0.0,9.020475387573242,0.0,0.0241360903507715,0.10015108016950157,0.12098662000986324,0.17438683378431524,0.021793018112335603,0.09689468552564108
radar_only,75.75209699999999,0.05214371532201767,0.0,-0.1325264722108841,0.0,9.020475387573242,0.0,0.02480371076677211,0.10175108016949866,0.12299409723550907,0.17598683378431232,0.02241625174905579,0.09849468552563817
radar_only,75.762097,0.05214371532201767,0.0,-0.1325264722108841,0.0,9.020475387573242,0.0,0.025491681398807572,0.1033510801695003,0.12503677182791464,0.17758683378431395,0.023059184322882,0.10009468552563981
radar_only,75.772097,0.05214371532201767,0.0,-0.1325264722108841,0.0,9.020475387573242,0.0,0.026200322246876958,0.10495108016950194,0.1271149637870771,0.17918683378431557,0.023722135833813357,0.10169468552564145
radar_only,75.782097,0.05214371532201767,0.0,-0.1325264722108841,0.0,9.020475387573242,0.0,0.02133550486001799,0.09554180415773837,0.1106499153899888,0.1676828705023324,0.01922198901674779,0.09238873621636452
radar_only,75.792097,0.05214371532201767,0.0,-0.1325264722108841,0.0,9.020475387573242,0.0,0.02193198873243793,0.09714180415774001,0.11249275849767969,0.16928287050233404,0.019777958451587474,0.09398873621636616
radar_only,75.802097,0.05214371532201767,0.0,-0.1325264722108841,0.0,9.020475387573242,0.0,0.022547900965689437,0.09874180415774166,0.11436945817947107,0.17088287050233567,0.02035272563367045,0.0955887362163678
radar_only,75.812097,0.05214371532201767,0.0,-0.1325264722108841,0.0,9.020475387573242,0.0,0.023183561559771595,0.10034180415773875,0.11628033443536022,0.17248287050233274,0.020946610562995863,0.0971887362163649
radar_only,75.822097,0.05214371532201767,0.0,-0.1325264722108841,0.0,9.020475387573242,0.0,0.02383929051468621,0.10194180415774039,0.11822570726535256,0.17408287050233437,0.0215599332395654,0.09878873621636654
radar_only,75.83209699999999,0.05214371532201767,0.0,-0.1325264722108841,0.0,9.020475387573242,0.0,0.024515407830431418,0.10354180415773748,0.12020589666944256,0.17568287050233145,0.022193013663377312,0.10038873621636363
radar_only,75.842097,0.05214371532201767,0.0,-0.1325264722108841,0.0,9.020475387573242,0.0,0.02521223350700914,0.10514180415773912,0.12222122264763587,0.17728287050233307,0.022846171834433406,0.10198873621636527
radar_only,75.852097,0.05214371532201767,0.0,-0.1325264722108841,0.0,9.020475387573242,0.0,0.020752855048959275,0.09595992312453175,0.10710001497611575,0.16636121029414308,0.01871590144258972,0.09287424350731793
radar_only,75.86209699999999,0.05214371532201767,0.0,-0.1325264722108841,0.0,9.020475387573242,0.0,0.021346812918264353,0.09755992312452884,0.10890097293593481,0.16796121029414016,0.019270697774498975,0.09447424350731502
radar_only,75.872097,0.05214371532201767,0.0,-0.1325264722108841,0.0,9.020475387573242,0.0,0.021960282772195187,0.09915992312453048,0.11073552313781528,0.16956121029414178,0.019844388955110485,0.09607424350731666
radar_only,75.882097,0.05214371532201767,0.0,-0.1325264722108841,0.0,9.020475387573242,0.0,0.022593584610750946,0.10075992312453212,0.1126039855817546,0.1711612102941434,0.02043729498442348,0.0976742435073183
radar_only,75.89209699999999,0.05214371532201767,0.0,-0.1325264722108841,0.0,9.020475387573242,0.0,0.023247038433930688,0.10235992312452921,0.11450668026775007,0.1727612102941405,0.021049735862437073,0.0992742435073154
radar_only,75.902097,0.05214371532201767,0.0,-0.1325264722108841,0.0,9.020475387573242,0.0,0.02392096424173627,0.10395992312453085,0.11644392719580708,0.17436121029414212,0.02168203158915301,0.10087424350731704
radar_only,75.912097,0.05214371532201767,0.0,-0.1325264722108841,0.0,9.020475387573242,0.0,0.024615662503443027,0.10483259669253135,0.1184160268351992,0.17523388386214261,0.02233448263384667,0.10174691707531754
radar_only,75.922097,0.05214371532201767,0.0,-0.1325264722108841,0.0,9.020475387573242,0.0,0.020383667231935257,0.09587780126567169,0.10426063903995314,0.1649517901894191,0.018405440849411554,0.09282414577319006
radar_only,75.932097,0.05214371532201767,0.0,-0.1325264722108841,0.0,9.020475387573242,0.0,0.020979219316296174,0.09747780126567333,0.10603196801595628,0.16655179018942073,0.018962723814450303,0.0944241457731917
radar_only,75.942097,0.05214371532201767,0.0,-0.1325264722108841,0.0,9.020475387573242,0.0,0.021594266960910245,0.09907780126567498,0.10783660734999734,0.16815179018942236,0.01953889160864371,0.09602414577319335
radar_only,75.952097,0.05214371532201767,0.0,-0.1325264722108841,0.0,9.020475387573242,0.0,0.022229130165776555,0.10067780126567207,0.10967487704207368,0.16975179018941944,0.02013426423199092,0.09762414577319044
radar_only,75.962097,0.05214371532201767,0.0,-0.1325264722108841,0.0,9.020475387573242,0.0,0.02288412893089691,0.1022778012656737,0.11154709709219053,0.17135179018942107,0.020749161684493613,0.09922414577319208
radar_only,75.97209699999999,0.05214371532201767,0.0,-0.1325264722108841,0.0,9.020475387573242,0.0,0.02355958325626944,0.1038778012656708,0.11345358750034255,0.17295179018941814,0.02138390396615005,0.10082414577318917
radar_only,75.982097,0.05214371532201767,0.0,-0.1325264722108841,0.0,9.020475387573242,0.0,0.02425581314189608,0.10547780126567244,0.11539466826653519,0.17455179018941977,0.022038811076962036,0.10242414577319081
radar_only,75.992097,0.05214371532201767,0.0,-0.1325264722108841,0.0,9.020475387573242,0.0,0.024973138587775872,0.10707780126567408,0.11737065939076574,0.1761517901894214,0.02271420301692868,0.10402414577319245
radar_only,76.00209699999999,0.05214371532201767,0.0,-0.1325264722108841,0.0,9.020475387573242,0.0,0.025711879593907756,0.10867780126567117,0.11938188087303134,0.17775179018941847,0.02341039978604898,0.10562414577318954
radar_only,76.012097,0.05214371532201767,0.0,-0.1325264722108841,0.0,9.020475387573242,0.0,0.02647235616029383,0.11027780126567281,0.12142865271333768,0.1793517901894201,0.024127721384324917,0.10722414577319118
radar_only,76.022097,0.05214371532201767,0.0,-0.1325264722108841,0.0,9.020475387573242,0.0,0.027254888286933062,0.11187780126567445,0.12351129491168193,0.18095179018942173,0.02486648781175551,0.10882414577319283
radar_only,76.032097,0.05214371532201767,0.0,-0.1325264722108841,0.0,9.020475387573242,0.0,0.02805979597382429,0.11347780126567154,0.12563012746806107,0.1825517901894188,0.025627019068339668,0.11042414577318992
radar_only,76.042097,0.05214371532201767,0.0,-0.1325264722108841,0.0,9.020475387573242,0.0,0.028887399220969806,0.11507780126567319,0.12778547038248111,0.18415179018942043,0.026409635154079552,0.11202414577319156
radar_only,76.052097,0.05214371532201767,0.0,-0.1325264722108841,0.0,9.020475387573242,0.0,0.023097996414065066,0.10208871273797011,0.11126492048396715,0.1715301461451078,0.02095913872027287,0.09892368268730654
radar_only,76.062097,0.05214371532201767,0.0,-0.1325264722108841,0.0,9.020475387573242,0.0,0.023778946980223533,0.1036887127379672,0.1131756244035094,0.17313014614510489,0.021598747719242826,0.10052368268730363
radar_only,76.072097,0.05214371532201767,0.0,-0.1325264722108841,0.0,9.020475387573242,0.0,0.024480635288930564,0.10528871273796885,0.1151209543522834,0.1747301461451065,0.022258461454751157,0.10212368268730528
radar_only,76.08209699999999,0.05214371532201767,0.0,-0.1325264722108841,0.0,9.020475387573242,0.0,0.025203381340184173,0.10688871273796594,0.11710123033028362,0.1763301461451036,0.02293859992679599,0.10372368268730237
radar_only,76.092097,0.05214371532201767,0.0,-0.1325264722108841,0.0,9.020475387573242,0.0,0.025947505133986408,0.10848871273796758,0.11911677233751569,0.17793014614510522,0.023639483135379256,0.10532368268730401
radar_only,76.102097,0.05214371532201767,0.0,-0.1325264722108841,0.0,9.020475387573242,0.0,0.026713326670336258,0.11008871273796922,0.12116790037397682,0.17953014614510684,0.024361431080500005,0.10692368268730565
radar_only,76.11209699999999,0.05214371532201767,0.0,-0.1325264722108841,0.0,9.020475387573242,0.0,0.027501146275601546,0.1109710428499678,0.12325491476603297,0.18041247625710544,0.025104744088526122,0.10780601279930423
radar_only,76.122097,0.05214371532201767,0.0,-0.1325264722108841,0.0,9.020475387573242,0.0,0.02831116825164399,0.11257104284996944,0.12537801981554955,0.18201247625710706,0.0258696264613192,0.10940601279930587
radar_only,76.132097,0.05214371532201767,0.0,-0.1325264722108841,0.0,9.020475387573242,0.0,0.029143704436256454,0.11417104284997108,0.1275375273603176,0.1836124762571087,0.026656390036672167,0.11100601279930751
radar_only,76.14209699999999,0.05214371532201767,0.0,-0.1325264722108841,0.0,9.020475387573242,0.0,0.029999074829437707,0.11577104284996817,0.12973375740033394,0.18521247625710577,0.027465354814583853,0.1126060127993046
radar_only,76.152097,0.05214371532201767,0.0,-0.1325264722108841,0.0,9.020475387573242,0.0,0.030877599431190172,0.11737104284996981,0.13196702993560486,0.1868124762571074,0.028296840795056556,0.11420601279930624
radar_only,76.162097,0.05214371532201767,0.0,-0.1325264722108841,0.0,9.020475387573242,0.0,0.031779598241512656,0.11897104284997145,0.1342376649661272,0.18841247625710902,0.02915116797808914,0.11580601279930788
radar_only,76.172097,0.05214371532201767,0.0,-0.1325264722108841,0.0,9.020475387573242,0.0,0.03270539126040383,0.12057104284996854,0.13654598249189773,0.1900124762571061,0.030028656363680347,0.11740601279930497
radar_only,76.182097,0.05214371532201767,0.0,-0.1325264722108841,0.0,9.020475387573242,0.0,0.02533764129422309,0.10487146907513875,0.11763981218745147,0.1758767764472165,0.023041018653315593,0.10152261688285275
radar_only,76.192097,0.05214371532201767,0.0,-0.1325264722108841,0.0,9.020475387573242,0.0,0.026072798418765274,0.10647146907514039,0.11966126930732829,0.17747677644721813,0.023731540676881248,0.10312261688285439
radar_only,76.202097,0.05214371532201767,0.0,-0.1325264722108841,0.0,9.020475387573242,0.0,0.02682924983712142,0.10807146907513748,0.12171822178249163,0.1790767764472152,0.024442687223822465,0.10472261688285148
radar_only,76.212097,0.05214371532201767,0.0,-0.1325264722108841,0.0,9.020475387573242,0.0,0.027607315549293673,0.10967146907513912,0.12381098961294734,0.18067677644721683,0.025174778294141272,0.10632261688285312
radar_only,76.22209699999999,0.05214371532201767,0.0,-0.1325264722108841,0.0,9.020475387573242,0.0,0.028407315555279825,0.11127146907513621,0.1259398927986895,0.1822767764472139,0.025928133887835585,0.10792261688285021
radar_only,76.232097,0.05214371532201767,0.0,-0.1325264722108841,0.0,9.020475387573242,0.0,0.029229569855082148,0.11287146907513786,0.12810525133972414,0.18387677644721553,0.026703074004907547,0.10952261688285185
radar_only,76.242097,0.05214371532201767,0.0,-0.1325264722108841,0.0,9.020475387573242,0.0,0.03007439844869952,0.1144714690751395,0.13030738523604826,0.18547677644721716,0.0274999186453561,0.11112261688285349
radar_only,76.25209699999999,0.05214371532201767,0.0,-0.1325264722108841,0.0,9.020475387573242,0.0,0.030942121336130696,0.11607146907513659,0.13254661448765864,0.18707677644721424,0.02831898780918007,0.11272261688285058
radar_only,76.262097,0.05214371532201767,0.0,-0.1325264722108841,0.0,9.020475387573242,0.0,0.03183305851737814,0.11767146907513823,0.13482325909456166,0.18867677644721587,0.02916060149638178,0.11432261688285222
radar_only,76.272097,0.05214371532201767,0.0,-0.1325264722108841,0.0,9.020475387573242,0.0,0.032747529992440634,0.11927146907513987,0.13713763905675416,0.1902767764472175,0.030025079706960084,0.11592261688285387
radar_only,76.282097,0.05214371532201767,0.0,-0.1325264722108841,0.0,9.020475387573242,0.0,0.03368585576131683,0.12087146907513696,0.13949007437423278,0.19187677644721457,0.030912742440913705,0.11752261688285096
radar_only,76.292097,0.05214371532201767,0.0,-0.1325264722108841,0.0,9.020475387573242,0.0,0.034648355824009394,0.1224714690751386,0.1418808850470042,0.1934767764472162,0.03182390969824517,0.1191226168828526
radar_only,76.302097,0.05214371532201767,0.0,-0.1325264722108841,0.0,9.020475387573242,0.0,0.035635350180517014,0.12407146907514024,0.1443103910750651,0.19507677644721783,0.032758901478953224,0.12072261688285424
radar_only,76.312097,0.05214371532201767,0.0,-0.1325264722108841,0.0,9.020475387573242,0.0,0.03664713925186689,0.12494716328313844,0.14677889287944063,0.195952470655216,0.03371801820406515,0.12159831109085244
radar_only,76.322097,0.05214371532201767,0.0,-0.1325264722108841,0.0,9.020475387573242,0.0,0.027705286462133865,0.1071391306658714,0.12526224442335562,0.1801499788442857,0.025216119259324446,0.1036214034036478
radar_only,76.33209699999999,0.05214371532201767,0.0,-0.1325264722108841,0.0,9.020475387573242,0.0,0.028489928230093522,0.10873913066586849,0.12740342145916572,0.1817499788442828,0.02595243701674727,0.10522140340364489
radar_only,76.342097,0.05214371532201767,0.0,-0.1325264722108841,0.0,9.020475387573242,0.0,0.029296317824187474,0.11033913066587013,0.12958094849074772,0.18334997884428442,0.026709799054851872,0.10682140340364653
radar_only,76.352097,0.05214371532201767,0.0,-0.1325264722108841,0.0,9.020475387573242,0.0,0.030124775244414627,0.11193913066587177,0.13179514551809862,0.18494997884428604,0.02748852537363723,0.10842140340364817
radar_only,76.36209699999999,0.05214371532201767,0.0,-0.1325264722108841,0.0,9.020475387573242,0.0,0.03097562049077375,0.11353913066586886,0.13404633254121517,0.18654997884428312,0.028288935973102183,0.11002140340364526
radar_only,76.372097,0.05214371532201767,0.0,-0.1325264722108841,0.0,9.020475387573242,0.0,0.03184917356326726,0.1151391306658705,0.13633482956010382,0.18814997884428475,0.02911135085324901,0.1116214034036469
radar_only,76.382097,0.05214371532201767,0.0,-0.1325264722108841,0.0,9.020475387573242,0.0,0.032745754461893976,0.11673913066587215,0.13866095657476132,0.18974997884428638,0.029956090014076592,0.11322140340364854
radar_only,76.39209699999999,0.05214371532201767,0.0,-0.1325264722108841,0.0,9.020475387573242,0.0,0.03366568318665256,0.11833913066586924,0.14102503358518437,0.19134997884428345,0.03082347345558368,0.11482140340364563
radar_only,76.402097,0.05214371532201767,0.0,-0.1325264722108841,0.0,9.020475387573242,0.0,0.034609279737545635,0.11993913066587088,0.14342738059137963,0.19294997884428508,0.03171382117777274,0.11642140340364728
radar_only,76.412097,0.05214371532201767,0.0,-0.1325264722108841,0.0,9.020475387573242,0.0,0.03557686411457191,0.12153913066587252,0.1458683175933438,0.1945499788442867,0.03262745318064255,0.11802140340364892
radar_only,76.422097,0.05214371532201767,0.0,-0.1325264722108841,0.0,9.020475387573242,0.0,0.036568756317729954,0.12313913066586961,0.1483481645910733,0.19614997884428378,0.03356468946419176,0.119621403403646
radar_only,76.432097,0.05214371532201767,0.0,-0.1325264722108841,0.0,9.020475387573242,0.0,0.037585276347022585,0.12473913066587125,0.1508672415845752,0.1977499788442854,0.034525850028423045,0.12122140340364765
radar_only,76.442097,0.05214371532201767,0.0,-0.1325264722108841,0.0,9.020475387573242,0.0,0.03862674420244842,0.12633913066587288,0.153425868573846,0.19934997884428704,0.035511254873335084,0.12282140340364929
radar_only,76.452097,0.05214371532201767,0.0,-0.1325264722108841,0.0,9.020475387573242,0.0,0.02867738880872197,0.10696398613247624,0.12980984458725037,0.1818186484085949,0.026067687614982946,0.103340158878511
radar_only,76.462097,0.05214371532201767,0.0,-0.1325264722108841,0.0,9.020475387573242,0.0,0.02946923516707243,0.10856398613247788,0.13200788262812926,0.18341864840859654,0.026809007508863655,0.10494015887851264
radar_only,76.47209699999999,0.05214371532201767,0.0,-0.1325264722108841,0.0,9.020475387573242,0.0,0.030282794322648233,0.11016398613247497,0.1342426043986867,0.1850186484085936,0.02757131543451899,0.10654015887850973
radar_only,76.482097,0.05214371532201767,0.0,-0.1325264722108841,0.0,9.020475387573242,0.0,0.031118386275451694,0.11176398613247661,0.13651432989892906,0.18661864840859524,0.028354931391951114,0.10814015887851137
radar_only,76.492097,0.05214371532201767,0.0,-0.1325264722108841,0.0,9.020475387573242,0.0,0.031976331025481676,0.11336398613247825,0.13882337912885315,0.18821864840859687,0.029160175381158962,0.10974015887851302
radar_only,76.50209699999999,0.05214371532201767,0.0,-0.1325264722108841,0.0,9.020475387573242,0.0,0.03285694857273691,0.11496398613247534,0.14117007208845564,0.18981864840859394,0.029987367402141345,0.1113401588785101
radar_only,76.512097,0.05214371532201767,0.0,-0.1325264722108841,0.0,9.020475387573242,0.0,0.033760539378553084,0.11583714274047599,0.1435547092390764,0.19069180501659458,0.030836807916233805,0.11221331548651076
radar_only,76.522097,0.05214371532201767,0.0,-0.1325264722108841,0.0,9.020475387573242,0.0,0.0346873061617121,0.11743714274047763,0.14597749329949525,0.1922918050165962,0.03170869964221831,0.1138133154865124
radar_only,76.532097,0.05214371532201767,0.0,-0.1325264722108841,0.0,9.020475387573242,0.0,0.03563756037341787,0.11903714274047472,0.14843873572091393,0.19389180501659328,0.03260335403129886,0.11541331548650949
radar_only,76.542097,0.05214371532201767,0.0,-0.1325264722108841,0.0,9.020475387573242,0.0,0.036611622013673094,0.12063714274047636,0.15093875650333943,0.1954918050165949,0.033521091083477984,0.11701331548651113
radar_only,76.552097,0.05214371532201767,0.0,-0.1325264722108841,0.0,9.020475387573242,0.0,0.037609811082476435,0.122237142740478,0.15347787564676826,0.19709180501659654,0.034462230798754434,0.11861331548651277
radar_only,76.562097,0.05214371532201767,0.0,-0.1325264722108841,0.0,9.020475387573242,0.0,0.03863244757982642,0.1238371427404751,0.15605641315119678,0.19869180501659361,0.03542709317712682,0.12021331548650986
radar_only,76.572097,0.05214371532201767,0.0,-0.1325264722108841,0.0,9.020475387573242,0.0,0.03967985150572597,0.12543714274047674,0.15867468901663231,0.20029180501659524,0.03641599821859789,0.1218133154865115
radar_only,76.582097,0.05214371532201767,0.0,-0.1325264722108841,0.0,9.020475387573242,0.0,0.02916664908650021,0.10613268773195028,0.13336228559493973,0.18222501174842742,0.026469892109899806,0.10247802275520543
radar_only,76.592097,0.05214371532201767,0.0,-0.1325264722108841,0.0,9.020475387573242,0.0,0.02995443540551661,0.10773268773194737,0.13559514085347557,0.1838250117484245,0.02720594205244142,0.10407802275520252
radar_only,76.602097,0.05214371532201767,0.0,-0.1325264722108841,0.0,9.020475387573242,0.0,0.03076376826208053,0.10933268773194901,0.13786476111436427,0.18542501174842613,0.02796280759953513,0.10567802275520416
radar_only,76.61209699999999,0.05214371532201767,0.0,-0.1325264722108841,0.0,9.020475387573242,0.0,0.03159496765618967,0.1109326877319461,0.1401714663775994,0.1870250117484232,0.02874080875117878,0.10727802275520125
radar_only,76.622097,0.05214371532201767,0.0,-0.1325264722108841,0.0,9.020475387573242,0.0,0.032448353587846375,0.11253268773194774,0.14251557664318748,0.18862501174842483,0.02954026550737458,0.10887802275520289
radar_only,76.632097,0.05214371532201767,0.0,-0.1325264722108841,0.0,9.020475387573242,0.0,0.0333242460570495,0.11413268773194939,0.14489741191112532,0.19022501174842646,0.03036149786812144,0.11047802275520453
radar_only,76.64209699999999,0.05214371532201767,0.0,-0.1325264722108841,0.0,9.020475387573242,0.0,0.03422296506379774,0.11573268773194648,0.1473172921814094,0.19182501174842354,0.031204825833418152,0.11207802275520162
radar_only,76.652097,0.05174249321400067,-0.0005286149094325148,-0.1325264722108841,0.0,9.02047763250017,3.044306302898858e-06,0.026268688276112444,0.10122396565132676,0.1255390571017672,0.17630851579692175,0.02375989642199883,0.09769384991010242
radar_only,76.662097,0.051737207064906345,-0.0005286149094325148,-0.1325264722108841,0.0,9.020477662943232,3.044306302898858e-06,0.026978439100672526,0.1028239656513284,0.12763527057497118,0.17790851579692338,0.0244212960982919,0.09929384991010407
radar_only,76.672097,0.051731920915812024,-0.0005286149094325148,-0.1325264722108841,0.0,9.020477693386296,3.044306302898858e-06,0.027708754718361844,0.10442396565132549,0.1297670657513315,0.17950851579692045,0.02510255454456603,0.10089384991010115
radar_only,76.682097,0.0517266347667177,-0.0005286149094325148,-0.1325264722108841,0.0,9.020477723829359,3.044306302898858e-06,0.028459955129182472,0.10602396565132713,0.1319347626308543,0.18110851579692208,0.025803991760823156,0.1024938499101028
radar_only,76.69209699999999,0.051721348617623376,-0.0005286149094325148,-0.1325264722108841,0.0,9.020477754272422,3.044306302898858e-06,0.029232360333132274,0.10762396565132422,0.13413868121353334,0.18270851579691916,0.026525927747061282,0.10409384991009989
radar_only,76.702097,0.05171606246852905,-0.0005286149094325148,-0.1325264722108841,0.0,9.020477784715485,3.044306302898858e-06,0.030026290330213444,0.10922396565132586,0.1363791414993749,0.18430851579692079,0.02726868250328246,0.10569384991010153
radar_only,76.712097,0.05171077631943472,-0.0005286149094325148,-0.1325264722108841,0.0,9.020477815158548,3.044306302898858e-06,0.030842045622087977,0.1100947230593271,0.13865644399003899,0.18517927320492203,0.028032556531148754,0.10656460731810277
radar_only,76.72209699999999,0.03953149123149261,-0.016679493431184134,-0.1325264722108841,0.0,9.020513833447442,5.223986822288972e-05,0.024297400833290295,0.09811844512451481,0.11931989431948964,0.1715458545223954,0.021939704722847387,0.0947287727192786
radar_only,76.732097,0.03936469629718069,-0.016679493431184134,-0.1325264722108841,0.0,9.020514355846124,5.223986822288972e-05,0.02496021119212912,0.09971844512451646,0.12131379945260348,0.17314585452239703,0.02255707023860993,0.09632877271928024
radar_only,76.742097,0.03919790136286876,-0.016679493431184134,-0.1325264722108841,0.0,9.020514878244807,5.223986822288972e-05,0.025642965239992873,0.1013184451245181,0.12334233375662185,0.17474585452239866,0.023193701508916344,0.09792877271928188
radar_only,76.75209699999999,0.039031106428557075,-0.016679493431184134,-0.1325264722108841,0.0,9.02051540064349,5.223986822288972e-05,0.026345982976880535,0.10291844512451519,0.12540581723154176,0.17634585452239573,0.02384991853376569,0.09952877271927897
radar_only,76.762097,0.03886431149424515,-0.016679493431184134,-0.1325264722108841,0.0,9.020515923042172,5.223986822288972e-05,0.027069584402794108,0.10451844512451683,0.12750456987736908,0.17794585452239736,0.02452604131315983,0.10112877271928061
radar_only,76.772097,0.038697516559933226,-0.016679493431184134,-0.1325264722108841,0.0,9.020516445440855,5.223986822288972e-05,0.027814089517732603,0.10611844512451847,0.12963891169410094,0.179545854522399,0.025222389847097848,0.10272877271928225
radar_only,76.782097,0.03853072162562154,-0.016679493431184134,-0.1325264722108841,0.0,9.020516967839537,5.223986822288972e-05,0.02857981832169492,0.10771844512451556,0.1318091626817342,0.18114585452239607,0.02593928413557871,0.10432877271927934
radar_only,76.792097,0.03836392669130961,-0.016679493431184134,-0.1325264722108841,0.0,9.02051749023822,5.223986822288972e-05,0.029367090814683236,0.1093184451245172,0.13401564284027503,0.1827458545223977,0.026677044178604455,0.10592877271928099
radar_only,76.802097,0.03819713175699769,-0.016679493431184134,-0.1325264722108841,0.0,9.020518012636902,5.223986822288972e-05,0.03017622699669648,0.11091844512451884,0.1362586721697204,0.18434585452239932,0.027435989976174077,0.10752877271928263
radar_only,76.812097,0.038030336822686,-0.016679493431184134,-0.1325264722108841,0.0,9.020518535035585,5.223986822288972e-05,0.031007546867733448,0.11251844512451593,0.138538570670067,0.1859458545223964,0.02821644152828645,0.10912877271927972
radar_only,76.822097,0.037863541888374076,-0.016679493431184134,-0.1325264722108841,0.0,9.020519057434267,5.223986822288972e-05,0.03186137042779651,0.11411844512451758,0.14085565834132133,0.18754585452239803,0.0290187188349438,0.11072877271928136
radar_only,76.832097,0.03769674695406215,-0.016679493431184134,-0.1325264722108841,0.0,9.02051957983295,5.223986822288972e-05,0.0327380176768845,0.11571844512451922,0.14321025518348018,0.18914585452239965,0.029843141896145026,0.112328772719283
radar_only,76.842097,0.037529952019750464,-0.016679493431184134,-0.1325264722108841,0.0,9.020520102231632,5.223986822288972e-05,0.03363780861499612,0.11731844512451631,0.14560268119654013,0.19074585452239673,0.030690030711888912,0.11392877271928009
radar_only,76.852097,0.03736315708543854,-0.016679493431184134,-0.1325264722108841,0.0,9.020520624630315,5.223986822288972e-05,0.034561063242133934,0.11891844512451795,0.14803325638050796,0.19234585452239836,0.031559705282177865,0.11552877271928173
radar_only,76.86209699999999,0.03719636215112685,-0.016679493431184134,-0.1325264722108841,0.0,9.020521147028997,5.223986822288972e-05,0.03550810155829531,0.12051844512451504,0.1505023007353768,0.19394585452239543,0.03245248560700942,0.11712877271927882
radar_only,76.872097,0.037029567216814926,-0.016679493431184134,-0.1325264722108841,0.0,9.02052166942768,5.223986822288972e-05,0.03647924356348295,0.12211844512451668,0.15301013426115362,0.19554585452239706,0.03336869168638609,0.11872877271928046
radar_only,76.882097,0.036862772282503,-0.016679493431184134,-0.1325264722108841,0.0,9.020522191826363,5.223986822288972e-05,0.037474809257695516,0.12371844512451832,0.15555707695783497,0.1971458545223987,0.03430864352030666,0.1203287727192821
radar_only,76.89209699999999,0.036695977348191314,-0.016679493431184134,-0.1325264722108841,0.0,9.020522714225045,5.223986822288972e-05,0.03849511864093153,0.1253184451245154,0.15814344882541712,0.19874585452239577,0.03527266110876971,0.1219287727192792
radar_only,76.902097,0.03652918241387939,-0.016679493431184134,-0.1325264722108841,0.0,9.020523236623728,5.223986822288972e-05,0.03954049171319391,0.12691844512451703,0.16076956986390745,0.2003458545223974,0.036261064451778,0.12352877271928084
radar_only,76.912097,0.03636238747956746,-0.016679493431184134,-0.1325264722108841,0.0,9.020523759022408,5.223986822288972e-05,0.04061122884107673,0.12779782512451737,0.1634357404398978,0.20122523452239774,0.03727415391592567,0.1244081527192812
radar_only,76.922097,0.03619559254525577,-0.016679493431184134,-0.1325264722108841,0.0,9.02052428142109,5.223986822288972e-05,0.0417075338176224,0.12939782512451445,0.16614216434642828,0.20282523452239481,0.03831213329425523,0.1260081527192783
radar_only,76.932097,0.036028797610943845,-0.016679493431184134,-0.1325264722108841,0.0,9.020524803819773,5.223986822288972e-05,0.04282971835919453,0.13099782512451608,0.1688891532998671,0.20442523452239644,0.03937531430313013,0.12760815271927992
radar_only,76.94209699999999,0.03586200267663216,-0.016679493431184134,-0.1325264722108841,0.0,9.020525326218456,5.223986822288972e-05,0.043978102465789946,0.13259782512451315,0.17167702730020645,0.20602523452239352,0.040464016942547344,0.129208152719277
radar_only,76.952097,0.03569520774232023,-0.016679493431184134,-0.1325264722108841,0.0,9.020525848617138,5.223986822288972e-05,0.045153006137411904,0.13419782512451478,0.17450610634745425,0.20762523452239515,0.041578561212509975,0.13080815271927862
radar_only,76.962097,0.03552841280800831,-0.016679493431184134,-0.1325264722108841,0.0,9.020526371015821,5.223986822288972e-05,0.04635474937405879,0.1357978251245164,0.1773767104416066,0.20922523452239677,0.04271926711301648,0.13240815271928025
radar_only,76.97209699999999,0.03536161787369662,-0.016679493431184134,-0.1325264722108841,0.0,9.020526893414504,5.223986822288972e-05,0.047583652175728845,0.13739782512451348,0.1802891595826593,0.21082523452239385,0.043886454644065195,0.13400815271927732
radar_only,76.982097,0.023810220108755456,-0.031457795595046564,-0.13790002255002703,-0.004357864465762274,9.02040930071495,-0.00010566210458023284,0.03309720668601651,0.11196084757500055,0.14800489543247855,0.18873929024998998,0.030089126029470257,0.1083067239080363
radar_only,76.992097,0.02349564215280483,-0.031457795595046564,-0.13794360119468468,-0.004357864465762274,9.020408244093904,-0.00010566210458023284,0.03396993550740116,0.11356084757500219,0.1504280270466837,0.1903392902499916,0.030906648796013257,0.10990672390803795
radar_only,77.00209699999999,0.02318106419685465,-0.031457795595046564,-0.13798717983934228,-0.004357864465762274,9.020407187472857,-0.00010566210458023284,0.03486537649829955,0.11516084757499928,0.15288922651893538,0.19193929024998868,0.03174615290733668,0.11150672390803504
radar_only,77.012097,0.02286648624090402,-0.031457795595046564,-0.13803075848399993,-0.004357864465762274,9.02040613085181,-0.00010566210458023284,0.03578384965871422,0.11676084757500092,0.15538881384924058,0.1935392902499903,0.03260795836344291,0.11310672390803668
radar_only,77.022097,0.022551908284953393,-0.031457795595046564,-0.13807433712865758,-0.004357864465762274,9.020405074230764,-0.00010566210458023284,0.03672567498864392,0.11836084757500256,0.1579271090375958,0.19513929024999194,0.03349238516433077,0.11470672390803832
radar_only,77.032097,0.022237330329003213,-0.031457795595046564,-0.13811791577331517,-0.004357864465762274,9.020404017609717,-0.00010566210458023284,0.037691172488087246,0.11996084757499965,0.16050443208399737,0.196739290249989,0.034399753309998955,0.11630672390803541
radar_only,77.042097,0.021922752373052586,-0.031457795595046564,-0.13816149441797282,-0.004357864465762274,9.02040296098867,-0.00010566210458023284,0.038680662157046956,0.1215608475750013,0.16312110298845262,0.19833929024999064,0.03533038280045004,0.11790672390803705
radar_only,77.052097,0.021608174417101958,-0.031457795595046564,-0.13820507306263047,-0.004357864465762274,9.020401904367624,-0.00010566210458023284,0.039694463995521685,0.12316084757500294,0.1657774417509579,0.19993929024999227,0.03628459363568276,0.1195067239080387
radar_only,77.062097,0.021293596461151778,-0.031457795595046564,-0.13824865170728806,-0.004357864465762274,9.020400847746577,-0.00010566210458023284,0.040732898003509946,0.12476084757500003,0.16847376837150937,0.20153929024998934,0.037262705815695706,0.12110672390803578
radar_only,77.072097,0.02097901850520115,-0.031457795595046564,-0.1382922303519457,-0.004357864465762274,9.02039979112553,-0.00010566210458023284,0.04179628418101469,0.12636084757500166,0.1712104028501147,0.20313929024999097,0.038265039340491656,0.12270672390803743
radar_only,77.082097,0.020664440549250523,-0.031457795595046564,-0.13833580899660336,-0.004357864465762274,9.020398734504484,-0.00010566210458023284,0.042884942528034466,0.12796084757500328,0.17398766518677006,0.2047392902499926,0.03929191421006924,0.12430672390803907
radar_only,77.092097,0.020349862593300343,-0.031457795595046564,-0.13837938764126095,-0.004357864465762274,9.020397677883437,-0.00010566210458023284,0.04399919304456767,0.12956084757500036,0.1768058753814714,0.20633929024998968,0.04034365042442695,0.12590672390803614
radar_only,77.102097,0.020035284637349715,-0.031457795595046564,-0.1384229662859186,-0.004357864465762274,9.02039662126239,-0.00010566210458023284,0.04513935573061746,0.131160847575002,0.17966535343422677,0.2079392902499913,0.04142056798356777,0.12750672390803777
radar_only,77.11209699999999,0.019720706681399535,-0.031457795595046564,-0.1384665449305762,-0.004357864465762274,9.020395564641346,-0.00010566210458023284,0.04630573101482938,0.132036050423,0.1825663997736768,0.20881449309798933,0.0425229673161374,0.1283819267560358
radar_only,77.122097,-0.00329790337177,-0.06007831470810911,-0.13735560531851088,-0.0034399075749872716,9.02042057270542,-7.184445200145426e-05,0.03261962379545019,0.10939632588224246,0.14973514201296406,0.18720291701272296,0.02958386262166367,0.10570572862777017
radar_only,77.132097,-0.003898686518851398,-0.06007831470810911,-0.13739000439426077,-0.0034399075749872716,9.0204198542609,-7.184445200145426e-05,0.033461519478326554,0.1109963258822441,0.1521487681409624,0.18880291701272459,0.030370411668869814,0.10730572862777181
radar_only,77.14209699999999,-0.004499469665931943,-0.06007831470810911,-0.13742440347001061,-0.0034399075749872716,9.02041913581638,-7.184445200145426e-05,0.03432561442637814,0.1125963258822412,0.15460015485235978,0.19040291701272166,0.031178421861800372,0.1089057286277689
radar_only,77.152097,-0.005100252813013342,-0.06007831470810911,-0.1374588025457605,-0.0034399075749872716,9.020418417371861,-7.184445200145426e-05,0.035212228639607414,0.11419632588224284,0.15708962214716324,0.1920029170127233,0.03200821320045764,0.11050572862777054
radar_only,77.162097,-0.00570103596009474,-0.06007831470810911,-0.1374932016215104,-0.0034399075749872716,9.020417698927341,-7.184445200145426e-05,0.03612168211801316,0.11579632588224448,0.15961749002536926,0.19360291701272492,0.032860105684840483,0.11210572862777218
radar_only,77.172097,-0.0063018191071752844,-0.06007831470810911,-0.13752760069726025,-0.0034399075749872716,9.020416980482821,-7.184445200145426e-05,0.03705429486159403,0.11739632588224157,0.1621840784869742,0.195202917012722,0.033734419314947646,0.11370572862776927
radar_only,77.182097,-0.006902602254256682,-0.06007831470810911,-0.13756199977301015,-0.0034399075749872716,9.020416262038301,-7.184445200145426e-05,0.03801038687035268,0.11899632588224321,0.16478970753198535,0.19680291701272362,0.03463147409078161,0.11530572862777091
radar_only,77.19209699999999,-0.007503385401337227,-0.06007831470810911,-0.13759639884876,-0.0034399075749872716,9.020415543593781,-7.184445200145426e-05,0.0389902781442864,0.1205963258822403,0.1674346971603953,0.1984029170127207,0.035551590012339825,0.116905728627768
radar_only,77.202097,-0.008104168548418625,-0.06007831470810911,-0.13763079792450988,-0.0034399075749872716,9.020414825149262,-7.184445200145426e-05,0.039994288683397966,0.12219632588224194,0.17011936737221153,0.20000291701272233,0.03649508707962491,0.11850572862776965
radar_only,77.212097,-0.008704951695500023,-0.06007831470810911,-0.13766519700025978,-0.0034399075749872716,9.020414106704742,-7.184445200145426e-05,0.041022738487686006,0.12379632588224358,0.17284403816743038,0.20160291701272395,0.03746228529263558,0.12010572862777129
radar_only,77.22209699999999,-0.009305734842580567,-0.06007831470810911,-0.13769959607600962,-0.0034399075749872716,9.020413388260222,-7.184445200145426e-05,0.04207594755714901,0.12539632588224067,0.17560902954604785,0.20320291701272103,0.0384535046513704,0.12170572862776838
radar_only,77.232097,-0.009906517989661965,-0.06007831470810911,-0.13773399515175952,-0.0034399075749872716,9.020412669815702,-7.184445200145426e-05,0.04315423589178997,0.1269963258822423,0.1784146615080718,0.20480291701272266,0.039469065155832185,0.12330572862777002
radar_only,77.242097,-0.010507301136743363,-0.06007831470810911,-0.13776839422750942,-0.0034399075749872716,9.020411951371182,-7.184445200145426e-05,0.0442579234916074,0.12859632588224393,0.18126125405349833,0.20640291701272429,0.04050928680601955,0.12490572862777166
radar_only,77.25209699999999,-0.03979191146416325,-0.09602619392250789,-0.13139621554630151,0.0016064869851727301,9.020404605961469,-8.039777543361033e-05,0.031523602449643,0.1076498482764238,0.14868657429953197,0.1852282249713949,0.028532661491071268,0.10400800673177771
radar_only,77.262097,-0.04075217340338882,-0.09602619392250789,-0.1313801506764498,0.0016064869851727301,9.020403801983715,-8.039777543361033e-05,0.03232923116636961,0.10924984827642545,0.15105503111503346,0.18682822497139653,0.029284188219967738,0.10560800673177935
radar_only,77.272097,-0.04171243534261439,-0.09602619392250789,-0.13136408580659806,0.0016064869851727301,9.020402998005961,-8.039777543361033e-05,0.03315670985275153,0.11084984827642709,0.15346085357552927,0.18842822497139816,0.030056836550210585,0.10720800673178099
radar_only,77.282097,-0.04267269728183859,-0.09602619392250789,-0.13134802093674636,0.0016064869851727301,9.020402194028208,-8.039777543361033e-05,0.03400635850878753,0.11244984827642418,0.1559043616810159,0.19002822497139524,0.030850926481798668,0.10880800673177808
radar_only,77.292097,-0.04363295922106416,-0.09602619392250789,-0.13133195606689463,0.0016064869851727301,9.020401390050454,-8.039777543361033e-05,0.03487849713448004,0.11404984827642582,0.15838587543150032,0.19162822497139687,0.031666778014734234,0.11040800673177972
radar_only,77.302097,-0.04459322116028973,-0.09602619392250789,-0.1313158911970429,0.0016064869851727301,9.0204005860727,-8.039777543361033e-05,0.03577344572982785,0.11564984827642746,0.16090571482697905,0.1932282249713985,0.03250471114901619,0.11200800673178136
radar_only,77.312097,-0.04555348309951394,-0.09602619392250789,-0.1312998263271912,0.0016064869851727301,9.020399782094945,-8.039777543361033e-05,0.03669150458955156,0.11653466056442566,0.16346418016217032,0.1941130372593967,0.03336502617936519,0.11289281901977956
radar_only,77.322097,-0.04651374503873951,-0.09602619392250789,-0.13128376145733947,0.0016064869851727301,9.020398978117191,-8.039777543361033e-05,0.03763287844341161,0.1181346605644273,0.16606147616683925,0.19571303725939831,0.034247927835541515,0.1144928190197812
radar_only,77.332097,-0.047474006977965076,-0.09602619392250789,-0.13126769658748774,0.0016064869851727301,9.020398174139437,-8.039777543361033e-05,0.03859787922938456,0.11973466056442894,0.16869791477896012,0.19731303725939994,0.035153728055521825,0.11609281901978284
radar_only,77.342097,-0.04843426891718928,-0.09602619392250789,-0.13125163171763604,0.0016064869851727301,9.020397370161684,-8.039777543361033e-05,0.039586826947469005,0.12133466056442603,0.1713738159985291,0.19891303725939702,0.03608274683930478,0.11769281901977993
radar_only,77.352097,-0.04939453085641485,-0.09602619392250789,-0.1312355668477843,0.0016064869851727301,9.02039656618393,-8.039777543361033e-05,0.04060004159766775,0.12293466056442767,0.17408949982555375,0.20051303725939865,0.037035304186893006,0.11929281901978157
radar_only,77.36209699999999,-0.05035479279563905,-0.09602619392250789,-0.1312195019779326,0.0016064869851727301,9.020395762206176,-8.039777543361033e-05,0.041637843179977915,0.12453466056442476,0.17684528626002638,0.20211303725939572,0.03801172009828382,0.12089281901977866
radar_only,77.372097,-0.05131505473486462,-0.09602619392250789,-0.13120343710808088,0.0016064869851727301,9.020394958228422,-8.039777543361033e-05,0.04270055169440245,0.1261346605644264,0.17964149530195483,0.20371303725939735,0.03901231457347998,0.1224928190197803
radar_only,77.382097,-0.067904697521441,-0.11564653269984126,-0.12608601829303784,0.005597785397843074,9.020393006419363,-8.188315336026271e-05,0.030674653523309902,0.10676176474620726,0.14746145775285205,0.1835706373339383,0.0277339844581815,0.1031824208460795
radar_only,77.39209699999999,-0.06906116284843836,-0.11564653269984126,-0.12603004043905947,0.005597785397843074,9.020392187587829,-8.188315336026271e-05,0.03145677105650616,0.10836176474620435,0.1497893334293335,0.18517063733393538,0.028463355766200956,0.10478242084607658
radar_only,77.402097,-0.07021762817543736,-0.11564653269984126,-0.125974062585081,0.005597785397843074,9.020391368756295,-8.188315336026271e-05,0.032260560942652776,0.10996176474620599,0.15215424323328508,0.186770637333937,0.029213683558390675,0.10638242084607823
radar_only,77.412097,-0.07137409350243637,-0.11564653269984126,-0.12591808473110255,0.005597785397843074,9.02039054992476,-8.188315336026271e-05,0.033086343181748655,0.11156176474620763,0.15455650716470348,0.18837063733393863,0.02998528783474963,0.10798242084607987
radar_only,77.422097,-0.07253055882943373,-0.11564653269984126,-0.12586210687712418,0.005597785397843074,9.020389731093227,-8.188315336026271e-05,0.033934437773792576,0.11316176474620472,0.15699644522358522,0.1899706373339357,0.030778488595276682,0.10958242084607696
radar_only,77.432097,-0.07368702415643273,-0.11564653269984126,-0.12580612902314572,0.005597785397843074,9.020388912261692,-8.188315336026271e-05,0.03480516471878695,0.11476176474620636,0.15947437740993722,0.19157063733393734,0.03159360583997408,0.1111824208460786
radar_only,77.44209699999999,-0.07484348948343009,-0.11564653269984126,-0.12575015116916735,0.005597785397843074,9.020388093430158,-8.188315336026271e-05,0.03569884401672931,0.11636176474620345,0.16199062372375245,0.19317063733393441,0.03243095956883951,0.11278242084607569
radar_only,77.452097,-0.0759999548104291,-0.11564653269984126,-0.1256941733151889,0.005597785397843074,9.020387274598624,-8.188315336026271e-05,0.036615795667622186,0.1179617647462051,0.16454550416503805,0.19477063733393604,0.03329086978187535,0.11438242084607733
radar_only,77.462097,-0.0771564201374281,-0.11564653269984126,-0.12563819546121044,0.005597785397843074,9.02038645576709,-8.188315336026271e-05,0.03755633967146432,0.11956176474620674,0.16713933873379047,0.19637063733393767,0.03417365647908043,0.11598242084607897
radar_only,77.47209699999999,-0.07831288546442546,-0.11564653269984126,-0.12558221760723207,0.005597785397843074,9.020385636935556,-8.188315336026271e-05,0.03852079602825434,0.12116176474620383,0.16977244743000594,0.19797063733393475,0.03507963966045345,0.11758242084607606
radar_only,77.482097,-0.07946935079142446,-0.11564653269984126,-0.1255262397532536,0.005597785397843074,9.020384818104022,-8.188315336026271e-05,0.039509484737994975,0.12276176474620547,0.17244515025369198,0.19957063733393637,0.03600913932599698,0.1191824208460777
radar_only,77.492097,-0.08062581611842347,-0.11564653269984126,-0.12547026189927515,0.005597785397843074,9.020383999272488,-8.188315336026271e-05,0.040522725800684875,0.12436176474620711,0.17515776720484483,0.201170637333938,0.03696247547570975,0.12078242084607935
radar_only,77.50209699999999,-0.08178228144542082,-0.11564653269984126,-0.12541428404529678,0.005597785397843074,9.020383180440954,-8.188315336026271e-05,0.04156083921632255,0.12596176474620419,0.17791061828346055,0.20277063733393508,0.037939968109590355,0.12238242084607644
radar_only,77.512097,-0.08293874677241983,-0.11564653269984126,-0.1253583061913183,0.005597785397843074,9.02038236160942,-8.188315336026271e-05,0.04262412644688806,0.12679637594620477,0.1807040049515241,0.20360524853393566,0.03894191868961868,0.123217032046077
radar_only,77.522097,-0.11115949159713308,-0.14943191436038933,-0.11595393115400997,0.012826618798208914,9.020141718918898,-0.0003906748784776872,0.030810982432987313,0.10789485383194165,0.14848489801094542,0.1838492765193912,0.027867062508789002,0.10435855322552219
radar_only,77.532097,-0.11265381074073562,-0.14943191436038933,-0.11582566496602799,0.012826618798208914,9.020137812170114,-0.0003906748784776872,0.031601099060240966,0.10949485383193874,0.15081575630426905,0.18544927651938828,0.028604900070230675,0.10595855322551928
radar_only,77.542097,-0.11414812988434028,-0.14943191436038933,-0.11569739877804583,0.012826618798208914,9.02013390542133,-0.0003906748784776872,0.03241311465826213,0.11109485383194038,0.15318370445289986,0.1870492765193899,0.029363929342318504,0.10755855322552092
radar_only,77.552097,-0.11564244902794495,-0.14943191436038933,-0.11556913259006367,0.012826618798208914,9.020129998672546,-0.0003906748784776872,0.03324734922704971,0.11269485383194203,0.15558906245683463,0.18864927651939153,0.03014447032505146,0.10915855322552256
radar_only,77.562097,-0.11713676817154749,-0.14943191436038933,-0.11544086640208169,0.012826618798208914,9.020126091923762,-0.0003906748784776872,0.03410412276660247,0.11429485383193912,0.1580321503160698,0.1902492765193886,0.03094684301842839,0.11075855322551965
radar_only,77.572097,-0.11863108731515215,-0.14943191436038933,-0.11531260021409953,0.012826618798208914,9.020122185174978,-0.0003906748784776872,0.034983755276922844,0.11589485383194076,0.1605132880306123,0.19184927651939024,0.03177136742245157,0.1123585532255213
radar_only,77.582097,-0.12012540645875681,-0.14943191436038933,-0.11518433402611737,0.012826618798208914,9.020118278426194,-0.0003906748784776872,0.03588656675800963,0.1174948538319424,0.16303279560045875,0.19344927651939187,0.032618363537119874,0.11395855322552294
radar_only,77.592097,-0.12161972560235935,-0.14943191436038933,-0.11505606783813539,0.012826618798208914,9.02011437167741,-0.0003906748784776872,0.03681287720986149,0.11909485383193949,0.16559099302560543,0.19504927651938894,0.03348815136243206,0.11555855322552003
radar_only,77.602097,-0.12311404474596402,-0.14943191436038933,-0.11492780165015323,0.012826618798208914,9.020110464928626,-0.0003906748784776872,0.03776300663248106,0.12069485383194113,0.16818820030605966,0.19664927651939057,0.03438105089839059,0.11715855322552167
radar_only,77.61209699999999,-0.12460836388956656,-0.14943191436038933,-0.11479953546217125,0.012826618798208914,9.020106558179842,-0.0003906748784776872,0.038737275025865645,0.12229485383193822,0.170824737441814,0.19824927651938765,0.03529738214499292,0.11875855322551876
radar_only,77.622097,-0.1261026830331712,-0.14943191436038933,-0.1146712692741891,0.012826618798208914,9.020102651431058,-0.0003906748784776872,0.03973600239001801,0.12389485383193986,0.173500924432876,0.19984927651938927,0.03623746510224167,0.1203585532255204
radar_only,77.632097,-0.12759700217677586,-0.14943191436038933,-0.11454300308620693,0.012826618798208914,9.020098744682274,-0.0003906748784776872,0.040759508724936784,0.1254948538319415,0.17621708127924193,0.2014492765193909,0.03720161977013555,0.12195855322552204
radar_only,77.64209699999999,-0.1290913213203784,-0.14943191436038933,-0.11441473689822496,0.012826618798208914,9.02009483793349,-0.0003906748784776872,0.041808114030620465,0.12709485383193858,0.17897352798090782,0.20304927651938798,0.03819016614867314,0.12355855322551913
radar_only,77.652097,-0.15893504952287177,-0.18515303461040494,-0.1017658160354668,0.022496233052685367,9.01965026127889,-0.0009637870801910508,0.03032008475351416,0.10795126792406232,0.14717684501747777,0.1832171876439642,0.027420339785699622,0.10442925742582654
radar_only,77.662097,-0.16078657986897676,-0.18515303461040494,-0.10154085370493984,0.022496233052685367,9.019640623408089,-0.0009637870801910508,0.031101121391060273,0.10955126792406396,0.1494782771573881,0.18481718764396582,0.02814998658031898,0.10602925742582818
radar_only,77.672097,-0.16263811021507912,-0.18515303461040494,-0.1013158913744132,0.022496233052685367,9.019630985537287,-0.0009637870801910508,0.031904068282190064,0.11115126792406105,0.1518166727348239,0.1864171876439629,0.02890083922642244,0.10762925742582527
radar_only,77.682097,-0.16448964056118412,-0.18515303461040494,-0.10109092904388624,0.022496233052685367,9.019621347666485,-0.0009637870801910508,0.03272924542690582,0.11275126792406269,0.15419235174979184,0.18801718764396452,0.02967321772401214,0.10922925742582691
radar_only,77.69209699999999,-0.16634117090728648,-0.18515303461040494,-0.1008659667133596,0.022496233052685367,9.019611709795683,-0.0009637870801910508,0.033576972825205186,0.11435126792405978,0.15660563420228515,0.1896171876439616,0.030467442073085885,0.110829257425824
radar_only,77.702097,-0.16819270125339147,-0.18515303461040494,-0.10064100438283263,0.022496233052685367,9.019602071924881,-0.0009637870801910508,0.03444757047709058,0.11595126792406142,0.1590568400923107,0.19121718764396323,0.03128383227364593,0.11242925742582564
radar_only,77.712097,-0.17004423159949647,-0.18515303461040494,-0.10041604205230567,0.022496233052685367,9.01959243405408,-0.0009637870801910508,0.03534133887603529,0.11682250197206147,0.16154626991333954,0.19208842169196325,0.032122688819165655,0.11330049147382569
radar_only,77.72209699999999,-0.17189576194559883,-0.18515303461040494,-0.10019107972177903,0.022496233052685367,9.019582796183277,-0.0009637870801910508,0.03625848040871063,0.11842250197205856,0.16407412605204072,0.19368842169196032,0.03298421409631643,0.11490049147382278
radar_only,77.732097,-0.17374729229170383,-0.18515303461040494,-0.09996611739125207,0.022496233052685367,9.019573158312475,-0.0009637870801910508,0.037199306441781696,0.1200225019720602,0.16664071987508391,0.19528842169196195,0.0338687194717632,0.11650049147382442
radar_only,77.742097,-0.17559882263780882,-0.18515303461040494,-0.0997411550607251,0.022496233052685367,9.019563520441674,-0.0009637870801910508,0.0381641369752472,0.12162250197206184,0.1692463713824655,0.19688842169196358,0.03477652494550477,0.11810049147382606
radar_only,77.75209699999999,-0.17745035298391118,-0.18515303461040494,-0.09951619273019846,0.022496233052685367,9.019553882570872,-0.0009637870801910508,0.03915329200910571,0.12322250197205893,0.17189140057418179,0.19848842169196065,0.035707950517539784,0.11970049147382315
radar_only,77.762097,-0.17930188333001618,-0.18515303461040494,-0.0992912303996715,0.022496233052685367,9.01954424470007,-0.0009637870801910508,0.040167091543360046,0.12482250197206057,0.1745761274502402,0.20008842169196228,0.03666331618787089,0.1213004914738248
radar_only,77.772097,-0.18115341367612117,-0.18515303461040494,-0.09906626806914454,0.022496233052685367,9.019534606829268,-0.0009637870801910508,0.04120585557800882,0.1264225019720622,0.17730087201063705,0.2016884216919639,0.037642941956496784,0.12290049147382644
radar_only,77.782097,-0.2109089394982135,-0.2206203597141786,-0.0800605435632868,0.037002891190684534,9.018860584102066,-0.0018357297419464597,0.029940193385905065,0.10761218262208375,0.14591652690454585,0.1824228077439645,0.02707753022213346,0.10408198656899514
radar_only,77.792097,-0.2131151430953564,-0.2206203597141786,-0.07969051465137977,0.037002891190684534,9.018842226804647,-0.0018357297419464597,0.030714338478259887,0.10921218262208539,0.14819259167574264,0.18402280774396612,0.027800879869506526,0.10568198656899679
radar_only,77.802097,-0.2153213466924993,-0.2206203597141786,-0.07932048573947274,0.037002891190684534,9.018823869507228,-0.0018357297419464597,0.031510326007139156,0.11081218262208703,0.15050546100848827,0.18562280774396775,0.02854536591419342,0.10728198656899843
radar_only,77.812097,-0.21752755028963908,-0.2206203597141786,-0.07895045682756624,0.037002891190684534,9.01880551220981,-0.0018357297419464597,0.03232847597254168,0.11241218262208412,0.15285545490277938,0.18722280774396483,0.029311308356193024,0.10888198656899552
radar_only,77.822097,-0.21973375388678199,-0.2206203597141786,-0.07858042791565921,0.037002891190684534,9.01878715491239,-0.0018357297419464597,0.03316910837446979,0.11401218262208576,0.15524289335862262,0.18882280774396645,0.030099027195507527,0.11048198656899716
radar_only,77.832097,-0.2219399574839249,-0.2206203597141786,-0.07821039900375218,0.037002891190684534,9.018768797614971,-0.0018357297419464597,0.034032543212922345,0.1156121826220874,0.1576680963760147,0.19042280774396808,0.030908842432135854,0.1120819865689988
radar_only,77.842097,-0.22414616108106467,-0.2206203597141786,-0.07784037009184568,0.037002891190684534,9.018750440317552,-0.0018357297419464597,0.034919100487898064,0.1172121826220845,0.16013138395495208,0.19202280774396516,0.031741074066076805,0.11368198656899589
radar_only,77.852097,-0.22635236467820757,-0.2206203597141786,-0.07747034117993865,0.037002891190684534,9.018732083020133,-0.0018357297419464597,0.035829100199399465,0.11881218262208613,0.16263307609544175,0.19362280774396678,0.032596042097332745,0.11528198656899753
radar_only,77.86209699999999,-0.22855856827534735,-0.2206203597141786,-0.07710031226803214,0.037002891190684534,9.018713725722714,-0.0018357297419464597,0.036762862347423965,0.12041218262208322,0.16517349279747665,0.19522280774396386,0.03347406652590124,0.11688198656899462
radar_only,77.872097,-0.23076477187249025,-0.2206203597141786,-0.07673028335612511,0.037002891190684534,9.018695368425295,-0.0018357297419464597,0.03772070693197421,0.12201218262208487,0.16775295406106394,0.1968228077439655,0.034375467351784796,0.11848198656899626
radar_only,77.882097,-0.23297097546963316,-0.2206203597141786,-0.07636025444421808,0.037002891190684534,9.018677011127876,-0.0018357297419464597,0.0387029539530489,0.12361218262208651,0.1703717798862001,0.19842280774396712,0.03530056457498217,0.1200819865689979
radar_only,77.89209699999999,-0.23517717906677293,-0.2206203597141786,-0.07599022553231158,0.037002891190684534,9.018658653830457,-0.0018357297419464597,0.03970992341064659,0.12521218262208358,0.17303029027288125,0.2000228077439642,0.036249678195492005,0.121681986568995
radar_only,77.902097,-0.23738338266391584,-0.2206203597141786,-0.07562019662040455,0.037002891190684534,9.018640296533038,-0.0018357297419464597,0.040741935304770126,0.1268121826220852,0.17572880522111498,0.20162280774396582,0.037223128213317,0.12328198656899664
radar_only,77.912097,-0.23958958626105878,-0.2206203597141786,-0.07525016770849752,0.037002891190684534,9.018621939235619,-0.0018357297419464597,0.04179929032858249,0.12767303513408665,0.17846762542406192,0.20248366025596726,0.03822121532162019,0.12414283908099809
radar_only,77.922097,-0.27349774273812516,-0.2607379399670013,-0.05127673350111532,0.05512240675202426,9.017439957219128,-0.0033558000360260154,0.030405246848919328,0.10896371422668917,0.14699148444939525,0.18356770002937162,0.027522002691755445,0.10541037941149962
radar_only,77.932097,-0.27610512213779653,-0.2607379399670013,-0.050725509433594794,0.05512240675202426,9.017406399218768,-0.0033558000360260154,0.031196142469887625,0.11056371422669081,0.14928359566005875,0.18516770002937324,0.0282617395871925,0.10701037941150127
radar_only,77.94209699999999,-0.2787125015374642,-0.2607379399670013,-0.05017428536607505,0.05512240675202426,9.017372841218407,-0.0033558000360260154,0.03200915083370011,0.1121637142266879,0.1516127404107248,0.18676770002937032,0.029022878558510785,0.10861037941149836
radar_only,77.952097,-0.28131988093713556,-0.2607379399670013,-0.049623061298554524,0.05512240675202426,9.017339283218046,-0.0033558000360260154,0.032844591940359096,0.11376371422668954,0.15397923870140007,0.18836770002937195,0.029805739605712457,0.1102103794115
radar_only,77.962097,-0.28392726033680693,-0.2607379399670013,-0.049071837231034,0.05512240675202426,9.017305725217685,-0.0033558000360260154,0.033702785789863444,0.11536371422669119,0.15638341053208124,0.18996770002937358,0.03061064272879645,0.11181037941150164
radar_only,77.97209699999999,-0.2865346397364746,-0.2607379399670013,-0.048520613163514255,0.05512240675202426,9.017272167217325,-0.0033558000360260154,0.034584052382211884,0.11696371422668828,0.15882557590276483,0.19156770002937065,0.03143790792776158,0.11341037941149873
radar_only,77.982097,-0.28914201913614596,-0.2607379399670013,-0.04796938909599373,0.05512240675202426,9.017238609216964,-0.0033558000360260154,0.035488711717406925,0.11856371422668992,0.16130605481345778,0.19316770002937228,0.03228785520261019,0.11501037941150037
radar_only,77.992097,-0.29174939853581733,-0.2607379399670013,-0.0474181650284732,0.05512240675202426,9.017205051216603,-0.0033558000360260154,0.03641708379544733,0.12016371422669156,0.16382516726415663,0.1947677000293739,0.033160804553341125,0.11661037941150201
radar_only,78.00209699999999,-0.294356777935485,-0.2607379399670013,-0.04686694096095346,0.05512240675202426,9.017171493216242,-0.0033558000360260154,0.03736948861633172,0.12176371422668865,0.16638323325485774,0.19636770002937098,0.03405707597995309,0.1182103794114991
radar_only,78.012097,-0.29696415733515635,-0.2607379399670013,-0.04631571689343293,0.05512240675202426,9.017137935215882,-0.0033558000360260154,0.03834624618006281,0.12336371422669029,0.16898057278556838,0.1979677000293726,0.03497698948244864,0.11981037941150074
radar_only,78.022097,-0.2995715367348277,-0.2607379399670013,-0.045764492825912405,0.05512240675202426,9.01710437721552,-0.0033558000360260154,0.03934767648663927,0.12496371422669193,0.17161750585628494,0.19956770002937424,0.03592086506082651,0.12141037941150239
radar_only,78.032097,-0.3021789161344954,-0.2607379399670013,-0.04521326875839266,0.05512240675202426,9.01707081921516,-0.0033558000360260154,0.04037409953605961,0.12656371422668902,0.1742943524670036,0.20116770002937132,0.03688902271508531,0.12301037941149948
radar_only,78.042097,-0.30478629553416675,-0.2607379399670013,-0.044662044690872135,0.05512240675202426,9.0170372612148,-0.0033558000360260154,0.041425835328326756,0.12816371422669065,0.17701143261773192,0.20276770002937294,0.037881782445227795,0.12461037941150112
radar_only,78.052097,-0.3195024981473108,-0.27619494479563816,-0.026458453409809436,0.06872053152383022,9.016326660279105,-0.004248004234568589,0.030112381379352904,0.1087880369004593,0.1458251525966465,0.18343997252243688,0.02725424766445573,0.10520228613962096
radar_only,78.062097,-0.3222644475952647,-0.27619494479563816,-0.02577124809457176,0.06872053152383022,9.01628418023676,-0.004248004234568589,0.030897192637866333,0.11038803690045638,0.14809853465447748,0.18503997252243395,0.027988077573482793,0.10680228613961805
radar_only,78.072097,-0.32502639704322245,-0.27619494479563816,-0.025084042779333106,0.06872053152383022,9.016241700194414,-0.004248004234568589,0.03170408150376097,0.11198803690045803,0.15040892470681622,0.18663997252243558,0.02874326793973883,0.10840228613961969
radar_only,78.082097,-0.3277883464911802,-0.27619494479563816,-0.02439683746409445,0.06872053152383022,9.016199220152068,-0.004248004234568589,0.03253336797703573,0.11358803690045967,0.15275664275365947,0.1882399725224372,0.029520138763222813,0.11000228613962133
radar_only,78.092097,-0.3305502959391341,-0.27619494479563816,-0.023709632148856775,0.06872053152383022,9.016156740109722,-0.004248004234568589,0.03338537205768938,0.11518803690045676,0.15514200879500384,0.18983997252243429,0.030319010043933593,0.11160228613961842
radar_only,78.102097,-0.33331224538709187,-0.27619494479563816,-0.02302242683361812,0.06872053152383022,9.016114260067376,-0.004248004234568589,0.03426041374572433,0.1167880369004584,0.15756534283085608,0.19143997252243591,0.03114020178187344,0.11320228613962006
radar_only,78.11209699999999,-0.33607419483504575,-0.27619494479563816,-0.022335221518380445,0.06872053152383022,9.016071780025031,-0.004248004234568589,0.03515879388942952,0.11764220013245677,0.1600269457095007,0.1922941357544343,0.031984014825331426,0.11405644937161843
radar_only,78.122097,-0.3388361442830035,-0.27619494479563816,-0.02164801620314179,0.06872053152383022,9.016029299982685,-0.004248004234568589,0.03608071192153472,0.11924220013245841,0.16252701686367202,0.19389413575443593,0.03285064860703719,0.11565644937162008
radar_only,78.132097,-0.3415980937309613,-0.27619494479563816,-0.020960810887903136,0.06872053152383022,9.01598681994034,-0.004248004234568589,0.037026478393666434,0.12084220013246005,0.16506586684499422,0.19549413575443755,0.03374041367861729,0.11725644937162172
radar_only,78.14209699999999,-0.34436004317891517,-0.27619494479563816,-0.02027360557266546,0.06872053152383022,9.015944339897993,-0.004248004234568589,0.03799641330582327,0.12244220013245714,0.1676438156534637,0.19709413575443463,0.03465363004007043,0.11885644937161881
radar_only,78.152097,-0.34712199262687293,-0.27619494479563816,-0.019586400257426806,0.06872053152383022,9.015901859855648,-0.004248004234568589,0.03899083665800799,0.12404220013245879,0.17026118328908774,0.19869413575443626,0.0355906176913992,0.12045644937162045
radar_only,78.162097,-0.3498839420748307,-0.27619494479563816,-0.01889919494218815,0.06872053152383022,9.015859379813302,-0.004248004234568589,0.040010068450219226,0.1256422001324604,0.17291828975186269,0.20029413575443789,0.03655169663260231,0.12205644937162209
radar_only,78.172097,-0.3526458915227846,-0.27619494479563816,-0.018211989626950476,0.06872053152383022,9.015816899770956,-0.004248004234568589,0.04105442868245547,0.1272422001324575,0.17561545504178472,0.20189413575443496,0.037537186863678365,0.12365644937161918
radar_only,78.182097,-0.3886794280105982,-0.31889769603320756,0.00025929921852852524,0.08245918568331051,9.013763288629722,-0.006912454177748226,0.029850409628587926,0.1083024167818815,0.14475758841383893,0.18312307074836595,0.02701256436257726,0.10468864932782129
radar_only,78.19209699999999,-0.39186840497092734,-0.31889769603320756,0.0010838910753608803,0.08245918568331051,9.013694164087944,-0.006912454177748226,0.030628853732410272,0.10990241678187859,0.14701470846697037,0.18472307074836303,0.027740121608278264,0.10628864932781838
radar_only,78.202097,-0.39505738193126105,-0.31889769603320756,0.0019084829321944071,0.08245918568331051,9.013625039546167,-0.006912454177748226,0.0314292783195901,0.11150241678188023,0.14930877313425472,0.18632307074836466,0.02848893658384587,0.10788864932782002
radar_only,78.212097,-0.39824635889159476,-0.31889769603320756,0.002733074789027934,0.08245918568331051,9.013555915004389,-0.006912454177748226,0.03225200339012634,0.11310241678188188,0.15164010241568882,0.18792307074836628,0.029259329289279067,0.10948864932782167
radar_only,78.22209699999999,-0.4014353358519239,-0.31889769603320756,0.003557666645860289,0.08245918568331051,9.013486790462611,-0.006912454177748226,0.03309734894401776,0.11470241678187897,0.1540090163112692,0.18952307074836336,0.030051619724576706,0.11108864932781876
radar_only,78.232097,-0.40462431281225764,-0.31889769603320756,0.004382258502693816,0.08245918568331051,9.013417665920834,-0.006912454177748226,0.03396563498126676,0.11630241678188061,0.15641583482100266,0.191123070748365,0.03086612788974104,0.1126886493278204
radar_only,78.242097,-0.40781328977259135,-0.31889769603320756,0.0052068503595273435,0.08245918568331051,9.013348541379056,-0.006912454177748226,0.034857181501872156,0.11790241678188225,0.1588608779448858,0.19272307074836662,0.031703173784770965,0.11428864932782204
radar_only,78.25209699999999,-0.4110022667329205,-0.31889769603320756,0.006031442216359699,0.08245918568331051,9.013279416837278,-0.006912454177748226,0.03577230850583264,0.11950241678187934,0.1613444656829151,0.1943230707483637,0.032563077409665235,0.11588864932781913
radar_only,78.262097,-0.4141912436932542,-0.31889769603320756,0.006856034073193226,0.08245918568331051,9.0132102922955,-0.006912454177748226,0.03671133599315081,0.12110241678188098,0.16386691803509762,0.19592307074836532,0.0334461587644263,0.11748864932782077
radar_only,78.272097,-0.41738022065358793,-0.31889769603320756,0.0076806259300267535,0.08245918568331051,9.013141167753723,-0.006912454177748226,0.03767458396382538,0.12270241678188262,0.16642855500142983,0.19752307074836695,0.034352737849052954,0.11908864932782241
radar_only,78.282097,-0.4205691976139171,-0.31889769603320756,0.008505217786859108,0.08245918568331051,9.013072043211945,-0.006912454177748226,0.03866237241785493,0.12430241678187971,0.16902969658190806,0.19912307074836402,0.03528313466354386,0.1206886493278195
radar_only,78.292097,-0.4237581745742508,-0.31889769603320756,0.009329809643692635,0.08245918568331051,9.013002918670168,-0.006912454177748226,0.039675021355242264,0.12590241678188135,0.17167066277653967,0.20072307074836565,0.036237669207901654,0.12228864932782114
radar_only,78.302097,-0.4269471515345845,-0.31889769603320756,0.010154401500526163,0.08245918568331051,9.01293379412839,-0.006912454177748226,0.040712850775986006,0.12750241678188298,0.174351773585321,0.20232307074836728,0.03721666148212504,0.12388864932782279
radar_only,78.312097,-0.43013612849491367,-0.31889769603320756,0.010978993357358519,0.08245918568331051,9.012864669586612,-0.006912454177748226,0.04177616175144797,0.1283484200138815,0.1770733300796115,0.2031690739803658,0.038220412557575925,0.12473465255982132
radar_only,78.322097,-0.44466888848717084,-0.3333412763352878,0.034768913383269213,0.10011774627498787,9.01145527471754,-0.008673202041186654,0.03039651073525232,0.10939091011863919,0.1460598709987285,0.18445599683481811,0.02752419059423182,0.10575540782176081
radar_only,78.332097,-0.4480023012505254,-0.3333412763352878,0.035770090846019606,0.10011774627498787,9.011368542697127,-0.008673202041186654,0.03119187190895896,0.11099091011864083,0.14834152922030064,0.18605599683481974,0.02826799365841838,0.10735540782176245
radar_only,78.342097,-0.4513357140138753,-0.3333412763352878,0.036771268308768576,0.10011774627498787,9.011281810676715,-0.008673202041186654,0.03200943126468818,0.11259091011863792,0.15066039864123648,0.18765599683481682,0.02903326780416821,0.10895540782175954
radar_only,78.352097,-0.45466912677722987,-0.3333412763352878,0.03777244577151897,0.10011774627498787,9.011195078656304,-0.008673202041186654,0.03284950880244229,0.11419091011863956,0.15301679926154257,0.18925599683481845,0.029820333031483483,0.11055540782176118
radar_only,78.36209699999999,-0.45800253954057973,-0.3333412763352878,0.03877362323426794,0.10011774627498787,9.011108346635892,-0.008673202041186654,0.03371242452221891,0.11579091011863665,0.15541105108121225,0.19085599683481552,0.03062950934036197,0.11215540782175827
radar_only,78.372097,-0.4613359523039343,-0.3333412763352878,0.03977480069701833,0.10011774627498787,9.01102161461548,-0.008673202041186654,0.0345984984240205,0.1173909101186383,0.1578434741002523,0.19245599683481715,0.03146111673080597,0.11375540782175991
radar_only,78.382097,-0.4646693650672889,-0.3333412763352878,0.040775978159768723,0.10011774627498787,9.010934882595068,-0.008673202041186654,0.035508050507845834,0.11899091011863994,0.16031438831865935,0.19405599683481878,0.03231547520281434,0.11535540782176155
radar_only,78.39209699999999,-0.46800277783063876,-0.3333412763352878,0.041777155622517693,0.10011774627498787,9.010848150574656,-0.008673202041186654,0.03644140077369357,0.12059091011863703,0.16282411373642983,0.19565599683481585,0.03319290475638582,0.11695540782175864
radar_only,78.402097,-0.47133619059399334,-0.3333412763352878,0.042778333085268086,0.10011774627498787,9.010761418554244,-0.008673202041186654,0.03739886922156638,0.12219091011863867,0.16537297035357082,0.19725599683481748,0.0340937253915229,0.11855540782176029
radar_only,78.412097,-0.4746696033573479,-0.3333412763352878,0.04377951054801848,0.10011774627498787,9.010674686533832,-0.008673202041186654,0.038380775851462934,0.12379091011864031,0.16796127817007883,0.1988559968348191,0.035018257108224364,0.12015540782176193
radar_only,78.422097,-0.4780030161206978,-0.3333412763352878,0.04478068801076745,0.10011774627498787,9.01058795451342,-0.008673202041186654,0.0393874406633818,0.1253909101186374,0.17058935718595009,0.20045599683481619,0.03596681990648884,0.12175540782175902
radar_only,78.432097,-0.48133642888405237,-0.3333412763352878,0.04578186547351784,0.10011774627498787,9.010501222493009,-0.008673202041186654,0.04041918365732582,0.12699091011863903,0.17325752740119205,0.2020559968348178,0.036939733786319026,0.12335540782176066
radar_only,78.44209699999999,-0.48466984164740223,-0.3333412763352878,0.04678304293626681,0.10011774627498787,9.010414490472597,-0.008673202041186654,0.04147632483329208,0.1285909101186361,0.17596610881579713,0.2036559968348149,0.037937318747712154,0.12495540782175775
radar_only,78.452097,-0.48290624894173956,-0.32681247743129016,0.06384731884729476,0.11252445129105404,9.009741287236364,-0.009448302098161308,0.030148022497901498,0.10903186456511578,0.14514497154803702,0.18443347401469937,0.027291097849227165,0.10537762797775471
radar_only,78.462097,-0.48617437371605415,-0.32681247743129016,0.06497256336020588,0.11252445129105404,9.009646804215382,-0.009448302098161308,0.030936776497609907,0.11063186456511742,0.14741459840479104,0.186033474014701,0.02802835340392816,0.10697762797775635
radar_only,78.47209699999999,-0.4894424984903641,-0.32681247743129016,0.0660978078731154,0.11252445129105404,9.0095523211944,-0.009448302098161308,0.0317476568702302,0.11223186456511451,0.14972143195634474,0.18763347401469807,0.028787004484223635,0.10857762797775344
radar_only,78.482097,-0.4927106232646787,-0.32681247743129016,0.06722305238602651,0.11252445129105404,9.009457838173418,-0.009448302098161308,0.03258098361576467,0.11383186456511615,0.15206579220270466,0.1892334740146997,0.029567371090115747,0.11017762797775509
radar_only,78.492097,-0.4959787480389933,-0.32681247743129016,0.06834829689893762,0.11252445129105404,9.009363355152436,-0.009448302098161308,0.03343707673421219,0.1154318645651178,0.15444799914386756,0.19083347401470133,0.03036977322160343,0.11177762797775673
radar_only,78.50209699999999,-0.4992468728133032,-0.32681247743129016,0.06947354141184714,0.11252445129105404,9.009268872131454,-0.009448302098161308,0.03431625622557149,0.11703186456511488,0.15686837277982998,0.1924334740146984,0.0311945308786855,0.11337762797775382
radar_only,78.512097,-0.5025149975876178,-0.32681247743129016,0.07059878592475825,0.11252445129105404,9.009174389110472,-0.009448302098161308,0.03521882251696482,0.11790716555711565,0.15932721353771853,0.19330877500669919,0.03204194448848406,0.11425292896975459
radar_only,78.522097,-0.5057831223619323,-0.32681247743129016,0.07172403043766937,0.11252445129105404,9.00907990608949,-0.009448302098161308,0.036144978697467064,0.1195071655571173,0.16182472450660593,0.1949087750067008,0.03291221714007406,0.11585292896975623
radar_only,78.532097,-0.5090512471362423,-0.32681247743129016,0.07284927495057889,0.11252445129105404,9.008985423068507,-0.009448302098161308,0.03709503631107939,0.12110716555711439,0.16436121723049107,0.1965087750066979,0.03380566037745674,0.11745292896975332
radar_only,78.542097,-0.5123193719105569,-0.32681247743129016,0.07397451946349,0.11252445129105404,9.008890940047525,-0.009448302098161308,0.038069315357804494,0.12270716555711603,0.1669370117093812,0.19810877500669952,0.03472259420063465,0.11905292896975496
radar_only,78.552097,-0.5155874966848715,-0.32681247743129016,0.07509976397640111,0.11252445129105404,9.008796457026543,-0.009448302098161308,0.039068135837641044,0.12430716555711767,0.16955242794327266,0.19970877500670114,0.035663338609606535,0.1206529289697566
radar_only,78.562097,-0.5188556214591814,-0.32681247743129016,0.07622500848931063,0.11252445129105404,9.008701974005561,-0.009448302098161308,0.04009181775058757,0.12590716555711476,0.1722077859321617,0.20130877500669822,0.036628213604371004,0.12225292896975369
radar_only,78.572097,-0.522123746233496,-0.32681247743129016,0.07735025300222174,0.11252445129105404,9.008607490984579,-0.009448302098161308,0.04114068109664698,0.1275071655571164,0.1749034056760559,0.20290877500669985,0.037617539184930805,0.12385292896975533
radar_only,78.582097,-0.5395351921374963,-0.3449839081333259,0.09915158325126319,0.12854335991363597,9.00637526105075,-0.012282111068885323,0.02991722238153415,0.10828078029633696,0.1443270526127156,0.18398702005650489,0.027074258997153704,0.1046179355676917
radar_only,78.592097,-0.5429850312188265,-0.3449839081333259,0.10043701685039838,0.12854335991363597,9.006252439940061,-0.012282111068885323,0.030699282360899565,0.10988078029633405,0.14658588491446228,0.18558702005650196,0.02780491470272227,0.10621793556768878
radar_only,78.602097,-0.5464348703001615,-0.3449839081333259,0.1017224504495354,0.12854335991363597,9.006129618829373,-0.012282111068885323,0.03150331849632537,0.1114807802963357,0.14888183462022347,0.1871870200565036,0.028556813995405418,0.10781793556769043
radar_only,78.61209699999999,-0.5498847093814916,-0.3449839081333259,0.10300788404867059,0.12854335991363597,9.006006797718685,-0.012282111068885323,0.03232965078780927,0.11308078029633278,0.15121522172999266,0.18878702005650067,0.02933027687520101,0.10941793556768752
radar_only,78.622097,-0.5533345484628266,-0.3449839081333259,0.10429331764780761,0.12854335991363597,9.005883976607997,-0.012282111068885323,0.03317859923535362,0.11468078029633443,0.15358636624377647,0.1903870200565023,0.03012562334211125,0.11101793556768916
radar_only,78.632097,-0.5567843875441616,-0.3449839081333259,0.10557875124694463,0.12854335991363597,9.005761155497309,-0.012282111068885323,0.034050483838957264,0.11628078029633607,0.15599558816157164,0.19198702005650392,0.03094317339613505,0.1126179355676908
radar_only,78.64209699999999,-0.5602342266254917,-0.3449839081333259,0.10686418484607982,0.12854335991363597,9.00563833438662,-0.012282111068885323,0.03494562459861891,0.11788078029633316,0.15844320748337465,0.193587020056501,0.0317832470372712,0.11421793556768789
radar_only,78.652097,-0.5636840657068267,-0.3449839081333259,0.10814961844521684,0.12854335991363597,9.005515513275933,-0.012282111068885323,0.035864341514341105,0.1194807802963348,0.16092954420919242,0.19518702005650262,0.032646164265522096,0.11581793556768953
radar_only,78.662097,-0.5671339047881617,-0.3449839081333259,0.10943505204435386,0.12854335991363597,9.005392692165245,-0.012282111068885323,0.036806954586122584,0.12108078029633644,0.16345491833902157,0.19678702005650425,0.03353224508088655,0.11741793556769117
radar_only,78.672097,-0.5705837438694918,-0.3449839081333259,0.11072048564348905,0.12854335991363597,9.005269871054557,-0.012282111068885323,0.037773783813961966,0.12268078029633353,0.16601964987285836,0.19838702005650133,0.034441809483363256,0.11901793556768826
radar_only,78.682097,-0.5740335829508268,-0.3449839081333259,0.11200591924262607,0.12854335991363597,9.005147049943869,-0.012282111068885323,0.038765149197861996,0.12428078029633517,0.16862405881071013,0.19998702005650296,0.035375177472954794,0.1206179355676899
radar_only,78.69209699999999,-0.577483422032157,-0.3449839081333259,0.11329135284176126,0.12854335991363597,9.00502422883318,-0.012282111068885323,0.03978137073781986,0.12588078029633226,0.17126846515256944,0.20158702005650003,0.036332669049658525,0.122217935567687
radar_only,78.702097,-0.580933261113492,-0.3449839081333259,0.11457678644089828,0.12854335991363597,9.004901407722492,-0.012282111068885323,0.04082276843383844,0.1274807802963339,0.17395318889844383,0.20318702005650166,0.03731460421347716,0.12381793556768864
radar_only,78.712097,-0.584383100194827,-0.3449839081333259,0.1158622200400353,0.12854335991363597,9.004778586611804,-0.012282111068885323,0.04188964270391444,0.12835667149633456,0.17667853046632767,0.20406291125650233,0.03832128338240749,0.12469382676768931
radar_only,78.72209699999999,-0.5842549050522439,-0.34041903047487276,0.13077181910482436,0.13906707619375724,9.00364348297748,-0.013614212624431844,0.03042458268312672,0.1089083666638253,0.14574634058178257,0.18494831000993153,0.02754562316076755,0.10523870506017906
radar_only,78.732097,-0.5876590953569943,-0.34041903047487276,0.13216248986676263,0.13906707619375724,9.003507340851236,-0.013614212624431844,0.031220526390493608,0.11050836666382695,0.14803089637613148,0.18654831000993316,0.028289574297089122,0.1068387050601807
radar_only,78.742097,-0.5910632856617448,-0.34041903047487276,0.1335531606287009,0.13906707619375724,9.003371198724992,-0.013614212624431844,0.03203857177119329,0.11210836666382859,0.15035276183248245,0.1881483100099348,0.02905489317442275,0.10843870506018234
radar_only,78.75209699999999,-0.5944674759664904,-0.34041903047487276,0.1349438313906372,0.13906707619375724,9.003235056598747,-0.013614212624431844,0.03287903882522455,0.11370836666382568,0.15271225695083204,0.18974831000993186,0.0298418997927673,0.11003870506017943
radar_only,78.762097,-0.5978716662712409,-0.34041903047487276,0.13633450215257548,0.13906707619375724,9.003098914472503,-0.013614212624431844,0.03374224755258977,0.11530836666382732,0.155109701731187,0.1913483100099335,0.030650914152125015,0.11163870506018107
radar_only,78.772097,-0.6012758565759914,-0.34041903047487276,0.13772517291451375,0.13906707619375724,9.002962772346258,-0.013614212624431844,0.03462851795328778,0.11690836666382896,0.15754541617354398,0.19294831000993512,0.03148225625249479,0.11323870506018271
radar_only,78.782097,-0.604680046880737,-0.34041903047487276,0.13911584367645005,0.13906707619375724,9.002826630220014,-0.013614212624431844,0.03553817002731727,0.11850836666382605,0.16001972027789943,0.1945483100099322,0.03233624609387539,0.1148387050601798
radar_only,78.792097,-0.6080842371854874,-0.34041903047487276,0.14050651443838832,0.13906707619375724,9.00269048809377,-0.013614212624431844,0.036471523774680825,0.1201083666638277,0.1625329340442604,0.19614831000993382,0.03321320367626925,0.11643870506018145
radar_only,78.802097,-0.6114884274902379,-0.34041903047487276,0.1418971852003266,0.13906707619375724,9.002554345967525,-0.013614212624431844,0.03742889919537717,0.12170836666382934,0.1650853774726234,0.19774831000993545,0.034113448999675174,0.11803870506018309
radar_only,78.812097,-0.6148926177949835,-0.34041903047487276,0.1432878559622629,0.13906707619375724,9.00241820384128,-0.013614212624431844,0.03841061628940489,0.12330836666382643,0.1676773705629847,0.19934831000993253,0.03503730206409183,0.11963870506018018
radar_only,78.822097,-0.618296808099734,-0.34041903047487276,0.14467852672420117,0.13906707619375724,9.002282061715036,-0.013614212624431844,0.03941699505676678,0.12490836666382807,0.1703092333153517,0.20094831000993416,0.03598508286952184,0.12123870506018182
radar_only,78.832097,-0.6217009984044845,-0.34041903047487276,0.14606919748613945,0.13906707619375724,9.002145919588791,-0.013614212624431844,0.040448355497461466,0.1265083666638297,0.17298128572972074,0.20254831000993578,0.0369571114159639,0.12283870506018346
radar_only,78.842097,-0.62510518870923,-0.34041903047487276,0.14745986824807575,0.13906707619375724,9.002009777462547,-0.013614212624431844,0.04150501761148742,0.12810836666382677,0.1756938478060879,0.20414831000993286,0.037953707703416606,0.12443870506018055
radar_only,78.852097,-0.6126880663707642,-0.3201757252024735,0.16559304167928973,0.15203816536027331,9.001367780144,-0.014281851369568051,0.03015992306189813,0.10857005849953506,0.14496475289067343,0.18485803625466712,0.02729646016146333,0.10490185170757793
radar_only,78.86209699999999,-0.6158898236227861,-0.3201757252024735,0.1671134233328911,0.15203816536027331,9.001224961630303,-0.014281851369568051,0.030947943708026143,0.11017005849953215,0.14723832520968708,0.1864580362546642,0.02803268596817676,0.10650185170757502
radar_only,78.872097,-0.6190915808748125,-0.3201757252024735,0.1686338049864946,0.15203816536027331,9.001082143116607,-0.014281851369568051,0.03175799836585519,0.1117700584995338,0.14954918913595489,0.18805803625466583,0.028790212145232755,0.10810185170757666
radar_only,78.882097,-0.622293338126839,-0.3201757252024735,0.17015418664009813,0.15203816536027331,9.00093932460291,-0.014281851369568051,0.03259040703538417,0.11337005849953544,0.1518976646694737,0.18965803625466746,0.029569358692630287,0.1097018517075783
radar_only,78.89209699999999,-0.6254950953788608,-0.3201757252024735,0.17167456829369948,0.15203816536027331,9.000796506089214,-0.014281851369568051,0.03344548971661184,0.11497005849953253,0.15428407181024004,0.19125803625466453,0.030370445610368203,0.1113018517075754
radar_only,78.902097,-0.6286968526308873,-0.3201757252024735,0.173194949947303,0.15203816536027331,9.000653687575518,-0.014281851369568051,0.034323566409540644,0.11657005849953417,0.1567087305582607,0.19285803625466616,0.031193792898448782,0.11290185170757704
radar_only,78.912097,-0.6318986098829136,-0.3201757252024735,0.17471533160090652,0.15203816536027331,9.000510869061822,-0.014281851369568051,0.03522493867948231,0.11740212253153468,0.15917194247884525,0.19369010028666667,0.032039702122183836,0.11373391573957754
radar_only,78.922097,-0.6351003671349355,-0.3201757252024735,0.17623571325450788,0.15203816536027331,9.000368050548126,-0.014281851369568051,0.03614980212157701,0.11900212253153176,0.16167390316713168,0.19529010028666374,0.032908368876713605,0.11533391573957463
radar_only,78.932097,-0.6383021243869619,-0.3201757252024735,0.1777560949081114,0.15203816536027331,9.00022523203443,-0.014281851369568051,0.037098465988179334,0.1206021225315334,0.164214921875479,0.19689010028666537,0.033800102414392526,0.11693391573957627
radar_only,78.94209699999999,-0.6415038816389838,-0.3201757252024735,0.17927647656171275,0.15203816536027331,9.000082413520733,-0.014281851369568051,0.03807125027928659,0.1222021225315305,0.16679531860388,0.19849010028666245,0.03471522273521807,0.11853391573957336
radar_only,78.952097,-0.6447056388910102,-0.3201757252024735,0.18079685821531627,0.15203816536027331,8.999939595007037,-0.014281851369568051,0.03906847499490154,0.12380212253153214,0.169415413352342,0.20009010028666407,0.03565404983919283,0.120133915739575
radar_only,78.962097,-0.6479073961430366,-0.3201757252024735,0.1823172398689198,0.15203816536027331,8.99979677649334,-0.014281851369568051,0.04009046013502283,0.12540212253153377,0.17207552612086138,0.2016901002866657,0.03661690372631554,0.12173391573957665
radar_only,78.97209699999999,-0.6511091533950585,-0.3201757252024735,0.18383762152252114,0.15203816536027331,8.999653957979644,-0.014281851369568051,0.04113752569964894,0.12700212253153084,0.17477597690943428,0.20329010028666278,0.037604104396584764,0.12333391573957374
radar_only,78.982097,-0.6509279240672394,-0.31583411525407434,0.21083454172108332,0.17183241401442645,8.99754855019785,-0.016880214828372937,0.029903343875646957,0.10790854719824972,0.144225270626483,0.18436876066371122,0.027055688430078845,0.10424647179768706
radar_only,78.992097,-0.6540862652197817,-0.31583411525407434,0.21255286586122846,0.17183241401442645,8.997379748049566,-0.016880214828372937,0.030683554432791294,0.10950854719825136,0.14648794936813772,0.18596876066371285,0.027784342125083794,0.1058464717976887
radar_only,79.00209699999999,-0.6572446063723196,-0.31583411525407434,0.21427119000137115,0.17183241401442645,8.997210945901282,-0.016880214828372937,0.03148566669937415,0.11110854719824845,0.14878782186192194,0.18756876066370992,0.028534165114447223,0.1074464717976858
radar_only,79.012097,-0.660402947524862,-0.31583411525407434,0.2159895141415163,0.17183241401442645,8.997042143752997,-0.016880214828372937,0.0323100006753978,0.11270854719825009,0.1511252081078422,0.18916876066371155,0.02930547739817126,0.10904647179768744
radar_only,79.022097,-0.6635612886774043,-0.31583411525407434,0.21770783828166143,0.17183241401442645,8.996873341604713,-0.016880214828372937,0.03315687636086112,0.11430854719825173,0.1535004281058952,0.19076876066371318,0.03009859897625486,0.11064647179768908
radar_only,79.032097,-0.6667196298299422,-0.31583411525407434,0.21942616242180413,0.17183241401442645,8.99670453945643,-0.016880214828372937,0.034026613755762866,0.11590854719824882,0.15591380185607753,0.19236876066371025,0.030913849848696846,0.11224647179768617
radar_only,79.042097,-0.6698779709824845,-0.31583411525407434,0.22114448656194927,0.17183241401442645,8.996535737308145,-0.016880214828372937,0.034919532860105504,0.11750854719825046,0.15836564935839606,0.19396876066371188,0.031751550015499536,0.11384647179768781
radar_only,79.052097,-0.6730363121350268,-0.31583411525407434,0.2228628107020944,0.17183241401442645,8.99636693515986,-0.016880214828372937,0.03583595367388782,0.1191085471982521,0.1608562906128474,0.1955687606637135,0.032612019476661785,0.11544647179768945
radar_only,79.062097,-0.6761946532875647,-0.31583411525407434,0.2245811348422371,0.17183241401442645,8.996198133011577,-0.016880214828372937,0.03677619619710845,0.1207085471982492,0.16338604561942788,0.19716876066371058,0.03349557823218233,0.11704647179768654
radar_only,79.072097,-0.679352994440107,-0.31583411525407434,0.22629945898238224,0.17183241401442645,8.996029330863292,-0.016880214828372937,0.03774058042977008,0.12230854719825084,0.16595523437814472,0.1987687606637122,0.03440254628206366,0.11864647179768818
radar_only,79.082097,-0.6825113355926493,-0.31583411525407434,0.22801778312252738,0.17183241401442645,8.995860528715008,-0.016880214828372937,0.03872942637187139,0.12390854719825248,0.1685641768889943,0.20036876066371384,0.035333243626304564,0.12024647179768982
radar_only,79.092097,-0.6856696767451872,-0.31583411525407434,0.22973610726267008,0.17183241401442645,8.995691726566724,-0.016880214828372937,0.03974305402341091,0.12550854719824955,0.17121319315197292,0.20196876066371092,0.036287990264903654,0.12184647179768691
radar_only,79.102097,-0.6888280178977295,-0.31583411525407434,0.23145443140281521,0.17183241401442645,8.99552292441844,-0.016880214828372937,0.04078178338439153,0.12710854719825118,0.17390260316708805,0.20356876066371254,0.03726710619786365,0.12344647179768856
radar_only,79.11209699999999,-0.6919863590502674,-0.31583411525407434,0.2331727555429579,0.17183241401442645,8.995354122270156,-0.016880214828372937,0.0418459151555935,0.12796904719824936,0.17663270763511527,0.20442926066371073,0.03827089212596496,0.12430697179768675
radar_only,79.122097,-0.6802370973524327,-0.29684303928926137,0.25135521853974907,0.18457537139236074,8.99448323070705,-0.017802729825440757,0.030400302296668572,0.10861263585760988,0.14571864489082856,0.18523705210082697,0.027518551954886852,0.10495411481675546
radar_only,79.132097,-0.6832055277453268,-0.29684303928926137,0.2532009722536736,0.18457537139236074,8.994305203408796,-0.017802729825440757,0.03119439923857013,0.11021263585761153,0.14800726208729517,0.1868370521008286,0.02826062454319785,0.1065541148167571
radar_only,79.14209699999999,-0.6861739581382168,-0.29684303928926137,0.25504672596759553,0.18457537139236074,8.994127176110542,-0.017802729825440757,0.032010538707642054,0.11181263585760862,0.15033324669417866,0.18843705210082567,0.029024007954471118,0.10815411481675419
radar_only,79.152097,-0.689142388531111,-0.29684303928926137,0.25689247968152007,0.18457537139236074,8.993949148812288,-0.017802729825440757,0.03284904070388667,0.11341263585761026,0.1526969187114856,0.1900370521008273,0.02980902218870883,0.10975411481675583
radar_only,79.162097,-0.6921108189240052,-0.29684303928926137,0.2587382333954446,0.18457537139236074,8.993771121514033,-0.017802729825440757,0.033710225227302826,0.1150126358576119,0.15509859813921278,0.19163705210082893,0.030615987245909918,0.11135411481675747
radar_only,79.172097,-0.6950792493168951,-0.29684303928926137,0.26058398710936653,0.18457537139236074,8.993593094215779,-0.017802729825440757,0.03459441227788926,0.11661263585760899,0.15753860497735667,0.193237052100826,0.03144522312607318,0.11295411481675456
radar_only,79.182097,-0.6980476797097893,-0.29684303928926137,0.26242974082329107,0.18457537139236074,8.993415066917525,-0.017802729825440757,0.035501921855648474,0.11821263585761063,0.1600172592259242,0.19483705210082763,0.03229704982920099,0.1145541148167562
radar_only,79.19209699999999,-0.7010161101026793,-0.29684303928926137,0.264275494537213,0.18457537139236074,8.99323703961927,-0.017802729825440757,0.0364330739605779,0.11981263585760772,0.16253488088490833,0.1964370521008247,0.03317178735529091,0.11615411481675329
radar_only,79.202097,-0.7039845404955735,-0.29684303928926137,0.26612124825113753,0.18457537139236074,8.993059012321016,-0.017802729825440757,0.03738818859268017,0.12141263585760936,0.1650917899543162,0.19803705210082634,0.03406975570434543,0.11775411481675493
radar_only,79.212097,-0.7069529708884676,-0.29684303928926137,0.26796700196506207,0.18457537139236074,8.992880985022762,-0.017802729825440757,0.038367585751953995,0.123012635857611,0.16768830643414429,0.19963705210082797,0.03499127487636332,0.11935411481675658
radar_only,79.22209699999999,-0.7099214012813576,-0.29684303928926137,0.269812755678984,0.18457537139236074,8.992702957724507,-0.017802729825440757,0.03937158543839792,0.1246126358576081,0.17032475032438882,0.20123705210082504,0.03593666487134323,0.12095411481675367
radar_only,79.232097,-0.7128898316742518,-0.29684303928926137,0.27165850939290853,0.18457537139236074,8.992524930426253,-0.017802729825440757,0.040400507652014805,0.12621263585760972,0.17300144162505726,0.20283705210082667,0.03690624568928784,0.12255411481675531
radar_only,79.242097,-0.715858262067146,-0.29684303928926137,0.27350426310683307,0.18457537139236074,8.992346903127999,-0.017802729825440757,0.04145467239280323,0.12781263585761135,0.1757187003361459,0.2044370521008283,0.03790033733019583,0.12415411481675695
radar_only,79.25209699999999,-0.6967134072802611,-0.26857387682324935,0.28931096921447463,0.19541021478727477,8.992082441199134,-0.01791671475834449,0.030127921935351142,0.1083526088119743,0.14497459573606342,0.18507382530806585,0.027263783895159936,0.10469962073785041
radar_only,79.262097,-0.699399146048495,-0.26857387682324935,0.29126507136234836,0.19541021478727477,8.99190327405155,-0.01791671475834449,0.030914149341177498,0.10995260881197594,0.14725177023064195,0.18667382530806748,0.027998267810669168,0.10629962073785205
radar_only,79.272097,-0.7020848848167288,-0.26857387682324935,0.2932191735102221,0.19541021478727477,8.991724106903966,-0.01791671475834449,0.031722367268766274,0.11155260881197758,0.14956627949028214,0.1882738253080691,0.028754011650325994,0.1078996207378537
radar_only,79.282097,-0.7047706235849589,-0.26857387682324935,0.29517327565809304,0.19541021478727477,8.991544939756382,-0.01791671475834449,0.03255289571811627,0.11315260881197467,0.15191844351498063,0.18987382530806618,0.029531335414129296,0.10949962073785079
radar_only,79.292097,-0.7074563623531928,-0.26857387682324935,0.29712737780596676,0.19541021478727477,8.991365772608798,-0.01791671475834449,0.03340605468922986,0.11475260881197631,0.15430858230474406,0.1914738253080678,0.030330559102081277,0.11109962073785243
radar_only,79.302097,-0.7101421011214266,-0.26857387682324935,0.2990814799538405,0.19541021478727477,8.991186605461214,-0.01791671475834449,0.03428216418210586,0.11635260881197795,0.15673701585956917,0.19307382530806944,0.03115200271418085,0.11269962073785407
radar_only,79.312097,-0.7128278398896567,-0.26857387682324935,0.30103558210171144,0.19541021478727477,8.99100743831363,-0.01791671475834449,0.035181524564764054,0.11723188804397701,0.15920404454747344,0.19395310454006848,0.03199596661844786,0.11357889996985313
radar_only,79.322097,-0.6971299754190724,-0.24505932762492677,0.3112258411086777,0.20179450408982835,8.991083723493132,-0.017579554947553762,0.026846867333362282,0.1035227756401393,0.1339004273902581,0.17868052803003334,0.024235923381790894,0.09998812055999966
radar_only,79.332097,-0.6995805686953229,-0.24505932762492677,0.313243786149577,0.20179450408982835,8.990907927943656,-0.017579554947553762,0.02755506899671479,0.10512277564014094,0.1360125229040134,0.18028052803003497,0.024896384158074106,0.1015881205600013
radar_only,79.342097,-0.70203116197157,-0.24505932762492677,0.31526173119047346,0.20179450408982835,8.99073213239418,-0.017579554947553762,0.028284295215194294,0.10672277564013803,0.13816067452337166,0.18188052803003205,0.02557716255846836,0.10318812055999839
radar_only,79.352097,-0.7044817552478205,-0.24505932762492677,0.31727967623137276,0.20179450408982835,8.990556336844705,-0.017579554947553762,0.02903486598880287,0.10832277564013967,0.140345202248339,0.18348052803003367,0.02627857858297558,0.10478812056000003
radar_only,79.36209699999999,-0.7069323485240676,-0.24505932762492677,0.31929762127226924,0.20179450408982835,8.99038054129523,-0.017579554947553762,0.029807101317538384,0.10992277564013676,0.14256642607890918,0.18508052803003075,0.027000952231593784,0.10638812055999712
radar_only,79.372097,-0.7093829418003181,-0.24505932762492677,0.32131556631316854,0.20179450408982835,8.990204745745753,-0.017579554947553762,0.030601321201403027,0.1115227756401384,0.14482466601508856,0.18668052803003238,0.02774460350432502,0.10798812055999876
radar_only,79.382097,-0.6955191107710882,-0.2236087687469875,0.3319363342335613,0.20855327227074694,8.990218085133444,-0.017322619847702808,0.024048086219757348,0.1000043874369737,0.12348907211071604,0.1733165821953474,0.021670654847984906,0.0965888205506942
radar_only,79.39209699999999,-0.697755198458556,-0.2236087687469875,0.33402186695626684,0.20855327227074694,8.990044858934967,-0.017322619847702808,0.02469210096044979,0.10160438743697078,0.1254494694265378,0.17491658219534448,0.022270679826256554,0.0981888205506913
radar_only,79.402097,-0.699991286146027,-0.2236087687469875,0.3361073996789754,0.20855327227074694,8.98987163273649,-0.017322619847702808,0.02535643657863055,0.10320438743697243,0.12744485005880146,0.1765165821953461,0.0228903425686392,0.09978882055069294
radar_only,79.412097,-0.702227373833498,-0.2236087687469875,0.33819293240168397,0.20855327227074694,8.989698406538013,-0.017322619847702808,0.026041413074298723,0.10480438743697407,0.12947553400750422,0.17811658219534773,0.023529963075132002,0.10138882055069458
radar_only,79.422097,-0.7044634615209658,-0.2236087687469875,0.34027846512438953,0.20855327227074694,8.989525180339536,-0.017322619847702808,0.026747350447453296,0.10640438743697116,0.13154184127264312,0.1797165821953448,0.024189861345734014,0.10298882055069167
radar_only,79.432097,-0.7066995492084368,-0.2236087687469875,0.3423639978470981,0.20855327227074694,8.989351954141059,-0.017322619847702808,0.027474568698096273,0.1080043874369728,0.13364409185422405,0.18131658219534644,0.02487035738044711,0.10458882055069331
radar_only,79.44209699999999,-0.7089356368959047,-0.2236087687469875,0.34444953056980365,0.20855327227074694,8.989178727942582,-0.017322619847702808,0.028223387826225587,0.10960438743696989,0.13578260575224102,0.1829165821953435,0.025571771179269353,0.1061888205506904
radar_only,79.452097,-0.6962970080558712,-0.20375274170105753,0.351303777630841,0.21232211647949023,8.989392403833193,-0.016788573943209432,0.022672940748473085,0.09922344001180748,0.11711718424180535,0.17078209771699057,0.020434068027389136,0.09590618279789513
radar_only,79.462097,-0.6983345354728828,-0.20375274170105753,0.35342699879563694,0.21232211647949023,8.989224518093762,-0.016788573943209432,0.02329587972710525,0.10082344001180912,0.1189983118431297,0.1723820977169922,0.021015223927263852,0.09750618279789677
radar_only,79.47209699999999,-0.7003720628898915,-0.20375274170105753,0.3555502199604299,0.21232211647949023,8.98905663235433,-0.016788573943209432,0.023938983393738865,0.10242344001180621,0.12091391586399473,0.17398209771698928,0.021615881063697304,0.09910618279789386
radar_only,79.482097,-0.7024095903069031,-0.20375274170105753,0.35767344112522587,0.21232211647949023,8.988888746614899,-0.016788573943209432,0.024602571748375764,0.10402344001180786,0.1228643163044059,0.1755820977169909,0.022236359436691194,0.1007061827978955
radar_only,79.492097,-0.7044471177239147,-0.20375274170105753,0.35979666229002183,0.21232211647949023,8.988720860875468,-0.016788573943209432,0.025286964791015047,0.1056234400118095,0.12484983316436052,0.17718209771699253,0.022876979046244684,0.10230618279789715
radar_only,79.50209699999999,-0.7064846451409234,-0.20375274170105753,0.3619198834548148,0.21232211647949023,8.988552975136036,-0.016788573943209432,0.025992482521655695,0.10722344001180659,0.12687078644385566,0.1787820977169896,0.02353805989235682,0.10390618279789424
radar_only,79.512097,-0.708522172557935,-0.20375274170105753,0.36404310461961076,0.21232211647949023,8.988385089396603,-0.016788573943209432,0.0267194253797215,0.10809795764380654,0.12892747658231885,0.17965661534898958,0.024219902414451266,0.1047807004298942
radar_only,79.522097,-0.6709106109629004,-0.14961816750887794,0.38006870637489687,0.22343616633811522,8.989606639662838,-0.014825409620177426,0.021751739223740036,0.0985791447411028,0.11212429300080948,0.16871754960689478,0.019617819661584792,0.09532749834521521
radar_only,79.532097,-0.6724067926379879,-0.14961816750887794,0.382303068038276,0.22343616633811522,8.989458385566637,-0.014825409620177426,0.02236498410190646,0.10017914474109989,0.1139497398401232,0.17031754960689185,0.020190828934356517,0.0969274983452123
radar_only,79.542097,-0.6739029743130774,-0.14961816750887794,0.38453742970165833,0.22343616633811522,8.989310131470436,-0.014825409620177426,0.022998264809021982,0.10177914474110153,0.1158092501893609,0.17191754960689348,0.020783223706798106,0.09852749834521395
radar_only,79.552097,-0.675399155988167,-0.14961816750887794,0.38677179136504064,0.22343616633811522,8.989161877374235,-0.014825409620177426,0.023651901345085748,0.10337914474110317,0.11770314404852002,0.1735175496068951,0.021395323978908757,0.10012749834521559
radar_only,79.562097,-0.6768953376632545,-0.14961816750887794,0.3890061530284198,0.22343616633811522,8.989013623278034,-0.014825409620177426,0.024326213710096783,0.10497914474110026,0.11963174141759779,0.1751175496068922,0.022027449750687562,0.10172749834521268
radar_only,79.572097,-0.6783915193383441,-0.14961816750887794,0.3912405146918021,0.22343616633811522,8.988865369181832,-0.014825409620177426,0.025021521904057,0.1065791447411019,0.12159536229659969,0.17671754960689381,0.022679921022136312,0.10332749834521432
radar_only,79.582097,-0.6479281760963818,-0.10459685918198622,0.40277957065607073,0.23101334179114522,8.989963473704918,-0.013007066293307041,0.020581217104531726,0.09743957363708247,0.10649257099453771,0.16647053913240908,0.018563865687566898,0.09422787801879946
radar_only,79.592097,-0.6489741446882007,-0.10459685918198622,0.4050897040739801,0.23101334179114522,8.989833403041985,-0.013007066293307041,0.021173076746465024,0.09903957363707956,0.10824744644396642,0.16807053913240616,0.01911714140952674,0.09582787801879655
radar_only,79.602097,-0.6500201132800211,-0.10459685918198622,0.40739983749189274,0.23101334179114522,8.989703332379051,-0.013007066293307041,0.021784744303126588,0.1006395736370812,0.1100359360012241,0.1696705391324078,0.019689582707091133,0.0974278780187982
radar_only,79.61209699999999,-0.65106608187184,-0.10459685918198622,0.4097099709098021,0.23101334179114522,8.989573261716117,-0.013007066293307041,0.022416539774514677,0.1022395736370783,0.1118583596663057,0.17127053913240486,0.020281509580258452,0.09902787801879528
radar_only,79.622097,-0.6521120504636604,-0.10459685918198622,0.41202010432771474,0.23101334179114522,8.989443191053184,-0.013007066293307041,0.023068783160631084,0.10383957363707993,0.11371503743921636,0.1728705391324065,0.020893242029030375,0.10062787801879693
radar_only,79.632097,-0.6531580190554808,-0.10459685918198622,0.4143302377456274,0.23101334179114522,8.98931312039025,-0.013007066293307041,0.023741794461474928,0.10543957363708158,0.11560628931995355,0.17447053913240812,0.02152510005340608,0.10222787801879857
radar_only,79.64209699999999,-0.6542039876472997,-0.10459685918198622,0.41664037116353675,0.23101334179114522,8.989183049727316,-0.013007066293307041,0.02443589367704521,0.10703957363707867,0.1175324353085145,0.1760705391324052,0.022177403653384622,0.10382787801879566
radar_only,79.652097,-0.6185057721311596,-0.051839605551099795,0.43490833782615435,0.24418189837089585,8.989927322374205,-0.01170681875372979,0.020223717687506096,0.09774273404848356,0.10347282743292649,0.1660223830083018,0.01826347547159211,0.09454537586441246
radar_only,79.662097,-0.6190241681866709,-0.051839605551099795,0.43735015680986455,0.24418189837089585,8.989810254186668,-0.01170681875372979,0.020818296497105294,0.0993427340484852,0.10520408026535442,0.16762238300830343,0.018820050962840243,0.0961453758644141
radar_only,79.672097,-0.6195425642421815,-0.051839605551099795,0.43979197579357127,0.24418189837089585,8.989693185999132,-0.01170681875372979,0.021432743853513327,0.1009427340484823,0.10696885757438153,0.1692223830083005,0.019395855529260448,0.09774537586441119
radar_only,79.682097,-0.6200609602976928,-0.051839605551099795,0.4422337947772815,0.24418189837089585,8.989576117811595,-0.01170681875372979,0.022067379756731936,0.10254273404848394,0.10876747936001281,0.17082238300830213,0.019991209170854358,0.09934537586441283
radar_only,79.69209699999999,-0.6205793563532033,-0.051839605551099795,0.4446756137609882,0.24418189837089585,8.989459049624058,-0.01170681875372979,0.022722524206759315,0.10414273404848103,0.11060026562224316,0.1724223830082992,0.020606431887620284,0.10094537586440992
radar_only,79.702097,-0.6210977524087146,-0.051839605551099795,0.4471174327446984,0.24418189837089585,8.989341981436521,-0.01170681875372979,0.02339849720359733,0.10574273404848267,0.11246753636107779,0.17402238300830083,0.021241843679559974,0.10254537586441156
radar_only,79.712097,-0.6216161484642259,-0.051839605551099795,0.4495592517284086,0.24418189837089585,8.989224913248984,-0.01170681875372979,0.024095599294176567,0.10661094524848364,0.11436959212344561,0.1748905942083018,0.021897745093604072,0.10341358706441253
radar_only,79.72209699999999,-0.5924266968546887,-0.008813914382243555,0.4634017909250318,0.2536734608953698,8.98994503780354,-0.01045152353015363,0.020073994908355788,0.09813532481241807,0.10120838480714507,0.16589249639911638,0.018152911220078494,0.0949400695562305
radar_only,79.732097,-0.5925148359985112,-0.008813914382243555,0.4659385255339868,0.2536734608953698,8.989840522568239,-0.01045152353015363,0.020675744036602117,0.09973532481241972,0.10292824835376162,0.167492496399118,0.018716889644308204,0.09654006955623214
radar_only,79.742097,-0.5926029751423336,-0.008813914382243555,0.4684752601429418,0.2536734608953698,8.989736007332937,-0.01045152353015363,0.02129744022981095,0.10133532481242136,0.10468161039965802,0.16909249639911964,0.019300176082449178,0.09814006955623378
radar_only,79.75209699999999,-0.592691114286156,-0.008813914382243555,0.47101199475189315,0.2536734608953698,8.989631492097635,-0.01045152353015363,0.02193940348798136,0.10293532481241845,0.10646879094483172,0.1706924963991167,0.01990309053450055,0.09974006955623087
radar_only,79.762097,-0.5927792534299784,-0.008813914382243555,0.47354872936084813,0.2536734608953698,8.989526976862333,-0.01045152353015363,0.022601953811115173,0.10453532481242009,0.10829010998928779,0.17229249639911834,0.020525953000464028,0.10134006955623251
radar_only,79.772097,-0.5928673925738008,-0.008813914382243555,0.4760854639698031,0.2536734608953698,8.989422461627031,-0.01045152353015363,0.02328541119921149,0.10613532481242173,0.1101458875330237,0.17389249639911997,0.021169083480338774,0.10294006955623415
radar_only,79.782097,-0.5462094901384277,0.060795506528626274,0.48605745556994506,0.2599994518876196,8.991191019720016,-0.007563693205491773,0.019436960617490347,0.09738788282736122,0.09777765069037235,0.16491960746987797,0.017579543417317805,0.09417870037708986
radar_only,79.792097,-0.5456015350731411,0.060795506528626274,0.4886574500888226,0.2599994518876196,8.991115382787962,-0.007563693205491773,0.020026541432890406,0.09898788282736286,0.09945960276078675,0.1665196074698796,0.01813196897025373,0.0957787003770915
radar_only,79.802097,-0.5449935800078546,0.060795506528626274,0.49125744460770016,0.2599994518876196,8.991039745855907,-0.007563693205491773,0.020635919824855957,0.1005878828273645,0.10117485875269515,0.16811960746988122,0.018703550263265097,0.09737870037709315
radar_only,79.812097,-0.5443856249425689,0.060795506528626274,0.493857439126574,0.2599994518876196,8.990964108923853,-0.007563693205491773,0.021265415793386096,0.10218788282736159,0.10292373866609505,0.1697196074698783,0.019294607296351046,0.09897870037709024
radar_only,79.822097,-0.5437776698772824,0.060795506528626274,0.49645743364545153,0.2599994518876196,8.990888471991799,-0.007563693205491773,0.021915349338482607,0.10378788282736323,0.10470656250099143,0.17131960746987993,0.01990546006951326,0.10057870037709188
radar_only,79.832097,-0.5431697148119958,0.060795506528626274,0.4990574281643291,0.2599994518876196,8.990812835059744,-0.007563693205491773,0.02258604046014461,0.10538788282736487,0.10652365025738182,0.17291960746988155,0.020536428582750912,0.10217870037709352
radar_only,79.842097,-0.5425617597467102,0.060795506528626274,0.5016574226832029,0.2599994518876196,8.99073719812769,-0.007563693205491773,0.023277809158371115,0.10698788282736196,0.10837532193526357,0.17451960746987863,0.021187832836063066,0.10377870037709061
radar_only,79.852097,-0.5050199015568102,0.11598568519333396,0.5085380265812093,0.263672013833244,8.992257678526657,-0.005096103169437776,0.01950013268686256,0.0978289123241183,0.09654071002587483,0.16528836174651976,0.017657423388888524,0.09460285753189646
radar_only,79.86209699999999,-0.5038600447048779,0.11598568519333396,0.5111747467195393,0.263672013833244,8.992206717494962,-0.005096103169437776,0.020099644422072262,0.0994289123241154,0.09822590021205355,0.16688836174651683,0.018219555234241732,0.09620285753189355
radar_only,79.872097,-0.5027001878529439,0.11598568519333396,0.5138114668578732,0.263672013833244,8.992155756463267,-0.005096103169437776,0.020719041939747645,0.10102891232411704,0.09994446807058396,0.16848836174651846,0.018800927651102122,0.09780285753189519
radar_only,79.882097,-0.5015403310010099,0.11598568519333396,0.516448186996207,0.263672013833244,8.992104795431572,-0.005096103169437776,0.02135864523988787,0.10262891232411868,0.10169673360146372,0.1700883617465201,0.019401860639468912,0.09940285753189683
radar_only,79.89209699999999,-0.5003804741490776,0.11598568519333396,0.519084907134537,0.263672013833244,8.992053834399877,-0.005096103169437776,0.022018774322491986,0.10422891232411577,0.10348301680469026,0.17168836174651717,0.020022674199341204,0.10100285753189392
radar_only,79.902097,-0.4992206172971437,0.11598568519333396,0.5217216272728709,0.263672013833244,8.992002873368182,-0.005096103169437776,0.02269974918756187,0.10582891232411741,0.10530363768026864,0.1732883617465188,0.020663688330720766,0.10260285753189556
radar_only,79.912097,-0.49806076044520975,0.11598568519333396,0.5243583474112046,0.263672013833244,8.99195191233649,-0.005096103169437776,0.0234018703940517,0.1066964710121187,0.10715889678715147,0.17415592043452008,0.021325203592561827,0.10347041621989685
radar_only,79.922097,-0.4452960957427207,0.19354737393413218,0.5284879608437864,0.26496688708742383,8.994014270539745,-0.0018121868621123424,0.01961400873453714,0.09772758234349296,0.09565627873765356,0.16530257887940203,0.017777736303852897,0.0944793742003874
radar_only,79.932097,-0.4433606220033784,0.19354737393413218,0.5311376297146619,0.26496688708742383,8.993996148671124,-0.0018121868621123424,0.02022241936550398,0.0993275823434946,0.09734810676587546,0.16690257887940366,0.018348407040350755,0.09607937420038905
radar_only,79.94209699999999,-0.44142514826403884,0.19354737393413218,0.5337872985855338,0.26496688708742383,8.993978026802504,-0.0018121868621123424,0.020850695512938628,0.1009275823434917,0.0990733153098708,0.16850257887940073,0.01893829365168786,0.09767937420038614
radar_only,79.952097,-0.4394896745246965,0.19354737393413218,0.5364369674564093,0.26496688708742383,8.993959904933883,-0.0018121868621123424,0.021499157176842875,0.10252758234349334,0.1008322243696445,0.17010257887940236,0.01954771613786588,0.09927937420038778
radar_only,79.962097,-0.4375542007853542,0.19354737393413218,0.5390866363272849,0.26496688708742383,8.993941783065262,-0.0018121868621123424,0.02216812435721584,0.10412758234349498,0.10262515394519409,0.171702578879404,0.020176994498884004,0.10087937420038942
radar_only,79.97209699999999,-0.4356187270460146,0.19354737393413218,0.5417363051981567,0.26496688708742383,8.993923661196641,-0.0018121868621123424,0.022857917054056532,0.10572758234349207,0.10445242403651699,0.17330257887940106,0.02082644873474129,0.10247937420038651
radar_only,79.982097,-0.3946680055711711,0.25308483426957873,0.5435325909807485,0.264214225711804,8.99561429382981,0.0008828969713001993,0.019174434314687152,0.09654629852345141,0.0934182917677995,0.16432298126007,0.01737513878639736,0.09327918299599701
radar_only,79.992097,-0.39213715722847403,0.25308483426957873,0.5461747332378678,0.264214225711804,8.995623122799524,0.0008828969713001993,0.01977160244105296,0.09814629852345305,0.09508662582293752,0.16592298126007163,0.017934782667099483,0.09487918299599865
radar_only,80.00209699999999,-0.3896063088857806,0.25308483426957873,0.5488168754949835,0.264214225711804,8.995631951769237,0.0008828969713001993,0.02038839982712259,0.09974629852345014,0.09678814447432514,0.1675229812600687,0.018513402384399993,0.09647918299599574
radar_only,80.012097,-0.3870754605430835,0.25308483426957873,0.5514590177521028,0.264214225711804,8.99564078073895,0.0008828969713001993,0.021025146472897792,0.10134629852345178,0.0985231677219672,0.16912298126007033,0.019111317938300527,0.09807918299599738
radar_only,80.022097,-0.38454461220038644,0.25308483426957873,0.5541011600092222,0.264214225711804,8.995649609708664,0.0008828969713001993,0.021682162378377706,0.10294629852345343,0.10029201556586131,0.17072298126007196,0.019728849328800282,0.09967918299599902
radar_only,80.032097,-0.382013763857693,0.25308483426957873,0.5567433022663378,0.264214225711804,8.995658438678378,0.0008828969713001993,0.02235976754356135,0.10454629852345051,0.10209500800600488,0.17232298126006904,0.020366316555898333,0.10127918299599611
radar_only,80.042097,-0.3794829155149959,0.25308483426957873,0.5593854445234572,0.264214225711804,8.995667267648091,0.0008828969713001993,0.023058281968450656,0.10614629852345216,0.10393246504240303,0.17392298126007066,0.0210240396195965,0.10287918299599776
radar_only,80.052097,-0.3388214012853769,0.3112945411727449,0.5363833575247194,0.24140886641267809,8.999058398373835,0.006215825673233886,0.019336614291961197,0.09661015084097835,0.09306794843331208,0.16466448076105106,0.017532517570777038,0.09332726648023175
radar_only,80.062097,-0.3357084558736523,0.3112945411727449,0.5387974461888441,0.24140886641267809,8.999120556630567,0.006215825673233886,0.019941116844497533,0.09821015084097544,0.0947476002812678,0.16626448076104813,0.01809903174704892,0.09492726648022884
radar_only,80.072097,-0.33259551046192326,0.3112945411727449,0.5412115348529721,0.24140886641267809,8.999182714887299,0.006215825673233886,0.02056526142720293,0.09981015084097708,0.09646050502537815,0.16786448076104976,0.01868453137661766,0.09652726648023048
radar_only,80.082097,-0.32948256505019424,0.3112945411727449,0.5436256235171002,0.24140886641267809,8.99924487314403,0.006215825673233886,0.021209368040076542,0.10141015084097872,0.09820698266564074,0.1694644807610514,0.019289336459482467,0.09812726648023212
radar_only,80.092097,-0.3263696196384696,0.3112945411727449,0.5460397121812248,0.24140886641267809,8.999307031400763,0.006215825673233886,0.021873756683117414,0.10301015084097581,0.099987353202053,0.17106448076104847,0.01991376699564244,0.09972726648022921
radar_only,80.102097,-0.3232566742267406,0.3112945411727449,0.5484538008453529,0.24140886641267809,8.999369189657495,0.006215825673233886,0.02255874735632743,0.10461015084097745,0.10180193663462002,0.1726644807610501,0.02055814298509935,0.10132726648023085
radar_only,80.11209699999999,-0.32014372881501596,0.3112945411727449,0.5508678895094775,0.24140886641267809,8.999431347914227,0.006215825673233886,0.02326464130413566,0.10545072287297595,0.10365103420776765,0.17350505279304856,0.021222765672282387,0.10216783851222935
radar_only,80.122097,-0.28946620906395343,0.3531306089770221,0.5289682900370981,0.2196999060996632,9.002160687700325,0.010393761792617681,0.019534477858360863,0.09658394176691593,0.09296069285310812,0.1648812571588406,0.017721145365292616,0.09329557792277891
radar_only,80.132097,-0.2859349029741814,0.3531306089770221,0.5311652890980959,0.2196999060996632,9.00226462531825,0.010393761792617681,0.020146510491733105,0.09818394176691757,0.09465393023949357,0.16648125715884224,0.01829472735854265,0.09489557792278056
radar_only,80.14209699999999,-0.2824035968844144,0.3531306089770221,0.5333622881590906,0.2196999060996632,9.002368562936176,0.010393761792617681,0.020778179913457838,0.09978394176691466,0.09638046387730835,0.16808125715883931,0.018887288467376404,0.09649557792277765
radar_only,80.152097,-0.2788722907946424,0.3531306089770221,0.5355592872200884,0.2196999060996632,9.002472500554102,0.010393761792617681,0.02142980612353686,0.1013839417669163,0.09814061376655736,0.16968125715884094,0.01949914869179556,0.09809557792277929
radar_only,80.162097,-0.27534098470487034,0.3531306089770221,0.5377562862810862,0.2196999060996632,9.002576438172028,0.010393761792617681,0.022101709121969286,0.10298394176691794,0.09993469990723818,0.17128125715884257,0.020130628031799293,0.09969557792278093
radar_only,80.172097,-0.27180967861510336,0.3531306089770221,0.5399532853420809,0.2196999060996632,9.002680375789954,0.010393761792617681,0.02279420890875412,0.10458394176691503,0.10176304229934817,0.17288125715883965,0.020782046487386664,0.10129557792277802
radar_only,80.182097,-0.17597527513974126,0.4950221800567427,0.5614021653365119,0.23714590103466268,9.000575830741209,0.006890090174777737,0.01912346384400739,0.09547761512870122,0.09131836752030918,0.16402819883453484,0.017337175948921847,0.09218866002703383
radar_only,80.19209699999999,-0.17102505333917833,0.4950221800567427,0.5637736243468564,0.23714590103466268,9.000644731642957,0.006890090174777737,0.01972223528003406,0.09707761512869831,0.09299205349051207,0.16562819883453192,0.01789772554231298,0.09378866002703092
radar_only,80.202097,-0.1660748315386084,0.4950221800567427,0.5661450833572043,0.23714590103466268,9.000713632544706,0.006890090174777737,0.020340422239087327,0.09867761512869995,0.09469886510048424,0.16722819883453355,0.01847703286771032,0.09538866002703256
radar_only,80.212097,-0.16112460973803844,0.4950221800567427,0.5685165423675521,0.23714590103466268,9.000782533446454,0.006890090174777737,0.020978344721166352,0.10027761512870159,0.09643912235022335,0.16882819883453518,0.019075417925113088,0.0969886600270342
radar_only,80.22209699999999,-0.1561743879374755,0.4950221800567427,0.5708880013778966,0.23714590103466268,9.000851434348203,0.006890090174777737,0.021636322726270193,0.10187761512869868,0.09821314523972685,0.17042819883453225,0.01969320071452039,0.09858866002703129
radar_only,80.232097,-0.15122416613690556,0.4950221800567427,0.5732594603882445,0.23714590103466268,9.000920335249951,0.006890090174777737,0.02231467625440071,0.10347761512870032,0.1000212537689998,0.17202819883453388,0.02033070123593398,0.10018866002703293
radar_only,80.242097,-0.14627394433633562,0.4950221800567427,0.5756309193985923,0.23714590103466268,9.0009892361517,0.006890090174777737,0.02301372530555699,0.10507761512870196,0.1018637679380397,0.1736281988345355,0.020988239489352998,0.10178866002703457
radar_only,80.25209699999999,-0.07262404377813488,0.5998073013324184,0.5931034140212985,0.2508505829890926,8.999197591218836,0.003962950952791713,0.019333009185736206,0.09572333008432872,0.09151472719667958,0.16444223566178895,0.017533532166707198,0.09244356355275012
radar_only,80.262097,-0.06662597076480763,0.5998073013324184,0.5956119198511908,0.2508505829890926,8.999237220728364,0.003962950952791713,0.019938984229408915,0.09732333008433036,0.09320393623420739,0.16604223566179058,0.018100894843349927,0.09404356355275176
radar_only,80.272097,-0.06062789775148037,0.5998073013324184,0.598120425681083,0.2508505829890926,8.999276850237893,0.003962950952791713,0.020564423939098513,0.098923330084332,0.0949263537188676,0.1676422356617922,0.018687066232703227,0.0956435635527534
radar_only,80.282097,-0.05462982473816164,0.5998073013324184,0.6006289315109716,0.2508505829890926,8.99931647974742,0.003962950952791713,0.021209648314804066,0.1005233300843291,0.09668229965065768,0.16924223566178928,0.019292366334766223,0.09724356355275049
radar_only,80.292097,-0.04863175172483439,0.5998073013324184,0.6031374373408639,0.2508505829890926,8.999356109256949,0.003962950952791713,0.021874977356527405,0.10212333008433074,0.09847209402958261,0.1708422356617909,0.019917115149540636,0.09884356355275213
radar_only,80.302097,-0.04263367871150713,0.5998073013324184,0.6056459431707562,0.2508505829890926,8.999395738766477,0.003962950952791713,0.022560731064267633,0.10372333008433238,0.10029605685563994,0.17244223566179254,0.02056163267702562,0.10044356355275377
radar_only,80.312097,-0.036635605698188405,0.5998073013324184,0.6081544490006449,0.2508505829890926,8.999435368276005,0.003962950952791713,0.023267210729268663,0.10456254445233125,0.10215448942007192,0.17328145002979142,0.021226220208465145,0.10128277792075265
radar_only,80.322097,0.01798198857450217,0.6737671960869754,0.6219626682099486,0.26114864130076604,8.997905011386473,0.0015002368752891383,0.019522038121479474,0.09531269167907175,0.09178284419654814,0.16419457693319478,0.017709293370455632,0.09204386553941757
radar_only,80.332097,0.02471966053537537,0.6737671960869754,0.6245741546229576,0.26114864130076604,8.997920013755227,0.0015002368752891383,0.020133449931349915,0.09691269167907339,0.09348623504908705,0.1657945769331964,0.01828175558415329,0.09364386553941921
radar_only,80.342097,0.031457332496239,0.6737671960869754,0.6271856410359629,0.26114864130076604,8.99793501612398,0.0015002368752891383,0.02076424427955528,0.09851269167907048,0.09522278481701014,0.16739457693319348,0.018872946570957994,0.0952438655394163
radar_only,80.352097,0.0381950044571122,0.6737671960869754,0.6297971274489719,0.26114864130076604,8.997950018492734,0.0015002368752891383,0.021414741166097363,0.10011269167907212,0.09699281350032235,0.1689945769331951,0.019483186330871427,0.09684386553941794
radar_only,80.36209699999999,0.044932676417975825,0.6737671960869754,0.6324086138619771,0.26114864130076604,8.997965020861487,0.0015002368752891383,0.022085260590974314,0.10171269167906921,0.09879664109901864,0.1705945769331922,0.020112794863891857,0.09844386553941503
radar_only,80.372097,0.051670348378849026,0.6737671960869754,0.6350201002749861,0.26114864130076604,8.997980023230241,0.0015002368752891383,0.022776122554188035,0.10331269167907085,0.10063458761310415,0.17219457693319382,0.02076209217002107,0.10004386553941667
radar_only,80.382097,0.08957961409503763,0.7214888069178217,0.6455012318589183,0.2683836272081662,8.996715895721477,-0.0005192220249461079,0.01912766560894308,0.09404535801209249,0.09047989598446829,0.16298054556685382,0.017339343964134484,0.09079568372489849
radar_only,80.39209699999999,0.09679450216420929,0.7214888069178217,0.6481850681309975,0.2683836272081662,8.996710703501227,-0.0005192220249461079,0.019725538581269166,0.09564535801208958,0.09216476556961829,0.1645805455668509,0.01789863472903598,0.09239568372489558
radar_only,80.402097,0.1040093902333912,0.7214888069178217,0.6508689044030805,0.2683836272081662,8.996705511280977,-0.0005192220249461079,0.020342540625198524,0.09724535801209122,0.09388255126388406,0.16618054556685252,0.018476404630683254,0.09399568372489722
radar_only,80.412097,0.11122427830257312,0.7214888069178217,0.6535527406751636,0.2683836272081662,8.996700319060727,-0.0005192220249461079,0.020978991740730323,0.09884535801209286,0.09563357306726324,0.16778054556685415,0.019072973669075528,0.09559568372489886
radar_only,80.422097,0.11843916637174477,0.7214888069178217,0.6562365769472428,0.2683836272081662,8.996695126840477,-0.0005192220249461079,0.021635211927863614,0.10044535801208995,0.09741815097975326,0.16938054556685123,0.019688661844211912,0.09719568372489595
radar_only,80.432097,0.12565405444092667,0.7214888069178217,0.6589204132193258,0.2683836272081662,8.996689934620226,-0.0005192220249461079,0.02231152118660026,0.1020453580120916,0.09923660500135921,0.17098054556685285,0.020323789156094157,0.0987956837248976
radar_only,80.44209699999999,0.13286894251009831,0.7214888069178217,0.6616042494914051,0.2683836272081662,8.996684742399976,-0.0005192220249461079,0.023008239516938346,0.10364535801208868,0.10108925513207591,0.17258054556684993,0.020978675604720456,0.10039568372489469
radar_only,80.452097,0.1557056119033164,0.7453309572067907,0.6690695257149435,0.2727902233164228,8.995658601371,-0.002125878855371798,0.019295415496562548,0.09417624770811103,0.09086388776612389,0.1631431175254934,0.017494321306751884,0.09094555311140401
radar_only,80.462097,0.1631589214753881,0.7453309572067907,0.6717974279481091,0.2727902233164228,8.995637342582446,-0.002125878855371798,0.0198975091319463,0.09577624770811267,0.09256146171175433,0.16474311752549503,0.01805760617300135,0.09254555311140565
radar_only,80.47209699999999,0.17061223104744924,0.7453309572067907,0.6745253301812709,0.2727902233164228,8.995616083793893,-0.002125878855371798,0.02051875801687079,0.09737624770810976,0.09429198428088743,0.1663431175254921,0.01863940014987227,0.09414555311140274
radar_only,80.482097,0.17806554061952096,0.7453309572067907,0.6772532324144366,0.2727902233164228,8.99559482500534,-0.002125878855371798,0.0211594821513378,0.0989762477081114,0.09605577547352809,0.16794311752549373,0.01924002323736631,0.09574555311140438
radar_only,80.492097,0.18551885019159267,0.7453309572067907,0.6799811346476022,0.2727902233164228,8.995573566216786,-0.002125878855371798,0.02182000153534645,0.10057624770811305,0.09785315528967388,0.16954311752549536,0.01985979543548265,0.09734555311140602
radar_only,80.50209699999999,0.1929721597636538,0.7453309572067907,0.682709036880764,0.2727902233164228,8.995552307428232,-0.002125878855371798,0.02250063616889576,0.10217624770811014,0.09968444372932218,0.17114311752549244,0.020499036744220368,0.09894555311140311
radar_only,80.512097,0.20042546933572555,0.7453309572067907,0.6854369391139296,0.2727902233164228,8.995531048639679,-0.002125878855371798,0.023201686073553933,0.10309842742010979,0.10154994081404446,0.1720652972374921,0.021158047185147546,0.09986773282340276
radar_only,80.522097,0.21158440492033298,0.750929954350519,0.6903128032176556,0.27476404121143955,8.994710409440753,-0.003370921483542233,0.019489728398447016,0.09440295623666127,0.09134617293025624,0.16327094804537448,0.017675193758257195,0.0911980975045825
radar_only,80.532097,0.21909370446383133,0.750929954350519,0.6930604436297676,0.27476404121143955,8.994676700225918,-0.003370921483542233,0.020097310502441026,0.09600295623665836,0.09305731072440149,0.16487094804537156,0.018243784014636995,0.0927980975045796
radar_only,80.542097,0.22660300400734038,0.750929954350519,0.6958080840418834,0.27476404121143955,8.994642991011084,-0.003370921483542233,0.020724093197683237,0.09760295623666,0.09480142270815824,0.16647094804537318,0.018830933890518525,0.09439809750458124
radar_only,80.552097,0.23411230355084942,0.750929954350519,0.6985557244539993,0.27476404121143955,8.994609281796249,-0.003370921483542233,0.0213703964841728,0.09920295623666164,0.0965788288815241,0.1680709480453748,0.01943696338590099,0.09599809750458288
radar_only,80.562097,0.24162160309434777,0.750929954350519,0.7013033648661112,0.27476404121143955,8.994575572581414,-0.003370921483542233,0.022036540361908753,0.10080295623665873,0.09838984924449647,0.1696709480453719,0.02006219250078349,0.09759809750457997
radar_only,80.572097,0.2491309026378568,0.750929954350519,0.7040510052782271,0.27476404121143955,8.99454186336658,-0.003370921483542233,0.022722844830892992,0.10240295623666038,0.1002348037970805,0.17127094804537352,0.0207069412351678,0.09919809750458161
radar_only,80.582097,0.2503696272347257,0.7413486142639986,0.706482833408083,0.2744710824260441,8.993903737849552,-0.004323326525099953,0.0190708075430672,0.09350082552245217,0.09014108613709917,0.16224271385471203,0.017282480021389095,0.0903196894058583
radar_only,80.592097,0.257783113377359,0.7413486142639986,0.709227544232341,0.2744710824260441,8.993860504584301,-0.004323326525099953,0.019664118759903555,0.09510082552244926,0.09183165594590682,0.1638427138547091,0.017837294312775413,0.09191968940585539
radar_only,80.602097,0.26519659952000274,0.7413486142639986,0.7119722550566029,0.2744710824260441,8.99381727131905,-0.004323326525099953,0.02027645014184525,0.0967008255224509,0.09355499429748781,0.16544271385471074,0.0184104925420437,0.09351968940585703
radar_only,80.61209699999999,0.272610085662636,0.7413486142639986,0.7147169658808609,0.2744710824260441,8.9937740380538,-0.004323326525099953,0.02090812168889054,0.098300825522448,0.09531142119183726,0.1670427138547078,0.01900239470919232,0.09511968940585412
radar_only,80.622097,0.28002357180527976,0.7413486142639986,0.7174616767051227,0.2744710824260441,8.99373080478855,-0.004323326525099953,0.021559453401041227,0.09990082552244964,0.09710125662896016,0.16864271385470944,0.019613320814222956,0.09671968940585576
radar_only,80.632097,0.2874370579479235,0.7413486142639986,0.7202063875293846,0.2744710824260441,8.9936875715233,-0.004323326525099953,0.022230765278296424,0.10150082552245128,0.09892482060885403,0.17024271385471107,0.020243590857134786,0.0983196894058574
radar_only,80.64209699999999,0.2948505440905568,0.7413486142639986,0.7229510983536426,0.2744710824260441,8.993644338258049,-0.004323326525099953,0.022922377320655135,0.10310082552244837,0.10078243313151622,0.17184271385470815,0.02089352483792687,0.0999196894058545
radar_only,80.652097,0.2875946920450666,0.7191175537863354,0.7233273574725921,0.2722814016404529,8.993179574532503,-0.004982029022220825,0.01926386904384875,0.09392241518913441,0.09068105568692376,0.16245127262386438,0.017463041098994898,0.09076684182438215
radar_only,80.662097,0.2947858675829336,0.7191175537863354,0.7260501714889981,0.2722814016404529,8.99312975424228,-0.004982029022220825,0.01986340479053906,0.09552241518913605,0.09238478038878659,0.164051272623866,0.018023954683120243,0.09236684182438379
radar_only,80.672097,0.30197704312079043,0.7191175537863354,0.7287729855054002,0.2722814016404529,8.993079933952059,-0.004982029022220825,0.02048204502026632,0.09712241518913314,0.09412131534517172,0.1656512726238631,0.018603341635609644,0.09396684182438088
radar_only,80.682097,0.30916821865865746,0.7191175537863354,0.7314957995218061,0.2722814016404529,8.993030113661836,-0.004982029022220825,0.021120109733032293,0.09872241518913479,0.09589098055608411,0.16725127262386472,0.019201521956464754,0.09556684182438252
radar_only,80.69209699999999,0.31635939419651427,0.7191175537863354,0.7342186135382082,0.2722814016404529,8.992980293371614,-0.004982029022220825,0.021777918928835162,0.10032241518913187,0.09769409602151873,0.1688512726238618,0.019818815645683868,0.09716684182437961
radar_only,80.702097,0.3235505697343813,0.7191175537863354,0.7369414275546141,0.2722814016404529,8.992930473081392,-0.004982029022220825,0.0224557926076768,0.10192241518913352,0.09953098174148067,0.17045127262386342,0.02045554270326874,0.09876684182438125
radar_only,80.712097,0.3307417452722483,0.7191175537863354,0.7396642415710201,0.2722814016404529,8.99288065279117,-0.004982029022220825,0.023154031049018916,0.10280848238913454,0.10140193799543004,0.17133733982386443,0.02111200340868113,0.09965290902438227
radar_only,80.72209699999999,0.3398605975862142,0.7220284340094589,0.7249738270000973,0.25619779329521436,8.993361074944465,-0.004156408573687904,0.019445052029489318,0.09389232757240647,0.09121608892972369,0.16220247032170773,0.017632632348099194,0.09075773988653814
radar_only,80.732097,0.3470808819263125,0.7220284340094589,0.7275358049330507,0.25619779329521436,8.993319510858727,-0.004156408573687904,0.020049911077579745,0.09549232757240811,0.0929314216328557,0.16380247032170936,0.018198760917289693,0.09235773988653978
radar_only,80.742097,0.3543011662664108,0.7220284340094589,0.7300977828660041,0.25619779329521436,8.99327794677299,-0.004156408573687904,0.020673868591184672,0.09709232757240975,0.09467951483005208,0.165402470321711,0.01878336103445752,0.09395773988654142
radar_only,80.75209699999999,0.3615214506064988,0.7220284340094589,0.7326597607989539,0.25619779329521436,8.993236382687252,-0.004156408573687904,0.021317244570303172,0.09869232757240684,0.09646068852131028,0.16700247032170806,0.0193867526996018,0.09555773988653851
radar_only,80.762097,0.3687417349465971,0.7220284340094589,0.7352217387319073,0.25619779329521436,8.993194818601514,-0.004156408573687904,0.021980359014937074,0.10029232757240848,0.09827526270663536,0.1686024703217097,0.020009255912724254,0.09715773988654015
radar_only,80.772097,0.3759620192866954,0.7220284340094589,0.7377837166648608,0.25619779329521436,8.993153254515777,-0.004156408573687904,0.022663531925085478,0.10189232757241012,0.10012355738602483,0.17020247032171132,0.020651190673824035,0.0987577398865418
radar_only,80.782097,0.3854847346808818,0.7255355028591971,0.7230773463791763,0.24014866642091662,8.993182049800042,-0.004045859300470362,0.019038805789440963,0.09293312873720094,0.09007412688669288,0.1609791276582098,0.017253201243914325,0.08981866543670021
radar_only,80.792097,0.3927400897094775,0.7255355028591971,0.7254788330433867,0.24014866642091662,8.993141591207037,-0.004045859300470362,0.01963010661759518,0.09453312873720258,0.09176791734552359,0.16257912765821142,0.01780629699146992,0.09141866543670185
radar_only,80.802097,0.3999954447380732,0.7255355028591971,0.727880319707597,0.24014866642091662,8.993101132614031,-0.004045859300470362,0.02024031407149686,0.09613312873720423,0.09349422362988598,0.16417912765821305,0.01837767647211287,0.0930186654367035
radar_only,80.812097,0.40725079976665857,0.7255355028591971,0.7302818063718041,0.24014866642091662,8.993060674021027,-0.004045859300470362,0.02086974815114509,0.09773312873720132,0.09525336573977751,0.16577912765821012,0.01896765968584233,0.09461866543670058
radar_only,80.822097,0.41450615479525427,0.7255355028591971,0.7326832930360144,0.24014866642091662,8.993020215428022,-0.004045859300470362,0.02151872885654166,0.09933312873720296,0.0970456636752032,0.16737912765821175,0.019576566632659973,0.09621866543670222
radar_only,80.832097,0.42176150982384997,0.7255355028591971,0.7350847797002248,0.24014866642091662,8.992979756835016,-0.004045859300470362,0.022187576187685694,0.1009331287372046,0.09887143743616057,0.16897912765821338,0.020204717312564974,0.09781866543670387
radar_only,80.842097,0.42901686485243534,0.7255355028591971,0.7374862663644318,0.24014866642091662,8.992939298242012,-0.004045859300470362,0.022876610144576197,0.10253312873720169,0.10073100702264694,0.17057912765821046,0.020852431725556404,0.09941866543670096
radar_only,80.852097,0.42839685189995425,0.7135881060536323,0.7226707129125074,0.22418032734539864,8.993034765768282,-0.0038331560335474768,0.01920923426968868,0.09327414734155914,0.09060205693824973,0.16105151591501726,0.017412997453631847,0.09017596709175443
radar_only,80.86209699999999,0.43553273296048406,0.7135881060536323,0.7249125161859593,0.22418032734539864,8.992996434207948,-0.0038331560335474768,0.019805641840007125,0.09487414734155623,0.09230597894369612,0.16265151591501434,0.017971104774905974,0.09177596709175152
radar_only,80.872097,0.44266861402102403,0.7135881060536323,0.7271543194594144,0.22418032734539864,8.992958102647613,-0.0038331560335474768,0.020421024239794736,0.09647414734155788,0.09404243125232795,0.16425151591501597,0.018547567289599252,0.09337596709175316
radar_only,80.882097,0.449804495081564,0.7135881060536323,0.7293961227328696,0.22418032734539864,8.992919771087278,-0.0038331560335474768,0.02105570146905068,0.09807414734155952,0.09581173386414281,0.1658515159150176,0.019142704997710897,0.0949759670917548
radar_only,80.89209699999999,0.4569403761420938,0.7135881060536323,0.7316379260063215,0.22418032734539864,8.992881439526943,-0.0038331560335474768,0.021709993527774012,0.09967414734155661,0.09761420677913814,0.16745151591501467,0.01975683789924003,0.0965759670917519
radar_only,80.902097,0.4640762572026338,0.7135881060536323,0.7338797292797766,0.22418032734539864,8.992843107966609,-0.0038331560335474768,0.02238422041596659,0.10127414734155825,0.09945016999731904,0.1690515159150163,0.02039028599418839,0.09817596709175354
radar_only,80.912097,0.47121213826317376,0.7135881060536323,0.7361215325532318,0.22418032734539864,8.992804776406272,-0.0038331560335474768,0.023078682245911544,0.10217794257355829,0.101319923630967,0.16995531114701634,0.02104334939483916,0.09907976232375358
radar_only,80.922097,0.4783480193237036,0.7135881060536323,0.7383633358266837,0.22418032734539864,8.992766444845937,-0.0038331560335474768,0.023793587013438287,0.10377794257355538,0.10322367567590977,0.17155531114701342,0.02171623609702182,0.10067976232375067
radar_only,80.932097,0.48548390038424355,0.7135881060536323,0.7406051391001388,0.22418032734539864,8.992728113285603,-0.0038331560335474768,0.024529247369480763,0.10537794257355702,0.10516173878308466,0.17315531114701505,0.022409258751670196,0.10227976232375231
radar_only,80.94209699999999,0.49261978144477336,0.7135881060536323,0.7428469423735907,0.22418032734539864,8.992689781725268,-0.0038331560335474768,0.02528598331403688,0.10697794257355411,0.10713443295248615,0.17475531114701212,0.023122737358782314,0.1038797623237494
radar_only,80.952097,0.49975566250531334,0.7135881060536323,0.7450887456470459,0.22418032734539864,8.992651450164933,-0.0038331560335474768,0.026064114847108792,0.10857794257355576,0.10914207818411986,0.17635531114701375,0.0238569919183602,0.10547976232375104
radar_only,80.962097,0.5068915435658533,0.7135881060536323,0.747330548920501,0.22418032734539864,8.992613118604599,-0.0038331560335474768,0.02686396196869544,0.1101779425735574,0.11118499447798302,0.17795531114701538,0.02461234243040286,0.10707976232375269
radar_only,80.97209699999999,0.5140274246263832,0.7135881060536323,0.7495723521939529,0.22418032734539864,8.992574787044264,-0.0038331560335474768,0.027685844678795635,0.11177794257355449,0.11326350183407263,0.17955531114701245,0.02538910889490917,0.10867976232374978
radar_only,80.982097,0.5197209010398353,0.711427358471798,0.723739064728759,0.19825069845156454,8.992173860405686,-0.00439305505766654,0.02231255635558913,0.09919911691230192,0.10031247393749179,0.16807810551557315,0.020295992409882283,0.09600555678685026
radar_only,80.992097,0.5268351746245569,0.711427358471798,0.7257215717132757,0.19825069845156454,8.992129929855109,-0.00439305505766654,0.02299176003404536,0.10079911691230356,0.10218351936427841,0.16967810551557477,0.020933160159510886,0.0976055567868519
radar_only,81.00209699999999,0.5339494482092684,0.711427358471798,0.7277040786977895,0.19825069845156454,8.992085999304532,-0.00439305505766654,0.023691123535883065,0.10239911691230065,0.10408850041216546,0.17127810551557185,0.021589849020495933,0.09920555678684899
radar_only,81.012097,0.54106372179399,0.711427358471798,0.7296865856823062,0.19825069845156454,8.992042068753955,-0.00439305505766654,0.02441096686110423,0.10399911691230229,0.10602773708115833,0.17287810551557348,0.022266378992839286,0.10080555678685063
radar_only,81.022097,0.5481779953787116,0.711427358471798,0.7316690926668228,0.19825069845156454,8.991998138203378,-0.00439305505766654,0.025151610009707875,0.10559911691230393,0.10800154937125435,0.1744781055155751,0.022963070076540033,0.10240555678685227
radar_only,81.032097,0.5552922689634231,0.711427358471798,0.7336515996513366,0.19825069845156454,8.991954207652801,-0.00439305505766654,0.025913372981692908,0.10719911691230102,0.11001025728245065,0.17607810551557218,0.023680242271597138,0.10400555678684936
radar_only,81.042097,0.5624065425481447,0.711427358471798,0.7356341066358533,0.19825069845156454,8.991910277102225,-0.00439305505766654,0.026696575777061488,0.10879911691230267,0.11205418081475291,0.1776781055155738,0.024418215578012638,0.105605556786851
radar_only,81.052097,0.5581426691252426,0.6946846779682534,0.7118935714469465,0.17473977478678293,8.991694994038095,-0.004652823258157756,0.021758118016354595,0.09724661133524451,0.09950857397025799,0.1663436945991857,0.01976062961210509,0.09404025553500613
radar_only,81.062097,0.5650895159049187,0.6946846779682534,0.7136409691948128,0.17473977478678293,8.991648465805513,-0.004652823258157756,0.022414736348245153,0.0988466113352416,0.10135516550879618,0.16794369459918276,0.020375533625451827,0.09564025553500322
radar_only,81.072097,0.5720363626846048,0.6946846779682534,0.7153883669426815,0.17473977478678293,8.99160193757293,-0.004652823258157756,0.023091124002403696,0.10044661133524324,0.10323534578625684,0.1695436945991844,0.021009565689906442,0.09724025553500486
radar_only,81.082097,0.5789832094642908,0.6946846779682534,0.7171357646905502,0.17473977478678293,8.991555409340348,-0.004652823258157756,0.02378760097882931,0.10204661133524488,0.10514943480263737,0.17114369459918602,0.02166304580546808,0.0988402555350065
radar_only,81.092097,0.585930056243967,0.6946846779682534,0.7188831624384164,0.17473977478678293,8.991508881107766,-0.004652823258157756,0.02450448727752096,0.10364661133524197,0.107097752557935,0.1727436945991831,0.022336293972135768,0.10044025553500359
radar_only,81.102097,0.592876903023653,0.6946846779682534,0.7206305601862851,0.17473977478678293,8.991462352875184,-0.004652823258157756,0.025242102898480685,0.10524661133524361,0.10908061905215523,0.17434369459918472,0.02302963018991142,0.10204025553500523
radar_only,81.11209699999999,0.5998237498033293,0.6946846779682534,0.7223779579341514,0.17473977478678293,8.991415824642601,-0.004652823258157756,0.026000747965682892,0.10614879914324137,0.11109833440926896,0.1752458824071825,0.023743354582769573,0.10294244334300298
radar_only,81.122097,0.5989750891567726,0.6833003809289531,0.693256407655507,0.14668930123573687,8.991313096667389,-0.004737379352392855,0.02132897772361351,0.09572236270167209,0.09880469193604505,0.16459977238091208,0.019350732337156305,0.0925366632409836
radar_only,81.132097,0.6058080929660656,0.6833003809289531,0.6947233006678651,0.14668930123573687,8.991265722873864,-0.004737379352392855,0.02196992520432258,0.09732236270167373,0.10063082416030587,0.1661997723809137,0.0199504306463961,0.09413666324098524
radar_only,81.14209699999999,0.612641096775349,0.6833003809289531,0.6961901936802212,0.14668930123573687,8.99121834908034,-0.004737379352392855,0.022630337157571057,0.09892236270167082,0.10249019633904026,0.1677997723809108,0.02056895628828322,0.09573666324098233
radar_only,81.152097,0.619474100584642,0.6833003809289531,0.6976570866925793,0.14668930123573687,8.991170975286815,-0.004737379352392855,0.023310533583360812,0.10052236270167246,0.10438312847225348,0.16939977238091242,0.02120662926281942,0.09733666324098397
radar_only,81.162097,0.6263071043939351,0.6833003809289531,0.6991239797049374,0.14668930123573687,8.99112360149329,-0.004737379352392855,0.02401083448169092,0.1021223627016741,0.10630994055994292,0.17099977238091404,0.021863769570003834,0.09893666324098561
radar_only,81.172097,0.6331401082032184,0.6833003809289531,0.7005908727172935,0.14668930123573687,8.991076227699766,-0.004737379352392855,0.02473155985256035,0.10372236270167119,0.10827095260210576,0.17259977238091112,0.02254069720983549,0.1005366632409827
radar_only,81.182097,0.6252269057112156,0.6615931853958069,0.6743604430287374,0.1214501368529127,8.991030419344538,-0.004735003819526455,0.02041267620422919,0.09384565698220224,0.0964532359934159,0.16221836456241534,0.018492094154974197,0.09069733559697554
radar_only,81.19209699999999,0.6318428375651677,0.6615931853958069,0.6755749443972655,0.1214501368529127,8.990983069306344,-0.004735003819526455,0.021025045014785266,0.09544565698219933,0.09823062784668374,0.16381836456241242,0.019064347937742983,0.09229733559697263
radar_only,81.202097,0.6384587694191292,0.6615931853958069,0.6767894457657953,0.1214501368529127,8.990935719268148,-0.004735003819526455,0.021656502956738658,0.09704565698220097,0.10004078337286658,0.16541836456241404,0.01965506118763198,0.09389733559697427
radar_only,81.212097,0.6450747012730906,0.6615931853958069,0.678003947134325,0.1214501368529127,8.990888369229951,-0.004735003819526455,0.02230737003008851,0.09864565698220261,0.10188402257196194,0.16701836456241567,0.020264553904640395,0.09549733559697592
radar_only,81.22209699999999,0.6516906331270427,0.6615931853958069,0.6792184485028531,0.1214501368529127,8.990841019191757,-0.004735003819526455,0.02297796623483386,0.1002456569821997,0.10376066544396713,0.16861836456241275,0.020893146088767318,0.097097335596973
radar_only,81.232097,0.6583065649810041,0.6615931853958069,0.6804329498713828,0.1214501368529127,8.990793669153561,-0.004735003819526455,0.023668611570976605,0.10184565698220134,0.10567103198888747,0.17021836456241438,0.021541157740014534,0.09869733559697465
radar_only,81.242097,0.6649224968349656,0.6615931853958069,0.6816474512399125,0.1214501368529127,8.990746319115365,-0.004735003819526455,0.024379626038515814,0.10344565698220298,0.10761544220672034,0.171818364562416,0.022208908858381164,0.10029733559697629
radar_only,81.25209699999999,0.6507695875138919,0.6310814467294201,0.6577770513518355,0.09868767854375603,8.990784792487846,-0.004604985578434872,0.020206889167802788,0.09367603426107754,0.09598866015859105,0.16143103669229297,0.01830155790698156,0.09056666514423337
radar_only,81.262097,0.6570804019811893,0.6310814467294201,0.6587639281372736,0.09868767854375603,8.990738742632061,-0.004604985578434872,0.02081428893725114,0.09527603426107918,0.09775392805740812,0.1630310366922946,0.01886931341137753,0.09216666514423501
radar_only,81.272097,0.6633912164484868,0.6310814467294201,0.6597508049227117,0.09868767854375603,8.990692692776276,-0.004604985578434872,0.021440743913551732,0.09687603426108082,0.09955180216356369,0.16463103669229623,0.01945550224880237,0.09376666514423665
radar_only,81.282097,0.6697020309157752,0.6310814467294201,0.6607376817081483,0.09868767854375603,8.990646642920492,-0.004604985578434872,0.02208657409670363,0.09847603426107791,0.10138260247705512,0.1662310366922933,0.020060444419255204,0.09536666514423374
radar_only,81.292097,0.6760128453830726,0.6310814467294201,0.6617245584935864,0.09868767854375603,8.990600593064707,-0.004604985578434872,0.02275209948670866,0.10007603426107956,0.10324664899788763,0.16783103669229493,0.020684459922737746,0.09696666514423538
radar_only,81.302097,0.68232365985037,0.6310814467294201,0.6627114352790244,0.09868767854375603,8.990554543208923,-0.004604985578434872,0.023437640083565935,0.1016760342610812,0.10514426172605863,0.16943103669229656,0.021327868759249156,0.09856666514423702
radar_only,81.312097,0.6886344743176585,0.6310814467294201,0.6636983120644611,0.09868767854375603,8.990508493353138,-0.004604985578434872,0.02414349604672822,0.10257381038907885,0.10707574082101914,0.17032881282029422,0.021990971088242273,0.09946444127223468
radar_only,81.322097,0.6708028941060844,0.5957761967950596,0.642098060141421,0.07831267761705137,8.990570148856037,-0.004442534220504167,0.020110151189666615,0.09383091664026776,0.09567518059078206,0.16088855053116863,0.018216531267252173,0.09075995485907758
radar_only,81.332097,0.676760656074038,0.5957761967950596,0.6428811869175919,0.07831267761705137,8.990525723513832,-0.004442534220504167,0.02071709639323201,0.0954309166402694,0.09743284979995534,0.16248855053117026,0.01878423031226931,0.09235995485907922
radar_only,81.342097,0.6827184180419832,0.5957761967950596,0.6436643136937616,0.07831267761705137,8.990481298171627,-0.004442534220504167,0.021343127780124576,0.09703091664026649,0.09922301671923232,0.16408855053116733,0.019370401348257436,0.09395995485907631
radar_only,81.352097,0.6886761800099368,0.5957761967950596,0.6444474404699325,0.07831267761705137,8.990436872829422,-0.004442534220504167,0.02198856535034609,0.09863091664026813,0.10104600134861809,0.16568855053116896,0.019975364375218217,0.09555995485907795
radar_only,81.36209699999999,0.694633941977882,0.5957761967950596,0.6452305672461023,0.07831267761705137,8.990392447487217,-0.004442534220504167,0.02265372910389472,0.10023091664026522,0.10290212368810747,0.16728855053116604,0.020599439393149933,0.09715995485907504
radar_only,81.372097,0.7005917039458356,0.5957761967950596,0.6460136940222732,0.07831267761705137,8.990348022145012,-0.004442534220504167,0.023338939040772354,0.10183091664026686,0.10479170373770573,0.16888855053116766,0.021242946402054357,0.09875995485907668
radar_only,81.382097,0.6926159200576909,0.5750715540214327,0.6172380117169468,0.05146909001010239,8.990300886064219,-0.004446691962531194,0.019477278088121323,0.0929894606364223,0.09370976622876531,0.1594061116617096,0.01763149980757827,0.08994678257083401
radar_only,81.39209699999999,0.6983666355979,0.5750715540214327,0.6177527026170474,0.05146909001010239,8.990256419144593,-0.004446691962531194,0.02006673958033561,0.09458946063641939,0.09542987806143546,0.16100611166170667,0.018182635905977858,0.0915467825708311
radar_only,81.402097,0.7041173511381172,0.5750715540214327,0.6182673935171487,0.05146909001010239,8.990211952224968,-0.004446691962531194,0.020675118964678024,0.09618946063642103,0.09718219111644041,0.1626061116617083,0.018752081360892396,0.09314678257083274
radar_only,81.412097,0.7098680666783345,0.5750715540214327,0.6187820844172499,0.05146909001010239,8.990167485305342,-0.004446691962531194,0.02130273624114774,0.09778946063642267,0.09896702539377773,0.16420611166170992,0.01934015617232112,0.09474678257083438
radar_only,81.422097,0.7156187822185436,0.5750715540214327,0.6192967753173505,0.05146909001010239,8.990123018385717,-0.004446691962531194,0.021949911409743828,0.09938946063641976,0.10078470089344482,0.165806111661707,0.019947180340263156,0.09634678257083147
radar_only,81.432097,0.7213694977587608,0.5750715540214327,0.6198114662174518,0.05146909001010239,8.990078551466091,-0.004446691962531194,0.022616964470468123,0.1009894606364214,0.10263553761544685,0.16740611166170863,0.020573473864720228,0.09794678257083311
radar_only,81.44209699999999,0.7271202132989699,0.5750715540214327,0.6203261571175523,0.05146909001010239,8.990034084546465,-0.004446691962531194,0.023304215423318734,0.1025894606364185,0.10451985555977854,0.1690061116617057,0.021219356745690556,0.0995467825708302
radar_only,81.452097,0.7146179533311937,0.5480300114991399,0.5946351448519476,0.02778141270714812,8.990043347668028,-0.004364521326035777,0.01951491019648232,0.09360174415197615,0.09360615173401964,0.1594042064151782,0.017674547566569165,0.09058137369057848
radar_only,81.462097,0.7200982534461879,0.5480300114991399,0.5949129589790192,0.02778141270714812,8.989999702454767,-0.004364521326035777,0.020109128352496036,0.0952017441519778,0.09532521196712346,0.16100420641517982,0.01823064247963744,0.09218137369058012
radar_only,81.47209699999999,0.7255785535611744,0.5480300114991399,0.5951907731060904,0.02778141270714812,8.989956057241507,-0.004364521326035777,0.020722386857339282,0.09680174415197489,0.09707647304150784,0.1626042064151769,0.018805173667443015,0.09378137369057721
radar_only,81.482097,0.7310588536761686,0.5480300114991399,0.595468587233162,0.02778141270714812,8.989912412028247,-0.004364521326035777,0.0213550057110138,0.09840174415197653,0.09886025495717775,0.16420420641517852,0.01939846112998753,0.09538137369057885
radar_only,81.492097,0.7365391537911629,0.5480300114991399,0.5957464013602336,0.02778141270714812,8.989868766814986,-0.004364521326035777,0.022007304913518735,0.10000174415197817,0.10067687771413072,0.16580420641518015,0.020010824867270183,0.09698137369058049
radar_only,81.50209699999999,0.7420194539061493,0.5480300114991399,0.5960242154873048,0.02778141270714812,8.989825121601726,-0.004364521326035777,0.022679604464853117,0.10160174415197526,0.10252666131236413,0.16740420641517723,0.02064258487929006,0.09858137369057758
radar_only,81.512097,0.7474997540211434,0.5480300114991399,0.5963020296143764,0.02778141270714812,8.989781476388465,-0.004364521326035777,0.023372204540251237,0.10249773851997575,0.10440990592711556,0.1683002007831777,0.021294041341281333,0.09947736805857807
radar_only,81.522097,0.7311701005344795,0.5156710887529499,0.5598700812723754,-0.005352577608924141,8.990675655421182,-0.00292799119785545,0.01958844335309222,0.09386749587498404,0.09356603817746116,0.15917299459362433,0.01775104652247586,0.09085786153920221
radar_only,81.532097,0.7363268114220043,0.5156710887529499,0.5598165554962862,-0.005352577608924141,8.990646375509204,-0.00292799119785545,0.02018786373648508,0.09546749587498113,0.09528545629504277,0.1607729945936214,0.018312445871177706,0.0924578615391993
radar_only,81.542097,0.7414835223095364,0.5156710887529499,0.5597630297201969,-0.005352577608924141,8.990617095597225,-0.00292799119785545,0.020806377619053802,0.09706749587498277,0.09703702901154555,0.16237299459362303,0.018892336792188193,0.09405786153920094
radar_only,81.552097,0.7466402331970685,0.5156710887529499,0.5597095039441076,-0.005352577608924141,8.990587815685245,-0.00292799119785545,0.02144430500079754,0.09866749587498441,0.0988210763269671,0.16397299459362466,0.01949103928550654,0.09565786153920258
radar_only,81.562097,0.7517969440845933,0.5156710887529499,0.5596559781680184,-0.005352577608924141,8.990558535773268,-0.00292799119785545,0.02210196588171534,0.1002674958749815,0.10063791824130479,0.16557299459362174,0.020108873351131856,0.09725786153919967
radar_only,81.572097,0.7569536549721254,0.5156710887529499,0.5596024523919291,-0.005352577608924141,8.990529255861288,-0.00292799119785545,0.02277968026180908,0.10186749587498314,0.1024878747545638,0.16717299459362336,0.020746158989065896,0.09885786153920131
radar_only,81.582097,0.7383812716968304,0.48005300627404895,0.5276935990671406,-0.03426160030138444,8.991282505347774,-0.0017148962674410366,0.01912837581856615,0.09293494053513841,0.09194314048285732,0.1578045218150026,0.017327922874247805,0.0899311772478901
radar_only,81.592097,0.7431818017595666,0.48005300627404895,0.5273509830641271,-0.03426160030138444,8.9912653563851,-0.0017148962674410366,0.01971547014491472,0.0945349405351355,0.09363355389594648,0.15940452181499967,0.01787760431445593,0.09153117724788719
radar_only,81.602097,0.7479823318223096,0.48005300627404895,0.5270083670611131,-0.03426160030138444,8.991248207422425,-0.0017148962674410366,0.02032147145937116,0.09613494053513714,0.09535584821340107,0.1610045218150013,0.018445591990114415,0.09313117724788883
radar_only,81.61209699999999,0.7527828618850457,0.48005300627404895,0.5266657510580995,-0.03426160030138444,8.99123105845975,-0.0017148962674410366,0.020946699761933744,0.09773494053513423,0.09711034343521617,0.16260452181499838,0.019032205901221653,0.09473117724788592
radar_only,81.622097,0.7575833919477887,0.48005300627404895,0.5263231350550855,-0.03426160030138444,8.991213909497075,-0.0017148962674410366,0.02159147505260425,0.09933494053513588,0.09889735956139678,0.164204521815,0.019637766047779306,0.09633117724788756
radar_only,81.632097,0.7623839220105316,0.48005300627404895,0.5259805190520715,-0.03426160030138444,8.9911967605344,-0.0017148962674410366,0.0222561173313818,0.10093494053513752,0.10071721659194043,0.16580452181500163,0.020262592429786556,0.0979311772478892
radar_only,81.64209699999999,0.7671844520732678,0.48005300627404895,0.525637903049058,-0.03426160030138444,8.991179611571726,-0.0017148962674410366,0.02294094659826541,0.10253494053513461,0.10257023452684444,0.1674045218149987,0.020907005047242477,0.0995311772478863
radar_only,81.652097,0.7561082453197054,0.45617593815187946,0.4883502318792186,-0.06779124187618707,8.99150427542025,-0.001184021500331454,0.019250078057070876,0.09340140492004198,0.09202763687891823,0.15797668368406423,0.01744756151133375,0.09039343676781728
radar_only,81.662097,0.7606700047012266,0.45617593815187946,0.4876723194604564,-0.06779124187618707,8.991492435205245,-0.001184021500331454,0.019842864276488664,0.09500140492004362,0.09372115772110116,0.15957668368406586,0.018002864873761053,0.09199343676781892
radar_only,81.672097,0.7652317640827412,0.45617593815187946,0.48699440704169517,-0.06779124187618707,8.991480594990241,-0.001184021500331454,0.020454650776889596,0.09660140492004071,0.09544659390001847,0.16117668368406293,0.018576566923541107,0.09359343676781601
radar_only,81.682097,0.7697935234642623,0.45617593815187946,0.48631649462293297,-0.06779124187618707,8.991468754775237,-0.001184021500331454,0.021085757558275412,0.09820140492004235,0.09720426541567506,0.16277668368406456,0.019168987660675547,0.09519343676781765
radar_only,81.69209699999999,0.7743552828457769,0.45617593815187946,0.4856385822041717,-0.06779124187618707,8.991456914560233,-0.001184021500331454,0.02173650462064432,0.09980140492003944,0.09899449226806592,0.16437668368406164,0.019780447085162686,0.09679343676781474
radar_only,81.702097,0.7789170422272981,0.45617593815187946,0.4849606697854095,-0.06779124187618707,8.99144507434523,-0.001184021500331454,0.022407211963998166,0.10140140492004109,0.10081759445719615,0.16597668368406326,0.020411265197004265,0.09839343676781638
radar_only,81.712097,0.7834788016088192,0.45617593815187946,0.4842827573666473,-0.06779124187618707,8.991433234130225,-0.001184021500331454,0.02309817966889729,0.10231009768804201,0.10267387206362447,0.1668853764520642,0.021061742076760676,0.09930212953581731
radar_only,81.72209699999999,0.7695514416484687,0.4285120494252869,0.45166566176478556,-0.09667255579848474,8.99171299110648,-0.0007335901166849396,0.01941352991227294,0.09390374314597517,0.09221090811000927,0.15821992473550137,0.017605910908086917,0.09089174002505922
radar_only,81.732097,0.7738365621427238,0.4285120494252869,0.45069893620680024,-0.09667255579848474,8.991705655205314,-0.0007335901166849396,0.020013173866312926,0.09550374314597682,0.09390981718542121,0.159819924735503,0.018167936767138244,0.09249174002506086
radar_only,81.742097,0.7781216826369789,0.4285120494252869,0.4497322106488149,-0.09667255579848474,8.991698319304147,-0.0007335901166849396,0.020631918568982128,0.09710374314597846,0.09564069024578029,0.16141992473550462,0.0187484609741946,0.0940917400250625
radar_only,81.75209699999999,0.7824068031312279,0.4285120494252869,0.4487654850908309,-0.09667255579848474,8.99169098340298,-0.0007335901166849396,0.021270084020279623,0.09870374314597555,0.09740384729108396,0.1630199247355017,0.019347803529255126,0.09569174002505959
radar_only,81.762097,0.786691923625483,0.4285120494252869,0.4477987595328456,-0.09667255579848474,8.991683647501814,-0.0007335901166849396,0.02192799022020723,0.10030374314597719,0.09919960832133726,0.16461992473550333,0.01996628443232152,0.09729174002506123
radar_only,81.772097,0.7909770441197381,0.4285120494252869,0.44683203397486027,-0.09667255579848474,8.991676311600648,-0.0007335901166849396,0.022605957168764047,0.10190374314597883,0.10102829333653768,0.16621992473550495,0.020604223683392948,0.09889174002506287
radar_only,81.782097,0.7652826812061749,0.3830145553053137,0.41212516950810557,-0.12744007995819423,8.992861654701919,0.0011356252588746853,0.018989337353849306,0.09320134239598692,0.09074817291446995,0.1573588501103484,0.017212345279184377,0.09018066183364076
radar_only,81.792097,0.76911282675923,0.3830145553053137,0.410850768708523,-0.12744007995819423,8.992873010954508,0.0011356252588746853,0.019576362906431197,0.09480134239598856,0.09242115091397517,0.15895885011035002,0.01776217332043837,0.0917806618336424
radar_only,81.802097,0.772942972312285,0.3830145553053137,0.4095763679089404,-0.12744007995819423,8.992884367207097,0.0011356252588746853,0.020182348727492305,0.0964013423959902,0.09412592068350249,0.16055885011035165,0.018330357494059108,0.09338066183364405
radar_only,81.812097,0.7767731178653347,0.3830145553053137,0.4083019671093596,-0.12744007995819423,8.992895723459686,0.0011356252588746853,0.02080761481703173,0.09800134239598729,0.09586280222304942,0.16215885011034872,0.01891721780004575,0.09498066183364114
radar_only,81.822097,0.7806032634183897,0.3830145553053137,0.40702756630977704,-0.12744007995819423,8.992907079712275,0.0011356252588746853,0.021452481175051247,0.09960134239598893,0.0976321155326209,0.16375885011035035,0.019523074238399957,0.09658066183364278
radar_only,81.832097,0.7844334089714448,0.3830145553053137,0.40575316551019447,-0.12744007995819423,8.992918435964864,0.0011356252588746853,0.022117267801549982,0.10120134239599057,0.09943418061221447,0.16535885011035198,0.020148246809120914,0.09818066183364442
radar_only,81.842097,0.7882635545244944,0.3830145553053137,0.40447876471061367,-0.12744007995819423,8.992929792217453,0.0011356252588746853,0.022802294696526948,0.10280134239598766,0.10126931746182752,0.16695885011034906,0.020793055512207687,0.09978066183364151
radar_only,81.852097,0.7630068196900973,0.3391251589165683,0.3744659511534074,-0.15355583217631527,8.993894776502806,0.0026211103414395054,0.019181533739050235,0.09382993304526141,0.0910441821629954,0.15785058820749823,0.017395651737695743,0.09080267279995695
radar_only,81.86209699999999,0.76639807127926,0.3391251589165683,0.37293039283164564,-0.15355583217631527,8.99392098760622,0.0026211103414395054,0.01977630004772682,0.0954299330452585,0.09272546866280199,0.1594505882074953,0.01795299768599267,0.09240267279995404
radar_only,81.872097,0.7697893228684274,0.3391251589165683,0.3713948345098817,-0.15355583217631527,8.993947198709634,0.0026211103414395054,0.020390152343013307,0.09702993304526014,0.09443864528025248,0.16105058820749693,0.018528824168850384,0.09400267279995568
radar_only,81.882097,0.7731805744575948,0.3391251589165683,0.36985927618811776,-0.15355583217631527,8.993973409813048,0.0026211103414395054,0.021023410624908867,0.09862993304526178,0.0961840320153445,0.16265058820749856,0.01912345118626811,0.09560267279995732
radar_only,81.89209699999999,0.7765718260467575,0.3391251589165683,0.368323717866356,-0.15355583217631527,8.993999620916462,0.0026211103414395054,0.021676394893412557,0.10022993304525887,0.09796194886807552,0.16425058820749563,0.019737198738244966,0.09720267279995441
radar_only,81.902097,0.7799630776359249,0.3391251589165683,0.36678815954459204,-0.15355583217631527,8.994025832019876,0.0026211103414395054,0.022349425148526236,0.10182993304526052,0.09977271583845057,0.16585058820749726,0.020370386824782684,0.09880267279995605
radar_only,81.912097,0.7833543292250923,0.3391251589165683,0.3652526012228281,-0.15355583217631527,8.99405204312329,0.0026211103414395054,0.02304280141145141,0.10275223784526163,0.10161663294766955,0.1667728930074984,0.02102331546708284,0.09972497759995717
radar_only,81.922097,0.6805100193496539,0.1789643703041359,0.3296493135878524,-0.18451068973918633,8.998820823435622,0.010000844868994715,0.019364567652446565,0.09388843279644678,0.09135309778685989,0.157868348788682,0.017569017590679414,0.09085068976112516
radar_only,81.932097,0.6822996630526962,0.1789643703041359,0.32780420669045957,-0.18451068973918633,8.998920831884313,0.010000844868994715,0.01996582973110014,0.09548843279644842,0.09304230794598943,0.15946834878868363,0.018132609832041714,0.0924506897611268
radar_only,81.94209699999999,0.6840893067557359,0.1789643703041359,0.32595909979306936,-0.18451068973918633,8.999020840333003,0.010000844868994715,0.020586189496312128,0.09708843279644551,0.09476341177487427,0.1610683487886807,0.018714692211355414,0.09405068976112389
radar_only,81.952097,0.6858789504587781,0.1789643703041359,0.32411399289567655,-0.18451068973918633,8.999120848781693,0.010000844868994715,0.021225966948084294,0.09868843279644715,0.0965167292735193,0.16266834878868233,0.019315584728622173,0.09565068976112553
radar_only,81.962097,0.6876685941618204,0.1789643703041359,0.32226888599828374,-0.18451068973918633,8.999220857230384,0.010000844868994715,0.021885482086415768,0.10028843279644879,0.0983025804419221,0.16426834878868396,0.01993560738384118,0.09725068976112718
radar_only,81.97209699999999,0.68945823786486,0.1789643703041359,0.32042377910089354,-0.18451068973918633,8.999320865679074,0.010000844868994715,0.022565054911305574,0.10188843279644588,0.10012128528008006,0.16586834878868104,0.020575080177011505,0.09885068976112427
radar_only,81.982097,0.603555201833443,0.045698823141024886,0.29019730477387434,-0.2104415340782738,9.003089760070653,0.015756167177538173,0.01898325196207034,0.09290698970525975,0.09007010293801516,0.1568390878444603,0.017213518053105288,0.0898634821304023
radar_only,81.992097,0.6040121900648535,0.045698823141024886,0.2880928894330905,-0.2104415340782738,9.003247321742428,0.015756167177538173,0.01957264699420168,0.09450698970526139,0.09173684932518311,0.15843908784446192,0.01776558856420999,0.09146348213040394
radar_camera,72.512097,0.05214371532201767,0.0,-0.1325264722108841,0.0,9.020475387573242,0.0,0.10214955413622713,4.0,0.7671504656294204,4.0,0.09,4.0
radar_camera,72.522097,0.05214371532201767,0.0,-0.1325264722108841,0.0,9.020475387573242,0.0,0.10254959413622755,4.001600000000002,0.7675505056294207,4.001600000000002,0.09040004000000042,4.001600000000002
radar_camera,72.532097,0.05214371532201767,0.0,-0.1325264722108841,0.0,9.020475387573242,0.0,0.10374995413622652,4.003199999999999,0.7687508656294196,4.003199999999999,0.09160039999999939,4.003199999999999
radar_camera,72.542097,0.05214371532201767,0.0,-0.1325264722108841,0.0,9.020475387573242,0.0,0.10575095413622744,4.0048,0.7707518656294206,4.0048,0.0936014000000003,4.0048
radar_camera,72.552097,0.05214371532201767,0.0,-0.1325264722108841,0.0,9.020475387573242,0.0,0.10855291413622917,4.006400000000002,0.7735538256294223,4.006400000000002,0.09640336000000203,4.006400000000002
radar_camera,72.562097,0.05214371532201767,0.0,-0.1325264722108841,0.0,9.020475387573242,0.0,0.11215615413622602,4.007999999999999,0.7771570656294192,4.007999999999999,0.10000659999999889,4.007999999999999
radar_camera,72.572097,0.05214371532201767,0.0,-0.1325264722108841,0.0,9.020475387573242,0.0,0.11656099413622825,4.009600000000001,0.7815619056294215,4.009600000000001,0.10441144000000112,4.009600000000001
radar_camera,72.58209699999999,0.05214371532201767,0.0,-0.1325264722108841,0.0,9.020475387573242,0.0,0.0558210950549325,3.677035530310141,0.3886907841523595,3.9628178224179216,0.04969356015848042,3.6362015886434405
radar_camera,72.592097,0.05214371532201767,0.0,-0.1325264722108841,0.0,9.020475387573242,0.0,0.058829875563356906,3.678635530310143,0.3919335890905661,3.964417822417923,0.05266890213632329,3.637801588643442
radar_camera,72.602097,0.05214371532201767,0.0,-0.1325264722108841,0.0,9.020475387573242,0.0,0.06257438317784411,3.6802355303101444,0.39596927759325706,3.9660178224179248,0.05637180443189559,3.6394015886434437
radar_camera,72.61209699999999,0.05214371532201767,0.0,-0.1325264722108841,0.0,9.020475387573242,0.0,0.0670549378983872,3.6818355303101415,0.400798169660425,3.967617822417922,0.060802587045190516,3.641001588643441
radar_camera,72.622097,0.05214371532201767,0.0,-0.1325264722108841,0.0,9.020475387573242,0.0,0.07227185972499892,3.683435530310143,0.4064205852920836,3.9692178224179235,0.06596156997622066,3.6426015886434424
radar_camera,72.632097,0.05214371532201767,0.0,-0.1325264722108841,0.0,9.020475387573242,0.0,0.07822546865767341,3.6850355303101447,0.4128368444882266,3.970817822417925,0.07184907322498023,3.644201588643444
radar_camera,72.64209699999999,0.05214371532201767,0.0,-0.1325264722108841,0.0,9.020475387573242,0.0,0.08491608469640065,3.686635530310142,0.42004726724884317,3.9724178224179223,0.07846541679145931,3.645801588643441
radar_camera,72.652097,0.05214371532201767,0.0,-0.1325264722108841,0.0,9.020475387573242,0.0,0.04963709481332276,2.97229675830031,0.27586796962879717,3.8405688734890853,0.04505621713298096,2.8712702410762456
radar_camera,72.662097,0.05214371532201767,0.0,-0.1325264722108841,0.0,9.020475387573242,0.0,0.05423574976338696,2.9738967583003117,0.2818124530541139,3.842168873489087,0.049498280209122225,2.872870241076247
radar_camera,72.672097,0.05214371532201767,0.0,-0.1325264722108841,0.0,9.020475387573242,0.0,0.05942918406510402,2.975496758300309,0.2885253702541191,3.843768873489084,0.05451491733347178,2.8744702410762444
radar_camera,72.682097,0.05214371532201767,0.0,-0.1325264722108841,0.0,9.020475387573242,0.0,0.06521771771848872,2.9770967583003105,0.2960070412288319,3.8453688734890856,0.0601064485060439,2.876070241076246
radar_camera,72.692097,0.05214371532201767,0.0,-0.1325264722108841,0.0,9.020475387573242,0.0,0.07160167072353409,2.978696758300312,0.3042577859782434,3.8469688734890872,0.06627319372683187,2.8776702410762476
radar_camera,72.702097,0.05214371532201767,0.0,-0.1325264722108841,0.0,9.020475387573242,0.0,0.07858136308022978,2.9802967583003093,0.31327792450234004,3.8485688734890844,0.07301547299582568,2.8792702410762447
radar_camera,72.712097,-0.0695330122511567,-0.5457571677333299,0.08980798579436793,0.3374764758532847,9.02941567183032,0.041586279442196075,0.005017417918196249,1.3487621973940307,0.020095547469098828,3.151365314153737,0.0801055455173442,2.8751660044169465
radar_camera,72.72209699999999,-0.06726110504530772,-0.5017307089624277,0.08418684832610629,0.3188613698630874,9.063395843176393,0.19371563989746116,0.005414727687678159,1.338743370279662,0.02059918389638005,3.147923858402344,0.04607580709858531,2.009759453921044
radar_camera,72.732097,-0.07227841213493456,-0.5017307089624277,0.0873754620247388,0.3188613698630874,9.065332999575368,0.19371563989746116,0.006375500826967072,1.3403433702796637,0.022485084828936935,3.1495238584023455,0.05062599402338555,2.0113594539210458
radar_camera,72.742097,-0.07729571922456141,-0.5017307089624277,0.0905640757233713,0.3188613698630874,9.067270155974343,0.19371563989746116,0.007604342640312193,1.3419433702796653,0.025000890533174936,3.151123858402347,0.055578452838970414,2.0129594539210474
radar_camera,72.75209699999999,-0.08231302631418112,-0.5017307089624277,0.09375268942199927,0.3188613698630874,9.069207312373317,0.19371563989746116,0.009101573127711203,1.3435433702796624,0.02814692100908913,3.1527238584023443,0.060933503545332,2.0145594539210445
radar_camera,72.762097,-0.08733033340380797,-0.5017307089624277,0.09694130312063177,0.3188613698630874,9.071144468772292,0.19371563989746116,0.010867512289168357,1.345143370279664,0.031923496256688465,3.154323858402346,0.06669146614248554,2.016159453921046
radar_camera,72.772097,-0.09234764049343482,-0.5017307089624277,0.10012991681926428,0.3188613698630874,9.073081625171268,0.19371563989746116,0.012902480124681719,1.3467433702796656,0.03633093627596891,3.1559238584023475,0.07285266063042371,2.0177594539210477
radar_camera,72.782097,-0.07785347293509055,-0.3500074117354025,0.09068061687704307,0.25744660113540435,9.081398271023287,0.21745929540994624,0.013283546560648235,1.2284388739990644,0.039174150201261006,3.074207396429026,0.04269334281820803,1.3595366270253983
radar_camera,72.792097,-0.08135354705244636,-0.3500074117354025,0.09325508288839843,0.25744660113540435,9.083572863977388,0.21745929540994624,0.015543932367482182,1.230038873999066,0.044573292550311776,3.0758073964290276,0.04648436720489539,1.3611366270254
radar_camera,72.802097,-0.08485362116980218,-0.3500074117354025,0.09582954889975379,0.25744660113540435,9.085747456931488,0.21745929540994624,0.018050325949116194,1.2316388739990676,0.05058759637864898,3.077407396429029,0.050547618916988106,1.3627366270254015
radar_camera,72.812097,-0.08835369528715302,-0.3500074117354025,0.0984040149111055,0.25744660113540435,9.087922049885584,0.21745929540994624,0.020803047305546184,1.2332388739990647,0.05721738168626276,3.0790073964290263,0.054883417954479825,1.3643366270253987
radar_camera,72.822097,-0.09185376940450883,-0.3500074117354025,0.10097848092246085,0.25744660113540435,9.090096642839685,0.21745929540994624,0.023802416436779977,1.2348388739990663,0.06446296847317196,3.080607396429028,0.05949208431738287,1.3659366270254003
radar_camera,72.83209699999999,-0.09535384352185967,-0.3500074117354025,0.10355294693381256,0.25744660113540435,9.092271235793781,0.21745929540994624,0.027048753342809043,1.2364388739990635,0.07232467673935598,3.082207396429025,0.06437393800568415,1.3675366270253975
radar_camera,72.842097,-0.09885391763921549,-0.3500074117354025,0.10612741294516792,0.25744660113540435,9.094445828747881,0.21745929540994624,0.030542378023642618,1.238038873999065,0.08080282648483719,3.0838073964290267,0.06952929901939753,1.369136627025399
radar_camera,72.852097,-0.06358502570974758,-0.13549792263101412,0.0861497480799717,0.156660182848103,9.112933177568303,0.2742419059428619,0.025994221516970048,0.9778919350205794,0.08078986076996955,2.8410692398809143,0.04154177375005189,0.9147084406910334
radar_camera,72.86209699999999,-0.06494000493605649,-0.13549792263101412,0.0877163499084513,0.156660182848103,9.11567559662773,0.2742419059428619,0.029027507165266867,0.9794919350205764,0.08953916663403504,2.8426692398809115,0.044732817009252926,0.9163084406910305
radar_camera,72.872097,-0.06629498416236733,-0.13549792263101412,0.08928295173693312,0.156660182848103,9.11841801568716,0.2742419059428619,0.032256691200572174,0.981091935020578,0.09885700634608932,2.844269239880913,0.04810712195659676,0.9179084406910321
radar_camera,72.882097,-0.06764996338867817,-0.13549792263101412,0.09084955356541495,0.156660182848103,9.12116043474659,0.2742419059428619,0.03568209362288179,0.9826919350205796,0.10874369990612037,2.8458692398809147,0.05166500859207899,0.9195084406910337
radar_camera,72.89209699999999,-0.06900494261498707,-0.13549792263101412,0.09241615539389456,0.156660182848103,9.123902853806017,0.2742419059428619,0.03930403443219045,0.9842919350205767,0.11919956731411292,2.847469239880912,0.05540679691569417,0.9211084406910307
radar_camera,72.902097,-0.07035992184129791,-0.13549792263101412,0.09398275722237638,0.156660182848103,9.126645272865447,0.2742419059428619,0.04312283362850843,0.9858919350205783,0.13022492857009668,2.8490692398809134,0.05933280692745293,0.9227084406910323
radar_camera,72.912097,-0.0727716259219666,-0.13982391231098468,0.10090807946213204,0.1788599053640903,9.129482844213467,0.274716024127265,0.0046539331772638285,0.1802427517898877,0.018620702098648734,0.6993305940325402,0.06340362193682025,0.9225401094490681
radar_camera,72.922097,-0.07416986504507518,-0.13982391231098468,0.10269667851577131,0.1788599053640903,9.132230004454737,0.274716024127265,0.0050852690749804376,0.18184275178988477,0.020279261736791832,0.7009305940325372,0.06769476915298907,0.9241401094490651
radar_camera,72.932097,-0.07556810416818574,-0.13982391231098468,0.10448527756941313,0.1788599053640903,9.13497716469601,0.274716024127265,0.0055529735230556475,0.1834427517898864,0.02207800749374384,0.7025305940325388,0.07217074439105385,0.9257401094490667
radar_camera,72.942097,-0.0769663432912963,-0.13982391231098468,0.10627387662305494,0.1788599053640903,9.137724324937285,0.274716024127265,0.006057366521488873,0.18504275178988802,0.0240172593695025,0.7041305940325404,0.07683186765100863,0.9273401094490683
radar_camera,72.952097,-0.07836458241440487,-0.13982391231098468,0.10806247567669422,0.1788599053640903,9.140471485178555,0.274716024127265,0.0065987680702793185,0.1866427517898851,0.026097337364064752,0.7057305940325375,0.0816784589328464,0.9289401094490654
radar_camera,72.962097,-0.07976282153751543,-0.13982391231098468,0.10985107473033603,0.1788599053640903,9.143218645419829,0.274716024127265,0.007177498169428522,0.18824275178988673,0.028318561477436513,0.7073305940325391,0.08671083823658093,0.930540109449067
radar_camera,72.97209699999999,-0.08116106066062401,-0.13982391231098468,0.11163967378397531,0.1788599053640903,9.145965805661099,0.274716024127265,0.007793876818934838,0.1898427517898838,0.030681251709611466,0.7089305940325361,0.09192932556219792,0.932140109449064
radar_camera,72.982097,-0.08255929978373457,-0.13982391231098468,0.11342827283761713,0.1788599053640903,9.148712965902373,0.274716024127265,0.008448224018800018,0.19144275178988543,0.03318572806059633,0.7105305940325377,0.0973342409097122,0.9337401094490656
radar_camera,72.992097,-0.08395753890684512,-0.13982391231098468,0.11521687189125894,0.1788599053640903,9.151460126143647,0.274716024127265,0.009140859769023216,0.19304275178988706,0.03583231053038785,0.7121305940325393,0.10292590427911648,0.9353401094490672
radar_camera,73.00209699999999,-0.0853557780299537,-0.13982391231098468,0.11700547094489822,0.1788599053640903,9.154207286384917,0.274716024127265,0.009872104069603363,0.19464275178988413,0.03862131911898196,0.7137305940325364,0.10870463567040242,0.9369401094490643
radar_camera,73.012097,-0.08675401715306426,-0.13982391231098468,0.11879406999854003,0.1788599053640903,9.156954446626191,0.274716024127265,0.010642276920542539,0.19624275178988576,0.04155307382638658,0.715330594032538,0.11467075508358643,0.9385401094490659
radar_camera,73.022097,-0.08815225627617482,-0.13982391231098468,0.12058266905218185,0.1788599053640903,9.159701606867465,0.274716024127265,0.011451698321839732,0.1978427517898874,0.04462789465259786,0.7169305940325396,0.12082458251866045,0.9401401094490675
radar_camera,73.032097,-0.08955049539928339,-0.13982391231098468,0.12237126810582112,0.1788599053640903,9.162448767108735,0.274716024127265,0.01230068827349371,0.19944275178988446,0.047846101597611115,0.7185305940325366,0.12716643797561533,0.9417401094490645
radar_camera,73.042097,-0.09094873452239395,-0.13982391231098468,0.12415986715946294,0.1788599053640903,9.165195927350009,0.274716024127265,0.013189566775506882,0.2010427517898861,0.05120801466143549,0.7201305940325382,0.13369664145446908,0.9433401094490661
radar_camera,73.052097,-0.09234697364550451,-0.13982391231098468,0.12594846621310476,0.1788599053640903,9.167943087591283,0.274716024127265,0.014118653827878073,0.20264275178988772,0.05471395384406653,0.7217305940325398,0.14041551295521285,0.9449401094490677
radar_camera,73.062097,-0.09374521276861308,-0.13982391231098468,0.12773706526674405,0.1788599053640903,9.170690247832553,0.274716024127265,0.015088269430605877,0.2042427517898848,0.058364239145498924,0.7233305940325369,0.14732337247783667,0.9465401094490647
radar_camera,73.072097,-0.09514345189172364,-0.13982391231098468,0.12952566432038587,0.1788599053640903,9.173437408073827,0.274716024127265,0.01609873358369305,0.20584275178988642,0.06215919056574307,0.7249305940325385,0.1544205400223602,0.9481401094490663
radar_camera,73.08209699999999,-0.09654169101483222,-0.13982391231098468,0.13131426337402516,0.1788599053640903,9.176184568315097,0.274716024127265,0.017150366287136717,0.2074427517898835,0.06609912810478817,0.7265305940325355,0.1617073355887632,0.9497401094490634
radar_camera,73.092097,-0.09793993013794278,-0.13982391231098468,0.13310286242766697,0.1788599053640903,9.178931728556371,0.274716024127265,0.01824348754093987,0.20904275178988513,0.07018437176264543,0.7281305940325371,0.16918407917706646,0.951340109449065
radar_camera,73.102097,-0.09933816926105334,-0.13982391231098468,0.1348914614813088,0.1788599053640903,9.181678888797645,0.274716024127265,0.01937841734510104,0.21064275178988676,0.07441524153930934,0.7297305940325387,0.17685109078725972,0.9529401094490666
radar_camera,73.11209699999999,-0.10107024655893138,-0.14118868712046104,0.12039016597386325,0.132787606782341,9.184188629459785,0.2741282221446484,0.004175558117479524,0.07292530694152499,0.017047511088649638,0.23915772413705813,0.18469411164013871,0.9537130180991278
radar_camera,73.122097,-0.10248213343013671,-0.14118868712046104,0.12171804204168733,0.132787606782341,9.186929911681233,0.2741282221446484,0.0044282641169032366,0.07452530694152663,0.01803768557448863,0.24075772413705976,0.1927417001251055,0.9553130180991294
radar_camera,73.132097,-0.10389402030134204,-0.14118868712046104,0.12304591810951142,0.132787606782341,9.189671193902681,0.2741282221446484,0.00469587517771527,0.07612530694152828,0.019076011605155086,0.2423577241370614,0.20098035121369232,0.956913018099131
radar_camera,73.14209699999999,-0.10530590717254537,-0.14118868712046104,0.12437379417733362,0.132787606782341,9.192412476124126,0.2741282221446484,0.004978711299915212,0.07772530694152537,0.020162809180647424,0.24395772413705846,0.209410384905887,0.958513018099128
radar_camera,73.152097,-0.1067177940437507,-0.14118868712046104,0.12570167024515772,0.132787606782341,9.195153758345574,0.2741282221446484,0.005277092483503865,0.07932530694152701,0.021298398300968736,0.2455577241370601,0.21803212120171359,0.9601130180991296
radar_camera,73.162097,-0.10812968091495603,-0.14118868712046104,0.1270295463129818,0.132787606782341,9.197895040567023,0.2741282221446484,0.00559133872848084,0.08092530694152865,0.02248309896611751,0.24715772413706172,0.22684588010116016,0.9617130180991312
radar_camera,73.172097,-0.10954156778615937,-0.14118868712046104,0.128357422380804,0.132787606782341,9.200636322788467,0.2741282221446484,0.005921770034845657,0.08252530694152574,0.023717231176091955,0.2487577241370588,0.23585198160421386,0.9633130180991283
radar_camera,73.182097,-0.1109534546573647,-0.14118868712046104,0.12968529844862808,0.132787606782341,9.203377605009916,0.2741282221446484,0.006268706402599253,0.08412530694152738,0.025001114930895584,0.2503577241370604,0.24505074571090021,0.9649130180991299
radar_camera,73.192097,-0.11236534152857003,-0.14118868712046104,0.13101317451645217,0.132787606782341,9.206118887231364,0.2741282221446484,0.006632467831741172,0.08572530694152902,0.026335070230526673,0.2519577241370621,0.2544424924212066,0.9665130180991315
radar_camera,73.202097,-0.11377722839977336,-0.14118868712046104,0.13234105058427437,0.132787606782341,9.208860169452809,0.2741282221446484,0.007013374322270861,0.08732530694152611,0.027719417074983224,0.2535577241370592,0.2640275417351192,0.9681130180991285
radar_camera,73.212097,-0.11518911527097869,-0.14118868712046104,0.13366892665209845,0.132787606782341,9.211601451674257,0.2741282221446484,0.007411745874189401,0.08892530694152775,0.029154475464269167,0.25515772413706084,0.2738062136526654,0.9697130180991301
radar_camera,73.22209699999999,-0.11660100214218203,-0.14118868712046104,0.13499680271992065,0.132787606782341,9.214342733895702,0.2741282221446484,0.007827902487495663,0.09052530694152484,0.030640565398380427,0.25675772413705794,0.2837788281738172,0.9713130180991272
radar_camera,73.232097,-0.11801288901338736,-0.14118868712046104,0.13632467878774474,0.132787606782341,9.21708401611715,0.2741282221446484,0.008262164162190826,0.09212530694152649,0.032178006877321225,0.2583577241370596,0.29394570529860314,0.9729130180991288
radar_camera,73.242097,-0.11942477588459269,-0.14118868712046104,0.13765255485556882,0.132787606782341,9.219825298338598,0.2741282221446484,0.008714850898274312,0.09372530694152813,0.033767119901089486,0.25995772413706125,0.3043071650270091,0.9745130180991304
radar_camera,73.25209699999999,-0.10602300538989878,-0.1030208154746855,0.12660918262087656,0.10513533452765193,9.237522245622328,0.29924001587381543,0.008320447579264385,0.08922587750591654,0.03326432415918245,0.25074385336849014,0.0708739416788609,0.2779240830819904
radar_camera,73.262097,-0.10705321354464617,-0.1030208154746855,0.12766053596615362,0.10513533452765193,9.240514645781067,0.29924001587381543,0.00876793981770706,0.09082587750591818,0.034865188715904494,0.2523438533684918,0.07330564330589814,0.27952408308199206
radar_camera,73.272097,-0.10808342169939356,-0.1030208154746855,0.12871188931143068,0.10513533452765193,9.243507045939806,0.29924001587381543,0.00923359723165094,0.09242587750591982,0.03651652204330028,0.25394385336849346,0.07579324974955184,0.2811240830819937
radar_camera,73.282097,-0.10911362985413947,-0.1030208154746855,0.12976324265670625,0.10513533452765193,9.246499446098541,0.29924001587381543,0.00971773982109532,0.09402587750591691,0.03821864414136737,0.25554385336849056,0.07833708100981836,0.2827240830819908
radar_camera,73.292097,-0.11014383800888686,-0.1030208154746855,0.1308145960019833,0.10513533452765193,9.24949184625728,0.29924001587381543,0.010220687586041577,0.09562587750591856,0.03997187501011059,0.2571438533684922,0.08093745708670488,0.2843240830819925
radar_camera,73.302097,-0.11117404616363424,-0.1030208154746855,0.13186594934726037,0.10513533452765193,9.252484246416019,0.29924001587381543,0.010742760526489037,0.0972258775059202,0.041776534649527554,0.25874385336849387,0.08359469798020787,0.28592408308199413
radar_camera,73.312097,-0.10818515995059323,-0.09440851169042386,0.10397606481330603,0.042942469380151574,9.255109622192723,0.2985103898155909,0.003553774390326196,0.05233315947297423,0.014418872680235612,0.12417478851281968,0.08630396049186771,0.28674671620168835
radar_camera,73.322097,-0.10912924506749795,-0.09440851169042386,0.10440548950710776,0.042942469380151574,9.258094726090881,0.2985103898155909,0.003734461682345031,0.05393315947297587,0.01505585995809804,0.1257747885128213,0.08907552041624264,0.28834671620169
radar_camera,73.33209699999999,-0.11007333018440132,-0.09440851169042386,0.10483491420090889,0.042942469380151574,9.261079829989034,0.2985103898155909,0.003925935606258191,0.05553315947297296,0.0157180021936621,0.1273747885128184,0.0919047496838539,0.2899467162016871
radar_camera,73.342097,-0.11101741530130604,-0.09440851169042386,0.10526433889471062,0.042942469380151574,9.264064933887193,0.2985103898155909,0.004128516162066222,0.05713315947297459,0.016405619386929672,0.12897478851282002,0.09479196829470952,0.29154671620168876
radar_camera,73.352097,-0.11196150041821076,-0.09440851169042386,0.10569376358851236,0.042942469380151574,9.267050037785351,0.2985103898155909,0.00434252334976886,0.05873315947297623,0.017119031537899836,0.13057478851282164,0.09773749624880555,0.2931467162016904
radar_camera,73.36209699999999,-0.11290558553511414,-0.09440851169042386,0.10612318828231349,0.042942469380151574,9.270035141683504,0.2985103898155909,0.004568277169365776,0.06033315947297332,0.01785855864657152,0.13217478851281872,0.10074165354613766,0.2947467162016875
radar_camera,73.372097,-0.11384967065201886,-0.09440851169042386,0.10655261297611522,0.042942469380151574,9.273020245581662,0.2985103898155909,0.004806097620857611,0.06193315947297495,0.018624520712946825,0.13377478851282035,0.1038047601867144,0.2963467162016892
radar_camera,73.382097,-0.11479375576892357,-0.09440851169042386,0.10698203766991696,0.042942469380151574,9.27600534947982,0.2985103898155909,0.005056304704244054,0.0635331594729766,0.019417237737024723,0.13537478851282198,0.10692713617053154,0.29794671620169083
radar_camera,73.39209699999999,-0.11573784088582695,-0.09440851169042386,0.10741146236371808,0.042942469380151574,9.278990453377974,0.2985103898155909,0.005319218419524722,0.06513315947297368,0.020237029718804027,0.13697478851281905,0.11010910149758452,0.29954671620168793
radar_camera,73.402097,-0.11668192600273167,-0.09440851169042386,0.10784088705751982,0.042942469380151574,9.281975557276132,0.2985103898155909,0.005595158766700363,0.06673315947297533,0.02108421665828707,0.13857478851282068,0.11335097616788237,0.3011467162016896
radar_camera,73.412097,-0.11762601111963639,-0.09440851169042386,0.10827031175132155,0.042942469380151574,9.28496066117429,0.2985103898155909,0.005884445745770612,0.06833315947297697,0.021959118555472706,0.1401747885128223,0.11665308018142062,0.30274671620169125
radar_camera,73.422097,-0.11857009623653976,-0.09440851169042386,0.10869973644512268,0.042942469380151574,9.287945765072443,0.2985103898155909,0.006187399356735031,0.06993315947297406,0.02286205541035963,0.14177478851281938,0.12001573353819445,0.30434671620168835
radar_camera,73.432097,-0.11951418135344448,-0.09440851169042386,0.10912916113892442,0.042942469380151574,9.290930868970602,0.2985103898155909,0.00650433959959448,0.0715331594729757,0.02379334722295041,0.143374788512821,0.12343925623821342,0.30594671620169
radar_camera,73.442097,-0.1204582664703492,-0.09440851169042386,0.10955858583272615,0.042942469380151574,9.29391597286876,0.2985103898155909,0.006835586474348538,0.07313315947297734,0.024753313993243785,0.14497478851282264,0.1269239682814728,0.30754671620169166
radar_camera,73.452097,-0.12140235158725257,-0.09440851169042386,0.10998801052652728,0.042942469380151574,9.296901076766913,0.2985103898155909,0.007181459980996705,0.07473315947297443,0.02574227572123833,0.14657478851281971,0.13047018966796745,0.30914671620168876
radar_camera,73.462097,-0.12234643670415729,-0.09440851169042386,0.11041743522032901,0.042942469380151574,9.299886180665071,0.2985103898155909,0.007542280119539962,0.07633315947297607,0.026760552406936852,0.14817478851282134,0.13407824039770755,0.3107467162016904
radar_camera,73.47209699999999,-0.12329052182106066,-0.09440851169042386,0.11084685991413014,0.042942469380151574,9.302871284563224,0.2985103898155909,0.007918366889977286,0.07793315947297316,0.02780846405033646,0.14977478851281842,0.13774844047068277,0.3123467162016875
radar_camera,73.482097,-0.12423460693796538,-0.09440851169042386,0.11127628460793187,0.042942469380151574,9.305856388461383,0.2985103898155909,0.008310040292309744,0.0795331594729748,0.02888633065144013,0.15137478851282005,0.14148110988690354,0.3139467162016892
radar_camera,73.492097,-0.12517869205487012,-0.09440851169042386,0.11170570930173361,0.042942469380151574,9.30884149235954,0.2985103898155909,0.008717620326536812,0.08113315947297645,0.029994472210246394,0.15297478851282167,0.14527656864636473,0.31554671620169084
radar_camera,73.50209699999999,-0.1261227771717735,-0.09440851169042386,0.11213513399553474,0.042942469380151574,9.311826596257694,0.2985103898155909,0.009141426992657879,0.08273315947297354,0.031133208726753615,0.15457478851281875,0.14913513674906081,0.31714671620168794
radar_camera,73.512097,-0.11046446117908539,-0.05472004777819136,0.12268407217180599,0.06283207153515329,9.315273522990017,0.2990066448596153,0.003414531300286132,0.049966984648943676,0.013192098408298672,0.09116376215479358,0.1530448176824504,0.3179727686286868
radar_camera,73.522097,-0.10643535007393194,-0.04289841507530404,0.12134161910957732,0.05813385434429116,9.269940018992083,0.23723798715229605,0.0034190433925654763,0.05035319161946359,0.013188525634405146,0.09107098012398455,0.057929316854884894,0.15771312006473412
radar_camera,73.532097,-0.1068643342246846,-0.04289841507530404,0.1219229576530197,0.05813385434429116,9.272312398863603,0.23723798715229605,0.0035887918656998053,0.05195319161946068,0.013685475243176483,0.09267098012398164,0.05943328541976454,0.1593131200647312
radar_camera,73.542097,-0.10729331837543786,-0.04289841507530404,0.12250429619646291,0.05813385434429116,9.274684778735127,0.23723798715229605,0.0037689309771582716,0.053553191619462315,0.014200959047973328,0.09427098012398329,0.06096911660865927,0.16091312006473282
radar_camera,73.552097,-0.10772230252619112,-0.04289841507530404,0.12308563473990612,0.05813385434429116,9.27705715860665,0.23723798715229605,0.003959780726940641,0.05515319161946395,0.014735297048794987,0.09587098012398493,0.062537130421567,0.16251312006473445
radar_camera,73.562097,-0.10815128667694378,-0.04289841507530404,0.12366697328334851,0.05813385434429116,9.27942953847817,0.23723798715229605,0.0041616611150466195,0.05675319161946104,0.015288809245640664,0.09747098012398202,0.06413764685848541,0.16411312006473153
radar_camera,73.572097,-0.10858027082769704,-0.04289841507530404,0.12424831182679172,0.05813385434429116,9.281801918349695,0.23723798715229605,0.004374892141476781,0.058353191619462674,0.01586181563851193,0.09907098012398366,0.06577098591941904,0.16571312006473315
radar_camera,73.58209699999999,-0.1090092549784497,-0.04289841507530404,0.12482965037023411,0.05813385434429116,9.284174298221215,0.23723798715229605,0.004599793806230519,0.059953191619459764,0.016454636227407154,0.10067098012398075,0.06743746760436327,0.16731312006473023
radar_camera,73.592097,-0.10943823912920296,-0.04289841507530404,0.12541098891367733,0.05813385434429116,9.286546678092739,0.23723798715229605,0.004836686109308471,0.0615531916194614,0.017067591012328024,0.10227098012398239,0.06913741191332282,0.16891312006473186
radar_camera,73.602097,-0.10986722327995622,-0.04289841507530404,0.12599232745712055,0.05813385434429116,9.288919057964263,0.23723798715229605,0.005085889050710329,0.06315319161946303,0.017700999993273715,0.10387098012398403,0.07087113884629534,0.1705131200647335
radar_camera,73.61209699999999,-0.11029620743070888,-0.04289841507530404,0.12657366600056294,0.05813385434429116,9.291291437835783,0.23723798715229605,0.0053477226304357115,0.06475319161946012,0.01835518317024328,0.10547098012398112,0.07263896840327831,0.17211312006473056
radar_camera,73.622097,-0.11072519158146214,-0.04289841507530404,0.12715500454400616,0.05813385434429116,9.293663817707307,0.23723798715229605,0.005622506848485362,0.06635319161946177,0.019030460543238575,0.10707098012398276,0.07444122058427675,0.1737131200647322
radar_camera,73.632097,-0.11115417573221541,-0.04289841507530404,0.12773634308744938,0.05813385434429116,9.29603619757883,0.23723798715229605,0.005910561704858919,0.06795319161946341,0.01972715211225869,0.1086709801239844,0.07627821538928818,0.17531312006473382
radar_camera,73.64209699999999,-0.11158315988296806,-0.04289841507530404,0.12831768163089177,0.05813385434429116,9.29840857745035,0.23723798715229605,0.006212207199555944,0.0695531916194605,0.020445577877302584,0.1102709801239815,0.0781502728183099,0.1769131200647309
radar_camera,73.652097,-0.10244140629152759,-0.01893563183725897,0.1235424344953884,0.048614373377567875,9.272608949442946,0.20319979203006314,0.006127102896598318,0.06803782350592558,0.02051129763196508,0.1091723069362616,0.042586405744873254,0.12388017928581928
radar_camera,73.662097,-0.10263076260990028,-0.01893563183725897,0.12402857822916433,0.048614373377567875,9.274640947363247,0.20319979203006314,0.006437370922931322,0.06963782350592722,0.021251378505421952,0.11077230693626325,0.043625731867808784,0.12548017928582092
radar_camera,73.672097,-0.1028201189282727,-0.01893563183725897,0.12451472196293957,0.048614373377567875,9.276672945283545,0.20319979203006314,0.006761566513965055,0.07123782350592431,0.022013613840265,0.11237230693626034,0.04469015402659997,0.127080179285818
radar_camera,73.682097,-0.10300947524664539,-0.01893563183725897,0.1250008656967155,0.048614373377567875,9.278704943203847,0.20319979203006314,0.0071000096697004375,0.07283782350592595,0.022798323636496393,0.11397230693626198,0.04577999222124984,0.12868017928581962
radar_camera,73.692097,-0.10319883156501808,-0.01893563183725897,0.12548700943049143,0.048614373377567875,9.280736941124148,0.20319979203006314,0.007453020390137021,0.07443782350592759,0.02360582789411506,0.11557230693626362,0.04689556645175691,0.13028017928582125
radar_camera,73.702097,-0.10338818788339049,-0.01893563183725897,0.12597315316426666,0.048614373377567875,9.282768939044447,0.20319979203006314,0.007820918675274272,0.07603782350592468,0.02443644661311981,0.11717230693626071,0.04803719671811952,0.13188017928581833
radar_camera,73.712097,-0.15573751590409274,-0.14419300647218358,0.11421654687295137,0.023218730533734844,9.286354162316595,0.2056169508426979,0.0031766939157957244,0.048670479668621085,0.011617392045036973,0.07828808798665328,0.04919862366762956,0.13273206709233432
radar_camera,73.72209699999999,-0.15717944596881325,-0.14419300647218358,0.1144487341782885,0.023218730533734844,9.28841033182502,0.2056169508426979,0.003334426810921628,0.050270479668618175,0.012024939308101857,0.07988808798665037,0.050392910628697364,0.1343320670923314
radar_camera,73.732097,-0.15862137603353582,-0.14419300647218358,0.11468092148362598,0.023218730533734844,9.290466501333448,0.2056169508426979,0.003502213801981483,0.05187047966861981,0.012448464188764656,0.08148808798665201,0.051614064003185335,0.13593206709233302
radar_camera,73.742097,-0.1600633060982584,-0.14419300647218358,0.11491310878896345,0.023218730533734844,9.292522670841876,0.2056169508426979,0.003680374888975073,0.053470479668621444,0.0128882866870248,0.08308808798665365,0.0528624037910918,0.13753206709233465
radar_camera,73.75209699999999,-0.1615052361629789,-0.14419300647218358,0.11514529609430059,0.023218730533734844,9.294578840350301,0.2056169508426979,0.003869230071902122,0.055070479668618534,0.013344726802881632,0.08468808798665074,0.05413824999241493,0.13913206709233172
radar_camera,73.762097,-0.16294716622770147,-0.14419300647218358,0.11537748339963806,0.023218730533734844,9.29663500985873,0.2056169508426979,0.004069099350763166,0.05667047966862017,0.013818104536336449,0.08628808798665238,0.05544192260715835,0.14073206709233335
radar_camera,73.772097,-0.16438909629242404,-0.14419300647218358,0.11560967070497553,0.023218730533734844,9.298691179367157,0.2056169508426979,0.004280302725557946,0.058270479668621804,0.014308739887388615,0.08788808798665403,0.056773741635320264,0.14233206709233498
radar_camera,73.782097,-0.16239319512111552,-0.1334447152140988,0.11686959134386976,0.023163086227149375,9.234124067225263,0.12675323079242728,0.004302013693039728,0.0584185048466575,0.01446943969689616,0.0883337979903547,0.035335223541197766,0.11188995990854195
radar_camera,73.792097,-0.1637276422732572,-0.1334447152140988,0.11710122220614137,0.023163086227149375,9.235391599533187,0.12675323079242728,0.004526828253816506,0.06001850484665913,0.014984178152118463,0.08993379799035635,0.036182379847854815,0.11348995990854359
radar_camera,73.802097,-0.16506208942539888,-0.1334447152140988,0.11733285306841298,0.023163086227149375,9.236659131841112,0.12675323079242728,0.004763646515562629,0.06161850484666077,0.015516903366938856,0.09153379799035799,0.0370522341464936,0.11508995990854523
radar_camera,73.812097,-0.16639653657753864,-0.1334447152140988,0.11756448393068426,0.023163086227149375,9.237926664149034,0.12675323079242728,0.005012788478277733,0.06321850484665785,0.016067935341356546,0.09313379799035508,0.037945106437112824,0.11668995990854232
radar_camera,73.822097,-0.16773098372968032,-0.1334447152140988,0.11779611479295587,0.023163086227149375,9.239194196456959,0.12675323079242728,0.005274574141962527,0.06481850484665949,0.016637594075373092,0.09473379799035672,0.03886131671971504,0.11828995990854396
radar_camera,73.83209699999999,-0.16906543088182008,-0.1334447152140988,0.11802774565522715,0.023163086227149375,9.240461728764881,0.12675323079242728,0.005549323506616266,0.06641850484665658,0.017226199568986883,0.09633379799035381,0.039801184994297634,0.11988995990854105
radar_camera,73.842097,-0.17039987803396175,-0.1334447152140988,0.11825937651749877,0.023163086227149375,9.241729261072805,0.12675323079242728,0.0058373565722397314,0.06801850484665822,0.017834071822199583,0.09793379799035545,0.04076503126086328,0.1214899599085427
radar_camera,73.852097,-0.17173432518610343,-0.1334447152140988,0.11849100737977038,0.023163086227149375,9.24299679338073,0.12675323079242728,0.0061389933388325425,0.06961850484665986,0.018461530835010377,0.0995337979903571,0.041753175519410664,0.12308995990854434
radar_camera,73.86209699999999,-0.1730687723382432,-0.1334447152140988,0.11872263824204166,0.023163086227149375,9.244264325688652,0.12675323079242728,0.006454553806394241,0.07121850484665695,0.019108896607418328,0.10113379799035419,0.042765937769938325,0.12468995990854143
radar_camera,73.872097,-0.17440321949038487,-0.1334447152140988,0.11895426910431327,0.023163086227149375,9.245531857996577,0.12675323079242728,0.006784357974925725,0.0728185048466586,0.019776489139425275,0.10273379799035583,0.04380363801244914,0.12628995990854305
radar_camera,73.882097,-0.17573766664252655,-0.1334447152140988,0.11918589996658488,0.023163086227149375,9.246799390304501,0.12675323079242728,0.0071287258444265545,0.07441850484666024,0.020464628431030314,0.10433379799035747,0.04486659624694169,0.12788995990854468
radar_camera,73.89209699999999,-0.1770721137946663,-0.1334447152140988,0.11941753082885616,0.023163086227149375,9.248066922612423,0.12675323079242728,0.007487977414896211,0.07601850484665733,0.021173634482232424,0.10593379799035456,0.045955132473414415,0.12948995990854176
radar_camera,73.902097,-0.17840656094680798,-0.1334447152140988,0.11964916169112777,0.023163086227149375,9.249334454920348,0.12675323079242728,0.007862432686335713,0.07761850484665897,0.021903827293033622,0.1075337979903562,0.047069566691870394,0.13108995990854339
radar_camera,73.912097,-0.2492082340717199,-0.29991656033993497,0.1286707646900002,0.03155571999384764,9.249197072175118,0.12670399537298746,0.0031481962290213104,0.04914221166698333,0.010986832454359814,0.07564637603597381,0.04820372733608073,0.13194458008522156
radar_camera,73.922097,-0.24678077282582345,-0.28572994249417816,0.12834907408419638,0.029672439994123116,9.208833419777765,0.07714501388475871,0.003200303316560458,0.04953021346644229,0.011154713579803462,0.07610538498916997,0.03207372351549715,0.10859420961717105
radar_camera,73.932097,-0.2496380722507667,-0.28572994249417816,0.12864579848413776,0.029672439994123116,9.209604869916612,0.07714501388475871,0.0033636498276869518,0.051130213466443926,0.011542757347433864,0.07770538498917161,0.03285447046462689,0.11019420961717269
radar_camera,73.942097,-0.25249537167570996,-0.28572994249417816,0.12894252288407915,0.029672439994123116,9.21037632005546,0.07714501388475871,0.0035372223815067446,0.05273021346644556,0.011946342192062117,0.07930538498917325,0.033657256255680085,0.11179420961717433
radar_camera,73.952097,-0.25535267110064913,-0.28572994249417816,0.12923924728402011,0.029672439994123116,9.211147770194307,0.07714501388475871,0.003721340978019568,0.05433021346644265,0.01236578811368761,0.08090538498917034,0.03448240088865555,0.11339420961717142
radar_camera,73.962097,-0.25820997052559236,-0.28572994249417816,0.1295359716839615,0.029672439994123116,9.211919220333154,0.07714501388475871,0.003916325617225945,0.055930213466444285,0.01280141511231154,0.08250538498917198,0.03533022436355562,0.11499420961717306
radar_camera,73.97209699999999,-0.26106726995053153,-0.28572994249417816,0.12983269608390247,0.029672439994123116,9.212690670472002,0.07714501388475871,0.004122496299125321,0.057530213466441375,0.013253543187932667,0.08410538498916907,0.03620104668037791,0.11659420961717015
radar_camera,73.982097,-0.26392456937547476,-0.28572994249417816,0.13012942048384385,0.029672439994123116,9.21346212061085,0.07714501388475871,0.004340173023718282,0.05913021346644301,0.013722492340552277,0.08570538498917071,0.03709518783912487,0.1181942096171718
radar_camera,73.992097,-0.266781868800418,-0.28572994249417816,0.13042614488378523,0.029672439994123116,9.214233570749697,0.07714501388475871,0.004569675791004544,0.060730213466444645,0.014208582570169737,0.08730538498917235,0.038012967839795284,0.11979420961717344
radar_camera,74.00209699999999,-0.26963916822535716,-0.28572994249417816,0.1307228692837262,0.029672439994123116,9.215005020888544,0.07714501388475871,0.004811324600983755,0.062330213466441735,0.014712133876784321,0.08890538498916944,0.038954706682387805,0.12139420961717053
radar_camera,74.012097,-0.2724964676503004,-0.28572994249417816,0.13101959368366758,0.029672439994123116,9.215776471027391,0.07714501388475871,0.005065439453656601,0.06393021346644337,0.01523346626039746,0.09050538498917109,0.03992072436690511,0.12299420961717217
radar_camera,74.022097,-0.2753537670752436,-0.28572994249417816,0.13131631808360897,0.029672439994123116,9.216547921166239,0.07714501388475871,0.00533234034902275,0.06553021346644501,0.015772899721008454,0.09210538498917273,0.04091134089334587,0.12459420961717381
radar_camera,74.032097,-0.2782110665001828,-0.28572994249417816,0.13161304248354994,0.029672439994123116,9.217319371305086,0.07714501388475871,0.005612347287081793,0.0671302134664421,0.016330754258616492,0.09370538498916982,0.041926876261708636,0.1261942096171709
radar_camera,74.042097,-0.281068365925126,-0.28572994249417816,0.13190976688349132,0.029672439994123116,9.218090821443933,0.07714501388475871,0.005905780267834528,0.06873021346644374,0.016907349873223163,0.09530538498917146,0.042967650471996285,0.12779420961717253
radar_camera,74.052097,-0.27793424131509537,-0.27036676780376284,0.12750823617092152,0.021152642756430844,9.189629731120721,0.041206551369058216,0.005858711675000911,0.06734954583625138,0.01707321270336457,0.09493514987656668,0.02966495801507303,0.10725224947499042
radar_camera,74.062097,-0.2806379089931305,-0.27036676780376284,0.12771976259848564,0.021152642756430844,9.19004179663441,0.041206551369058216,0.006161992028524515,0.06894954583624847,0.017673802650195608,0.09653514987656377,0.03040450544577735,0.1088522494749875
radar_camera,74.072097,-0.28334157667116955,-0.27036676780376284,0.12793128902605005,0.021152642756430844,9.190453862148102,0.041206551369058216,0.006479062291215804,0.07054954583625012,0.018293699627002818,0.09813514987656541,0.03116582332637773,0.11045224947498915
radar_camera,74.08209699999999,-0.2860452443492047,-0.27036676780376284,0.12814281545361417,0.021152642756430844,9.190865927661791,0.041206551369058216,0.006810242463073876,0.0721495458362472,0.018933223633784437,0.0997351498765625,0.031949231656871996,0.11205224947498624
radar_camera,74.092097,-0.28874891202724373,-0.27036676780376284,0.12835434188117859,0.021152642756430844,9.191277993175483,0.041206551369058216,0.007155852544099673,0.07374954583624885,0.019592694670542286,0.10133514987656414,0.03275505043726238,0.11365224947498788
radar_camera,74.102097,-0.29145257970528277,-0.27036676780376284,0.128565868308743,0.021152642756430844,9.191690058689174,0.041206551369058216,0.007516212534292735,0.07534954583625049,0.020272432737275466,0.10293514987656578,0.03358359966754779,0.11525224947498952
radar_camera,74.11209699999999,-0.32760129832144225,-0.3500806285663293,0.14243534240829547,0.04122347120812905,9.190961353183777,0.04069399579842735,0.003039661480677377,0.04797359555443505,0.010463419746217095,0.0739269590584603,0.034423112780619256,0.11608170784681995
radar_camera,74.122097,-0.3311021046071073,-0.3500806285663293,0.14284757712037696,0.04122347120812905,9.191368293141762,0.04069399579842735,0.003193732423299191,0.04957359555443668,0.010827363763351264,0.07552695905846195,0.03529756775366176,0.1176817078468216
radar_camera,74.132097,-0.3346029108927724,-0.3500806285663293,0.14325981183245845,0.04122347120812905,9.191775233099747,0.04069399579842735,0.003357718085031902,0.05117359555443832,0.01120641317229714,0.07712695905846359,0.03619555906827365,0.11928170784682324
radar_camera,74.14209699999999,-0.3381037171784325,-0.3500806285663293,0.14367204654453936,0.04122347120812905,9.19218217305773,0.04069399579842735,0.003531938465875256,0.05277359555443541,0.011600887973054154,0.07872695905846068,0.03711740672445361,0.12088170784682033
radar_camera,74.152097,-0.3416045234640976,-0.3500806285663293,0.14408428125662084,0.04122347120812905,9.192589113015716,0.04069399579842735,0.0037167135658297485,0.05437359555443704,0.012011108165623424,0.08032695905846232,0.03806343072220424,0.12248170784682197
radar_camera,74.162097,-0.34510532974976266,-0.3500806285663293,0.14449651596870233,0.04122347120812905,9.192996052973701,0.04069399579842735,0.003912363384895139,0.055973595554438677,0.012437393750004404,0.08192695905846396,0.03903395106152427,0.12408170784682361
radar_camera,74.172097,-0.3486061360354228,-0.3500806285663293,0.14490875068078324,0.04122347120812905,9.193402992931684,0.04069399579842735,0.004119207923071126,0.057573595554435766,0.012880064726196452,0.08352695905846105,0.04002928774241225,0.1256817078468207
radar_camera,74.182097,-0.3468830351970129,-0.33723138574213896,0.14022219152992318,0.0332226216246811,9.206740645953044,0.056750706569486185,0.004160192471495316,0.05760638480775536,0.01307614677525752,0.08398750120473299,0.02822178417387418,0.10663939229910584
radar_camera,74.192097,-0.350255349054436,-0.33723138574213896,0.14055441774617017,0.0332226216246811,9.207308153018738,0.056750706569486185,0.004381143467186905,0.059206384807756994,0.01354368828529969,0.08558750120473463,0.028943358581685546,0.10823939229910748
radar_camera,74.202097,-0.3536276629118543,-0.33723138574213896,0.14088664396241668,0.0332226216246811,9.207875660084433,0.056750706569486185,0.004613935739839719,0.060806384807754084,0.014028347295582123,0.08718750120473172,0.029686580867955684,0.10983939229910457
radar_camera,74.212097,-0.3569999767692774,-0.33723138574213896,0.14121887017866366,0.0332226216246811,9.208443167150127,0.056750706569486185,0.004858889289454418,0.06240638480775572,0.014530443806106198,0.08878750120473336,0.030451771032686703,0.11143939229910621
radar_camera,74.22209699999999,-0.36037229062669573,-0.33723138574213896,0.14155109639491018,0.0332226216246811,9.209010674215822,0.056750706569486185,0.005116324116030306,0.06400638480775281,0.015050297816870485,0.09038750120473045,0.031239249075876434,0.1130393922991033
radar_camera,74.232097,-0.3637446044841188,-0.33723138574213896,0.14188332261115716,0.0332226216246811,9.209578181281517,0.056750706569486185,0.005386560219568115,0.06560638480775445,0.015588229327876464,0.09198750120473209,0.032049334997527115,0.11463939229910494
radar_camera,74.242097,-0.3671169183415419,-0.33723138574213896,0.14221554882740414,0.0332226216246811,9.210145688347211,0.056750706569486185,0.005669917600067487,0.06720638480775609,0.016144558339123406,0.09358750120473373,0.032882348797637635,0.11623939229910658
radar_camera,74.25209699999999,-0.37048923219896024,-0.33723138574213896,0.14254777504365065,0.0332226216246811,9.210713195412906,0.056750706569486185,0.005966716257527994,0.06880638480775318,0.016719604850610487,0.09518750120473082,0.03373861047620677,0.11783939229910367
radar_camera,74.262097,-0.37386154605638333,-0.33723138574213896,0.14288000125989764,0.0332226216246811,9.2112807024786,0.056750706569486185,0.006277276191950477,0.07040638480775482,0.017313688862339336,0.09678750120473247,0.03461844003323695,0.11943939229910532
radar_camera,74.272097,-0.3772338599138064,-0.33723138574213896,0.14321222747614462,0.0332226216246811,9.211848209544295,0.056750706569486185,0.006601917403334526,0.07200638480775647,0.017927130374309153,0.0983875012047341,0.03552215746872697,0.12103939229910696
radar_camera,74.282097,-0.38060617377122474,-0.33723138574213896,0.14354445369239113,0.0332226216246811,9.21241571660999,0.056750706569486185,0.0069409598916796485,0.07360638480775356,0.01856024938651902,0.0999875012047312,0.03645008278267551,0.12263939229910405
radar_camera,74.292097,-0.38397848762864784,-0.33723138574213896,0.14387667990863812,0.0332226216246811,9.212983223675684,0.056750706569486185,0.007294723656986808,0.0752063848077552,0.01921336589897074,0.10158750120473284,0.03740253597508519,0.12423939229910569
radar_camera,74.302097,-0.38735080148607093,-0.33723138574213896,0.1442089061248851,0.0332226216246811,9.213550730741378,0.056750706569486185,0.007663528699255534,0.07680638480775684,0.01988679991166343,0.10318750120473448,0.03837983704595472,0.12583939229910732
radar_camera,74.312097,-0.4012256217403702,-0.3623948836860921,0.1483205961170721,0.03877271497764512,9.213644038599877,0.05625878830197444,0.0030492472738386333,0.04837887916705806,0.010363424962013675,0.07438751543835613,0.03936426653560801,0.12662824499702613
radar_camera,74.322097,-0.4011677385503,-0.3537402248332949,0.14517883033179413,0.03323061796550224,9.220047753708533,0.06361241304532324,0.0031095161102276353,0.048847912438542425,0.010551518343655216,0.07495948368272537,0.02804828457130979,0.10756840892179727
radar_camera,74.33209699999999,-0.40470514079862974,-0.3537402248332949,0.14551113651144884,0.03323061796550224,9.220683877838985,0.06361241304532324,0.003269883986889966,0.050447912438539515,0.010924980562224651,0.07655948368272246,0.02878406674985066,0.10916840892179436
radar_camera,74.342097,-0.4082425430469645,-0.3537402248332949,0.14584344269110402,0.03323061796550224,9.221320001969438,0.06361241304532324,0.003440341446040236,0.05204791243854115,0.011313754677531165,0.0781594836827241,0.029541682610176943,0.110768408921796
radar_camera,74.352097,-0.41177994529529927,-0.3537402248332949,0.1461757488707592,0.03323061796550224,9.221956126099892,0.06361241304532324,0.003621208487678225,0.053647912438542784,0.01171816068957424,0.07975948368272574,0.03032145215228761,0.11236840892179764
radar_camera,74.36209699999999,-0.415317347543629,-0.3537402248332949,0.14650805505041392,0.03323061796550224,9.222592250230344,0.06361241304532324,0.003812805111803653,0.055247912438539874,0.012138518598353267,0.08135948368272283,0.0311236953761815,0.11396840892179473
radar_camera,74.372097,-0.41885474979196374,-0.3537402248332949,0.1468403612300691,0.03323061796550224,9.223228374360797,0.06361241304532324,0.004015451318417065,0.05684791243854151,0.012575148403869441,0.08295948368272447,0.031948732281860896,0.11556840892179637
radar_camera,74.382097,-0.4167923685265041,-0.33960245776774406,0.1429063137368853,0.0263576396715979,9.228630969480223,0.06976372244004894,0.004062209988185978,0.056725996093498515,0.012787946979587043,0.08324459688303938,0.024079482203394977,0.10168789400612982
radar_camera,74.39209699999999,-0.42018839310417844,-0.33960245776774406,0.14316989013360104,0.0263576396715979,9.229328606704623,0.06976372244004894,0.004279093095698613,0.058325996093495605,0.013249745090705128,0.08484459688303647,0.02472178278039943,0.10328789400612691
radar_camera,74.402097,-0.4235844176818576,-0.33960245776774406,0.14343346653031716,0.0263576396715979,9.230026243929023,0.06976372244004894,0.00450764140243026,0.05992599609349724,0.01372851212120048,0.08644459688303811,0.025384740936206025,0.10488789400612855
radar_camera,74.412097,-0.4269804422595368,-0.33960245776774406,0.14369704292703328,0.0263576396715979,9.230723881153423,0.06976372244004894,0.004748174908380618,0.061525996093498875,0.014224568071072459,0.08804459688303976,0.02606867667081387,0.1064878940061302
radar_camera,74.422097,-0.43037646683721115,-0.33960245776774406,0.143960619323749,0.0263576396715979,9.231421518377823,0.06976372244004894,0.005001013613549321,0.06312599609349596,0.01473823294032032,0.08964459688303685,0.026773909984221942,0.10808789400612728
radar_camera,74.432097,-0.4337724914148903,-0.33960245776774406,0.14422419572046513,0.0263576396715979,9.232119155602224,0.06976372244004894,0.005266477517937086,0.0647259960934976,0.015269826728945526,0.09124459688303849,0.02750076087643225,0.10968789400612892
radar_camera,74.442097,-0.4371685159925695,-0.33960245776774406,0.14448777211718125,0.0263576396715979,9.232816792826624,0.06976372244004894,0.005544886621543564,0.06632599609349925,0.015819669436947358,0.09284459688304013,0.0282495493474438,0.11128789400613057
radar_camera,74.452097,-0.4387407594251325,-0.33465994102015356,0.14747411720087342,0.030388242491157055,9.20509677418472,0.03178348706918218,0.005525631508309045,0.06516461343106808,0.016027692624899403,0.09260863803145972,0.02200145506432084,0.09952687324589485
radar_camera,74.462097,-0.4420873588353358,-0.33465994102015356,0.14777799962578514,0.030388242491157055,9.205414609055412,0.03178348706918218,0.005814815200568918,0.06676461343106972,0.016602389240686227,0.09420863803146136,0.022605648432552004,0.10112687324589649
radar_camera,74.47209699999999,-0.4454339582455343,-0.33465994102015356,0.14808188205069645,0.030388242491157055,9.205732443926102,0.03178348706918218,0.00611735181551458,0.06836461343106681,0.017195927584078504,0.09580863803145845,0.023230067175431465,0.10272687324589358
radar_camera,74.482097,-0.44878055765573754,-0.33465994102015356,0.14838576447560817,0.030388242491157055,9.206050278796795,0.03178348706918218,0.006433561353146889,0.06996461343106845,0.017808627655077926,0.09740863803146009,0.023875031292960997,0.10432687324589522
radar_camera,74.492097,-0.4521271570659408,-0.33465994102015356,0.1486896469005199,0.030388242491157055,9.206368113667487,0.03178348706918218,0.006763763813465427,0.0715646134310701,0.01844080945368366,0.09900863803146173,0.02454086078513973,0.10592687324589686
radar_camera,74.50209699999999,-0.4554737564761393,-0.33465994102015356,0.1489935293254312,0.030388242491157055,9.206685948538178,0.03178348706918218,0.007108279196469693,0.07316461343106719,0.019092792979894763,0.10060863803145882,0.025227875651966672,0.10752687324589395
radar_camera,74.512097,-0.4925957769735324,-0.41656375790330447,0.15631312016361795,0.03980526366776464,9.205993572352519,0.030040409613617827,0.0029532064473806454,0.04723806087115624,0.010113440100716846,0.07308029472584966,0.025928168491706895,0.10835832793359287
radar_camera,74.522097,-0.4941160466484115,-0.4099984677983641,0.15800707325046282,0.04163817216487053,9.185827981162044,0.002087635635219111,0.0030160605235512615,0.04814203103075961,0.010318661789521497,0.07408245548628253,0.020688113562816742,0.09860073580163603
radar_camera,74.532097,-0.4982160313263914,-0.4099984677983641,0.15842345497211113,0.04163817216487053,9.185848857518396,0.002087635635219111,0.003172958380539233,0.0497420310307567,0.010686993861171572,0.07568245548627962,0.02127533465523751,0.10020073580163312
radar_camera,74.542097,-0.5023160160043771,-0.4099984677983641,0.15883983669376006,0.04163817216487053,9.185869733874748,0.002087635635219111,0.003339804643733582,0.05134203103075834,0.011070462423919432,0.07728245548628127,0.021882595894819442,0.10180073580163476
radar_camera,74.552097,-0.5064160006823629,-0.4099984677983641,0.159256218415409,0.04163817216487053,9.1858906102311,0.002087635635219111,0.0035169193131340936,0.05294203103075997,0.011469387477764565,0.0788824554862829,0.022510217281561724,0.1034007358016364
radar_camera,74.562097,-0.5105159853603428,-0.4099984677983641,0.1596726001370573,0.04163817216487053,9.185911486587452,0.002087635635219111,0.003704622388740493,0.05454203103075706,0.011884089022706368,0.08048245548628,0.02315851881546342,0.1050007358016335
radar_camera,74.572097,-0.5146159700383286,-0.4099984677983641,0.16008898185870624,0.04163817216487053,9.185932362943804,0.002087635635219111,0.003903233870553314,0.056142031030758696,0.012314887058746024,0.08208245548628164,0.023827820496526365,0.10660073580163514
radar_camera,74.58209699999999,-0.5142739388302098,-0.3983160913202677,0.1614116757413278,0.04318611566962523,9.170908173658434,-0.019267781705836637,0.003953193216204321,0.0563824855896865,0.012537752811901807,0.0827242533232271,0.019279085926854875,0.09724324290937147
radar_camera,74.592097,-0.5182570997434145,-0.3983160913202677,0.16184353689802428,0.04318611566962523,9.170715495841376,-0.019267781705836637,0.004166101434879733,0.05798248558968813,0.012993783236891559,0.08432425332322874,0.019840600635315266,0.09884324290937312
radar_camera,74.602097,-0.5222402606566192,-0.3983160913202677,0.16227539805472074,0.04318611566962523,9.170522818024319,-0.019267781705836637,0.0043906061506730956,0.05958248558968977,0.013466678512545972,0.08592425332323038,0.02042188399235755,0.10044324290937476
radar_camera,74.61209699999999,-0.5262234215698183,-0.3983160913202677,0.1627072592114166,0.04318611566962523,9.17033014020726,-0.019267781705836637,0.004627027363584064,0.06118248558968686,0.01395675863886434,0.08752425332322747,0.02102325599798086,0.10204324290937185
radar_camera,74.622097,-0.530206582483023,-0.3983160913202677,0.16313912036811307,0.04318611566962523,9.170137462390203,-0.019267781705836637,0.004875685073613308,0.06278248558968849,0.014464343615848056,0.08912425332322911,0.021645036652186905,0.10364324290937349
radar_camera,74.632097,-0.5341897433962277,-0.3983160913202677,0.16357098152480953,0.04318611566962523,9.169944784573145,-0.019267781705836637,0.005136899280760505,0.06438248558969013,0.014989753443496437,0.09072425332323075,0.022287545954974845,0.10524324290937513
radar_camera,74.64209699999999,-0.5381729043094268,-0.3983160913202677,0.1640028426815054,0.04318611566962523,9.169752106756087,-0.019267781705836637,0.005410989985025253,0.06598248558968722,0.015533308121808696,0.09232425332322784,0.022951103906343726,0.10684324290937222
radar_camera,74.652097,-0.5350800459785944,-0.38019091238900327,0.1650744451211805,0.04457186413359349,9.158356277750084,-0.03540325177679389,0.005403409763186,0.06487444489592867,0.015754245157688834,0.09209827581614811,0.018780400601536813,0.09731674195102152
radar_camera,74.662097,-0.5388819551024864,-0.38019091238900327,0.16552016376251666,0.04457186413359349,9.158002245232316,-0.03540325177679389,0.005688852188756169,0.06647444489593031,0.016322959835742244,0.09369827581614976,0.019344173428953643,0.09891674195102317
radar_camera,74.672097,-0.5426838642263729,-0.38019091238900327,0.16596588240385218,0.04457186413359349,9.157648212714548,-0.03540325177679389,0.005987589503305103,0.0680744448959274,0.016910414168958058,0.09529827581614685,0.01992772960475986,0.10051674195102026
radar_camera,74.682097,-0.5464857733502649,-0.38019091238900327,0.16641160104518835,0.04457186413359349,9.15729418019678,-0.03540325177679389,0.006299941706833652,0.06967444489592904,0.017516928157337942,0.09689827581614849,0.020531389128957113,0.1021167419510219
radar_camera,74.692097,-0.5502876824741569,-0.38019091238900327,0.1668573196865245,0.04457186413359349,9.156940147679013,-0.03540325177679389,0.006626228799341401,0.07127444489593068,0.018142821800881077,0.09849827581615013,0.021155472001544592,0.10371674195102354
radar_camera,74.702097,-0.5540895915980435,-0.38019091238900327,0.16730303832786003,0.04457186413359349,9.156586115161245,-0.03540325177679389,0.006966770780827856,0.07287444489592777,0.01878841509958653,0.10009827581614722,0.021800298222521365,0.10531674195102063
radar_camera,74.712097,-0.575836654719392,-0.423527442666237,0.1786418620476794,0.062082551286885855,9.155605328732026,-0.03649090443406827,0.002899680649535045,0.047045934590536596,0.009948116536441494,0.07267036251957237,0.022453970184275807,0.10612635127957323
radar_camera,74.72209699999999,-0.5768958149399591,-0.4158532584992987,0.17716177690436752,0.05845536770803022,9.147140466132868,-0.04855008735928351,0.0029622538833820313,0.047411911545379846,0.010156789661403435,0.07314630828759247,0.01848239306098442,0.09667549822215728
radar_camera,74.732097,-0.5810543475249542,-0.4158532584992987,0.17774633058144812,0.05845536770803022,9.146654965259275,-0.04855008735928351,0.0031175428595095907,0.04901191154538148,0.01052154179240246,0.07474630828759411,0.019050446819334137,0.09827549822215892
radar_camera,74.742097,-0.5852128801099493,-0.4158532584992987,0.17833088425852872,0.05845536770803022,9.146169464385682,-0.04855008735928351,0.0032826342179462366,0.050611911545383116,0.01090124318505902,0.07634630828759575,0.019638155677328312,0.09987549822216056
radar_camera,74.75209699999999,-0.5893714126949385,-0.4158532584992987,0.1789154379356085,0.05845536770803022,9.14568396351209,-0.04855008735928351,0.003457847958691713,0.052211911545380206,0.011296213839372543,0.07794630828759284,0.020245839634966057,0.10147549822215765
radar_camera,74.762097,-0.5935299452799336,-0.4158532584992987,0.1794999916126891,0.05845536770803022,9.145198462638497,-0.04855008735928351,0.0036435040817465176,0.05381191154538184,0.01170677375534415,0.07954630828759449,0.020873818692249104,0.10307549822215929
radar_camera,74.772097,-0.5976884778649287,-0.4158532584992987,0.1800845452897697,0.05845536770803022,9.144712961764904,-0.04855008735928351,0.0038399225871104097,0.055411911545383476,0.012133242932973293,0.08114630828759613,0.021522412849176605,0.10467549822216093
radar_camera,74.782097,-0.601847010449918,-0.4158532584992987,0.18066909896684946,0.05845536770803022,9.144227460891312,-0.04855008735928351,0.004047423474783087,0.057011911545380566,0.012575941372259331,0.08274630828759322,0.022191942105747594,0.10627549822215802
radar_camera,74.792097,-0.606005543034913,-0.4158532584992987,0.18125365264393006,0.05845536770803022,9.143741960017719,-0.04855008735928351,0.004266326744765138,0.0586119115453822,0.013035189073203522,0.08434630828759486,0.022882726461963973,0.10787549822215967
radar_camera,74.802097,-0.6101640756199082,-0.4158532584992987,0.18183820632101066,0.05845536770803022,9.143256459144126,-0.04855008735928351,0.004496952397056279,0.060211911545383835,0.01351130603580525,0.0859463082875965,0.023595085917824804,0.10947549822216131
radar_camera,74.812097,-0.6143226082048974,-0.4158532584992987,0.18242275999809043,0.05845536770803022,9.142770958270534,-0.04855008735928351,0.004739620431656154,0.061811911545380925,0.014004612260063802,0.08754630828759359,0.02432934047332903,0.1110754982221584
radar_camera,74.822097,-0.6184811407898925,-0.4158532584992987,0.18300731367517103,0.05845536770803022,9.142285457396941,-0.04855008735928351,0.004994650848565455,0.06341191154538256,0.014515427745980577,0.08914630828759523,0.02508581012847874,0.11267549822216004
radar_camera,74.83209699999999,-0.6226396733748817,-0.4158532584992987,0.1835918673522508,0.05845536770803022,9.141799956523348,-0.04855008735928351,0.005262363647783455,0.06501191154537965,0.015044072493554125,0.09074630828759232,0.025864814883271785,0.11427549822215713
radar_camera,74.842097,-0.6267982059598768,-0.4158532584992987,0.1841764210293314,0.05845536770803022,9.141314455649756,-0.04855008735928351,0.005543078829310916,0.06661191154538129,0.015590866502785948,0.09234630828759396,0.026666674737710373,0.11587549822215877
radar_camera,74.852097,-0.62243440939508,-0.3943894583891583,0.1807258445082676,0.05180748162873489,9.134747188987115,-0.05756724207919085,0.0055253950964521134,0.06540433654376342,0.015809905510128917,0.09210879823310318,0.021122143945269168,0.10210575132773436
radar_camera,74.86209699999999,-0.626378303978968,-0.3943894583891583,0.18124391932455447,0.05180748162873489,9.134171516566324,-0.05756724207919085,0.00581685838845648,0.0670043365437605,0.016381663933961454,0.09370879823310027,0.021776305387799226,0.10370575132773145
radar_camera,74.872097,-0.6303221985628615,-0.3943894583891583,0.18176199414084207,0.05180748162873489,9.133595844145532,-0.05756724207919085,0.006121722547770017,0.06860433654376215,0.01697216411744143,0.09530879823310191,0.022451207980595765,0.1053057513277331
radar_camera,74.882097,-0.6342660931467551,-0.3943894583891583,0.18228006895712967,0.05180748162873489,9.13302017172474,-0.05756724207919085,0.006440307574392321,0.07020433654376379,0.017581726060568043,0.09690879823310355,0.023147171723657874,0.10690575132773474
radar_camera,74.89209699999999,-0.6382099877306431,-0.3943894583891583,0.18279814377341655,0.05180748162873489,9.132444499303949,-0.05756724207919085,0.006772933468322909,0.07180433654376088,0.018210669763340386,0.09850879823310064,0.023864516616984518,0.10850575132773183
radar_camera,74.902097,-0.6421538823145366,-0.3943894583891583,0.18331621858970415,0.05180748162873489,9.131868826883156,-0.05756724207919085,0.0071199202295627265,0.07340433654376252,0.018859315225760252,0.10010879823310229,0.024603562660577734,0.11010575132773347
radar_camera,74.912097,-0.6430025330186916,-0.38430162985609856,0.21726948596916393,0.10984623782291597,9.132152077138755,-0.05525229474468046,0.0029094990518436455,0.0468472263820783,0.00992269308188135,0.07234931075284161,0.025346006044092127,0.11089061416878908
radar_camera,74.922097,-0.6468455493172491,-0.38430162985609856,0.2183679483473921,0.10984623782291597,9.13159955419131,-0.05525229474468046,0.0030594834419292952,0.04844722638207539,0.010277103038650582,0.0739493107528387,0.026128419022617075,0.11249061416878617
radar_camera,74.932097,-0.6506885656158121,-0.38430162985609856,0.2194664107256218,0.10984623782291597,9.131047031243861,-0.05525229474468046,0.0032191572772915767,0.05004722638207702,0.01064630285757089,0.07554931075284034,0.026933330123976897,0.11409061416878781
radar_camera,74.942097,-0.6545315819143751,-0.38430162985609856,0.22056487310385153,0.10984623782291597,9.130494508296414,-0.05525229474468046,0.0033888405579302837,0.05164722638207866,0.011030612538641781,0.07714931075284198,0.0277610593481705,0.11569061416878945
radar_camera,74.952097,-0.6583745982129326,-0.38430162985609856,0.2216633354820797,0.10984623782291597,9.129941985348967,-0.05525229474468046,0.003568853283845154,0.05324722638207575,0.011430352081862678,0.07874931075283907,0.02861192669519666,0.11729061416878654
radar_camera,74.962097,-0.6622176145114956,-0.38430162985609856,0.22276179786030942,0.10984623782291597,9.12938946240152,-0.05525229474468046,0.0037595154550366986,0.05484722638207738,0.011845841487234714,0.08034931075284071,0.029486252165057795,0.11889061416878818
radar_camera,74.97209699999999,-0.6660606308100532,-0.38430162985609856,0.22386026023853758,0.10984623782291597,9.128836939454073,-0.05525229474468046,0.003961147071504375,0.05644722638207447,0.01227740075475671,0.0819493107528378,0.03038435575775142,0.12049061416878527
radar_camera,74.982097,-0.6621026048474826,-0.3641888855995434,0.22157234186941513,0.10430020669541158,9.124157429248685,-0.061148218808180374,0.004005893991716231,0.05646962715222633,0.01250036185249545,0.08240267441519777,0.023253765935279204,0.10377242532050684
radar_camera,74.992097,-0.6657444937034799,-0.3641888855995434,0.22261534393636978,0.10430020669541158,9.123545947060602,-0.061148218808180374,0.004221584416346892,0.058069627152227965,0.012957041317764413,0.08400267441519942,0.02395867942184695,0.10537242532050849
radar_camera,75.00209699999999,-0.669386382559472,-0.3641888855995434,0.22365834600332296,0.10430020669541158,9.122934464872522,-0.061148218808180374,0.00444888876640768,0.059669627152225055,0.013430521317915747,0.0856026744151965,0.024684667393477775,0.10697242532050558
radar_camera,75.012097,-0.6730282714154693,-0.3641888855995434,0.2247013480702776,0.10430020669541158,9.12232298268444,-0.061148218808180374,0.0046881270418992396,0.06126962715222669,0.013921121852950798,0.08720267441519815,0.02543204985017374,0.10857242532050722
radar_camera,75.022097,-0.6766701602714665,-0.3641888855995434,0.22574435013723226,0.10430020669541158,9.121711500496357,-0.061148218808180374,0.004939619242821257,0.06286962715222832,0.014429162922868907,0.08880267441519979,0.026201146791933826,0.11017242532050886
radar_camera,75.032097,-0.6803120491274587,-0.3641888855995434,0.22678735220418544,0.10430020669541158,9.121100018308276,-0.061148218808180374,0.005203685369173349,0.06446962715222541,0.014954964527669314,0.09040267441519688,0.026992278218756896,0.11177242532050595
radar_camera,75.042097,-0.6839539379834559,-0.3641888855995434,0.2278303542711401,0.10430020669541158,9.120488536120194,-0.061148218808180374,0.005480645420956265,0.06606962715222706,0.015498846667353513,0.09200267441519852,0.027805764130645203,0.11337242532050759
radar_camera,75.052097,-0.6875958268394532,-0.3641888855995434,0.22887335633809475,0.10430020669541158,9.119877053932111,-0.061148218808180374,0.0057708193981696404,0.0676696271522287,0.01606112934192077,0.09360267441520016,0.02864192452759763,0.11497242532050923
radar_camera,75.062097,-0.6912377156954453,-0.3641888855995434,0.22991635840504793,0.10430020669541158,9.11926557174403,-0.061148218808180374,0.006074527300813034,0.06926962715222579,0.01664213255137025,0.09520267441519725,0.029501079409612947,0.11657242532050632
radar_camera,75.072097,-0.6948796045514426,-0.3641888855995434,0.23095936047200258,0.10430020669541158,9.118654089555948,-0.061148218808180374,0.006392089128887309,0.07086962715222743,0.0172421762957036,0.0968026744151989,0.030383548776693595,0.11817242532050796
radar_camera,75.08209699999999,-0.6985214934074347,-0.3641888855995434,0.23200236253895576,0.10430020669541158,9.118042607367867,-0.061148218808180374,0.006723824882391562,0.07246962715222452,0.01786158057491911,0.09840267441519598,0.03128965262883706,0.11977242532050505
radar_camera,75.092097,-0.702163382263432,-0.3641888855995434,0.2330453646059104,0.10430020669541158,9.117431125179785,-0.061148218808180374,0.007070054561326736,0.07406962715222616,0.01850066538901855,0.10000267441519763,0.03221971096604592,0.1213724253205067
radar_camera,75.102097,-0.7058052711194293,-0.3641888855995434,0.23408836667286506,0.10430020669541158,9.116819642991702,-0.061148218808180374,0.00743109816569237,0.0756696271522278,0.01915975073800105,0.10160267441519927,0.03317404378831891,0.12297242532050834
radar_camera,75.11209699999999,-0.7187891288425764,-0.38444117456711724,0.2709602432514437,0.16562515680977918,9.116158678638254,-0.06065777179852234,0.0029516635533127595,0.04751403111622645,0.009943966582959127,0.07292983184538461,0.034130191072384373,0.12372110387866499
radar_camera,75.122097,-0.7216027493689274,-0.3813168434463422,0.26979785330811584,0.16148551286720275,9.141865312948779,-0.022901394747146787,0.003004470966239859,0.04797387716237571,0.010147895745592083,0.07352022026768569,0.025417049523931104,0.10477263820101818
radar_camera,75.132097,-0.7254159178033928,-0.3813168434463422,0.2714127084367887,0.16148551286720275,9.141636299001307,-0.022901394747146787,0.003160856388329279,0.04957387716237734,0.010512779023510367,0.07512022026768733,0.02616413087048579,0.10637263820101982
radar_camera,75.14209699999999,-0.7292290862378528,-0.3813168434463422,0.27302756356545926,0.16148551286720275,9.141407285053836,-0.022901394747146787,0.003327156585850941,0.05117387716237443,0.010892686345481654,0.07672022026768442,0.02693248674467959,0.10797263820101691
radar_camera,75.152097,-0.7330422546723181,-0.3813168434463422,0.27464241869413214,0.16148551286720275,9.141178271106364,-0.022901394747146787,0.003503691558805318,0.05277387716237607,0.011287937711507023,0.07832022026768606,0.027722437146514695,0.10957263820101855
radar_camera,75.162097,-0.7368554231067834,-0.3813168434463422,0.276257273822805,0.16148551286720275,9.140949257158892,-0.022901394747146787,0.0036907813071921807,0.0543738771623777,0.011698853121585945,0.0799202202676877,0.028534302075990028,0.11117263820102019
radar_camera,75.172097,-0.7406685915412434,-0.3813168434463422,0.27787212895147556,0.16148551286720275,9.14072024321142,-0.022901394747146787,0.003888745831011241,0.05597387716237479,0.012125752575717802,0.0815202202676848,0.029368401533104386,0.11277263820101728
radar_camera,75.182097,-0.7444817599757088,-0.3813168434463422,0.27948698408014844,0.16148551286720275,9.140491229263949,-0.022901394747146787,0.0040979051302630605,0.05757387716237643,0.012568956073903808,0.08312022026768644,0.030225055517860137,0.11437263820101892
radar_camera,75.192097,-0.7482949284101741,-0.3813168434463422,0.2811018392088213,0.16148551286720275,9.140262215316477,-0.022901394747146787,0.004318579204947368,0.05917387716237806,0.013028783616143368,0.08472022026768808,0.031104584030256118,0.11597263820102056
radar_camera,75.202097,-0.7521080968446341,-0.3813168434463422,0.28271669433749186,0.16148551286720275,9.140033201369006,-0.022901394747146787,0.004551088055063823,0.06077387716237515,0.013505555202435793,0.08632022026768517,0.03200730707029103,0.11757263820101765
radar_camera,75.212097,-0.7559212652790994,-0.3813168434463422,0.28433154946616473,0.16148551286720275,9.139804187421534,-0.022901394747146787,0.0047957516806130885,0.06237387716237679,0.013999590832782438,0.08792022026768681,0.03293354463796743,0.1191726382010193
radar_camera,75.22209699999999,-0.7597344337135594,-0.3813168434463422,0.2859464045948353,0.16148551286720275,9.139575173474062,-0.022901394747146787,0.005052890081594467,0.06397387716237388,0.014511210507181899,0.0895202202676839,0.0338836167332827,0.12077263820101639
radar_camera,75.232097,-0.7635476021480248,-0.3813168434463422,0.28756125972350816,0.16148551286720275,9.13934615952659,-0.022901394747146787,0.00532282325800869,0.06557387716237552,0.015040734225635628,0.09112022026768554,0.03485784335623952,0.12237263820101803
radar_camera,75.242097,-0.7673607705824901,-0.3813168434463422,0.28917611485218103,0.16148551286720275,9.13911714557912,-0.022901394747146787,0.005605871209855401,0.06717387716237716,0.015588481988142914,0.09272022026768718,0.03585654450683658,0.12397263820101967
radar_camera,75.25209699999999,-0.7655916478221726,-0.36648795588997335,0.2864760446779223,0.1548186279942106,9.159212704493875,0.005780471741203781,0.005575136165758506,0.0659546649784096,0.01580462521024719,0.09251836534636193,0.026230630009998788,0.10398581222708726
radar_camera,75.262097,-0.7692565273810742,-0.36648795588997335,0.2880242309578652,0.1548186279942106,9.159270509211288,0.005780471741203781,0.0058685945754050756,0.06755466497841124,0.01637738995653461,0.09411836534636357,0.026979028712643134,0.1055858122270889
radar_camera,75.272097,-0.7729214069399758,-0.36648795588997335,0.28957241723780813,0.1548186279942106,9.1593283139287,0.005780471741203781,0.0061755639180473415,0.06915466497841288,0.016968978375891324,0.09571836534636521,0.02774854457773292,0.10718581222709055
radar_camera,75.282097,-0.7765862864988722,-0.36648795588997335,0.2911206035177488,0.1548186279942106,9.159386118646113,0.005780471741203781,0.006496364193684837,0.07075466497840997,0.01757971046831645,0.0973183653463623,0.028539497605267007,0.10878581222708764
radar_camera,75.292097,-0.7802511660577738,-0.36648795588997335,0.29266878979769173,0.1548186279942106,9.159443923363526,0.005780471741203781,0.006831315402318476,0.07235466497841161,0.01820990623381172,0.09891836534636395,0.02935220779524764,0.11038581222708928
radar_camera,75.302097,-0.7839160456166754,-0.36648795588997335,0.29421697607763464,0.1548186279942106,9.159501728080938,0.005780471741203781,0.007180737543947812,0.07395466497841326,0.018859885672376283,0.10051836534636559,0.030186995147673715,0.11198581222709092
radar_camera,75.312097,-0.7703115947758044,-0.32242607042101845,0.31891752914030064,0.19616149556617052,9.160991045206565,0.00925757143639918,0.0029227495072071314,0.04707188190168823,0.009844734010711152,0.07240195148008488,0.031020008364675496,0.11274675008668023
radar_camera,75.322097,-0.7735358554800161,-0.32242607042101845,0.32087914409596335,0.19616149556617052,9.161083620920929,0.00925757143639918,0.0030728042949367267,0.04867188190168986,0.010197185474846214,0.07400195148008652,0.03189871194767671,0.11434675008668187
radar_camera,75.33209699999999,-0.7767601161842234,-0.32242607042101845,0.3228407590516233,0.19616149556617052,9.161176196635292,0.00925757143639918,0.0032325934590464356,0.05027188190168695,0.010564437329276777,0.07560195148008361,0.03280028488069399,0.11594675008667896
radar_camera,75.342097,-0.7799843768884351,-0.32242607042101845,0.324802374007286,0.19616149556617052,9.161268772349656,0.00925757143639918,0.003402436999536712,0.05187188190168859,0.010946809574003883,0.07720195148008525,0.03372504716372989,0.1175467500866806
radar_camera,75.352097,-0.7832086375926469,-0.32242607042101845,0.3267639889629487,0.19616149556617052,9.16136134806402,0.00925757143639918,0.0035826549164073374,0.05347188190169022,0.011344622209027022,0.0788019514800869,0.034673318796783155,0.11914675008668224
radar_camera,75.36209699999999,-0.7864328982968541,-0.32242607042101845,0.32872560391860867,0.19616149556617052,9.161453923778383,0.00925757143639918,0.003773567209658032,0.05507188190168731,0.011758195234345596,0.08040195148008399,0.035645419779852375,0.12074675008667933
radar_camera,75.372097,-0.7896571590010659,-0.32242607042101845,0.3306872188742714,0.19616149556617052,9.161546499492747,0.00925757143639918,0.003975493879289339,0.056671881901688946,0.012187848649960779,0.08200195148008563,0.036641670112940325,0.12234675008668097
radar_camera,75.382097,-0.7880180503673866,-0.309282679214593,0.32845628839447283,0.1894004193171362,9.175196172553699,0.028060533606741756,0.0040087092008255585,0.05665519271983229,0.012413137663780122,0.08244714409530302,0.026579549768740135,0.1027074917771788
radar_camera,75.39209699999999,-0.7911108771595297,-0.309282679214593,0.3303502925876425,0.1894004193171362,9.175476777889767,0.028060533606741756,0.004224465190771742,0.05825519271982938,0.012868078216675294,0.0840471440953001,0.027319533549011822,0.1043074917771759
radar_camera,75.402097,-0.7942037039516772,-0.309282679214593,0.3322442967808148,0.1894004193171362,9.175757383225834,0.028060533606741756,0.004451872219262202,0.059855192719831016,0.013339828198390177,0.08564714409530175,0.028080378827640005,0.10590749177717754
radar_camera,75.412097,-0.7972965307438247,-0.309282679214593,0.3341383009739871,0.1894004193171362,9.176037988561902,0.028060533606741756,0.00469125028629664,0.06145519271983265,0.013828707608924138,0.08724714409530339,0.028862405604623644,0.10750749177717918
radar_camera,75.422097,-0.8003893575359677,-0.309282679214593,0.33603230516715676,0.1894004193171362,9.17631859389797,0.028060533606741756,0.004942919391874691,0.06305519271982973,0.014335036448276446,0.08884714409530048,0.029665933879961585,0.10910749177717627
radar_camera,75.432097,-0.8034821843281152,-0.309282679214593,0.3379263093603291,0.1894004193171362,9.176599199234037,0.028060533606741756,0.00520719953599707,0.06465519271983138,0.014859134716448539,0.09044714409530212,0.030491283653656106,0.11070749177717791
radar_camera,75.442097,-0.8065750111202628,-0.309282679214593,0.3398203135535014,0.1894004193171362,9.176879804570104,0.028060533606741756,0.005484410718663428,0.06625519271983302,0.01540132241343971,0.09204714409530376,0.03133877492570609,0.11230749177717955
radar_camera,75.452097,-0.8096678379124058,-0.309282679214593,0.34171431774667105,0.1894004193171362,9.177160409906172,0.028060533606741756,0.0057748729398733436,0.0678551927198301,0.015961919539249154,0.09364714409530085,0.03220872769611028,0.11390749177717664
radar_camera,75.462097,-0.8127606647045533,-0.309282679214593,0.34360832193984336,0.1894004193171362,9.17744101524224,0.028060533606741756,0.006078906199627643,0.06945519271983175,0.016541246093878456,0.0952471440953025,0.03310146196487115,0.11550749177717828
radar_camera,75.47209699999999,-0.8158534914966964,-0.309282679214593,0.345502326133013,0.1894004193171362,9.177721620578307,0.028060533606741756,0.0063968304979254605,0.07105519271982884,0.017139622077325976,0.09684714409529958,0.034017297731986154,0.11710749177717537
radar_camera,75.482097,-0.8189463182888439,-0.309282679214593,0.34739633032618533,0.1894004193171362,9.178002225914375,0.028060533606741756,0.006728965834767701,0.07265519271983048,0.017757367489593414,0.09844714409530123,0.0349565549974579,0.11870749177717702
radar_camera,75.492097,-0.8220391450809914,-0.309282679214593,0.34929033451935765,0.1894004193171362,9.178282831250442,0.028060533606741756,0.007075632210153922,0.07425519271983212,0.018394802330679933,0.10004714409530287,0.03591955376128511,0.12030749177717866
radar_camera,75.50209699999999,-0.8251319718731345,-0.309282679214593,0.3511843387125273,0.1894004193171362,9.17856343658651,0.028060533606741756,0.0074371496240836004,0.07585519271982921,0.01905224660058458,0.10164714409529996,0.03690661402346636,0.12190749177717575
radar_camera,75.512097,-0.7947288582326443,-0.22387621027086868,0.3978025349778257,0.26931812452281256,9.18127500297106,0.03444573456335401,0.002976735274014369,0.04761437816370189,0.009859561809338056,0.07285981640282035,0.03789563952853482,0.12264107967191559
radar_camera,75.522097,-0.7932337859932391,-0.21443855675302656,0.39812240044098285,0.26560662681444513,9.188158186699175,0.04337545565117025,0.0030163147712229904,0.04793149290618376,0.010068084241889303,0.07334534835477521,0.027310247282984774,0.10280990153958655
radar_camera,75.532097,-0.7953781715607674,-0.21443855675302656,0.40077846670912487,0.26560662681444513,9.188591941255686,0.04337545565117025,0.0031729813536304136,0.04953149290618085,0.010431290391051836,0.0749453483547723,0.02805743726303916,0.10440990153958364
radar_camera,75.542097,-0.7975225571282988,-0.21443855675302656,0.40343453297727067,0.26560662681444513,9.189025695812198,0.04337545565117025,0.003339554234619299,0.051131492906182484,0.010809485609885844,0.07654534835477395,0.028825509223402532,0.10600990153958528
radar_camera,75.552097,-0.7996669426958302,-0.21443855675302656,0.40609059924541646,0.26560662681444513,9.18945945036871,0.04337545565117025,0.0035163534141894317,0.05273149290618412,0.011202989898390822,0.07814534835477559,0.029614783164073847,0.10760990153958692
radar_camera,75.562097,-0.8018113282633584,-0.21443855675302656,0.4087466655135585,0.26560662681444513,9.189893204925221,0.04337545565117025,0.0037036988923405375,0.05433149290618121,0.01161212325656618,0.07974534835477268,0.030425579085051932,0.10920990153958401
radar_camera,75.572097,-0.8039557138308898,-0.21443855675302656,0.4114027317817043,0.26560662681444513,9.190326959481734,0.04337545565117025,0.00390191066907315,0.05593149290618284,0.012037205684413077,0.08134534835477432,0.03125821698633909,0.11080990153958566
radar_camera,75.58209699999999,-0.80052006845307,-0.1998085543266258,0.4110709285735941,0.26075369211137134,9.194014407376805,0.04808604192900707,0.003939296711554392,0.05580596647062924,0.012268998385794106,0.0816500655276725,0.02370453277995422,0.09659258960148548
radar_camera,75.592097,-0.8025181539963373,-0.1998085543266258,0.41367846549470916,0.26075369211137134,9.194495267796096,0.04808604192900707,0.004151447769274334,0.05740596647063088,0.012719399453763358,0.08325006552767414,0.024354280849254322,0.09819258960148712
radar_camera,75.602097,-0.8045162395396046,-0.1998085543266258,0.4162860024158242,0.26075369211137134,9.194976128215387,0.04808604192900707,0.004375080020288414,0.05900596647063251,0.01318645053483816,0.08485006552767578,0.025023667436474745,0.09979258960148876
radar_camera,75.61209699999999,-0.806514325082869,-0.1998085543266258,0.4188935393369355,0.26075369211137134,9.195456988634676,0.04808604192900707,0.0046105134645962895,0.0606059664706296,0.013670471629017817,0.08645006552767287,0.02571301254161449,0.10139258960148585
radar_camera,75.622097,-0.8085124106261363,-0.1998085543266258,0.42150107625805056,0.26075369211137134,9.195937849053967,0.04808604192900707,0.004858068102198629,0.06220596647063124,0.014171782736303701,0.08805006552767451,0.02642263616467552,0.1029925896014875
radar_camera,75.632097,-0.8105104961694036,-0.1998085543266258,0.4241086131791656,0.26075369211137134,9.196418709473258,0.04808604192900707,0.005118063933095108,0.06380596647063287,0.014690703856695138,0.08965006552767615,0.02715285830565687,0.10459258960148914
radar_camera,75.64209699999999,-0.812508581712668,-0.1998085543266258,0.4267161501002769,0.26075369211137134,9.196899569892548,0.04808604192900707,0.005390820957285329,0.06540596647062996,0.015227554990191353,0.09125006552767324,0.027903998964557454,0.10619258960148623
radar_camera,75.652097,-0.8063770471023856,-0.17904435269745983,0.4260087947883596,0.2554676020164676,9.198581351792125,0.05020933499579803,0.005373415646979904,0.06429412269565567,0.015457944040142009,0.09105336439449671,0.021804772807956594,0.0943566225636846
radar_camera,75.662097,-0.8081674906293611,-0.17904435269745983,0.4285634708085256,0.2554676020164676,9.199083445142083,0.05020933499579803,0.005657137127803308,0.06589412269565731,0.01601996920092461,0.09265336439449835,0.0224108863331397,0.09595662256368624
radar_camera,75.672097,-0.8099579341563341,-0.17904435269745983,0.43111814682868793,0.2554676020164676,9.199585538492041,0.05020933499579803,0.005954037433165426,0.0674941226956544,0.016600525034585287,0.09425336439449544,0.023036191182834665,0.09755662256368333
radar_camera,75.682097,-0.8117483776833097,-0.17904435269745983,0.4336728228488539,0.2554676020164676,9.200087631841999,0.05020933499579803,0.006264436563067101,0.06909412269565604,0.017199931541125698,0.09585336439449708,0.02368100735704326,0.09915662256368497
radar_camera,75.692097,-0.8135388212102852,-0.17904435269745983,0.43622749886901985,0.2554676020164676,9.200589725191957,0.05020933499579803,0.006588654517507921,0.07069412269565768,0.017818508720545027,0.09745336439449873,0.02434565485576461,0.10075662256368662
radar_camera,75.702097,-0.8153292647372582,-0.17904435269745983,0.4387821748891822,0.2554676020164676,9.201091818541915,0.05020933499579803,0.0069270112964873965,0.07229412269565477,0.018456576572842356,0.09905336439449582,0.02503045367899773,0.1023566225636837
radar_camera,75.712097,-0.8152094197105162,-0.17285711283981708,0.4635719862006394,0.2942029579759222,9.201589708477663,0.05081783806564222,0.0028758760466431,0.046472722977756904,0.009654556764372673,0.07145911020708158,0.025727535450122616,0.10316462407380159
radar_camera,75.72209699999999,-0.8124682056724251,-0.16199532187989885,0.46382444310349247,0.28982251036595286,9.202080446808997,0.05102120692688464,0.002929841868829194,0.04745073245690889,0.009870330793339023,0.07256434481609127,0.020560866034587233,0.09357442437168699
radar_camera,75.732097,-0.8140881588912249,-0.16199532187989885,0.46672266820715347,0.28982251036595286,9.202590658878266,0.05102120692688464,0.003083133778051718,0.04905073245691052,0.010227306224735987,0.07416434481609291,0.021144557744849354,0.09517442437168863
radar_camera,75.742097,-0.8157081121100247,-0.16199532187989885,0.46962089331081447,0.28982251036595286,9.203100870947535,0.05102120692688464,0.0032462358337656348,0.05065073245691216,0.010599114525096187,0.07576434481609455,0.021747284339985833,0.09677442437169027
radar_camera,75.75209699999999,-0.8173280653288222,-0.16199532187989885,0.47251911841447136,0.28982251036595286,9.203611083016805,0.05102120692688464,0.0034194680359706906,0.05225073245690925,0.01098607569441906,0.07736434481609164,0.02236936581999577,0.09837442437168736
radar_camera,75.762097,-0.818948018547622,-0.16199532187989885,0.47541734351813236,0.28982251036595286,9.204121295086074,0.05102120692688464,0.003603150384667378,0.05385073245691088,0.011388509732705707,0.07896434481609328,0.02301112218488094,0.099974424371689
radar_camera,75.772097,-0.8205679717664218,-0.16199532187989885,0.47831556862179336,0.28982251036595286,9.204631507155343,0.05102120692688464,0.0037976028798554586,0.05545073245691252,0.011806736639955587,0.08056434481609492,0.023672873434640463,0.10157442437169065
radar_camera,75.782097,-0.8159394084584873,-0.1456936450728643,0.47858749128906025,0.2855198153674105,9.203926211177862,0.04968367170308027,0.003844700400931904,0.055504766547080815,0.012042835398603602,0.0810288191131878,0.019184452316322268,0.09229380257091449
radar_camera,75.792097,-0.8173963449092168,-0.1456936450728643,0.4814426894427358,0.2855198153674105,9.204423047894894,0.04968367170308027,0.004053406942170225,0.05710476654708245,0.012486399861210376,0.08262881911318944,0.019739543206909425,0.09389380257091613
radar_camera,75.802097,-0.8188532813599462,-0.1456936450728643,0.4842978875964114,0.2855198153674105,9.204919884611925,0.04968367170308027,0.004273534436717975,0.058704766547084085,0.012946490087639803,0.08422881911319108,0.020313412858010783,0.09549380257091777
radar_camera,75.812097,-0.8203102178106735,-0.1456936450728643,0.4871530857500829,0.2855198153674105,9.205416721328955,0.04968367170308027,0.004505402884574815,0.060304766547081175,0.013423426077891197,0.08582881911318817,0.02090638126962549,0.09709380257091486
radar_camera,75.822097,-0.8217671542614029,-0.1456936450728643,0.4900082839037585,0.2855198153674105,9.205913558045987,0.04968367170308027,0.004749332285741405,0.06190476654708281,0.013917527831965912,0.08742881911318981,0.021518768441755227,0.0986938025709165
radar_camera,75.83209699999999,-0.8232240907121302,-0.1456936450728643,0.49286348205743,0.2855198153674105,9.206410394763017,0.04968367170308027,0.005005642640217051,0.0635047665470799,0.014429115349862543,0.0890288191131869,0.022150894374398253,0.1002938025709136
radar_camera,75.842097,-0.8246810271628596,-0.1456936450728643,0.4957186802111056,0.2855198153674105,9.206907231480049,0.04968367170308027,0.005274653948002481,0.06510476654708154,0.014958508631582544,0.09062881911318854,0.02280307906755637,0.10189380257091524
radar_camera,75.852097,-0.8174811807648423,-0.12364955420923124,0.4950924421598937,0.2798875188667239,9.205894345010812,0.048006928182995366,0.005271400017165485,0.06410961830443784,0.015197104348202248,0.09050764371426724,0.01868312002511098,0.09280038547802368
radar_camera,75.86209699999999,-0.8187176763069335,-0.12364955420923124,0.49789131734855835,0.2798875188667239,9.206374414292641,0.048006928182995366,0.0055520091825145505,0.06570961830443493,0.01575191448581059,0.09210764371426433,0.01923722412329259,0.09440038547802077
radar_camera,75.872097,-0.8199541718490264,-0.12364955420923124,0.500690192537227,0.2798875188667239,9.206854483574471,0.048006928182995366,0.005845760271524906,0.06730961830443657,0.016325146152162576,0.09370764371426597,0.019810208298570595,0.09600038547802241
radar_camera,75.882097,-0.8211906673911193,-0.12364955420923124,0.5034890677258957,0.2798875188667239,9.2073345528563,0.048006928182995366,0.006152973284196162,0.06890961830443822,0.016917119347257436,0.09530764371426761,0.020402392550944226,0.09760038547802405
radar_camera,75.89209699999999,-0.8224271629332105,-0.12364955420923124,0.5062879429145605,0.2798875188667239,9.20781462213813,0.048006928182995366,0.006473968220527854,0.0705096183044353,0.017528154071094287,0.0969076437142647,0.021014096880412596,0.09920038547802114
radar_camera,75.902097,-0.8236636584753034,-0.12364955420923124,0.5090868181032292,0.2798875188667239,9.20829469141996,0.048006928182995366,0.006809065080520893,0.07210961830443695,0.018158570323674867,0.09850764371426635,0.02164564128697745,0.10080038547802278
radar_camera,75.912097,-0.7721285633057691,0.009001946644769665,0.5374186307988678,0.32772494542453673,9.211127177040554,0.054956916709536,0.0028440067656072382,0.046459635187706676,0.009528266935350686,0.07122082261886675,0.022287768270193225,0.1016039765729025
radar_camera,75.922097,-0.7686657403935205,0.017179969864370717,0.5381153499107109,0.3233844201207065,9.209587258399356,0.052040880388484194,0.0029009435069331543,0.0469297578302894,0.009745159109140946,0.07182688420372285,0.01836867996419153,0.0927053863019507
radar_camera,75.932097,-0.7684939406948768,0.017179969864370717,0.5413491941119196,0.3233844201207065,9.210107667203241,0.052040880388484194,0.00305373900005635,0.04852975783029104,0.01009909890590145,0.0734268842037245,0.018924982594573935,0.09430538630195234
radar_camera,75.942097,-0.768322140996233,0.017179969864370717,0.5445830383131284,0.3233844201207065,9.210628076007126,0.052040880388484194,0.003216240444745614,0.05012975783029267,0.010467724079502716,0.07502688420372614,0.01950014630221675,0.09590538630195398
radar_camera,75.952097,-0.7681503412975894,0.017179969864370717,0.5478168825143325,0.3233844201207065,9.21114848481101,0.052040880388484194,0.003388767841000694,0.05172975783028976,0.010851354629944186,0.07662688420372323,0.02009449108711912,0.09750538630195107
radar_camera,75.962097,-0.7679785415989456,0.017179969864370717,0.5510507267155412,0.3233844201207065,9.211668893614895,0.052040880388484194,0.0035716411888220808,0.0533297578302914,0.011250310557226952,0.07822688420372487,0.020708336949282726,0.09910538630195272
radar_camera,75.97209699999999,-0.7678067419003021,0.017179969864370717,0.5542845709167453,0.3233844201207065,9.21218930241878,0.052040880388484194,0.0037651804882092538,0.054929757830288486,0.011664911861349875,0.07982688420372196,0.021342003888705833,0.1007053863019498
radar_camera,75.982097,-0.7676349422016583,0.017179969864370717,0.5575184151179541,0.3233844201207065,9.212709711222665,0.052040880388484194,0.003969705739162763,0.05652975783029012,0.01209547854231414,0.0814268842037236,0.021995811905390236,0.10230538630195145
radar_camera,75.992097,-0.7674631425030145,0.017179969864370717,0.5607522593191628,0.3233844201207065,9.21323012002655,0.052040880388484194,0.004185536941682342,0.058129757830291756,0.012542330600119164,0.08302688420372524,0.022670080999335047,0.10390538630195309
radar_camera,76.00209699999999,-0.767291342804371,0.017179969864370717,0.5639861035203669,0.3233844201207065,9.213750528830435,0.052040880388484194,0.0044129940957676585,0.059729757830288846,0.013005788034764279,0.08462688420372233,0.02336513117053927,0.10550538630195018
radar_camera,76.012097,-0.7671195431057272,0.017179969864370717,0.5672199477215757,0.3233844201207065,9.21427093763432,0.052040880388484194,0.004652397201419361,0.06132975783029048,0.013486170846250804,0.08622688420372397,0.02408128241900488,0.10710538630195182
radar_camera,76.022097,-0.7669477434070834,0.017179969864370717,0.5704537919227844,0.3233844201207065,9.214791346438204,0.052040880388484194,0.004904066258637134,0.06292975783029212,0.01398379903457809,0.08782688420372561,0.0248188547447309,0.10870538630195346
radar_camera,76.032097,-0.7667759437084398,0.017179969864370717,0.5736876361239885,0.3233844201207065,9.21531175524209,0.052040880388484194,0.0051683212674205935,0.0645297578302892,0.014498992599745396,0.0894268842037227,0.025578168147716237,0.11030538630195055
radar_camera,76.042097,-0.766604144009796,0.017179969864370717,0.5769214803251973,0.3233844201207065,9.215832164045974,0.052040880388484194,0.00544548222777049,0.06612975783029085,0.015032071541754184,0.09102688420372435,0.02635954262796305,0.1119053863019522
radar_camera,76.052097,-0.7603917222217894,0.032299340011259586,0.575487485017334,0.3154008437363206,9.213000408029576,0.04733041766352286,0.005427670035835517,0.06496293717315037,0.015269560062993758,0.09085188470495097,0.020922294844070415,0.09883491328409345
radar_camera,76.062097,-0.7600687288216771,0.032299340011259586,0.5786414934546944,0.3154008437363206,9.213473712206211,0.04733041766352286,0.0057157004216315845,0.06656293717314746,0.015827989140922108,0.09245188470494806,0.021561042045710816,0.10043491328409054
radar_camera,76.072097,-0.7597457354215643,0.032299340011259586,0.5817955018920592,0.3154008437363206,9.213947016382846,0.04733041766352286,0.006017043394862695,0.0681629371731491,0.016404908595792248,0.0940518847049497,0.02221987623000895,0.10203491328409219
radar_camera,76.08209699999999,-0.759422742021452,0.032299340011259586,0.5849495103294196,0.3154008437363206,9.214420320559482,0.04733041766352286,0.006332018955527992,0.06976293717314619,0.01700063842760254,0.09565188470494679,0.022899117396962942,0.10363491328408928
radar_camera,76.092097,-0.7590997486213392,0.032299340011259586,0.5881035187667844,0.3154008437363206,9.214893624736117,0.04733041766352286,0.00666094710362837,0.07136293717314783,0.01761549863635467,0.09725188470494843,0.023599085546574722,0.10523491328409092
radar_camera,76.102097,-0.7587767552212265,0.032299340011259586,0.5912575272041491,0.3154008437363206,9.215366928912752,0.04733041766352286,0.007004147839163393,0.07296293717314947,0.01824980922204781,0.09885188470495007,0.02432010067884334,0.10683491328409256
radar_camera,76.11209699999999,-0.7118340739220447,0.1501194659973049,0.6360584180690884,0.3910314858783656,9.216477225239773,0.051235726115559675,0.002874181619677611,0.04653229658044513,0.009511990208849132,0.07118684473456285,0.02505907873045034,0.10768312210049281
radar_camera,76.122097,-0.7103328792620709,0.1501194659973049,0.639968732927874,0.3910314858783656,9.21698958250093,0.051235726115559675,0.00302273170483737,0.048132296580446765,0.00985577135392571,0.0727868447345645,0.025822800605223142,0.10928312210049446
radar_camera,76.132097,-0.7088316846020971,0.1501194659973049,0.6438790477866597,0.3910314858783656,9.217501939762085,0.051235726115559675,0.0031809082493132286,0.0497322965804484,0.010214109867949213,0.07438684473456614,0.026608379104416064,0.1108831221004961
radar_camera,76.14209699999999,-0.7073304899421254,0.1501194659973049,0.6477893626454398,0.3910314858783656,9.21801429702324,0.051235726115559675,0.0033490312531049404,0.05133229658044549,0.010587325750919106,0.07598684473456323,0.027416134228027945,0.11248312210049319
radar_camera,76.152097,-0.7058292952821517,0.1501194659973049,0.6516996775042255,0.3910314858783656,9.218526654284396,0.051235726115559675,0.0035274207162129837,0.052932296580447125,0.010975739002836446,0.07758684473456487,0.028246385976061078,0.11408312210049483
radar_camera,76.162097,-0.7043281006221779,0.1501194659973049,0.6556099923630112,0.3910314858783656,9.219039011545552,0.051235726115559675,0.0037163966386371274,0.05453229658044876,0.011379669623700716,0.07918684473456651,0.029099454348514332,0.11568312210049647
radar_camera,76.172097,-0.7028269059622062,0.1501194659973049,0.6595203072217913,0.3910314858783656,9.219551368806707,0.051235726115559675,0.00391627902037708,0.05613229658044585,0.011799437613511305,0.0807868447345636,0.029975659345386454,0.11728312210049356
radar_camera,76.182097,-0.692531601625886,0.17287745012906527,0.6604861537709944,0.386305832538228,9.21460778237572,0.043655383863552555,0.00395646737373063,0.05626981357758514,0.012037809655908345,0.08139255926279468,0.023003382109171876,0.10143046298983124
radar_camera,76.192097,-0.6908028271245945,0.17287745012906527,0.6643492120963786,0.386305832538228,9.215044336214357,0.043655383863552555,0.004170346248439624,0.057869813577586776,0.012482994229803753,0.08299255926279632,0.023693032138238073,0.10303046298983289
radar_camera,76.202097,-0.6890740526233055,0.17287745012906527,0.6682122704217575,0.386305832538228,9.215480890052993,0.043655383863552555,0.004395799085863818,0.059469813577583866,0.01294477731555107,0.08459255926279341,0.024403288259901235,0.10463046298982998
radar_camera,76.212097,-0.687345278122014,0.17287745012906527,0.6720753287471417,0.386305832538228,9.215917443891628,0.043655383863552555,0.0046331458860038545,0.0610698135775855,0.013423478913151607,0.08619255926279505,0.025134470474163378,0.10623046298983162
radar_camera,76.22209699999999,-0.6856165036207249,0.17287745012906527,0.6759383870725205,0.386305832538228,9.216353997730264,0.043655383863552555,0.0048827066488590564,0.06266981357758258,0.013919419022604003,0.08779255926279214,0.025886898781022426,0.10783046298982871
radar_camera,76.232097,-0.6838877291194334,0.17287745012906527,0.6798014453979048,0.386305832538228,9.2167905515689,0.043655383863552555,0.005144801374430134,0.06426981357758423,0.014432917643909667,0.08939255926279378,0.026660893180480514,0.10943046298983035
radar_camera,76.242097,-0.6821589546181419,0.17287745012906527,0.683664503723289,0.386305832538228,9.217227105407536,0.043655383863552555,0.005419750062716741,0.06586981357758587,0.01496429477706791,0.09099255926279542,0.027456773672536593,0.11103046298983199
radar_camera,76.25209699999999,-0.6804301801168529,0.17287745012906527,0.6875275620486678,0.386305832538228,9.217663659246172,0.043655383863552555,0.0057078727137184595,0.06746981357758296,0.015513870422077936,0.09259255926279251,0.028274860257189484,0.11263046298982908
radar_camera,76.262097,-0.6787014056155614,0.17287745012906527,0.6913906203740521,0.386305832538228,9.218100213084808,0.043655383863552555,0.006009489327436109,0.0690698135775846,0.016081964578941305,0.09419255926279416,0.029115472934441507,0.11423046298983072
radar_camera,76.272097,-0.6769726311142699,0.17287745012906527,0.6952536786994363,0.386305832538228,9.218536766923444,0.043655383863552555,0.006324919903869289,0.07066981357758624,0.016668897247657254,0.0957925592627958,0.02997893170429152,0.11583046298983236
radar_camera,76.282097,-0.6752438566129808,0.17287745012906527,0.6991167370248151,0.386305832538228,9.21897332076208,0.043655383863552555,0.006654484443017522,0.07226981357758333,0.01727498842822491,0.09739255926279289,0.03086555656673825,0.11743046298982945
radar_camera,76.292097,-0.6735150821116893,0.17287745012906527,0.7029797953501994,0.386305832538228,9.219409874600716,0.043655383863552555,0.006998502944881745,0.07386981357758497,0.017900558120645987,0.09899255926279453,0.031775667521784214,0.1190304629898311
radar_camera,76.302097,-0.6717863076103978,0.17287745012906527,0.7068428536755836,0.386305832538228,9.219846428439352,0.043655383863552555,0.0073572954094615,0.07546981357758661,0.018545926324919644,0.10059255926279617,0.032709584569428164,0.12063046298983274
radar_camera,76.312097,-0.5754555456505815,0.4068481398665362,0.7317084121486537,0.42938518180806207,9.219189169924816,0.04664704330438916,0.0029247120428828265,0.04737355596034551,0.009524904576867513,0.07195320382419158,0.03366103695230799,0.12148908396004325
radar_camera,76.322097,-0.5684050406952909,0.41384209123950594,0.7334381965371196,0.4250605055073867,9.215182489167335,0.040400060744484274,0.0029782826090253415,0.04805049271087265,0.00974339665679352,0.07277368957285488,0.02517875705849289,0.10354164919164473
radar_camera,76.33209699999999,-0.5642666197828996,0.41384209123950594,0.7376888015921896,0.4250605055073867,9.215586489774779,0.040400060744484274,0.0031339128691944616,0.04965049271086974,0.010098361888510033,0.07437368957285197,0.02591430911013107,0.10514164919164182
radar_camera,76.342097,-0.5601281988705025,0.41384209123950594,0.7419394066472657,0.4250605055073867,9.215990490382223,0.040400060744484274,0.0032994732279059804,0.05125049271087138,0.010468201858141625,0.07597368957285361,0.026670889491608632,0.10674164919164346
radar_camera,76.352097,-0.5559897779581053,0.41384209123950594,0.7461900117023417,0.4250605055073867,9.216394490989668,0.040400060744484274,0.0034752836851596838,0.05285049271087301,0.010853236565687803,0.07757368957285525,0.027448818202924545,0.1083416491916451
radar_camera,76.36209699999999,-0.5518513570457141,0.41384209123950594,0.7504406167574117,0.4250605055073867,9.216798491597112,0.040400060744484274,0.0036616642409553,0.0544504927108701,0.011253786011147989,0.07917368957285234,0.028248415244077656,0.10994164919164219
radar_camera,76.372097,-0.547712936133317,0.41384209123950594,0.7546912218124877,0.4250605055073867,9.217202492204557,0.040400060744484274,0.0038589348952933586,0.05605049271087174,0.011670170194523318,0.08077368957285398,0.02907000061507024,0.11154164919164383
radar_camera,76.382097,-0.5435745152209198,0.41384209123950594,0.7589418268675637,0.4250605055073867,9.217606492812001,0.040400060744484274,0.004067415648173603,0.05765049271087337,0.012102709115813235,0.08237368957285562,0.029913894315901173,0.11314164919164547
radar_camera,76.39209699999999,-0.5394360943085286,0.41384209123950594,0.7631924319226338,0.4250605055073867,9.218010493419445,0.040400060744484274,0.0042874264995957125,0.05925049271087046,0.01255172277501709,0.08397368957285271,0.030780416346569216,0.11474164919164256
radar_camera,76.402097,-0.5352976733961314,0.41384209123950594,0.7674430369777098,0.4250605055073867,9.21841449402689,0.040400060744484274,0.004519287449560313,0.060850492710872096,0.01301753117213616,0.08557368957285436,0.03166988670707682,0.1163416491916442
radar_camera,76.412097,-0.5311592524837343,0.41384209123950594,0.7716936420327858,0.4250605055073867,9.218818494634334,0.040400060744484274,0.0047633184980671005,0.06245049271087373,0.013500454307169818,0.087173689572856,0.03258262539742278,0.11794164919164585
radar_camera,76.422097,-0.527020831571343,0.41384209123950594,0.7759442470878558,0.4250605055073867,9.219222495241779,0.040400060744484274,0.005019839645115701,0.06405049271087082,0.01400081218011734,0.08877368957285309,0.03351895241760574,0.11954164919164294
radar_camera,76.432097,-0.5228824106589459,0.41384209123950594,0.7801948521429318,0.4250605055073867,9.219626495849223,0.040400060744484274,0.005289170890706845,0.06565049271087246,0.014518924790980152,0.09037368957285473,0.03447918776762837,0.12114164919164458
radar_camera,76.442097,-0.5187439897465488,0.41384209123950594,0.7844454571980078,0.4250605055073867,9.220030496456667,0.040400060744484274,0.005571632234840178,0.0672504927108741,0.015055112139757552,0.09197368957285637,0.035463651447489364,0.12274164919164622
radar_camera,76.452097,-0.5122506965537319,0.41935844947984985,0.7842298806187655,0.4171860707992287,9.21601179453941,0.03431928139859595,0.005545775176732461,0.06601847089870173,0.015294256722517559,0.09179010924318802,0.02603736148370964,0.10328442697071204
radar_camera,76.462097,-0.5080571120589312,0.41935844947984985,0.78840174132676,0.4171860707992287,9.216354987353396,0.03431928139859595,0.005838949965048276,0.06761847089870338,0.015856062838360656,0.09339010924318966,0.02677814092300048,0.10488442697071368
radar_camera,76.47209699999999,-0.5038635275641365,0.41935844947984985,0.7925736020347485,0.4171860707992287,9.216698180167382,0.03431928139859595,0.006145648447543401,0.06921847089870047,0.01643654697605157,0.09499010924318675,0.02753989724768439,0.10648442697071077
radar_camera,76.482097,-0.49966994306933593,0.41935844947984985,0.7967454627427429,0.4171860707992287,9.217041372981368,0.03431928139859595,0.0064661906242187055,0.07081847089870211,0.017036029135591952,0.0965901092431884,0.02832295045776353,0.10808442697071241
radar_camera,76.492097,-0.4954763585745353,0.41935844947984985,0.8009173234507374,0.4171860707992287,9.217384565795355,0.03431928139859595,0.006800896495073766,0.07241847089870375,0.017654829316980994,0.09819010924319004,0.029127620553236835,0.10968442697071405
radar_camera,76.50209699999999,-0.49128277407974064,0.41935844947984985,0.8050891841587259,0.4171860707992287,9.21772775860934,0.03431928139859595,0.007150086060108074,0.07401847089870084,0.01829326752021777,0.09979010924318713,0.029954227534103112,0.11128442697071114
radar_camera,76.512097,-0.4255866699768359,0.570855361516009,0.813089101342268,0.42827117011004434,9.214703783887005,0.03185526690907106,0.002882820917631488,0.046960925351954654,0.00941867115565604,0.07143081306672973,0.030782385458234116,0.11213542711448883
radar_camera,76.522097,-0.4198781163616729,0.570855361516009,0.8173718130433706,0.42827117011004434,9.215022336556096,0.03185526690907106,0.0030317029729348237,0.04856092535195629,0.00976052970187956,0.07303081306673137,0.03165326381871504,0.11373542711449047
radar_camera,76.532097,-0.414169562746518,0.570855361516009,0.8216545247444671,0.42827117011004434,9.215340889225187,0.03185526690907106,0.003190297213308328,0.05016092535195338,0.010116994410715925,0.07463081306672846,0.0325468892646176,0.11533542711448756
radar_camera,76.542097,-0.40846100913135497,0.570855361516009,0.8259372364455697,0.42827117011004434,9.215659441894278,0.03185526690907106,0.0033589236387524513,0.05176092535195501,0.010488385282166147,0.0762308130667301,0.03346358179594433,0.1169354271144892
radar_camera,76.552097,-0.40275245551619193,0.570855361516009,0.8302199481466723,0.42827117011004434,9.215977994563369,0.03185526690907106,0.0035379022492669767,0.05336092535195665,0.010875022316229731,0.07783081306673174,0.034403661412693985,0.11853542711449085
radar_camera,76.562097,-0.39704390190103706,0.570855361516009,0.8345026598477688,0.42827117011004434,9.21629654723246,0.03185526690907106,0.0037275530448516265,0.05496092535195374,0.011277225512906094,0.07943081306672883,0.035367448114865176,0.12013542711448794
radar_camera,76.572097,-0.391335348285874,0.570855361516009,0.8387853715488715,0.42827117011004434,9.216615099901551,0.03185526690907106,0.00392819602550694,0.05656092535195537,0.01169531487219638,0.08103081306673048,0.03635526190246064,0.12173542711448958
radar_camera,76.582097,-0.37743369129631027,0.5920797391026205,0.8419105994186453,0.4268822837419383,9.20881086029749,0.02095269237354215,0.003976065264704961,0.05662754788613147,0.011933626598845223,0.08155744403806729,0.026436817542977168,0.10243207976145936
radar_camera,76.592097,-0.37151289390528947,0.5920797391026205,0.8461794222560608,0.4268822837419383,9.209020387221225,0.02095269237354215,0.0041910556943541,0.05822754788612856,0.01237724610010194,0.08315744403806438,0.02717237624020645,0.10403207976145645
radar_camera,76.602097,-0.3655920965142602,0.5920797391026205,0.8504482450934824,0.4268822837419383,9.20922991414496,0.02095269237354215,0.004417691633580774,0.05982754788613019,0.012837497090166907,0.08475744403806602,0.027928741353389075,0.1056320797614581
radar_camera,76.61209699999999,-0.3596712991232394,0.5920797391026205,0.8547170679308979,0.4268822837419383,9.209439441068694,0.02095269237354215,0.004656293082384339,0.06142754788612728,0.013314699569038812,0.08635744403806311,0.028706232882522893,0.10723207976145518
radar_camera,76.622097,-0.3537505017322102,0.5920797391026205,0.8589858907683194,0.4268822837419383,9.209648967992429,0.02095269237354215,0.004907180040765471,0.06302754788612892,0.013809173536719014,0.08795744403806476,0.029505170827610113,0.10883207976145683
radar_camera,76.632097,-0.34782970434118093,0.5920797391026205,0.863254713605741,0.4268822837419383,9.209858494916164,0.02095269237354215,0.005170672508723843,0.06462754788613057,0.014321238993206847,0.0895574440380664,0.030325875188649647,0.11043207976145847
radar_camera,76.64209699999999,-0.34190890695016013,0.5920797391026205,0.8675235364431565,0.4268822837419383,9.210068021839898,0.02095269237354215,0.005447090486259052,0.06622754788612766,0.014851215938501545,0.09115744403806349,0.03116866596564028,0.11203207976145556
radar_camera,76.652097,-0.3275031751541181,0.6135735363577894,0.8705475831738061,0.425368065253971,9.205055899623634,0.014030360019118664,0.005438699093863119,0.06520808274341948,0.015093604556714602,0.09108916515248247,0.023738489220639685,0.09766121495276626
radar_camera,76.662097,-0.32136743979053706,0.6135735363577894,0.8748012638263479,0.425368065253971,9.205196203223826,0.014030360019118664,0.005726508576460378,0.06680808274342112,0.015649250492176893,0.09268916515248411,0.02439964125161292,0.0992612149527679
radar_camera,76.672097,-0.31523170442696474,0.6135735363577894,0.8790549444788838,0.425368065253971,9.205336506824016,0.014030360019118664,0.006027679675605897,0.06840808274341821,0.01622343426066887,0.0942891651524812,0.025080645525575745,0.100861214952765
radar_camera,76.682097,-0.3090959690633837,0.6135735363577894,0.8833086251314256,0.425368065253971,9.205476810424209,0.014030360019118664,0.0063425323913005325,0.07000808274341985,0.01681647586219217,0.09588916515248284,0.025781822042530097,0.10246121495276664
radar_camera,76.69209699999999,-0.3029602336998114,0.6135735363577894,0.8875623057839614,0.425368065253971,9.205617114024399,0.014030360019118664,0.006671386723543389,0.07160808274341694,0.017428695296745098,0.09748916515247993,0.026503490802473984,0.10406121495276373
radar_camera,76.702097,-0.29682449833623037,0.6135735363577894,0.8918159864365033,0.425368065253971,9.205757417624591,0.014030360019118664,0.0070145626723354,0.07320808274341858,0.0180604125643294,0.09908916515248158,0.027245971805409455,0.10566121495276537
radar_camera,76.712097,-0.2651005078280334,0.6746697493545679,0.870055216065242,0.3815899297362679,9.204811140399585,0.013077750582783721,0.002866829073323792,0.046849195188346585,0.009321107583520121,0.07101245116166331,0.027977567473882765,0.10647700207339837
radar_camera,76.72209699999999,-0.2559319413404815,0.680578017915461,0.8733443731449388,0.380860956322906,9.201888117828947,0.008930330243105519,0.0029313814553694195,0.04735243729444372,0.009535347961787158,0.07165012185278755,0.021907015048841207,0.09467172802205875
radar_camera,76.732097,-0.24912616116132338,0.680578017915461,0.8771529827081699,0.380860956322906,9.201977421131378,0.008930330243105519,0.00308533509990681,0.04895243729444535,0.00988437032946585,0.07325012185278919,0.022523788287170544,0.0962717280220604
radar_camera,76.742097,-0.2423203809821653,0.680578017915461,0.8809615922714009,0.380860956322906,9.20206672443381,0.008930330243105519,0.0032490792319031,0.050552437294446986,0.010248042721515117,0.07485012185279083,0.02315981587110431,0.09787172802206204
radar_camera,76.75209699999999,-0.23551460080301687,0.680578017915461,0.8847702018346265,0.380860956322906,9.20215602773624,0.008930330243105519,0.0034229338513580344,0.052152437294444076,0.010626685137934407,0.07645012185278792,0.023815417800641565,0.09947172802205913
radar_camera,76.762097,-0.22870882062385878,0.680578017915461,0.8885788113978575,0.380860956322906,9.202245331038672,0.008930330243105519,0.0036072189582721085,0.05375243729444571,0.011020617578724799,0.07805012185278956,0.02449091407578417,0.10107172802206077
radar_camera,76.772097,-0.2219030404447007,0.680578017915461,0.8923874209610886,0.380860956322906,9.202334634341103,0.008930330243105519,0.003802254552645083,0.055352437294447346,0.011430160043885763,0.0796501218527912,0.02518662469653121,0.10267172802206241
radar_camera,76.782097,-0.21509726026555226,0.680578017915461,0.8961960305243142,0.380860956322906,9.202423937643534,0.008930330243105519,0.004008360634476657,0.056952437294444436,0.011855632533416687,0.08125012185278829,0.025902869662881647,0.1042717280220595
radar_camera,76.792097,-0.20829148008639417,0.680578017915461,0.9000046400875452,0.380860956322906,9.202513240945965,0.008930330243105519,0.0042258572037674165,0.05855243729444607,0.012297355047318779,0.08285012185278993,0.026639968974837523,0.10587172802206114
radar_camera,76.802097,-0.20148569990723608,0.680578017915461,0.9038132496507763,0.380860956322906,9.202602544248396,0.008930330243105519,0.004455064260517077,0.060152437294447705,0.012755647585591444,0.08445012185279158,0.027398242632397832,0.10747172802206278
radar_camera,76.812097,-0.19467991972808765,0.680578017915461,0.9076218592140018,0.380860956322906,9.202691847550827,0.008930330243105519,0.004696301804725289,0.061752437294444795,0.013230830148233997,0.08605012185278867,0.028178010635561454,0.10907172802205987
radar_camera,76.822097,-0.18787413954892956,0.680578017915461,0.9114304687772329,0.380860956322906,9.202781150853259,0.008930330243105519,0.004949889836392735,0.06335243729444644,0.013723222735247788,0.08765012185279031,0.028979592984330605,0.11067172802206152
radar_camera,76.832097,-0.18106835936977148,0.680578017915461,0.9152390783404639,0.380860956322906,9.20287045415569,0.008930330243105519,0.005216148355519084,0.06495243729444808,0.014233145346632158,0.08925012185279195,0.02980330967870419,0.11227172802206316
radar_camera,76.842097,-0.17426257919062305,0.680578017915461,0.9190476879036895,0.380860956322906,9.202959757458121,0.008930330243105519,0.00549539736210393,0.06655243729444517,0.014760917982386339,0.09085012185278904,0.03064948071868099,0.11387172802206025
radar_camera,76.852097,-0.16745679901146496,0.680578017915461,0.9228562974669205,0.380860956322906,9.203049060760552,0.008930330243105519,0.005787956856148066,0.06815243729444681,0.015306860642511834,0.09245012185279068,0.03151842610426341,0.11547172802206189
radar_camera,76.86209699999999,-0.16065101883231653,0.680578017915461,0.9266649070301461,0.380860956322906,9.203138364062983,0.008930330243105519,0.006094146837650661,0.0697524372944439,0.01587129332700709,0.09405012185278777,0.03241046583544899,0.11707172802205898
radar_camera,76.872097,-0.15384523865315844,0.680578017915461,0.9304735165933772,0.380860956322906,9.203227667365415,0.008930330243105519,0.006414287306612583,0.07135243729444554,0.016454536035873712,0.09565012185278941,0.033325919912240244,0.11867172802206062
radar_camera,76.882097,-0.14703945847400035,0.680578017915461,0.9342821261566082,0.380860956322906,9.203316970667846,0.008930330243105519,0.006748698263033409,0.07295243729444718,0.017056908769110913,0.09725012185279105,0.03426510833463594,0.12027172802206226
radar_camera,76.89209699999999,-0.14023367829485192,0.680578017915461,0.9380907357198338,0.380860956322906,9.203406273970277,0.008930330243105519,0.007097699706912634,0.07455243729444427,0.017678731526717794,0.09885012185278814,0.03522835110263469,0.12187172802205935
radar_camera,76.902097,-0.13342789811569383,0.680578017915461,0.9418993452830648,0.380860956322906,9.203495577272708,0.008930330243105519,0.007461611638251248,0.07615243729444592,0.01832032430869612,0.10045012185278979,0.03621596821623923,0.123471728022061
radar_camera,76.912097,-0.11852718387864443,0.6979363401684641,0.9136968647215009,0.3251553255072322,9.20393160750614,0.0097815045954123,0.002963628460606581,0.04778236459141496,0.009390472021288832,0.07168170605324099,0.03717092198028059,0.12420869661170002
radar_camera,76.922097,-0.11154782047696614,0.6979363401684641,0.9169484179765702,0.3251553255072322,9.204029422552095,0.0097815045954123,0.0031166054333370587,0.04938236459141205,0.009732370543352178,0.07328170605323808,0.03820627604734827,0.1258086966116971
radar_camera,76.932097,-0.10456845707527793,0.6979363401684641,0.9201999712316442,0.3251553255072322,9.20412723759805,0.0097815045954123,0.0032794588789860396,0.050982364591413684,0.010088925406626663,0.07488170605323972,0.03926679185373976,0.12740869661169874
radar_camera,76.94209699999999,-0.09758909367359964,0.6979363401684641,0.9234515244867135,0.3251553255072322,9.204225052644004,0.0097815045954123,0.0034525087975530605,0.052582364591410774,0.010460456611111273,0.07648170605323681,0.040352789399452055,0.1290086966116958
radar_camera,76.952097,-0.09060973027191142,0.6979363401684641,0.9267030777417875,0.3251553255072322,9.204322867689958,0.0097815045954123,0.003636075189038613,0.05418236459141241,0.010847284156807063,0.07808170605323846,0.04146458868448824,0.13060869661169744
radar_camera,76.962097,-0.08363036687022321,0.6979363401684641,0.9299546309968615,0.3251553255072322,9.204420682735913,0.0097815045954123,0.003830478053442459,0.055782364591414044,0.011249728043713516,0.0796817060532401,0.0426025097088468,0.13220869661169907
radar_camera,76.97209699999999,-0.07665100346854492,0.6979363401684641,0.9332061842519308,0.3251553255072322,9.204518497781867,0.0097815045954123,0.004036037390764299,0.057382364591411134,0.011668108271830029,0.08128170605323719,0.043766872472526044,0.13380869661169614
radar_camera,76.982097,-0.0738840451163506,0.6868809851395625,0.936566532140418,0.3249871949718415,9.199996160093075,0.0037469405025551752,0.004080088660324239,0.05730392005107259,0.011898122885452889,0.08171926310624786,0.030031771442469095,0.10820813736888503
radar_camera,76.992097,-0.06701523526495147,0.6868809851395625,0.939816404090138,0.3249871949718415,9.200033629498101,0.0037469405025551752,0.00429973049086696,0.05890392005107423,0.012341894246516326,0.0833192631062495,0.030848026147120115,0.10980813736888667
radar_camera,77.00209699999999,-0.06014642541356209,0.6868809851395625,0.9430662760398535,0.3249871949718415,9.200071098903127,0.0037469405025551752,0.004531153105419571,0.06050392005107132,0.012802329460200362,0.08491926310624659,0.031686242479243724,0.11140813736888376
radar_camera,77.012097,-0.05327761556216295,0.6868809851395625,0.9463161479895735,0.3249871949718415,9.200108568308153,0.0037469405025551752,0.004774676503982729,0.06210392005107295,0.013279748526506307,0.08651926310624823,0.032546740438842314,0.1130081373688854
radar_camera,77.022097,-0.046408805710763806,0.6868809851395625,0.9495660199392936,0.3249871949718415,9.200146037713179,0.0037469405025551752,0.005030620686556115,0.06370392005107459,0.01377447144543352,0.08811926310624987,0.0334298400259147,0.11460813736888704
radar_camera,77.032097,-0.03953999585937443,0.6868809851395625,0.9528158918890091,0.3249871949718415,9.200183507118204,0.0037469405025551752,0.005299305653139338,0.06530392005107168,0.014286818216981263,0.08971926310624696,0.03433586124045959,0.11620813736888413
radar_camera,77.042097,-0.032671186007975285,0.6868809851395625,0.9560657638387291,0.3249871949718415,9.20022097652323,0.0037469405025551752,0.005581051403733161,0.06690392005107332,0.014817108841150986,0.0913192631062486,0.03526512408247955,0.11780813736888578
radar_camera,77.052097,-0.025802376156576146,0.6868809851395625,0.9593156357884491,0.3249871949718415,9.200258445928256,0.0037469405025551752,0.005876177938337212,0.06850392005107496,0.015365663317941978,0.09291926310625025,0.036217948551973314,0.11940813736888742
radar_camera,77.062097,-0.018933566305186767,0.6868809851395625,0.9625655077381646,0.3249871949718415,9.200295915333282,0.0037469405025551752,0.006185005256951044,0.07010392005107205,0.01593280164735342,0.09451926310624734,0.03719465464893947,0.12100813736888451
radar_camera,77.072097,-0.012064756453787628,0.6868809851395625,0.9658153796878847,0.3249871949718415,9.200333384738308,0.0037469405025551752,0.0065078533595755335,0.07170392005107369,0.016518843829386926,0.09611926310624898,0.0381955623733808,0.12260813736888615
radar_camera,77.082097,-0.005195946602388489,0.6868809851395625,0.9690652516376047,0.3249871949718415,9.200370854143333,0.0037469405025551752,0.006845042246210253,0.07330392005107533,0.0171241098640417,0.09771926310625062,0.03922099172529593,0.12420813736888779
radar_camera,77.092097,0.0016728632490008895,0.6868809851395625,0.9723151235873202,0.3249871949718415,9.20040832354836,0.0037469405025551752,0.007196891916854691,0.07490392005107242,0.017748919751316844,0.09931926310624771,0.040271262704683355,0.12580813736888488
radar_camera,77.102097,0.008541673100400028,0.6868809851395625,0.9755649955370402,0.3249871949718415,9.200445792953385,0.0037469405025551752,0.007563722371509848,0.07650392005107406,0.018393593491214128,0.10091926310624935,0.041346695311546056,0.1274081373688865
radar_camera,77.11209699999999,-0.020436431829612123,0.5952343981536309,0.9320672834702994,0.23924805344029634,9.206149151009805,0.013663766716780709,0.0030220648013209415,0.048079833612064846,0.009414987155619808,0.07190610688163591,0.04237815031780358,0.12807954365494
radar_camera,77.122097,-0.019225477677652127,0.5836387911530121,0.9350411509112088,0.2399366249246957,9.200449894928683,0.006277672731048508,0.0030723903052471044,0.04848206726168596,0.009619708707373848,0.07250546281250127,0.029507768791616568,0.10553188880527142
radar_camera,77.132097,-0.013389089766119019,0.5836387911530121,0.937440517160457,0.2399366249246957,9.200512671655993,0.006277672731048508,0.0032318589406173954,0.050082067261687596,0.00997242496950882,0.07410546281250291,0.030292285528319498,0.10713188880527307
radar_camera,77.14209699999999,-0.007552701854594206,0.5836387911530121,0.9398398834097017,0.2399366249246957,9.200575448383303,0.006277672731048508,0.0034013439894397856,0.051682067261684686,0.010339962324205774,0.0757054628125,0.031098228642782347,0.10873188880527015
radar_camera,77.152097,-0.0017163139430610994,0.5836387911530121,0.9422392496589499,0.2399366249246957,9.200638225110612,0.006277672731048508,0.0035811654517147575,0.05328206726168632,0.010722640771465756,0.07730546281250164,0.031925918135007406,0.1103318888052718
radar_camera,77.162097,0.004120073968472008,0.5836387911530121,0.9446386159081981,0.2399366249246957,9.200701001837922,0.006277672731048508,0.0037716433274420772,0.054882067261687956,0.011120780311288254,0.07890546281250328,0.03277567400499354,0.11193188880527344
radar_camera,77.172097,0.00995646187999682,0.5836387911530121,0.9470379821574428,0.2399366249246957,9.200763778565232,0.006277672731048508,0.003973097616621452,0.056482067261685046,0.01153470094367267,0.08050546281250037,0.03364781625273949,0.11353188880527053
radar_camera,77.182097,0.015792849791529926,0.5836387911530121,0.949437348406691,0.2399366249246957,9.200826555292542,0.006277672731048508,0.004185848319253453,0.05808206726168668,0.011964722668620179,0.08210546281250201,0.034542664878247746,0.11513188880527217
radar_camera,77.19209699999999,0.02162923770305474,0.5836387911530121,0.9518367146559358,0.2399366249246957,9.200889332019852,0.006277672731048508,0.0044102154353374765,0.05968206726168377,0.012411165486129559,0.0837054628124991,0.035460539881515755,0.11673188880526926
radar_camera,77.202097,0.027465625614587846,0.5836387911530121,0.954236080905184,0.2399366249246957,9.200952108747162,0.006277672731048508,0.0046465189648741585,0.061282067261685405,0.012874349396202077,0.08530546281250075,0.03640176126254613,0.1183318888052709
radar_camera,77.212097,0.03330201352612095,0.5836387911530121,0.9566354471544322,0.2399366249246957,9.201014885474471,0.006277672731048508,0.004895078907863191,0.06288206726168705,0.013354594398837114,0.08690546281250239,0.03736664902133758,0.11993188880527254
radar_camera,77.22209699999999,0.03913840143764576,0.5836387911530121,0.9590348134036769,0.2399366249246957,9.201077662201781,0.006277672731048508,0.005156215264304193,0.06448206726168414,0.01385222049403395,0.08850546281249948,0.03835552315788869,0.12153188880526963
radar_camera,77.232097,0.04497478934917887,0.5836387911530121,0.9614341796529251,0.2399366249246957,9.201140438929091,0.006277672731048508,0.005430248034197907,0.06608206726168578,0.014367547681793998,0.09010546281250112,0.03936870367220227,0.12313188880527128
radar_camera,77.242097,0.05081117726071197,0.5836387911530121,0.9638335459021733,0.2399366249246957,9.2012032156564,0.006277672731048508,0.005717497217543972,0.06768206726168742,0.014900895962116564,0.09170546281250276,0.04040651056427693,0.12473188880527292
radar_camera,77.25209699999999,0.043960775227951956,0.5513651311163607,0.9671832208406301,0.24044843233312174,9.196582284806942,0.0010189138986486292,0.005678174462121288,0.06637090898163116,0.015128565171371644,0.09151927382824074,0.028475909302591067,0.10391132264627034
radar_camera,77.262097,0.049474426539118384,0.5513651311163607,0.9695877051639625,0.24044843233312174,9.196592473945929,0.0010189138986486292,0.005975440558809125,0.0679709089816328,0.015687242161097115,0.09311927382824238,0.02922619299902119,0.10551132264627198
radar_camera,77.272097,0.05498807785028481,0.5513651311163607,0.9719921894872949,0.24044843233312174,9.196602663084915,0.0010189138986486292,0.006286300837293303,0.06957090898163444,0.016264543005588255,0.09471927382824402,0.02999757895998059,0.10711132264627363
radar_camera,77.282097,0.060501729161443404,0.5513651311163607,0.974396673810624,0.24044843233312174,9.196612852223902,0.0010189138986486292,0.006611075297573351,0.07117090898163153,0.016860787704844202,0.09631927382824111,0.030790387185468122,0.10871132264627072
radar_camera,77.292097,0.06601538047260982,0.5513651311163607,0.9768011581339564,0.24044843233312174,9.196623041362889,0.0010189138986486292,0.00695008393965019,0.07277090898163317,0.01747629625886665,0.09791927382824275,0.03160493767548604,0.11031132264627236
radar_camera,77.302097,0.07152903178377626,0.5513651311163607,0.9792056424572888,0.24044843233312174,9.196633230501876,0.0010189138986486292,0.007303646763523372,0.07437090898163481,0.018111388667654764,0.0995192738282444,0.03244155043003324,0.111911322646274
radar_camera,77.312097,0.12302924450245473,0.6590273326260998,0.9277161708374815,0.1496344637848032,9.194614040428295,-0.002938740339954735,0.0029992512378195124,0.04744259426564985,0.009343011900323436,0.07116551201299097,0.03327595731394287,0.11266992679614275
radar_camera,77.322097,0.12961951782871908,0.6590273326260998,0.9292125154753302,0.1496344637848032,9.194584653024895,-0.002938740339954735,0.003152248425434128,0.04904259426565148,0.009683406982832392,0.07276551201299261,0.034156376835926046,0.1142699267961444
radar_camera,77.332097,0.13620979115498344,0.6590273326260998,0.930708860113179,0.1496344637848032,9.194555265621496,-0.002938740339954735,0.0033150541319018835,0.05064259426565312,0.010038355167743962,0.07436551201299425,0.03505965034326848,0.11586992679614604
radar_camera,77.342097,0.14280006448123844,0.6590273326260998,0.9322052047510256,0.1496344637848032,9.194525878218096,-0.002938740339954735,0.0034879883572225268,0.05224259426565021,0.01040817645505761,0.07596551201299134,0.03598609783596883,0.11746992679614313
radar_camera,77.352097,0.1493903378075028,0.6590273326260998,0.9337015493888744,0.1496344637848032,9.194496490814696,-0.002938740339954735,0.0036713711013965492,0.05384259426565184,0.010793190844774387,0.07756551201299298,0.03693603931402973,0.11906992679614477
radar_camera,77.36209699999999,0.1559806111337578,0.6590273326260998,0.935197894026721,0.1496344637848032,9.194467103411297,-0.002938740339954735,0.003865522364423429,0.05544259426564893,0.011193718336893197,0.07916551201299007,0.037909794777448484,0.12066992679614186
radar_camera,77.372097,0.16257088446002216,0.6590273326260998,0.9366942386645698,0.1496344637848032,9.194437716007897,-0.002938740339954735,0.004070762146303718,0.057042594265650566,0.011610078931415182,0.08076551201299172,0.03890768422622786,0.1222699267961435
radar_camera,77.382097,0.17423180026377508,0.6716455469984333,0.9333710669910844,0.14122604878636782,9.1988309649917,0.00255974411781362,0.004098750017098388,0.05714873513721315,0.011835954689921688,0.08140660245024052,0.027671624878813188,0.10304192324476576
radar_camera,77.39209699999999,0.1809482557337533,0.6716455469984333,0.9347833274789468,0.14122604878636782,9.198856562432878,0.00255974411781362,0.004317567859516341,0.05874873513721024,0.012277522883895338,0.08300660245023761,0.02839943691570334,0.10464192324476285
radar_camera,77.402097,0.1876647112037411,0.6716455469984333,0.9361955879668111,0.14122604878636782,9.198882159874056,0.00255974411781362,0.0045481354489620525,0.060348735137211874,0.012735692398359668,0.08460660245023925,0.029148177337243484,0.10624192324476449
radar_camera,77.412097,0.19438116667372887,0.6716455469984333,0.9376078484546755,0.14122604878636782,9.198907757315235,0.00255974411781362,0.004790772785435218,0.06194873513721351,0.013210783233314063,0.0862066024502409,0.029918166143432602,0.10784192324476613
radar_camera,77.422097,0.2010976221437071,0.6716455469984333,0.9390201089425378,0.14122604878636782,9.198933354756413,0.00255974411781362,0.005045799868935468,0.0635487351372106,0.013703115388757812,0.08780660245023798,0.030709723334269554,0.10944192324476322
radar_camera,77.432097,0.2078140776136949,0.6716455469984333,0.9404323694304022,0.14122604878636782,9.198958952197591,0.00255974411781362,0.005313536699463526,0.06514873513721224,0.014213008864692313,0.08940660245023963,0.03152316890975659,0.11104192324476486
radar_camera,77.44209699999999,0.21453053308367312,0.6716455469984333,0.9418446299182646,0.14122604878636782,9.19898454963877,0.00255974411781362,0.005594303277018631,0.06674873513720933,0.014740783661116119,0.09100660245023671,0.0323588228698914,0.11264192324476195
radar_camera,77.452097,0.2212469885536609,0.6716455469984333,0.9432568904061289,0.14122604878636782,9.199010147079948,0.00255974411781362,0.005888419601601582,0.06834873513721097,0.015286759778030727,0.09260660245023836,0.033217005214676354,0.1142419232447636
radar_camera,77.462097,0.22796344402364868,0.6716455469984333,0.9446691508939933,0.14122604878636782,9.199035744521126,0.00255974411781362,0.0061962056732119885,0.06994873513721261,0.015851257215435403,0.09420660245024,0.03409803594411029,0.11584192324476524
radar_camera,77.47209699999999,0.23467989949362691,0.6716455469984333,0.9460814113818556,0.14122604878636782,9.199061341962304,0.00255974411781362,0.006517981491849385,0.0715487351372097,0.016434595973329302,0.09580660245023709,0.035002235058191895,0.11744192324476233
radar_camera,77.482097,0.2413963549636147,0.6716455469984333,0.94749367186972,0.14122604878636782,9.199086939403482,0.00255974411781362,0.006854067057514685,0.07314873513721135,0.017037096051714086,0.09740660245023873,0.035929922556923746,0.11904192324476397
radar_camera,77.492097,0.24811281043360248,0.6716455469984333,0.9489059323575844,0.14122604878636782,9.19911253684466,0.00255974411781362,0.007204782370207443,0.07474873513721299,0.017659077450588936,0.09900660245024037,0.03688141844030458,0.12064192324476561
radar_camera,77.50209699999999,0.2548292659035807,0.6716455469984333,0.9503181928454467,0.14122604878636782,9.199138134285839,0.00255974411781362,0.007570447429927128,0.07634873513721008,0.01830086016995293,0.10060660245023746,0.03785704270833298,0.1222419232447627
radar_camera,77.512097,0.23359887312420627,0.5968496479796935,0.8834246471049829,0.0177710584631533,9.204266635134047,0.013237147641008841,0.003122858304063598,0.04834469533747655,0.009433048766044005,0.07180730307658288,0.03876820425421907,0.12276845356211828
radar_camera,77.522097,0.24131110731567423,0.6008300112803037,0.880817767190785,0.012988627666136371,9.205388532388008,0.014471480344116838,0.003152014754074856,0.04890384254184295,0.00963802563513687,0.07261188514162431,0.027760250774078826,0.10406270263206638
radar_camera,77.532097,0.2473194074284718,0.6008300112803037,0.8809476534674462,0.012988627666136371,9.20553324719145,0.014471480344116838,0.0033139565140955585,0.05050384254184004,0.009991282247572822,0.0742118851416214,0.02849488766176811,0.10566270263206347
radar_camera,77.542097,0.2533277075412779,0.6008300112803037,0.8810775397441076,0.012988627666136371,9.205677961994892,0.014471480344116838,0.003485999042624863,0.05210384254184167,0.010359381237037604,0.07581188514162304,0.029250657089984852,0.10726270263206511
radar_camera,77.552097,0.25933600765408404,0.6008300112803037,0.8812074260207691,0.012988627666136371,9.205822676798334,0.014471480344116838,0.003668462339662546,0.05370384254184331,0.010742642603530727,0.07741188514162468,0.03002787905872803,0.10886270263206675
radar_camera,77.562097,0.2653443077668816,0.6008300112803037,0.8813373122974303,0.012988627666136371,9.205967391601776,0.014471480344116838,0.003861666405208326,0.0553038425418404,0.011141386347051613,0.07901188514162177,0.030826873567996495,0.11046270263206384
radar_camera,77.572097,0.27135260787968773,0.6008300112803037,0.8814671985740917,0.012988627666136371,9.206112106405218,0.014471480344116838,0.004065931239262752,0.05690384254184203,0.011555932467601395,0.08061188514162342,0.031647960617792514,0.11206270263206548
radar_camera,77.582097,0.27736090799249385,0.6008300112803037,0.8815970848507532,0.012988627666136371,9.20625682120866,0.014471480344116838,0.004281576841825558,0.05850384254184367,0.011986600965179518,0.08221188514162506,0.03249146020811497,0.11366270263206713
radar_camera,77.592097,0.2833692081052914,0.6008300112803037,0.8817269711274144,0.012988627666136371,9.206401536012102,0.014471480344116838,0.004508923212896414,0.06010384254184076,0.012433711839785337,0.08381188514162215,0.03335769233896261,0.11526270263206422
radar_camera,77.602097,0.28937750821809755,0.6008300112803037,0.8818568574040758,0.012988627666136371,9.206546250815544,0.014471480344116838,0.004748290352475964,0.06170384254184239,0.01289758509142012,0.08541188514162379,0.0342469770103379,0.11686270263206586
radar_camera,77.61209699999999,0.2953858083308951,0.6008300112803037,0.881986743680737,0.012988627666136371,9.206690965618986,0.014471480344116838,0.004999998260563529,0.06330384254183948,0.013378540720082549,0.08701188514162088,0.03515963422223832,0.11846270263206295
radar_camera,77.622097,0.30139410844370124,0.6008300112803037,0.8821166299573985,0.012988627666136371,9.206835680422428,0.014471480344116838,0.005264366937159824,0.06490384254184112,0.013876898725773992,0.08861188514162252,0.03609598397466646,0.12006270263206459
radar_camera,77.632097,0.30740240855650736,0.6008300112803037,0.8822465162340599,0.012988627666136371,9.20698039522587,0.014471480344116838,0.005541716382264501,0.06650384254184276,0.014392979108493777,0.09021188514162416,0.037056346267621026,0.12166270263206623
radar_camera,77.64209699999999,0.3134107086693049,0.6008300112803037,0.8823764025107211,0.012988627666136371,9.207125110029311,0.014471480344116838,0.005832366595877137,0.06810384254183985,0.014927101868241133,0.09181188514162125,0.038041041101100626,0.12326270263206332
radar_camera,77.652097,0.317901453981516,0.5966629798769714,0.8791611248672813,0.0067899362420344575,9.206332729909715,0.013499313283272852,0.005769843328821633,0.06672087666354594,0.015154192920961184,0.09160113793161821,0.027327969704102548,0.10424909377810603
radar_camera,77.662097,0.32386808378028875,0.5966629798769714,0.8792290242297016,0.0067899362420344575,9.206467723042547,0.013499313283272852,0.00606992899470819,0.06832087666354758,0.015713671555149064,0.09320113793161985,0.028055356503618217,0.10584909377810767
radar_camera,77.672097,0.32983471357905303,0.5966629798769714,0.8792969235921219,0.0067899362420344575,9.206602716175379,0.013499313283272852,0.006383678835927015,0.06992087666354467,0.016291790416922452,0.09480113793161694,0.02880391312188845,0.10744909377810476
radar_camera,77.682097,0.3358013433778258,0.5966629798769714,0.8793648229545422,0.0067899362420344575,9.20673770930821,0.013499313283272852,0.006711412852479,0.07152087666354631,0.01688886950628299,0.09640113793161859,0.02957395955891538,0.1090490937781064
radar_camera,77.69209699999999,0.3417679731765901,0.5966629798769714,0.8794327223169625,0.0067899362420344575,9.206872702441043,0.013499313283272852,0.0070534510443632115,0.0731208766635434,0.01750522882322898,0.09800113793161568,0.030365815814696807,0.11064909377810349
radar_camera,77.702097,0.34773460297536285,0.5966629798769714,0.8795006216793828,0.0067899362420344575,9.207007695573875,0.013499313283272852,0.007410113411580622,0.07472087666354504,0.018141188367762177,0.09960113793161732,0.03117980188923499,0.11224909377810513
radar_camera,77.712097,0.33099847631201074,0.5361083676777594,0.8266836752844914,-0.0888481354965,9.209737067617775,0.020495709377807314,0.003142710688369366,0.04799056718563179,0.009456228981226635,0.07148673120860462,0.03196563194524288,0.11288387076704481
radar_camera,77.72209699999999,0.3363595599887835,0.5361083676777594,0.8257951939295272,-0.0888481354965,9.209942024711554,0.020495709377807314,0.00330069592857475,0.04959056718562888,0.009800464578110542,0.07308673120860171,0.032822502711725786,0.1144838707670419
radar_camera,77.732097,0.3417206436655638,0.5361083676777594,0.8249067125745617,-0.0888481354965,9.210146981805332,0.020495709377807314,0.003468599282217488,0.05119056718563052,0.010159317521236663,0.07468673120860335,0.03370227025236333,0.11608387076704355
radar_camera,77.742097,0.34708172734234416,0.5361083676777594,0.8240182312195963,-0.0888481354965,9.21035193889911,0.020495709377807314,0.0036467407492973623,0.05279056718563215,0.010533107810604521,0.07628673120860499,0.034605254567154305,0.11768387076704519
radar_camera,77.75209699999999,0.3524428110191169,0.5361083676777594,0.823129749864632,-0.0888481354965,9.21055689599289,0.020495709377807314,0.003835440329814098,0.05439056718562924,0.010922155446213552,0.07788673120860208,0.03553177565609737,0.11928387076704228
radar_camera,77.762097,0.35780389469589724,0.5361083676777594,0.8222412685096666,-0.0888481354965,9.210761853086668,0.020495709377807314,0.004035018023768232,0.05599056718563088,0.011326780428064861,0.07948673120860372,0.036482153519195176,0.12088387076704392
radar_camera,77.772097,0.3631649783726776,0.5361083676777594,0.8213527871547012,-0.0888481354965,9.210966810180446,0.020495709377807314,0.004245793831159503,0.05759056718563251,0.011747302756157907,0.08108673120860536,0.03745670815644642,0.12248387076704556
radar_camera,77.782097,0.3651671361896853,0.5274344331129786,0.8193260238030386,-0.091245458332255,9.208258662455714,0.017050426577017594,0.004242232167666077,0.05742765314291041,0.01197515617568953,0.08153745160505696,0.026957837238279526,0.10381139415327992
radar_camera,77.792097,0.3704414805208178,0.5274344331129786,0.8184135692197156,-0.091245458332255,9.208429166721485,0.017050426577017594,0.0044656301055700665,0.05902765314291204,0.012420904207420834,0.0831374516050586,0.02767803087688521,0.10541139415328156
radar_camera,77.802097,0.3757158248519503,0.5274344331129786,0.8175011146363926,-0.091245458332255,9.208599670987256,0.017050426577017594,0.0047008335741026515,0.06062765314291368,0.012883279729473165,0.08473745160506024,0.02841930679432157,0.1070113941532832
radar_camera,77.812097,0.3809901691830753,0.5274344331129786,0.816588660053071,-0.091245458332255,9.208770175253026,0.017050426577017594,0.004948162573263471,0.06222765314291077,0.013362602741845834,0.08633745160505733,0.02918198499058751,0.10861139415328029
radar_camera,77.822097,0.3862645135142078,0.5274344331129786,0.815676205469748,-0.091245458332255,9.208940679518797,0.017050426577017594,0.005207937103053228,0.0638276531429124,0.013859193244540201,0.08793745160505897,0.029966385465685193,0.11021139415328193
radar_camera,77.832097,0.3915388578453403,0.5274344331129786,0.8147637508864249,-0.091245458332255,9.209111183784568,0.017050426577017594,0.005480477163471581,0.06542765314291404,0.014373371237555596,0.08953745160506062,0.03077282821961356,0.11181139415328357
radar_camera,77.842097,0.3968132021764653,0.5274344331129786,0.8138512963031033,-0.091245458332255,9.209281688050337,0.017050426577017594,0.005766102754518114,0.06702765314291113,0.014905456720891256,0.0911374516050577,0.03160163325237141,0.11341139415328066
radar_camera,77.852097,0.4020875465075978,0.5274344331129786,0.8129388417197803,-0.091245458332255,9.209452192316109,0.017050426577017594,0.0060651338761936405,0.06862765314291278,0.015455769694548687,0.09273745160505935,0.0324531205639611,0.1150113941532823
radar_camera,77.86209699999999,0.4073618908387228,0.5274344331129786,0.8120263871364586,-0.091245458332255,9.209622696581878,0.017050426577017594,0.006377890528497309,0.07022765314290987,0.01602463015852633,0.09433745160505644,0.03332761015438022,0.1166113941532794
radar_camera,77.872097,0.4126362351698553,0.5274344331129786,0.8111139325531356,-0.091245458332255,9.209793200847649,0.017050426577017594,0.006704692711430008,0.07182765314291151,0.016612358112825795,0.09593745160505808,0.034225422023631234,0.11821139415328104
radar_camera,77.882097,0.4179105795009878,0.5274344331129786,0.8102014779698126,-0.091245458332255,9.20996370511342,0.017050426577017594,0.007045860424991304,0.07342765314291315,0.01721927355744629,0.09753745160505972,0.035146876171712936,0.11981139415328268
radar_camera,77.89209699999999,0.4231849238321128,0.5274344331129786,0.8092890233864909,-0.091245458332255,9.21013420937919,0.017050426577017594,0.007401713669180681,0.07502765314291024,0.017845696492386917,0.09913745160505681,0.036092292598623954,0.12141139415327977
radar_camera,77.902097,0.4284592681632453,0.5274344331129786,0.8083765688031679,-0.091245458332255,9.21030471364496,0.017050426577017594,0.007772572443999151,0.07662765314291188,0.01849194691764945,0.10073745160505845,0.03706199130436698,0.12301139415328141
radar_camera,77.912097,0.3964558035697471,0.4308602602045954,0.7482281226354556,-0.19938206315165913,9.21436325090549,0.027461762634832722,0.003282019077348245,0.048747444835665996,0.00960570660265654,0.07213762190947604,0.03799797263000193,0.12359115753727817
radar_camera,77.922097,0.3971119799562202,0.4223111429243464,0.7465572479501219,-0.19907286734390914,9.21006932465354,0.021815598511077908,0.0032825289271014293,0.04931668479601207,0.00981604725687067,0.07300524995972496,0.027374696968832202,0.10502941638433766
radar_camera,77.932097,0.40133509138546586,0.4223111429243464,0.7445665192766818,-0.19907286734390914,9.210287480638652,0.021815598511077908,0.0034482594043471937,0.0509166847960137,0.010174513645366519,0.0746052499597266,0.028110322452754122,0.1066294163843393
radar_camera,77.94209699999999,0.4055582028147055,0.4223111429243464,0.7425757906032445,-0.19907286734390914,9.210505636623763,0.021815598511077908,0.003624173218551914,0.05251668479601079,0.010547901083853787,0.07620524995972369,0.028867273819951838,0.10822941638433639
radar_camera,77.952097,0.40978131424395114,0.4223111429243464,0.7405850619298044,-0.19907286734390914,9.210723792608874,0.021815598511077908,0.0038105903697160898,0.05411668479601243,0.010936529572333535,0.07780524995972533,0.0296458710704275,0.10982941638433803
radar_camera,77.962097,0.4140044256731968,0.4223111429243464,0.7385943332563644,-0.19907286734390914,9.210941948593986,0.021815598511077908,0.004007830857839479,0.05571668479601406,0.011340719110805243,0.07940524995972698,0.03044643420418006,0.11142941638433967
radar_camera,77.97209699999999,0.41822753710243643,0.4223111429243464,0.7366036045829271,-0.19907286734390914,9.211160104579097,0.021815598511077908,0.004216214682921778,0.05731668479601115,0.011760789699268304,0.08100524995972407,0.031269283221208324,0.11302941638433676
radar_camera,77.982097,0.42245064853168207,0.4223111429243464,0.734612875909487,-0.19907286734390914,9.211378260564208,0.021815598511077908,0.004436061844963579,0.05891668479601279,0.012197061337723912,0.08260524995972571,0.032114738121514635,0.1146294163843384
radar_camera,77.992097,0.4266737599609277,0.4223111429243464,0.7326221472360469,-0.19907286734390914,9.21159641654932,0.021815598511077908,0.004667692343964595,0.06051668479601442,0.012649854026171482,0.08420524995972735,0.032983118905097836,0.11622941638434005
radar_camera,78.00209699999999,0.43089687139016736,0.4223111429243464,0.7306314185626096,-0.19907286734390914,9.211814572534431,0.021815598511077908,0.004911426179924471,0.06211668479601151,0.013119487764610336,0.08580524995972444,0.03387474557195664,0.11782941638433714
radar_camera,78.012097,0.435119982819413,0.4223111429243464,0.7286406898891695,-0.19907286734390914,9.212032728519542,0.021815598511077908,0.0051675833528439,0.06371668479601315,0.013606282553041808,0.08740524995972608,0.034789938122093585,0.11942941638433878
radar_camera,78.022097,0.43934309424865864,0.4223111429243464,0.7266499612157294,-0.19907286734390914,9.212250884504654,0.021815598511077908,0.005436483862722544,0.0653166847960148,0.014110558391465243,0.08900524995972772,0.03572901655550743,0.12102941638434042
radar_camera,78.032097,0.4435662056778983,0.4223111429243464,0.7246592325422921,-0.19907286734390914,9.212469040489765,0.021815598511077908,0.005718447709559995,0.06691668479601189,0.014632635279879886,0.09060524995972481,0.03669230087219678,0.12262941638433751
radar_camera,78.042097,0.4477893171071439,0.4223111429243464,0.7226685038688521,-0.19907286734390914,9.212687196474876,0.021815598511077908,0.006013794893357052,0.06851668479601353,0.015172833218287224,0.09220524995972645,0.037680111072164374,0.12422941638433915
radar_camera,78.052097,0.4497135146637863,0.41648510301127123,0.7189027859595842,-0.20248077927386865,9.210522412979289,0.018962606403037915,0.005915253390359179,0.06705099350736325,0.015397513382668803,0.09198248633315591,0.0271233935165668,0.10496212585350827
radar_camera,78.062097,0.4538783656938952,0.41648510301127123,0.7168779781668474,-0.20248077927386865,9.210712039043319,0.018962606403037915,0.006218967626136414,0.06865099350736034,0.015962923932792895,0.093582486333153,0.02785423369123261,0.10656212585350536
radar_camera,78.072097,0.45804321672401005,0.41648510301127123,0.7148531703741077,-0.20248077927386865,9.210901665107349,0.018962606403037915,0.006536412060615558,0.07025099350736198,0.01654705098018443,0.09518248633315464,0.028606386291070166,0.108162125853507
radar_camera,78.082097,0.4622080677541249,0.41648510301127123,0.712828362581368,-0.20248077927386865,9.211091291171378,0.018962606403037915,0.006867906693796187,0.07185099350736363,0.017150214524842618,0.09678248633315628,0.029380171316078445,0.10976212585350864
radar_camera,78.092097,0.4663729187842338,0.41648510301127123,0.7108035547886311,-0.20248077927386865,9.211280917235408,0.018962606403037915,0.007213771525677802,0.07345099350736072,0.017772734566766556,0.09838248633315337,0.0301759087662563,0.11136212585350573
radar_camera,78.102097,0.47053776981434864,0.41648510301127123,0.7087787469958914,-0.20248077927386865,9.211470543299438,0.018962606403037915,0.007574326556261387,0.07505099350736236,0.018414931105958016,0.09998248633315501,0.030993918641605996,0.11296212585350737
radar_camera,78.11209699999999,0.43483621801047245,0.31659286712838536,0.6775041850962196,-0.2580223616156456,9.214957566415855,0.028158898161797626,0.0032581073776535114,0.048312593638760455,0.009649808021700002,0.07188558835120967,0.03179271259842798,0.11358013230061774
radar_camera,78.122097,0.4380021466817579,0.31659286712838536,0.6749239614800618,-0.2580223616156456,9.215239155397473,0.028158898161797626,0.003418909231764751,0.04991259363876209,0.009999140186895364,0.07348558835121131,0.032654109663847526,0.11518013230061938
radar_camera,78.132097,0.44116807535304337,0.31659286712838536,0.6723437378639041,-0.2580223616156456,9.215520744379091,0.028158898161797626,0.0035896936046037526,0.051512593638763725,0.010363169469760982,0.07508558835121296,0.03353854275572722,0.11678013230062102
radar_camera,78.14209699999999,0.4443340040243243,0.31659286712838536,0.66976351424775,-0.2580223616156456,9.21580233336071,0.028158898161797626,0.003770780496170253,0.053112593638760815,0.01074221587029631,0.07668558835121005,0.034446331874065754,0.11838013230061811
radar_camera,78.152097,0.4474999326956098,0.31659286712838536,0.6671832906315923,-0.2580223616156456,9.216083922342328,0.028158898161797626,0.003962489906464766,0.05471259363876245,0.011136599388502423,0.07828558835121169,0.03537779701886571,0.11998013230061975
radar_camera,78.162097,0.45066586136689524,0.31659286712838536,0.6646030670154346,-0.2580223616156456,9.216365511323946,0.028158898161797626,0.004165141835487042,0.056312593638764084,0.011546640024378796,0.07988558835121333,0.03633325819012582,0.1215801323006214
radar_camera,78.172097,0.4538317900381762,0.31659286712838536,0.6620228433992805,-0.2580223616156456,9.216647100305565,0.028158898161797626,0.004379056283236771,0.057912593638761174,0.01197265777792481,0.08148558835121042,0.03731303538784467,0.12318013230061849
radar_camera,78.182097,0.4548313810215989,0.3112941303072557,0.6591229829353372,-0.25878557543201747,9.213193118022543,0.023442962303634452,0.004350049848324569,0.05786669016763094,0.01220173754769555,0.08208857086374714,0.026863665722774696,0.1043670822929926
radar_camera,78.19209699999999,0.45794432232466864,0.3112941303072557,0.6565351271810194,-0.25878557543201747,9.21342754764558,0.023442962303634452,0.004575978834804325,0.05946669016762803,0.012652982812291023,0.08368857086374423,0.027587594620619684,0.10596708229298969
radar_camera,78.202097,0.4610572636277428,0.3112941303072557,0.6539472714266978,-0.25878557543201747,9.213661977268616,0.023442962303634452,0.004813801159317932,0.06106669016762967,0.013120965791059893,0.08528857086374587,0.028332716934924302,0.10756708229299133
radar_camera,78.212097,0.46417020493081695,0.3112941303072557,0.6513594156723763,-0.25878557543201747,9.213896406891653,0.023442962303634452,0.005063836821865076,0.06266669016763131,0.013606006484001528,0.08688857086374752,0.02909935266568754,0.10916708229299298
radar_camera,78.22209699999999,0.46728314623388667,0.3112941303072557,0.6487715599180585,-0.25878557543201747,9.21413083651469,0.023442962303634452,0.0053264058224453785,0.0642666901676284,0.014108424891115206,0.0884885708637446,0.02988782181290826,0.11076708229299007
radar_camera,78.232097,0.4703960875369608,0.3112941303072557,0.6461837041637369,-0.25878557543201747,9.214365266137726,0.023442962303634452,0.005601828161059584,0.06586669016763004,0.01462854101240235,0.09008857086374625,0.03069844437658871,0.11236708229299171
radar_camera,78.242097,0.473509028840035,0.3112941303072557,0.6435958484094154,-0.25878557543201747,9.214599695760763,0.023442962303634452,0.005890423837707328,0.06746669016763168,0.015166674847862265,0.09168857086374789,0.03153154035672778,0.11396708229299335
radar_camera,78.25209699999999,0.4766219701431047,0.3112941303072557,0.6410079926550976,-0.25878557543201747,9.214834125383799,0.023442962303634452,0.006192512852388174,0.06906669016762877,0.015723146397494142,0.09328857086374498,0.03238742975332424,0.11556708229299044
radar_camera,78.262097,0.47973491144617886,0.3112941303072557,0.638420136900776,-0.25878557543201747,9.215068555006836,0.023442962303634452,0.006508415205102979,0.07066669016763041,0.016298275661299565,0.09488857086374662,0.03326643256638052,0.11716708229299208
radar_camera,78.272097,0.482847852749253,0.3112941303072557,0.6358322811464545,-0.25878557543201747,9.215302984629872,0.023442962303634452,0.006838450895851325,0.07226669016763206,0.016892382639277757,0.09648857086374826,0.03416886879589542,0.11876708229299372
radar_camera,78.282097,0.48596079405232273,0.3112941303072557,0.6332444253921367,-0.25878557543201747,9.215537414252909,0.023442962303634452,0.007182939924632712,0.07386669016762915,0.01750578733142783,0.09808857086374535,0.03509505844186761,0.12036708229299081
radar_camera,78.292097,0.4890737353553969,0.3112941303072557,0.6306565696378151,-0.25878557543201747,9.215771843875945,0.023442962303634452,0.007542202291448119,0.07546669016763079,0.018138809737751536,0.099688570863747,0.036045321504299725,0.12196708229299245
radar_camera,78.302097,0.49218667665847105,0.3112941303072557,0.6280687138834936,-0.25878557543201747,9.216006273498982,0.023442962303634452,0.007916557996297067,0.07706669016763243,0.018791769858248007,0.10128857086374864,0.03701997798319046,0.1235670822929941
radar_camera,78.312097,0.449354850500214,0.19685419898439319,0.5956372414733683,-0.3158899177259044,9.2196983140896,0.03334663326818444,0.0033744666484648044,0.04910991205229977,0.009809249709972502,0.07269879182478645,0.037976715884817575,0.12417209595072613
radar_camera,78.322097,0.4497024311323145,0.19337627631600995,0.5930233794911922,-0.3150256861187048,9.215514733939502,0.02753684712532563,0.0033592681928533295,0.04965120621724335,0.010022684236095983,0.07354139150822867,0.027359723253991296,0.10535338294300971
radar_camera,78.332097,0.4516361938954756,0.19337627631600995,0.5898731226300036,-0.3150256861187048,9.215790102410756,0.02753684712532563,0.0035268297227134668,0.051251206217244986,0.010386436446698856,0.0751413915082303,0.028099325282796416,0.10695338294301135
radar_camera,78.342097,0.4535699566586339,0.19337627631600995,0.5867228657688194,-0.3150256861187048,9.21606547088201,0.02753684712532563,0.003704641493816803,0.052851206217242076,0.010765216935602841,0.0767413915082274,0.028860317988189062,0.10855338294300844
radar_camera,78.352097,0.455503719421795,0.19337627631600995,0.5835726089076307,-0.3150256861187048,9.216340839353263,0.02753684712532563,0.0038930235061638437,0.05445120621724371,0.011159345702809013,0.07834139150822904,0.029643021370171396,0.11015338294301008
radar_camera,78.36209699999999,0.45743748218495334,0.19337627631600995,0.5804223520464465,-0.3150256861187048,9.216616207824517,0.02753684712532563,0.004092295759754053,0.0560512062172408,0.011569142748316255,0.07994139150822613,0.030447755428741195,0.11175338294300717
radar_camera,78.372097,0.45937124494811443,0.19337627631600995,0.5772720951852579,-0.3150256861187048,9.21689157629577,0.02753684712532563,0.0043027782545879975,0.057651206217242436,0.01199492807212573,0.08154139150822777,0.031274840163900745,0.11335338294300881
radar_camera,78.382097,0.4613050077112755,0.19337627631600995,0.5741218383240693,-0.3150256861187048,9.217166944767024,0.02753684712532563,0.004524790990665403,0.05925120621724407,0.012437021674236867,0.08314139150822941,0.03212459557564892,0.11495338294301045
radar_camera,78.39209699999999,0.46323877047443385,0.19337627631600995,0.5709715814628851,-0.3150256861187048,9.217442313238278,0.02753684712532563,0.004758653967985928,0.06085120621724116,0.012895743554649002,0.0847413915082265,0.03299734166398447,0.11655338294300754
radar_camera,78.402097,0.46517253323759494,0.19337627631600995,0.5678213246016964,-0.3150256861187048,9.217717681709532,0.02753684712532563,0.005004687186550238,0.062451206217242795,0.01337141371336344,0.08634139150822814,0.033893398428909864,0.11815338294300919
radar_camera,78.412097,0.46710629600075604,0.19337627631600995,0.5646710677405078,-0.3150256861187048,9.217993050180786,0.02753684712532563,0.005263210646358009,0.06405120621724443,0.01386435215037954,0.08794139150822979,0.034813085870423886,0.11975338294301083
radar_camera,78.422097,0.46904005876391436,0.19337627631600995,0.5615208108793236,-0.3150256861187048,9.21826841865204,0.02753684712532563,0.005534544347408846,0.06565120621724152,0.014374878865696567,0.08954139150822688,0.03575672398852518,0.12135338294300792
radar_camera,78.432097,0.47097382152707545,0.19337627631600995,0.558370554018135,-0.3150256861187048,9.218543787123293,0.02753684712532563,0.005819008289703522,0.06725120621724316,0.01490331385931597,0.09114139150822852,0.03672463278321643,0.12295338294300956
radar_camera,78.44209699999999,0.4729075842902338,0.19337627631600995,0.5552202971569508,-0.3150256861187048,9.218819155594547,0.02753684712532563,0.006116922473241227,0.06885120621724025,0.015449977131236248,0.0927413915082256,0.03771713225449487,0.12455338294300665
radar_camera,78.452097,0.4779696419937262,0.20149865756552743,0.551148886152451,-0.3162615221468787,9.215841917124271,0.022868277396523806,0.006001301486732323,0.06734570031262592,0.015671894539134243,0.0924867913277054,0.02714612233757935,0.10511341567830672
radar_camera,78.462097,0.4799846285693825,0.20149865756552743,0.5479862709309805,-0.3162615221468787,9.216070599898236,0.022868277396523806,0.006307219534311733,0.06894570031262756,0.01624368081876247,0.09408679132770705,0.027880281993979735,0.10671341567830836
radar_camera,78.47209699999999,0.481999615145036,0.20149865756552743,0.5448236557095146,-0.3162615221468787,9.216299282672201,0.022868277396523806,0.0066269267219532186,0.07054570031262465,0.01683428445665541,0.09568679132770413,0.028635784333514717,0.10831341567830545
radar_camera,78.482097,0.4840146017206923,0.20149865756552743,0.5416610404880442,-0.3162615221468787,9.216527965446167,0.022868277396523806,0.006960743049657687,0.07214570031262629,0.017444025452814736,0.09728679132770578,0.02941294935618644,0.10991341567830709
radar_camera,78.492097,0.48602958829634857,0.20149865756552743,0.5384984252665738,-0.3162615221468787,9.216756648220132,0.022868277396523806,0.007308988517424696,0.07374570031262793,0.018073223807239622,0.09888679132770742,0.030212097061993848,0.11151341567830873
radar_camera,78.50209699999999,0.48804457487200203,0.20149865756552743,0.5353358100451079,-0.3162615221468787,9.216985330994097,0.022868277396523806,0.007671983125253719,0.07534570031262502,0.018722199519929133,0.10048679132770451,0.031033547450935756,0.11311341567830582
radar_camera,78.512097,0.4090884779358008,0.003385810560070618,0.5129120665217184,-0.35840957744532,9.222877646173888,0.03887391998444522,0.003313739151204308,0.048608120798406415,0.009858907206916444,0.07246425577969719,0.03184473095703407,0.11378866750018332
radar_camera,78.522097,0.4091223360414015,0.003385810560070618,0.5093279707472633,-0.35840957744532,9.223266385373734,0.03887391998444522,0.0034759630205619184,0.05020812079840805,0.010213708828282087,0.07406425577969883,0.032709999348277945,0.11538866750018496
radar_camera,78.532097,0.4091561941470022,0.003385810560070618,0.5057438749728134,-0.35840957744532,9.223655124573577,0.03887391998444522,0.003648228514078968,0.05180812079840514,0.010583323300803148,0.07566425577969592,0.0335983454730206,0.11698866750018205
radar_camera,78.542097,0.40919005225260296,0.003385810560070618,0.5021597791983583,-0.35840957744532,9.224043863773423,0.03887391998444522,0.0038308556317559472,0.053408120798406775,0.010968070624480679,0.07726425577969756,0.034510089331264565,0.1185886675001837
radar_camera,78.552097,0.4092239103582037,0.003385810560070618,0.4985756834239033,-0.35840957744532,9.224432602973268,0.03887391998444522,0.004024164373592618,0.05500812079840841,0.011368270799314165,0.0788642557796992,0.03544555092300859,0.12018866750018534
radar_camera,78.562097,0.4092577684638044,0.003385810560070618,0.49499158764945334,-0.35840957744532,9.224821342173112,0.03887391998444522,0.004228474739588684,0.0566081207984055,0.011784243825303005,0.08046425577969629,0.036405050248251296,0.12178866750018243
radar_camera,78.572097,0.40929162656940515,0.003385810560070618,0.4914074918749983,-0.35840957744532,9.225210081372957,0.03887391998444522,0.0044441067297447245,0.058208120798407134,0.012216309702448379,0.08206425577969793,0.03738890730699541,0.12338866750018407
radar_camera,78.582097,0.40870324082885734,0.0025841152585981335,0.4897468037088265,-0.3549401794919075,9.22017562238342,0.031688721390974235,0.004408554468645954,0.057959151211570865,0.012444597186316811,0.08244780068661607,0.026921236915206464,0.10429461662655518
radar_camera,78.592097,0.4087290819814433,0.0025841152585981335,0.48619740191391064,-0.3549401794919075,9.22049250959733,0.031688721390974235,0.004636165015636039,0.059559151211567955,0.012901865938165277,0.08404780068661316,0.027648408880134586,0.10589461662655227
radar_camera,78.602097,0.4087549231340293,0.0025841152585981335,0.48264800011898973,-0.3549401794919075,9.220809396811239,0.031688721390974235,0.004875687392868764,0.06115915121156959,0.01337594425015172,0.0856478006866148,0.028396759768389058,0.10749461662655391
radar_camera,78.61209699999999,0.40878076428661525,0.0025841152585981335,0.47909859832407387,-0.3549401794919075,9.221126284025148,0.031688721390974235,0.005127441600343449,0.06275915121156668,0.013867152122274793,0.08724780068661189,0.029166609579967754,0.109094616626551
radar_camera,78.622097,0.4088066054392012,0.0025841152585981335,0.47554919652915295,-0.3549401794919075,9.221443171239057,0.031688721390974235,0.00539174763806081,0.06435915121156832,0.014375809554535893,0.08884780068661353,0.029958278314872862,0.11069461662655264
radar_camera,78.632097,0.4088324465917872,0.0025841152585981335,0.47199979473423204,-0.3549401794919075,9.221760058452967,0.031688721390974235,0.005668925506020496,0.06595915121156996,0.014902236546934334,0.09044780068661518,0.0307720859731033,0.11229461662655428
radar_camera,78.64209699999999,0.40885828774437316,0.0025841152585981335,0.4684503929393162,-0.3549401794919075,9.222076945666876,0.031688721390974235,0.005959295204222089,0.06755915121156705,0.01544675309946933,0.09204780068661227,0.031608352554657874,0.11389461662655137
radar_camera,78.652097,0.40888412889695913,0.0025841152585981335,0.46490099114439526,-0.3549401794919075,9.222393832880785,0.031688721390974235,0.006263176732666411,0.0691591512115687,0.016009679212142428,0.09364780068661391,0.03246739805953895,0.11549461662655301
radar_camera,78.662097,0.4089099700495451,0.0025841152585981335,0.46135158934947434,-0.3549401794919075,9.222710720094694,0.031688721390974235,0.006580890091353061,0.07075915121157034,0.016591334884952864,0.09524780068661555,0.03334954248774536,0.11709461662655465
radar_camera,78.672097,0.40893581120213107,0.0025841152585981335,0.4578021875545585,-0.3549401794919075,9.223027607308603,0.031688721390974235,0.006912755280281558,0.07235915121156743,0.01719204011789978,0.09684780068661264,0.0342551058392758,0.11869461662655174
radar_camera,78.682097,0.40896165235471704,0.0025841152585981335,0.45425278575963757,-0.3549401794919075,9.223344494522513,0.031688721390974235,0.0072590922994528444,0.07395915121156907,0.017812114910984875,0.09844780068661428,0.03518440811413285,0.12029461662655339
radar_camera,78.69209699999999,0.408987493507303,0.0025841152585981335,0.4507033839647217,-0.3549401794919075,9.223661381736422,0.031688721390974235,0.007620221148865937,0.07555915121156616,0.01845187926420639,0.10004780068661137,0.036137769312313855,0.12189461662655048
radar_camera,78.702097,0.409013334659889,0.0025841152585981335,0.4471539821698008,-0.3549401794919075,9.223978268950331,0.031688721390974235,0.00799646182852186,0.0771591512115678,0.019111653177566145,0.10164780068661301,0.03711550943382154,0.12349461662655212
radar_camera,78.712097,0.2849745233443831,-0.29852559965358305,0.42334885664186406,-0.40315168667780404,9.228115460211134,0.04886613004531193,0.003373885530427621,0.04911357101658399,0.010025496080106383,0.07316886280297893,0.03809925555794081,0.1242428894139824
radar_camera,78.72209699999999,0.2853055590518988,-0.28994979871966453,0.42047775933110115,-0.400735463767723,9.224565550097333,0.043189005999260115,0.0033652580907907476,0.04941821444990677,0.010236607957908732,0.07372532985482728,0.02739797241331535,0.10490998962030547
radar_camera,78.732097,0.2824060610647007,-0.28994979871966453,0.4164704046934219,-0.400735463767723,9.224997440157326,0.043189005999260115,0.0035325579540362102,0.0510182144499084,0.010605649114165665,0.07532532985482893,0.02813863407970754,0.10650998962030711
radar_camera,78.742097,0.27950656307750255,-0.28994979871966453,0.41246305005574263,-0.400735463767723,9.225429330217318,0.043189005999260115,0.003710061460171665,0.052618214449910036,0.01098975533639358,0.07692532985483057,0.028900597744023808,0.10810998962030875
radar_camera,78.75209699999999,0.2766070650903085,-0.28994979871966453,0.40845569541806903,-0.400735463767723,9.225861220277311,0.043189005999260115,0.003898088609196837,0.054218214449907126,0.011389246624591898,0.07852532985482766,0.029684183406263033,0.10970998962030584
radar_camera,78.762097,0.2737075671031104,-0.28994979871966453,0.40444834078038977,-0.400735463767723,9.226293110337304,0.043189005999260115,0.004096959401112262,0.05581821444990876,0.011804442978761754,0.0801253298548293,0.03048971106642744,0.11130998962030748
radar_camera,78.772097,0.27080806911591226,-0.28994979871966453,0.4004409861427105,-0.400735463767723,9.226725000397296,0.043189005999260115,0.00430699383591768,0.057418214449910396,0.012235664398902592,0.08172532985483094,0.03131750072451593,0.11290998962030913
radar_camera,78.782097,0.26790857112871824,-0.28994979871966453,0.3964336315050369,-0.400735463767723,9.22715689045729,0.043189005999260115,0.004528511913612769,0.059018214449907486,0.012683230885013766,0.08332532985482803,0.03216787238052728,0.11450998962030622
radar_camera,78.792097,0.2650090731415201,-0.28994979871966453,0.39242627686735765,-0.400735463767723,9.227588780517282,0.043189005999260115,0.004761833634198158,0.06061821444990912,0.013147462437096547,0.08492532985482967,0.03304114603446392,0.11610998962030786
radar_camera,78.802097,0.262109575154322,-0.28994979871966453,0.3884189222296784,-0.400735463767723,9.228020670577274,0.043189005999260115,0.00500727899767354,0.062218214449910755,0.01362867905515031,0.08652532985483131,0.033937641686324634,0.1177099896203095
radar_camera,78.812097,0.25921007716712796,-0.28994979871966453,0.3844115675920048,-0.400735463767723,9.228452560637267,0.043189005999260115,0.005265168004038542,0.06381821444990785,0.01412720073917434,0.0881253298548284,0.03485767933610811,0.11930998962030659
radar_camera,78.822097,0.25631057917992983,-0.28994979871966453,0.3804042129543255,-0.400735463767723,9.22888445069726,0.043189005999260115,0.005535820653293896,0.06541821444990949,0.014643347489170046,0.08972532985483005,0.03580157898381696,0.12090998962030823
radar_camera,78.832097,0.2534110811927317,-0.28994979871966453,0.37639685831664627,-0.400735463767723,9.229316340757252,0.043189005999260115,0.005819556945439245,0.06701821444991113,0.015177439305136736,0.09132532985483169,0.0367696606294499,0.12250998962030987
radar_camera,78.842097,0.2505115832055377,-0.28994979871966453,0.37238950367897267,-0.400735463767723,9.229748230817245,0.043189005999260115,0.006116696880474159,0.06861821444990822,0.015729796187073614,0.09292532985482878,0.0377622442730055,0.12410998962030696
radar_camera,78.852097,0.2560201096990366,-0.26806874497920413,0.3710625285001832,-0.3949865396391862,9.225943665973817,0.03676920160908167,0.006008318851631193,0.06714482307662702,0.01594458085730074,0.09265001568028602,0.027171581901135607,0.1046765912257938
radar_camera,78.86209699999999,0.253339422249247,-0.26806874497920413,0.3671126631037949,-0.3949865396391862,9.226311357989909,0.03676920160908167,0.006313690186199983,0.0687448230766241,0.01652177466175922,0.09425001568028311,0.027905415031658793,0.10627659122579089
radar_camera,78.872097,0.25065873479945355,-0.26806874497920413,0.36316279770740106,-0.3949865396391862,9.226679050006,0.03676920160908167,0.006632810485384536,0.07034482307662575,0.017117818469354583,0.09585001568028476,0.028660503480428187,0.10787659122579253
radar_camera,78.882097,0.24797804734966014,-0.26806874497920413,0.3592129323110072,-0.3949865396391862,9.227046742022091,0.03676920160908167,0.006965999749184428,0.07194482307662739,0.01773303228008602,0.0974500156802864,0.02943716724744276,0.10947659122579417
radar_camera,78.89209699999999,0.24529735989987053,-0.26806874497920413,0.35526306691461895,-0.3949865396391862,9.227414434038183,0.03676920160908167,0.007313577977599156,0.07354482307662448,0.01836773609395262,0.09905001568028349,0.030235726332701364,0.11107659122579126
radar_camera,78.902097,0.24261667245007712,-0.26806874497920413,0.3513132015182251,-0.3949865396391862,9.227782126054274,0.03676920160908167,0.007675865170629708,0.07514482307662612,0.019022249910956184,0.10065001568028513,0.03105650073620627,0.1126765912257929
radar_camera,78.912097,0.09180764646548316,-0.6288505900015067,0.3075431021011616,-0.479194539353921,9.225552101619384,0.04572407870152291,0.003223209250062617,0.04815242789107134,0.01004360584106681,0.07261973333243553,0.03188707255987732,0.11345217614723285
radar_camera,78.922097,0.08551914056547381,-0.6288505900015067,0.30275115670762676,-0.479194539353921,9.226009342406398,0.04572407870152291,0.0033814808275627085,0.04975242789106843,0.010402106625225368,0.07421973333243262,0.032752739098236075,0.11505217614722994
radar_camera,78.932097,0.07923063466545553,-0.6288505900015067,0.2979592113140851,-0.479194539353921,9.226466583193414,0.04572407870152291,0.0035497028906412422,0.051352427891070064,0.010775451356050925,0.07581973333243426,0.03364141607182551,0.11665217614723158
radar_camera,78.94209699999999,0.07294212876544619,-0.6288505900015067,0.29316726592055026,-0.479194539353921,9.226923823980428,0.04572407870152291,0.003728195439297739,0.052952427891067154,0.011163960033542421,0.07741973333243135,0.03455342348064311,0.11825217614722867
radar_camera,78.952097,0.0666536228654279,-0.6288505900015067,0.2883753205270086,-0.479194539353921,9.227381064767444,0.04572407870152291,0.003917278473532707,0.05455242789106879,0.011567952657700963,0.07901973333243299,0.03548908132469145,0.11985217614723032
radar_camera,78.962097,0.060365116965409624,-0.6288505900015067,0.28358337513346693,-0.479194539353921,9.22783830555446,0.04572407870152291,0.004117271993345899,0.056152427891070424,0.011987749228526006,0.08061973333243463,0.036448709603969266,0.12145217614723196
radar_camera,78.97209699999999,0.05407661106540028,-0.6288505900015067,0.2787914297399321,-0.479194539353921,9.228295546341474,0.04572407870152291,0.004328495998737009,0.05775242789106751,0.012423669746016922,0.08221973333243172,0.03743262831847514,0.12305217614722905
radar_camera,78.982097,0.03658078563033255,-0.6541260797511921,0.2775770469616033,-0.47413171240800134,9.193832451549673,0.00021084974139667922,0.004323516735225132,0.05769633349616537,0.012645875542154673,0.08268756508777937,0.026948136400933343,0.10404531052051236
radar_camera,78.992097,0.03003952483281728,-0.6541260797511921,0.27283572983752086,-0.47413171240800134,9.193834560047087,0.00021084974139667922,0.004547725456606501,0.059296333496167,0.013106806037749568,0.08428756508778101,0.02767491279931195,0.105645310520514
radar_camera,79.00209699999999,0.023498264035311307,-0.6541260797511921,0.26809441271344514,-0.47413171240800134,9.1938366685445,0.00021084974139667922,0.0047837934446867715,0.06089633349616409,0.013584594046361346,0.0858875650877781,0.028422818259793602,0.10724531052051109
radar_camera,79.012097,0.016957003237796038,-0.6541260797511921,0.2633530955893627,-0.47413171240800134,9.193838777041915,0.00021084974139667922,0.005032040699466614,0.06249633349616573,0.014079559567991362,0.08748756508777975,0.029192172782380427,0.10884531052051273
radar_camera,79.022097,0.01041574244028077,-0.6541260797511921,0.2586117784652803,-0.47413171240800134,9.193840885539329,0.00021084974139667922,0.005292787220945702,0.06409633349616736,0.014592022602638952,0.08908756508778139,0.029983296367071376,0.11044531052051437
radar_camera,79.032097,0.0038744816427747986,-0.6541260797511921,0.25387046134120456,-0.47413171240800134,9.193842994036743,0.00021084974139667922,0.005566353009123639,0.06569633349616445,0.015122303150303351,0.09068756508777848,0.03079650901386528,0.11204531052051146
radar_camera,79.042097,-0.002666779154740469,-0.6541260797511921,0.24912914421712212,-0.47413171240800134,9.193845102534157,0.00021084974139667922,0.005853058064001202,0.0672963334961661,0.015670721210986064,0.09228756508778012,0.03163213072276445,0.1136453105205131
radar_camera,79.052097,-0.009208039952255737,-0.6541260797511921,0.2443878270930397,-0.47413171240800134,9.19384721103157,0.00021084974139667922,0.006153222385578013,0.06889633349616774,0.016237596784686354,0.09388756508778176,0.03249048149376774,0.11524531052051475
radar_camera,79.062097,-0.01574930074976171,-0.6541260797511921,0.239646509968964,-0.47413171240800134,9.193849319528985,0.00021084974139667922,0.0064671659738536145,0.07049633349616483,0.01682324987140337,0.09548756508777885,0.03337188132687389,0.11684531052051184
radar_camera,79.072097,-0.022290561547276974,-0.6541260797511921,0.23490519284488157,-0.47413171240800134,9.193851428026399,0.00021084974139667922,0.006795208828828899,0.07209633349616647,0.017428000471138783,0.09708756508778049,0.0342766502220854,0.11844531052051348
radar_camera,79.082097,-0.028831822344792243,-0.6541260797511921,0.23016387572079913,-0.47413171240800134,9.193853536523813,0.00021084974139667922,0.0071376709505034325,0.07369633349616811,0.018052168583891772,0.09868756508778213,0.035205108179401035,0.12004531052051512
radar_camera,79.092097,-0.035373083142298214,-0.6541260797511921,0.22542255859672344,-0.47413171240800134,9.193855645021227,0.00021084974139667922,0.007494872338876696,0.0752963334961652,0.01869607420966141,0.10028756508777922,0.03615757519881943,0.12164531052051221
radar_camera,79.102097,-0.041914343939813484,-0.6541260797511921,0.220681241472641,-0.47413171240800134,9.19385775351864,0.00021084974139667922,0.007867132993949706,0.07689633349616684,0.019360037348449526,0.10188756508778087,0.03713437128034329,0.12324531052051385
radar_camera,79.11209699999999,-0.1410594667071601,-0.8780249275601564,0.20058834167560874,-0.5098153724906781,9.183635889607906,-0.007740180114925919,0.003158325059348696,0.04858219055912575,0.010178650546379796,0.07347807200620762,0.03805724883091108,0.12400900380221395
radar_camera,79.122097,-0.15160653785871858,-0.8807097037965942,0.1976310485174823,-0.5063808243323937,9.164731413383201,-0.03243521486325214,0.0031989697521207284,0.04900041135121139,0.010382028805029914,0.07401124465425257,0.02740193609575698,0.10476903380509182
radar_camera,79.132097,-0.16041363489668903,-0.8807097037965942,0.19256724027415578,-0.5063808243323937,9.164407061234568,-0.03243521486325214,0.0033607161074491586,0.05060041135121302,0.01075387621521304,0.07561124465425421,0.02814213378291822,0.10636903380509347
radar_camera,79.14209699999999,-0.16922073193464696,-0.8807097037965942,0.18750343203083644,-0.5063808243323937,9.164082709085935,-0.03243521486325214,0.00353258254504759,0.05220041135121011,0.011140845874326474,0.0772112446542513,0.0289036052768394,0.10796903380509056
radar_camera,79.152097,-0.1780278289726174,-0.8807097037965942,0.1824396237875099,-0.5063808243323937,9.163758356937302,-0.03243521486325214,0.0037148890649165113,0.05380041135121175,0.011543257782371313,0.07881124465425295,0.029686670577522688,0.1095690338050922
radar_camera,79.162097,-0.18683492601058785,-0.8807097037965942,0.17737581554418339,-0.5063808243323937,9.16343400478867,-0.03243521486325214,0.003907955667055685,0.05540041135121338,0.011961431939347018,0.08041124465425459,0.03049164968496702,0.11116903380509384
radar_camera,79.172097,-0.19564202304854578,-0.8807097037965942,0.17231200730086405,-0.5063808243323937,9.163109652640037,-0.03243521486325214,0.004112102351464816,0.05700041135121047,0.012395688345252964,0.08201124465425168,0.0313188625991712,0.11276903380509093
radar_camera,79.182097,-0.20444912008651622,-0.8807097037965942,0.16724819905753752,-0.5063808243323937,9.162785300491404,-0.03243521486325214,0.004327649118144481,0.058600411351212106,0.01284634700009038,0.08361124465425332,0.03216862932013759,0.11436903380509257
radar_camera,79.19209699999999,-0.21325621712447415,-0.8807097037965942,0.16218439081421818,-0.5063808243323937,9.16246094834277,-0.03243521486325214,0.00455491596709407,0.060200411351209196,0.013313727903857988,0.08521124465425041,0.033041269847863756,0.11596903380508966
radar_camera,79.202097,-0.2220633141624446,-0.8807097037965942,0.15712058257089165,-0.5063808243323937,9.162136596194138,-0.03243521486325214,0.0047942228983142285,0.06180041135121083,0.013798151056557115,0.08681124465425205,0.03393710418235219,0.1175690338050913
radar_camera,79.212097,-0.23087041120041504,-0.8807097037965942,0.15205677432756512,-0.5063808243323937,9.161812244045505,-0.03243521486325214,0.005045889911804641,0.06340041135121247,0.01429993645818711,0.08841124465425369,0.03485645232360167,0.11916903380509294
radar_camera,79.22209699999999,-0.23967750823837297,-0.8807097037965942,0.14699296608424578,-0.5063808243323937,9.161487891896872,-0.03243521486325214,0.005310237007564924,0.06500041135120956,0.014819404108747226,0.09001124465425078,0.03579963427161083,0.12076903380509003
radar_camera,79.232097,-0.24848460527634342,-0.8807097037965942,0.14192915784091925,-0.5063808243323937,9.16116353974824,-0.03243521486325214,0.005587584185595829,0.0666004113512112,0.015356874008238933,0.09161124465425242,0.03676697002638236,0.12236903380509168
radar_camera,79.242097,-0.25729170231431386,-0.8807097037965942,0.13686534959759272,-0.5063808243323937,9.160839187599606,-0.03243521486325214,0.00587825144589699,0.06820041135121284,0.01591266615666151,0.09321124465425407,0.03775877958791493,0.12396903380509332
radar_camera,79.25209699999999,-0.26181432844452823,-0.8689186814632162,0.13439658127243703,-0.5014897753403993,9.149547088537533,-0.04701673261525437,0.0058255211719082335,0.06685920993069626,0.01611970663877864,0.09292735961065332,0.027186527066490756,0.10457715730452062
radar_camera,79.262097,-0.27050351525916483,-0.8689186814632162,0.12938168351903048,-0.5014897753403993,9.14907692121138,-0.04701673261525437,0.006126067770153687,0.0684592099306979,0.01670016621365537,0.09452735961065496,0.027920019634956827,0.10617715730452226
radar_camera,79.272097,-0.2791927020738014,-0.8689186814632162,0.12436678576562392,-0.5014897753403993,9.148606753885227,-0.04701673261525437,0.006440306210385295,0.07005920993069954,0.01729953126045425,0.0961273596106566,0.028674747634883823,0.1077771573045239
radar_camera,79.282097,-0.2878818888884257,-0.8689186814632162,0.11935188801222449,-0.5014897753403993,9.148136586559074,-0.04701673261525437,0.00676855649260258,0.07165920993069663,0.017918121779174387,0.0977273596106537,0.02945103106627063,0.109377157304521
radar_camera,79.292097,-0.2965710757030623,-0.8689186814632162,0.11433699025881792,-0.5014897753403993,9.147666419232921,-0.04701673261525437,0.007111138616806474,0.07325920993069827,0.018556257769817543,0.09932735961065534,0.03024918992911945,0.11097715730452264
radar_camera,79.302097,-0.3052602625176989,-0.8689186814632162,0.10932209250541136,-0.5014897753403993,9.147196251906768,-0.04701673261525437,0.007468372582996524,0.07485920993069992,0.01921425923238285,0.10092735961065698,0.031069544223429196,0.11257715730452428
radar_camera,79.312097,-0.374274495181804,-1.01566657765978,0.0928964187042108,-0.5266803649185051,9.139776647048645,-0.055077541416678547,0.0030161350739659493,0.04778524046619107,0.010149824901383483,0.07299382580581117,0.03183725641501752,0.11331896104599079
radar_camera,79.322097,-0.37842347939783644,-1.0012970854581469,0.08380120860549137,-0.5327700519918407,9.136549236240072,-0.058823252243464096,0.0030757934999107134,0.04869096483651215,0.010352134556462916,0.0739878724228405,0.02414617892811841,0.09981546001738441
radar_camera,79.332097,-0.388436450252423,-1.0012970854581469,0.07847350808557023,-0.5327700519918407,9.135961003717636,-0.058823252243464096,0.0032338735792754414,0.05029096483651378,0.010722481941017627,0.07558787242284214,0.024805083663947,0.10141546001738605
radar_camera,79.342097,-0.3984494211069954,-1.0012970854581469,0.07314580756565667,-0.5327700519918407,9.135372771195202,-0.058823252243464096,0.003402011851607236,0.05189096483651087,0.011107946900056363,0.07718787242283923,0.025484271491778107,0.10301546001738314
radar_camera,79.352097,-0.40846239196158196,-1.0012970854581469,0.06781810704573553,-0.5327700519918407,9.134784538672767,-0.058823252243464096,0.0035805283169065756,0.05349096483651251,0.01150884943358022,0.07878787242284087,0.026184062411613664,0.10461546001738478
radar_camera,79.36209699999999,-0.41847536281615433,-1.0012970854581469,0.06249040652582197,-0.5327700519918407,9.134196306150333,-0.058823252243464096,0.0037697429751729515,0.0550909648365096,0.011925509541588058,0.08038787242283796,0.02690477642345168,0.10621546001738187
radar_camera,79.372097,-0.4284883336707409,-1.0012970854581469,0.057162706005900836,-0.5327700519918407,9.133608073627897,-0.058823252243464096,0.003969975826406902,0.05669096483651123,0.01235824722408106,0.0819878724228396,0.0276467335272942,0.10781546001738351
radar_camera,79.382097,-0.4349727927507637,-0.9923174708422564,0.04852920625024208,-0.5383898905408473,9.130572108690716,-0.06224281349086337,0.004016555759096634,0.05681278547843198,0.012578620266337085,0.08251211381549144,0.0216119252491691,0.09646123158597386
radar_camera,79.39209699999999,-0.44489596745917726,-0.9923174708422564,0.043145307344838506,-0.5383898905408473,9.129949680555807,-0.06224281349086337,0.004231149961016466,0.05841278547842907,0.013036372843584249,0.08411211381548853,0.02221108001337273,0.09806123158597095
radar_camera,79.402097,-0.4548191421676049,-0.9923174708422564,0.037761408439427276,-0.5383898905408473,9.129327252420898,-0.06224281349086337,0.004457426720032292,0.060012785478430704,0.013510947843595165,0.08571211381549017,0.022829847023894415,0.09966123158597259
radar_camera,79.412097,-0.4647423168760325,-0.9923174708422564,0.032377509534016045,-0.5383898905408473,9.12870482428599,-0.06224281349086337,0.004695706036143816,0.06161278547843234,0.014002665266369197,0.08731211381549181,0.02346854628073331,0.10126123158597423
radar_camera,79.422097,-0.47466549158444604,-0.9923174708422564,0.02699361062861247,-0.5383898905408473,9.12808239615108,-0.06224281349086337,0.004946307909350675,0.06321278547842943,0.014511845111905609,0.0889121138154889,0.024127497783888473,0.10286123158597132
radar_camera,79.432097,-0.48458866629287367,-0.9923174708422564,0.021609711723201242,-0.5383898905408473,9.127459968016172,-0.06224281349086337,0.00520955233965358,0.06481278547843107,0.015038807380205849,0.09051211381549054,0.024807021533361773,0.10446123158597297
radar_camera,79.44209699999999,-0.4945118410012872,-0.9923174708422564,0.016225812817797666,-0.5383898905408473,9.126837539881263,-0.06224281349086337,0.005485759327051782,0.06641278547842816,0.015583872071268419,0.09211211381548763,0.025507437529151283,0.10606123158597006
radar_camera,79.452097,-0.4965598580363859,-0.9726541589274895,0.006816368802117308,-0.5447622893782008,9.127391979130701,-0.06062722916354602,0.0054743256502622776,0.06537604808424032,0.015802749579173988,0.09196138731219104,0.020393865766662047,0.09580325758292516
radar_camera,79.462097,-0.5062863996256658,-0.9726541589274895,0.0013687459083325127,-0.5447622893782008,9.126785706839065,-0.06062722916354602,0.0057619064481999865,0.06697604808424196,0.01637281248245809,0.09356138731219268,0.02097450367735381,0.0974032575829268
radar_camera,79.47209699999999,-0.5160129412149318,-0.9726541589274895,-0.004078876985444541,-0.5447622893782008,9.12617943454743,-0.06062722916354602,0.0060628824557541205,0.06857604808423905,0.0169615876632038,0.09516138731218977,0.021574622239561313,0.09900325758292389
radar_camera,79.482097,-0.5257394828042117,-0.9726541589274895,-0.009526499879229336,-0.5447622893782008,9.125573162255794,-0.06062722916354602,0.006377573672925534,0.07017604808424069,0.017569395121412795,0.09676138731219142,0.022194541453286257,0.10060325758292553
radar_camera,79.492097,-0.5354660243934916,-0.9726541589274895,-0.014974122773014131,-0.5447622893782008,9.124966889964158,-0.06062722916354602,0.00670630009971381,0.07177604808424233,0.018196554857084244,0.09836138731219306,0.02283458131852781,0.10220325758292717
radar_camera,79.50209699999999,-0.5451925659827576,-0.9726541589274895,-0.020421745666791183,-0.5447622893782008,9.124360617672522,-0.06062722916354602,0.007049381736118452,0.07337604808423942,0.018843386870217218,0.09996138731219015,0.023495061835285016,0.10380325758292426
radar_camera,79.512097,-0.5884019042302253,-1.052282333233937,0.0028680898388350486,-0.4978043675859125,9.122035255879469,-0.06280511389687202,0.002923177825562972,0.04742467852858687,0.01008908999240099,0.07282864526352857,0.024118664039276604,0.10449317087252824
radar_camera,79.522097,-0.5919894965659611,-1.035388799905672,-0.0052971188377166824,-0.502781448423598,9.120934237056714,-0.06341531738798128,0.002986270645072395,0.04802657343153928,0.010293370853684291,0.07352710501152404,0.019551638518616066,0.0951100060011835
radar_camera,79.532097,-0.6023433845650085,-1.035388799905672,-0.01032493332194809,-0.502781448423598,9.120300083882835,-0.06341531738798128,0.0031424440151540745,0.04962657343153637,0.010662372126190289,0.07512710501152113,0.02012292107924279,0.09671000600118058
radar_camera,79.542097,-0.6126972725640705,-1.035388799905672,-0.015352747806186642,-0.502781448423598,9.119665930708955,-0.06341531738798128,0.0033085426999222866,0.051226573431538004,0.01104639881969912,0.07672710501152277,0.02071354564107057,0.09831000600118223
radar_camera,79.552097,-0.6230511605631325,-1.035388799905672,-0.020380562290425192,-0.502781448423598,9.119031777535074,-0.06341531738798128,0.003484886699376817,0.05282657343153964,0.01144577093421027,0.07832710501152441,0.021323832204098607,0.09991000600118387
radar_camera,79.562097,-0.6334050485621798,-1.035388799905672,-0.0254083767746566,-0.502781448423598,9.118397624361195,-0.06341531738798128,0.0036717960135173927,0.05442657343153673,0.011860808469723143,0.0799271050115215,0.021954100768325994,0.10151000600118096
radar_camera,79.572097,-0.6437589365612418,-1.035388799905672,-0.03043619125889515,-0.502781448423598,9.117763471187315,-0.06341531738798128,0.0038695906423445448,0.056026573431538364,0.012291831426238914,0.08152710501152315,0.022604671333754517,0.1031100060011826
radar_camera,79.582097,-0.6425729801376501,-1.0052953046336228,-0.0391693334022159,-0.5084237751518569,9.117384844432427,-0.06264300719267088,0.003921753894318076,0.05604731212625184,0.012514499182382984,0.08193459843185473,0.018513446607488982,0.09406083228057013
radar_camera,79.592097,-0.6526259331839772,-1.0052953046336228,-0.04425357115372985,-0.5084237751518569,9.1167584143605,-0.06264300719267088,0.00413388931045463,0.05764731212624893,0.01297046696102608,0.08353459843185182,0.019065479533633006,0.09566083228056722
radar_camera,79.602097,-0.6626788862303186,-1.0052953046336228,-0.04933780890525102,-0.5084237751518569,9.116131984288574,-0.06264300719267088,0.0043575541890167385,0.05924731212625056,0.013443141659356202,0.08513459843185346,0.01963664462623393,0.09726083228056887
radar_camera,79.61209699999999,-0.6727318392766457,-1.0052953046336228,-0.054422046656764964,-0.5084237751518569,9.115505554216647,-0.06264300719267088,0.004593068530003766,0.06084731212624765,0.013932843277372004,0.08673459843185055,0.02022726188529014,0.09886083228056596
radar_camera,79.622097,-0.682784792322987,-1.0052953046336228,-0.059506284408286134,-0.5084237751518569,9.11487912414472,-0.06264300719267088,0.004840752333416382,0.06244731212624929,0.014439891815074877,0.0883345984318522,0.020837651310803305,0.1004608322805676
radar_camera,79.632097,-0.6928377453693284,-1.0052953046336228,-0.0645905221598073,-0.5084237751518569,9.114252694072793,-0.06264300719267088,0.005100925599254261,0.06404731212625092,0.014964607272464138,0.08993459843185383,0.021468132902772604,0.10206083228056924
radar_camera,79.64209699999999,-0.7028906984156555,-1.0052953046336228,-0.06967475991132124,-0.5084237751518569,9.113626264000866,-0.06264300719267088,0.005373908327517006,0.06564731212624801,0.015507309649539005,0.09153459843185092,0.0221190266611971,0.10366083228056633
radar_camera,79.652097,-0.7060538966097157,-0.9878120564520355,-0.07831616042998178,-0.5142242220735577,9.111879635224147,-0.06408787508295588,0.005366099391548663,0.06457764382142711,0.015724731243123947,0.09135409030428215,0.018223831955259843,0.09441581808627168
radar_camera,79.662097,-0.7159320171742412,-0.9878120564520355,-0.08345840265071999,-0.5142242220735577,9.111238756473318,-0.06408787508295588,0.005650271758916353,0.06617764382142875,0.016292185883346397,0.0929540903042838,0.018779493897134975,0.09601581808627332
radar_camera,79.672097,-0.7258101377387525,-0.9878120564520355,-0.08860064487145089,-0.5142242220735577,9.110597877722489,-0.06408787508295588,0.005947679655047908,0.06777764382142584,0.01687823134162888,0.09455409030428089,0.019354359002626553,0.09761581808627041
radar_camera,79.682097,-0.7356882583032779,-0.9878120564520355,-0.0937428870921891,-0.5142242220735577,9.10995699897166,-0.06408787508295588,0.006258643079944177,0.06937764382142748,0.017483187617973055,0.09615409030428253,0.01994874727173621,0.09921581808627206
radar_camera,79.69209699999999,-0.7455663788677892,-0.9878120564520355,-0.09888512931292,-0.5142242220735577,9.10931612022083,-0.06408787508295588,0.006583482033604273,0.07097764382142457,0.018107374712377205,0.09775409030427962,0.02056297870446225,0.10081581808626915
radar_camera,79.702097,-0.7554444994323146,-0.9878120564520355,-0.10402737153365821,-0.5142242220735577,9.108675241470001,-0.06408787508295588,0.0069225165160291206,0.07257764382142622,0.018751112624843105,0.09935409030428126,0.021197373300806427,0.10241581808627079
radar_camera,79.712097,-0.7595624148437907,-0.9722894974956633,-0.09238853941966557,-0.4848373819541386,9.109376492845417,-0.06112192513520171,0.00289386482036456,0.04688550021654824,0.010084392070503718,0.07247392322346512,0.021793494897364322,0.10301777702394257
radar_camera,79.72209699999999,-0.7641715262558034,-0.9598335284264481,-0.09978978975557007,-0.48887054394985785,9.109558274379376,-0.05975283661143402,0.0029550174113320885,0.04782283952421211,0.01028888515517494,0.073507826626382,0.01807855553686862,0.09463385167514356
radar_camera,79.732097,-0.7737698615400728,-0.9598335284264481,-0.10467849519507115,-0.48887054394985785,9.108960746013262,-0.05975283661143402,0.003110326314936403,0.049422839524213745,0.010657648607418573,0.07510782662638364,0.018639975664326947,0.0962338516751452
radar_camera,79.742097,-0.7833681968243421,-0.9598335284264481,-0.10956720063457223,-0.48887054394985785,9.108363217647147,-0.05975283661143402,0.0032755197864455703,0.05102283952421538,0.011041433624987496,0.07670782662638528,0.019220642562120326,0.09783385167514684
radar_camera,79.75209699999999,-0.7929665321085979,-0.9598335284264481,-0.11445590607406636,-0.48887054394985785,9.107765689281033,-0.05975283661143402,0.003450917825859334,0.05262283952421247,0.011440560207881133,0.07830782662638237,0.019820876230247888,0.09943385167514393
radar_camera,79.762097,-0.8025648673928673,-0.9598335284264481,-0.11934461151356744,-0.48887054394985785,9.107168160914918,-0.05975283661143402,0.003636840433178193,0.054222839524214105,0.01185534835610062,0.07990782662638402,0.02044099666871134,0.10103385167514557
radar_camera,79.772097,-0.8121632026771366,-0.9598335284264481,-0.12423331695306852,-0.48887054394985785,9.106570632548804,-0.05975283661143402,0.0038336076084019063,0.05582283952421574,0.0122861180696454,0.08150782662638566,0.021081323877509838,0.10263385167514721
radar_camera,79.782097,-0.8198067553998969,-0.9548081747568835,-0.13035851600602535,-0.4910249643069474,9.103504127679956,-0.06347788869237958,0.003883643324681466,0.056090024967004694,0.012507565231617057,0.082165864438565,0.017516579764338167,0.09394657714250279
radar_camera,79.792097,-0.8293548371474706,-0.9548081747568835,-0.13526876564909734,-0.4910249643069474,9.102869348793032,-0.06347788869237958,0.004094658447647646,0.05769002496700633,0.012963279783205287,0.08376586443856664,0.018067000765338615,0.09554657714250443
radar_camera,79.802097,-0.8389029188950443,-0.9548081747568835,-0.14017901529216933,-0.4910249643069474,9.102234569906107,-0.06347788869237958,0.004317211575607238,0.059290024967007963,0.013435747507681246,0.08536586443856828,0.018636531081767587,0.09714657714250607
radar_camera,79.812097,-0.8484510006426045,-0.9548081747568835,-0.14508926493523433,-0.4910249643069474,9.101599791019185,-0.06347788869237958,0.0045516227085599026,0.06089002496700505,0.013925288405044228,0.08696586443856537,0.019225490713624227,0.09874657714250316
radar_camera,79.822097,-0.8579990823901782,-0.9548081747568835,-0.14999951457830632,-0.4910249643069474,9.10096501213226,-0.06347788869237958,0.004798211846506305,0.06249002496700669,0.014432222475295626,0.08856586443856701,0.01983419966091021,0.1003465771425048
radar_camera,79.832097,-0.8675471641377519,-0.9548081747568835,-0.1549097642213783,-0.4910249643069474,9.100330233245336,-0.06347788869237958,0.005057298989446121,0.06409002496700833,0.014956869718434754,0.09016586443856865,0.02046297792362471,0.10194657714250645
radar_camera,79.842097,-0.8770952458853121,-0.9548081747568835,-0.1598200138644433,-0.4910249643069474,9.099695454358413,-0.06347788869237958,0.005329204137378957,0.06569002496700542,0.01549955013446083,0.09176586443856574,0.021112145501766804,0.10354657714250354
radar_camera,79.852097,-0.8811164681249087,-0.9406574649275917,-0.16624624895597667,-0.49331285137422226,9.099310725888515,-0.06273448263509586,0.005326572978065531,0.06468538623315356,0.015720609555955268,0.09161194945821122,0.017602921692226083,0.09442965548910415
radar_camera,79.86209699999999,-0.890523042774176,-0.9406574649275917,-0.1711793774697144,-0.49331285137422226,9.098683381062164,-0.06273448263509586,0.005610066151406578,0.06628538623315065,0.016288294441156394,0.0932119494582083,0.01816348598570935,0.09602965548910124
radar_camera,79.872097,-0.8999296174234568,-0.9406574649275917,-0.17611250598345915,-0.49331285137422226,9.098056036235812,-0.06273448263509586,0.005906816401994662,0.0678853862331523,0.016874621716249972,0.09481194945820995,0.018743256210291243,0.09762965548910288
radar_camera,79.882097,-0.9093361920727375,-0.9406574649275917,-0.1810456344972039,-0.49331285137422226,9.09742869140946,-0.06273448263509586,0.00621714372982939,0.06948538623315394,0.017479911381235214,0.09641194945821159,0.019342552365970975,0.09922965548910452
radar_camera,79.89209699999999,-0.9187427667220048,-0.9406574649275917,-0.18597876301094163,-0.49331285137422226,9.09680134658311,-0.06273448263509586,0.0065413681349102935,0.07108538623315103,0.018104483436111214,0.09801194945820868,0.019961694452747654,0.10082965548910161
radar_camera,79.902097,-0.9281493413712856,-0.9406574649275917,-0.19091189152468638,-0.49331285137422226,9.096174001756758,-0.06273448263509586,0.0068798096172382915,0.07268538623315267,0.01874865788087975,0.09961194945821032,0.02060100247062304,0.10242965548910325
radar_camera,79.912097,-0.940498684578553,-0.9454807663148537,-0.16135062970631864,-0.4338767654452493,9.096893862067487,-0.059370145621656996,0.0028940006713950106,0.04695641069841007,0.010120794689882652,0.07278861867388217,0.021193530236990443,0.10294436943133002
radar_camera,79.922097,-0.9492604968004721,-0.9433294735194379,-0.1679759506142399,-0.43719833573563716,9.114193190421856,-0.031526141690697826,0.002950134588738192,0.04763023625091409,0.010323246118686933,0.07356859648410032,0.01767990402188761,0.09407308473790146
radar_camera,79.932097,-0.9586937915356712,-0.9433294735194379,-0.1723479339715985,-0.43719833573563716,9.11387792900495,-0.031526141690697826,0.003105535727173057,0.04923023625091572,0.010693422350948091,0.07516859648410196,0.0182469695468633,0.0956730847379031
radar_camera,79.94209699999999,-0.9681270862708571,-0.9433294735194379,-0.1767199173289509,-0.43719833573563716,9.113562667588043,-0.031526141690697826,0.0032707829128578725,0.05083023625091281,0.011078632302505526,0.07676859648409905,0.018833169688785744,0.0972730847379002
radar_camera,79.952097,-0.9775603810060562,-0.9433294735194379,-0.1810919006863095,-0.43719833573563716,9.113247406171137,-0.031526141690697826,0.0034461961457931093,0.05243023625091445,0.011479195973360333,0.07836859648410069,0.019438824447656607,0.09887308473790184
radar_camera,79.962097,-0.9869936757412554,-0.9433294735194379,-0.18546388404366812,-0.43719833573563716,9.11293214475423,-0.031526141690697826,0.0036320954259785394,0.05403023625091608,0.011895433363511976,0.07996859648410233,0.02006425382347507,0.10047308473790348
radar_camera,79.97209699999999,-0.9964269704764412,-0.9433294735194379,-0.1898358674010205,-0.43719833573563716,9.112616883337324,-0.031526141690697826,0.0038288007534138767,0.05563023625091317,0.01232766447295983,0.08156859648409942,0.020709777816240203,0.10207308473790057
radar_camera,79.982097,-1.0021602577973492,-0.9329795521411914,-0.19635637175498005,-0.4402319643841168,9.126492680997842,-0.008806804336926766,0.0038758697460162684,0.055608831127390936,0.01254853490922811,0.08193038232907981,0.0172884841070419,0.09297385466180783
radar_camera,79.992097,-1.0114900533187658,-0.9329795521411914,-0.20075869139882346,-0.4402319643841168,9.126404612954472,-0.008806804336926766,0.004086669287345289,0.05720883112739257,0.013005652093372714,0.08353038232908146,0.017845231260160202,0.09457385466180947
radar_camera,80.00209699999999,-1.0208198488401692,-0.9329795521411914,-0.20516101104266063,-0.4402319643841168,9.126316544911102,-0.008806804336926766,0.004308910594899477,0.05880883112738966,0.013479475353982466,0.08513038232907855,0.018420893184210058,0.09617385466180656
radar_camera,80.012097,-1.0301496443615858,-0.9329795521411914,-0.20956333068650404,-0.4402319643841168,9.126228476867732,-0.008806804336926766,0.004542913668679462,0.060408831127391295,0.013970324691058711,0.08673038232908019,0.0190157898791931,0.0977738546618082
radar_camera,80.022097,-1.0394794398830025,-0.9329795521411914,-0.21396565033034745,-0.4402319643841168,9.126140408824362,-0.008806804336926766,0.004788998508684937,0.06200883112739293,0.014478520104600792,0.08833038232908183,0.019630241345108518,0.09937385466180984
radar_camera,80.032097,-1.0488092354044058,-0.9329795521411914,-0.21836796997418462,-0.4402319643841168,9.126052340780992,-0.008806804336926766,0.005047485114915528,0.06360883112739002,0.015004381594607947,0.08993038232907892,0.020264567581955405,0.10097385466180693
radar_camera,80.042097,-1.0581390309258225,-0.9329795521411914,-0.22277028961802803,-0.4402319643841168,9.125964272737622,-0.008806804336926766,0.005318693487371968,0.06520883112739166,0.01554822916108167,0.09153038232908056,0.020919088589735558,0.10257385466180857
radar_camera,80.052097,-1.0651888639233789,-0.9267141695192322,-0.22905514349398376,-0.4430462465667672,9.135368220267619,0.006343273891588053,0.005309744937110802,0.06411845326180521,0.01576470833445761,0.09130323496831776,0.017455119555147322,0.09310532124229275
radar_camera,80.062097,-1.0744560056185628,-0.9267141695192322,-0.2334856059596474,-0.4430462465667672,9.135431653006535,0.006343273891588053,0.0055921087601712065,0.0657184532618023,0.016333266005301116,0.09290323496831485,0.018019348885536676,0.09470532124228984
radar_camera,80.072097,-1.0837231473137598,-0.9267141695192322,-0.23791606842531735,-0.4430462465667672,9.13549508574545,0.006343273891588053,0.005887616273884377,0.06731845326180394,0.0169204043231391,0.09450323496831649,0.018602519280175298,0.09630532124229148
radar_camera,80.082097,-1.092990289008957,-0.9267141695192322,-0.2423465308909873,-0.4430462465667672,9.135558518484366,0.006343273891588053,0.006196587478249922,0.06891845326180558,0.017526443287970764,0.09610323496831813,0.019204950739062396,0.09790532124229312
radar_camera,80.092097,-1.1022574307041408,-0.9267141695192322,-0.24677699335665093,-0.4430462465667672,9.135621951223282,0.006343273891588053,0.006519342373267374,0.07051845326180267,0.018151702899795213,0.09770323496831522,0.01982696326219708,0.09950532124229021
radar_camera,80.102097,-1.1115245723993379,-0.9267141695192322,-0.25120745582232085,-0.4430462465667672,9.135685383962198,0.006343273891588053,0.00685620095893765,0.07211845326180431,0.018796503158614218,0.09930323496831686,0.020468876849581107,0.10110532124229185
radar_camera,80.11209699999999,-1.0914779953766982,-0.851691412332543,-0.2217057393866094,-0.38271108884518357,9.14105742379384,0.018672748477137825,0.0029179201759710555,0.046605987514756766,0.010192900234669549,0.0725821681171988,0.02104680398422183,0.10149909019955132
radar_camera,80.122097,-1.0980817125296303,-0.8467330379477508,-0.22709080789497768,-0.38506219477512316,9.147362949440472,0.028390431938198683,0.0029665435352663077,0.04744391793377343,0.010393277377524783,0.07353687042868882,0.01758755681386305,0.09277929892984164
radar_camera,80.132097,-1.106549042909112,-0.8467330379477508,-0.2309414298427309,-0.38506219477512316,9.147646853759854,0.028390431938198683,0.0031220665727193565,0.049043917933775064,0.01076502867301493,0.07513687042869047,0.018156294110345236,0.09437929892984329
radar_camera,80.14209699999999,-1.1150163732885818,-0.8467330379477508,-0.23479205179047863,-0.38506219477512316,9.147930758079236,0.028390431938198683,0.003287398393758928,0.05064391793377215,0.011151807342590268,0.07673687042868756,0.018743907266612563,0.09597929892984038
radar_camera,80.152097,-1.1234837036680636,-0.8467330379477508,-0.23864267373823184,-0.38506219477512316,9.148214662398617,0.028390431938198683,0.0034628589983854924,0.05224391793377379,0.011553933386251899,0.0783368704286892,0.019350716282666696,0.09757929892984202
radar_camera,80.162097,-1.1319510340475454,-0.8467330379477508,-0.24249329568598504,-0.38506219477512316,9.148498566717999,0.028390431938198683,0.0036487683865988225,0.05384391793377542,0.011971726803999284,0.07993687042869084,0.019977041158506816,0.09917929892984366
radar_camera,80.172097,-1.1404183644270152,-0.8467330379477508,-0.24634391763373278,-0.38506219477512316,9.14878247103738,0.028390431938198683,0.003845446558398631,0.05544391793377251,0.012405507595831795,0.08153687042868793,0.020623201894131995,0.10077929892984075
radar_camera,80.182097,-1.1461008900788403,-0.8390320371012208,-0.24958296526878898,-0.3836351751435949,9.152735894353146,0.034575446507851645,0.0038844185469769626,0.05560248748819985,0.012622938311818065,0.08209010757284975,0.01721720139070152,0.09180307663772258
radar_camera,80.19209699999999,-1.1544912104498448,-0.8390320371012208,-0.25341931702022147,-0.3836351751435949,9.153081648818224,0.034575446507851645,0.00409488991962487,0.05720248748819694,0.01308148785232815,0.08369010757284684,0.017773836951757126,0.09340307663771967
radar_camera,80.202097,-1.1628815308208613,-0.8390320371012208,-0.2572556687716594,-0.3836351751435949,9.153427403283303,0.034575446507851645,0.00431680178977072,0.05880248748819857,0.013556775414353463,0.08529010757284848,0.01834915312814107,0.09500307663772131
radar_camera,80.212097,-1.1712718511918778,-0.8390320371012208,-0.2610920205230973,-0.3836351751435949,9.15377315774838,0.034575446507851645,0.00455047415741422,0.06040248748820021,0.014049120997893363,0.08689010757285012,0.01894346991985258,0.09660307663772295
radar_camera,80.22209699999999,-1.1796621715628823,-0.8390320371012208,-0.2649283722745298,-0.3836351751435949,9.154118912213459,0.034575446507851645,0.004796227022555016,0.0620024874881973,0.014558844602947114,0.08849010757284721,0.019557107326890765,0.09820307663772004
radar_camera,80.232097,-1.1880524919338988,-0.8390320371012208,-0.26876472402596774,-0.3836351751435949,9.154464666678537,0.034575446507851645,0.005054380385193805,0.06360248748819894,0.015086266229516164,0.09009010757284885,0.020190385349257375,0.09980307663772169
radar_camera,80.242097,-1.1964428123049153,-0.8390320371012208,-0.27260107577740567,-0.3836351751435949,9.154810421143615,0.034575446507851645,0.0053252542453302455,0.06520248748820058,0.015631705877599805,0.0916901075728505,0.02084362398695155,0.10140307663772333
radar_camera,80.25209699999999,-1.1984336806979723,-0.8223017575096812,-0.2752807250633114,-0.3811473034508195,9.157230496697617,0.03857445176192531,0.005313530434473142,0.06421642374656333,0.01584797433212263,0.09154140838335231,0.017425010276020166,0.0921649597864021
radar_camera,80.262097,-1.2066566982730733,-0.8223017575096812,-0.27909219809782154,-0.3811473034508195,9.157616241215235,0.03857445176192531,0.005595663704173919,0.06581642374656498,0.01641821046707341,0.09314140838335395,0.017989266588876306,0.09376495978640374
radar_camera,80.272097,-1.2148797158481743,-0.8223017575096812,-0.28290367113233167,-0.3811473034508195,9.158001985732854,0.03857445176192531,0.005890960258624022,0.06741642374656662,0.01700707488370088,0.0947414083833556,0.018572275893689746,0.09536495978640538
radar_camera,80.282097,-1.2231027334232636,-0.8223017575096812,-0.2867151441668364,-0.3811473034508195,9.158387730250473,0.03857445176192531,0.006199740097823004,0.06901642374656371,0.017614887582004163,0.09634140838335269,0.019174358190459616,0.09696495978640247
radar_camera,80.292097,-1.2313257509983646,-0.8223017575096812,-0.29052661720134654,-0.3811473034508195,9.158773474768092,0.03857445176192531,0.006522323221771741,0.07061642374656535,0.018241968561984987,0.09794140838335433,0.01979583347918763,0.09856495978640412
radar_camera,80.302097,-1.2395487685734656,-0.8223017575096812,-0.29433809023585666,-0.3811473034508195,9.15915921928571,0.03857445176192531,0.006859029630469806,0.07221642374656699,0.0188886378236425,0.09954140838335597,0.020437021759872945,0.10016495978640576
radar_camera,80.312097,-1.1888902198546039,-0.6734963630914661,-0.25847306499894124,-0.3095079488614,9.16878760694802,0.06058583908174887,0.0029480155351997756,0.046788733373739635,0.010260893964248351,0.0728369026466043,0.021015006985053625,0.10052925291452217
radar_camera,80.322097,-1.1940119315331312,-0.6695725066146297,-0.26122419002598,-0.3089046198281748,9.167619264256142,0.057958621226639175,0.0029883045967478636,0.047298953802251215,0.010458371152235538,0.0734812800596474,0.017546756053132762,0.09145981805345563
radar_camera,80.332097,-1.200707656599281,-0.6695725066146297,-0.26431323622426334,-0.3089046198281748,9.168198850468409,0.057958621226639175,0.0031443864215505305,0.04889895380225285,0.010831586385702965,0.07508128005964904,0.01811359142958985,0.09305981805345727
radar_camera,80.342097,-1.207403381665421,-0.6695725066146297,-0.26740228242254227,-0.3089046198281748,9.168778436680675,0.057958621226639175,0.003310248037113415,0.05049895380224994,0.011219817875181774,0.07668128005964613,0.018699038769656805,0.09465981805345436
radar_camera,80.352097,-1.2140991067315707,-0.6695725066146297,-0.2704913286208256,-0.3089046198281748,9.169358022892942,0.057958621226639175,0.003486209443436989,0.052098953802251574,0.01162338562067307,0.07828128005964777,0.01930341807333529,0.096259818053456
radar_camera,80.36209699999999,-1.2207948317977109,-0.6695725066146297,-0.2735803748191045,-0.3089046198281748,9.169937609105208,0.057958621226639175,0.0036725906405207513,0.053698953802248664,0.012042609622175704,0.07988128005964486,0.01992704934062358,0.09785981805345309
radar_camera,80.372097,-1.2274905568638605,-0.6695725066146297,-0.27666942101738784,-0.3089046198281748,9.170517195317474,0.057958621226639175,0.0038697116283652314,0.0552989538022503,0.012477809879690868,0.0814812800596465,0.020570252571523458,0.09945981805345473
radar_camera,80.382097,-1.2342964105590877,-0.6683976476594529,-0.280273879213426,-0.30901768785413514,9.188255037536921,0.08522167913588602,0.003902679685352177,0.055159889455266606,0.012694028502970725,0.0817349675464477,0.017192293852635786,0.09035602303036672
radar_camera,80.39209699999999,-1.2409803870356761,-0.6683976476594529,-0.2833640560919645,-0.30901768785413514,9.18910725432828,0.08522167913588602,0.004113366343191496,0.056759889455263696,0.01315389220297095,0.08333496754644479,0.017747004857404877,0.0919560230303638
radar_camera,80.402097,-1.2476643635122742,-0.6683976476594529,-0.2864542329705074,-0.30901768785413514,9.18995947111964,0.08522167913588602,0.004335404978922171,0.05835988945526533,0.01363042289648112,0.08493496754644643,0.018320107066780836,0.09355602303036545
radar_camera,80.412097,-1.2543483399888722,-0.6683976476594529,-0.28954440984905033,-0.30901768785413514,9.190811687911,0.08522167913588602,0.004569115592543911,0.059959889455266965,0.014123940583500598,0.08653496754644807,0.018911920480762887,0.09515602303036709
radar_camera,80.422097,-1.2610323164654607,-0.6683976476594529,-0.29263458672758885,-0.30901768785413514,9.191663904702358,0.08522167913588602,0.00481481818405636,0.061559889455264055,0.014634765264028645,0.08813496754644516,0.019522765099350147,0.09675602303036418
radar_camera,80.432097,-1.2677162929420587,-0.6683976476594529,-0.29572476360613176,-0.30901768785413514,9.192516121493718,0.08522167913588602,0.005072832753460214,0.0631598894552657,0.015163216938066713,0.0897349675464468,0.020152960922544358,0.09835602303036582
radar_camera,80.44209699999999,-1.2744002694186471,-0.6683976476594529,-0.2988149404846703,-0.30901768785413514,9.193368338285076,0.08522167913588602,0.00534347930075474,0.06475988945526279,0.0157096156056133,0.0913349675464439,0.020802827950343723,0.09995602303036291
radar_camera,80.452097,-1.278179037915635,-0.6597806225719421,-0.30164343501216256,-0.30782833295624434,9.206566806501998,0.10515119161486942,0.005320600733801959,0.06369028904651243,0.015919151101250334,0.0911304818974264,0.01736117921643036,0.0906277109210155
radar_camera,80.462097,-1.2847768441413578,-0.6597806225719421,-0.30472171834172657,-0.30782833295624434,9.207618318418147,0.10515119161486942,0.00560190285339736,0.06529028904651407,0.016489959963858353,0.09273048189742804,0.017920832242843212,0.09222771092101714
radar_camera,80.47209699999999,-1.2913746503670713,-0.6597806225719421,-0.3078000016712862,-0.30782833295624434,9.208669830334294,0.10515119161486942,0.005896263030801649,0.06689028904651116,0.017079314922845024,0.09433048189742513,0.018498930811439454,0.09382771092101423
radar_camera,80.482097,-1.2979724565927941,-0.6597806225719421,-0.3108782850008502,-0.30782833295624434,9.209721342250443,0.10515119161486942,0.006204001266015663,0.0684902890465128,0.017687535978212026,0.09593048189742677,0.019095794922220726,0.09542771092101587
radar_camera,80.492097,-1.304570262818517,-0.6597806225719421,-0.3139565683304142,-0.30782833295624434,9.210772854166592,0.10515119161486942,0.006525437559038994,0.07009028904651445,0.018314943129958534,0.09753048189742841,0.01971174457518622,0.09702771092101752
radar_camera,80.50209699999999,-1.3111680690442304,-0.6597806225719421,-0.3170348516599738,-0.30782833295624434,9.21182436608274,0.10515119161486942,0.006860891909871156,0.07169028904651153,0.018961856378083612,0.0991304818974255,0.020347099770335022,0.0986277109210146
radar_camera,80.512097,-1.2386252425738329,-0.4616028032940893,-0.28216034400314577,-0.23866172678518233,9.22366637685988,0.13210112955631348,0.002988821245721239,0.046767710552539185,0.010354553777480693,0.07281085058121844,0.020931493164477767,0.09910281062878125
radar_camera,80.522097,-1.2428951649408366,-0.4601676063034571,-0.284487895113088,-0.23823959003845585,9.231952666385661,0.1430719682130532,0.0030241487465600646,0.04760172890925101,0.010551366230842,0.07378143233113227,0.017498589122012662,0.09059725172245986
radar_camera,80.532097,-1.247496841003867,-0.4601676063034571,-0.2868702910134704,-0.23823959003845585,9.233383386067791,0.1430719682130532,0.0031814407835516556,0.0492017289092481,0.010926820095953228,0.07538143233112936,0.018061388980702447,0.09219725172245695
radar_camera,80.542097,-1.252098517066904,-0.4601676063034571,-0.2892526869138562,-0.23823959003845585,9.234814105749923,0.1430719682130532,0.0033485731663253234,0.050801728909249735,0.011317350247531222,0.076981432331131,0.01864262828973753,0.09379725172245859
radar_camera,80.552097,-1.2567001931299409,-0.4601676063034571,-0.291635082814242,-0.23823959003845585,9.236244825432054,0.1430719682130532,0.0035258658948808513,0.05240172890925137,0.011723276685575457,0.07858143233113264,0.019242627049117125,0.09539725172246023
radar_camera,80.562097,-1.2613018691929712,-0.4601676063034571,-0.2940174787146244,-0.23823959003845585,9.237675545114184,0.1430719682130532,0.003713638969217966,0.05400172890924846,0.012144919410085326,0.08018143233112973,0.01986170525884034,0.09699725172245732
radar_camera,80.572097,-1.2659035452560081,-0.4601676063034571,-0.2963998746150102,-0.23823959003845585,9.239106264796316,0.1430719682130532,0.0039122123893372005,0.055601728909250095,0.012582598421062024,0.08178143233113137,0.020500182918908927,0.09859725172245896
radar_camera,80.582097,-1.2681706006158944,-0.4537422573891924,-0.2999493175004103,-0.24003953864987856,9.243468934723598,0.14796479916858551,0.003938242175171034,0.05574966690403727,0.012795694661917873,0.08234283671981915,0.017122632694954742,0.08986291952278379
radar_camera,80.592097,-1.2727080231897823,-0.4537422573891924,-0.30234971288690693,-0.24003953864987856,9.244948582715283,0.14796479916858551,0.004150239068896928,0.05734966690403436,0.013258036423826195,0.08394283671981624,0.017672720231553057,0.09146291952278088
radar_camera,80.602097,-1.2772454457636766,-0.4537422573891924,-0.30475010827340693,-0.24003953864987856,9.24642823070697,0.14796479916858551,0.0043737058960039345,0.058949666904036,0.013737166753079144,0.08554283671981788,0.018241100352056717,0.09306291952278252
radar_camera,80.61209699999999,-1.2817828683375645,-0.4537422573891924,-0.30715050365990354,-0.24003953864987856,9.247907878698655,0.14796479916858551,0.004608962656491417,0.060549666904033086,0.014233405649675356,0.08714283671981497,0.018828093056464105,0.09466291952277961
radar_camera,80.622097,-1.2863202909114588,-0.4537422573891924,-0.30955089904640354,-0.24003953864987856,9.249387526690342,0.14796479916858551,0.004856329350360044,0.06214966690403472,0.014747073113616243,0.08874283671981661,0.01943401834477689,0.09626291952278125
radar_camera,80.632097,-1.2908577134853532,-0.4537422573891924,-0.31195129443290354,-0.24003953864987856,9.250867174682028,0.14796479916858551,0.005116125977609492,0.06374966690403636,0.01527848914490111,0.09034283671981826,0.020059196216994247,0.09786291952278289
radar_camera,80.64209699999999,-1.295395136059241,-0.4537422573891924,-0.31435168981940015,-0.24003953864987856,9.252346822673713,0.14796479916858551,0.005388672538239363,0.06534966690403345,0.015827973743529164,0.09194283671981535,0.020703946673115252,0.09946291952277998
radar_camera,80.652097,-1.2952797743456435,-0.4417843691175791,-0.31770835745899567,-0.2414671043692984,9.254066221293282,0.1488455423726804,0.0053639795872920636,0.06430629963868995,0.016038419325721642,0.09175413653974036,0.01731792368473093,0.0904306328300545
radar_camera,80.662097,-1.2996976180368216,-0.4417843691175791,-0.32012302850268987,-0.2414671043692984,9.25555467671701,0.1488455423726804,0.0056474014152123305,0.06590629963869159,0.016612541699008422,0.093354136539742,0.017875058747495443,0.09203063283005614
radar_camera,80.672097,-1.3041154617279933,-0.4417843691175791,-0.3225376995463807,-0.2414671043692984,9.257043132140735,0.1488455423726804,0.005944004503059918,0.06750629963868868,0.017205334899602312,0.0949541365397391,0.018450599936825157,0.09363063283005323
radar_camera,80.682097,-1.3085333054191715,-0.4417843691175791,-0.32495237059007487,-0.2414671043692984,9.258531587564462,0.1488455423726804,0.006254108850835669,0.06910629963869032,0.017817118927505,0.09655413653974074,0.019044867252721705,0.09523063283005487
radar_camera,80.69209699999999,-1.3129511491103432,-0.4417843691175791,-0.3273670416337657,-0.2414671043692984,9.260020042988188,0.1488455423726804,0.006578034458538703,0.07070629963868741,0.018448213782714745,0.09815413653973783,0.019658180695183398,0.09683063283005196
radar_camera,80.702097,-1.3173689928015213,-0.4417843691175791,-0.32978171267745987,-0.2414671043692984,9.261508498411915,0.1488455423726804,0.006916101326169938,0.07230629963868905,0.01909893946523334,0.09975413653973947,0.02029086026421198,0.0984306328300536
radar_camera,80.712097,-1.2480845748612903,-0.25731606850945554,-0.30040569061811917,-0.18336804948112592,9.27155799935026,0.17178576171257115,0.0030180253537494973,0.047102937608465616,0.010444447598715018,0.07328912796150515,0.020888570371606106,0.09892081057904958
radar_camera,80.72209699999999,-1.2491419939434505,-0.25382883191094163,-0.3026684202377451,-0.18416557878769332,9.270425817443973,0.16745461085734875,0.0030510566760602624,0.047681896409469154,0.010640130144296128,0.07400481655117298,0.01745744519812748,0.09017536500115657
radar_camera,80.732097,-1.2516802822625612,-0.25382883191094163,-0.30451007602562297,-0.18416557878769332,9.272100363552548,0.16745461085734875,0.0032093815093412457,0.04928189640947079,0.011018039430049071,0.07560481655117463,0.018018111255271554,0.09177536500115821
radar_camera,80.742097,-1.254218570581672,-0.25382883191094163,-0.30635173181350084,-0.18416557878769332,9.273774909661123,0.16745461085734875,0.003377562721904133,0.050881896409472424,0.011411069679112264,0.07720481655117627,0.018597132385415875,0.09337536500115985
radar_camera,80.75209699999999,-1.2567568589007792,-0.25382883191094163,-0.3081933876013761,-0.18416557878769332,9.275449455769694,0.16745461085734875,0.003555920313748664,0.052481896409469514,0.011819540891485117,0.07880481655117336,0.019194828588559587,0.09497536500115694
radar_camera,80.762097,-1.2592951472198899,-0.25382883191094163,-0.310035043389254,-0.18416557878769332,9.277124001878269,0.16745461085734875,0.003744774284875346,0.05408189640947115,0.012243773067168787,0.080404816551175,0.019811519864704384,0.09657536500115858
radar_camera,80.772097,-1.2618334355390006,-0.25382883191094163,-0.31187669917713184,-0.18416557878769332,9.278798547986844,0.16745461085734875,0.003944444635283933,0.055681896409472784,0.01268408620616271,0.08200481655117664,0.020447526213849435,0.09817536500116023
radar_camera,80.782097,-1.2617341966839437,-0.24737478792154338,-0.3140368603884861,-0.1848261826183479,9.275890669742788,0.16049486147113923,0.003969052541612269,0.055641047782511735,0.012896643535286396,0.0823714614295322,0.0170947284126944,0.08936815869228658
radar_camera,80.792097,-1.2642079445631604,-0.24737478792154338,-0.3158851222146705,-0.1848261826183479,9.2774956183575,0.16049486147113923,0.004182109795011141,0.05724104778251337,0.013361601708716586,0.08397146142953384,0.017643336365465764,0.09096815869228822
radar_camera,80.802097,-1.2666816924423772,-0.24737478792154338,-0.31773338404085494,-0.1848261826183479,9.279100566972213,0.16049486147113923,0.0044066152579665275,0.058841047782515005,0.013843354174432701,0.08557146142953548,0.018210137949975603,0.09256815869228986
radar_camera,80.812097,-1.2691554403215903,-0.24737478792154338,-0.31958164586703675,-0.1848261826183479,9.280705515586924,0.16049486147113923,0.004642888930478085,0.060441047782512095,0.01434222093243402,0.08717146142953257,0.018795453166223074,0.09416815869228695
radar_camera,80.822097,-1.271629188200807,-0.24737478792154338,-0.32142990769322116,-0.1848261826183479,9.282310464201636,0.16049486147113923,0.004891250812546485,0.06204104778251373,0.014858521982721959,0.08877146142953421,0.019399602014209837,0.0957681586922886
radar_camera,80.832097,-1.2741029360800238,-0.24737478792154338,-0.3232781695194056,-0.1848261826183479,9.283915412816349,0.16049486147113923,0.0051520209041714,0.06364104778251536,0.015392577325295824,0.09037146142953585,0.02002290449393508,0.09736815869229024
radar_camera,80.842097,-1.276576683959237,-0.24737478792154338,-0.3251264313455874,-0.1848261826183479,9.28552036143106,0.16049486147113923,0.005425519205352434,0.06524104778251245,0.01594470696015482,0.09197146142953294,0.020665680605397873,0.09896815869228733
radar_camera,80.852097,-1.2749698696186476,-0.23748111155694027,-0.32714526008861755,-0.1852194102133433,9.281151754846395,0.15152848695643362,0.005394464095807848,0.06410824466374662,0.01615006571551992,0.0917144284811873,0.017269622133762028,0.08983870745985437
radar_camera,80.86209699999999,-1.2773446807342148,-0.23748111155694027,-0.32899745419074927,-0.1852194102133433,9.282667039715957,0.15152848695643362,0.005678453628124316,0.06570824466374371,0.016726584995493406,0.09331442848118439,0.017824130420455036,0.09143870745985146
radar_camera,80.872097,-1.2797194918497854,-0.23748111155694027,-0.33084964829288366,-0.1852194102133433,9.284182324585522,0.15152848695643362,0.005975584809373942,0.06730824466374535,0.01732176716116396,0.09491442848118603,0.018396926448640813,0.0930387074598531
radar_camera,80.882097,-1.282094302965356,-0.23748111155694027,-0.33270184239501804,-0.1852194102133433,9.285697609455088,0.15152848695643362,0.006286177639556329,0.068908244663747,0.017935932212530765,0.09651442848118767,0.01898833021831858,0.09463870745985474
radar_camera,80.89209699999999,-1.2844691140809232,-0.23748111155694027,-0.33455403649714976,-0.1852194102133433,9.28721289432465,0.15152848695643362,0.00661055211867101,0.07050824466374409,0.018569400149592918,0.09811442848118476,0.019598661729487453,0.09623870745985183
radar_camera,80.902097,-1.2868439251964938,-0.23748111155694027,-0.33640623059928415,-0.1852194102133433,9.288728179194216,0.15152848695643362,0.006949028246718905,0.07210824466374573,0.019222490972352214,0.0997144284811864,0.020228240982149173,0.09783870745985347
radar_camera,80.912097,-1.2258560864414025,-0.07992312253112496,-0.3181345720036787,-0.14775293823032476,9.296430882071258,0.16884610369354064,0.0030315925167734275,0.04700033838795376,0.010516715444736337,0.07327251981352571,0.020833517246838913,0.09839883247579288
radar_camera,80.922097,-1.226655317666713,-0.07992312253112496,-0.31961210138598056,-0.14775293823032476,9.298119343108192,0.16884610369354064,0.0031857936880550024,0.04860033838795085,0.010886891399851266,0.0748725198135228,0.02149991061916843,0.09999883247578997
radar_camera,80.932097,-1.2274545488920245,-0.07992312253112496,-0.32108963076828456,-0.14775293823032476,9.299807804145129,0.16884610369354064,0.0033497149270143903,0.05020033838795249,0.011272041858929431,0.07647251981352444,0.022186303757994057,0.10159883247579161
radar_camera,80.94209699999999,-1.228253780117335,-0.07992312253112496,-0.32256716015058645,-0.14775293823032476,9.301496265182063,0.16884610369354064,0.0035236762336511235,0.05180033838794958,0.011672486821969735,0.07807251981352153,0.022893016663313847,0.1031988324757887
radar_camera,80.952097,-1.2290530113426466,-0.07992312253112496,-0.32404468953289045,-0.14775293823032476,9.303184726219,0.16884610369354064,0.0037079976079656975,0.05340033838795121,0.012088546288973318,0.07967251981352318,0.023620369335129805,0.10479883247579035
radar_camera,80.962097,-1.229852242567958,-0.07992312253112496,-0.32552221891519445,-0.14775293823032476,9.304873187255936,0.16884610369354064,0.0039029990499578732,0.055000338387952846,0.01252054025993962,0.08127251981352482,0.02436868177344094,0.10639883247579199
radar_camera,80.97209699999999,-1.2306514737932686,-0.07992312253112496,-0.32699974829749634,-0.14775293823032476,9.30656164829287,0.16884610369354064,0.0041090005596273495,0.056600338387949936,0.012968788734867997,0.08287251981352191,0.025138273978246146,0.10799883247578908
radar_camera,80.982097,-1.2295402114742335,-0.07611017848788346,-0.3278498319821524,-0.1471390083236252,9.297055530345714,0.1516525369510175,0.004114018676023783,0.05675305704428287,0.013167277488724791,0.0834855864209934,0.020111212539125758,0.09550281316196571
radar_camera,80.992097,-1.2303013132591127,-0.07611017848788346,-0.3293212220653894,-0.1471390083236252,9.298572055715224,0.1516525369510175,0.004332854221514028,0.058353057044284506,0.013639952730223675,0.08508558642099504,0.020743254723704915,0.09710281316196735
radar_camera,81.00209699999999,-1.2310624150439908,-0.07611017848788346,-0.3307926121486243,-0.1471390083236252,9.300088581084733,0.1516525369510175,0.004563360378412807,0.059953057044281596,0.014129645089006068,0.08668558642099213,0.021394717470915543,0.09870281316196444
radar_camera,81.012097,-1.23182351682887,-0.07611017848788346,-0.3322640022318613,-0.1471390083236252,9.301605106454243,0.1516525369510175,0.004805857146720773,0.06155305704428323,0.01463667456507336,0.08828558642099377,0.022065920780759498,0.10030281316196608
radar_camera,81.022097,-1.2325846186137492,-0.07611017848788346,-0.3337353923150983,-0.1471390083236252,9.303121631823753,0.1516525369510175,0.005060664526437608,0.06315305704428487,0.015161361158424869,0.08988558642099541,0.022757184653235868,0.10190281316196773
radar_camera,81.032097,-1.2333457203986273,-0.07611017848788346,-0.33520678239833324,-0.1471390083236252,9.304638157193262,0.1516525369510175,0.005328102517562924,0.06475305704428196,0.01570402486905981,0.0914855864209925,0.023468829088343628,0.10350281316196482
radar_camera,81.042097,-1.2341068221835065,-0.07611017848788346,-0.3366781724815702,-0.1471390083236252,9.306154682562772,0.1516525369510175,0.005608491120097481,0.0663530570442836,0.016264985696979727,0.09308558642099414,0.024201174086084798,0.10510281316196646
radar_camera,81.052097,-1.2327500737590205,-0.07179428339386433,-0.3374722157393915,-0.1464016024777394,9.297103125184302,0.13575298489833668,0.005561220598773691,0.0652292926802898,0.016460748828850784,0.09287226483578818,0.019600093583942314,0.09367346353128056
radar_camera,81.062097,-1.2334680165929583,-0.07179428339386433,-0.3389362317641676,-0.1464016024777394,9.298460655033285,0.13575298489833668,0.0058517740852087954,0.0668292926802869,0.017046092847036166,0.09447226483578527,0.020211048967122034,0.09527346353127765
radar_camera,81.072097,-1.2341859594268973,-0.07179428339386433,-0.34040024778894573,-0.1464016024777394,9.29981818488227,0.13575298489833668,0.006155693430180374,0.06842929268028854,0.017650331318189542,0.09607226483578692,0.020841059043008883,0.09687346353127929
radar_camera,81.082097,-1.2349039022608364,-0.07179428339386433,-0.34186426381372387,-0.1464016024777394,9.301175714731254,0.13575298489833668,0.0064732986336880245,0.07002929268029018,0.018273784242310097,0.09767226483578856,0.02149044381160201,0.09847346353128093
radar_camera,81.092097,-1.2356218450947742,-0.07179428339386433,-0.34332827983849995,-0.1464016024777394,9.302533244580237,0.13575298489833668,0.0068049096957312665,0.07162929268028727,0.0189167716193969,0.09927226483578565,0.022159523272900446,0.10007346353127802
radar_camera,81.102097,-1.2363397879287132,-0.07179428339386433,-0.3447922958632781,-0.1464016024777394,9.303890774429222,0.13575298489833668,0.007150846616311041,0.07322929268028891,0.019579613449451784,0.10087226483578729,0.022848617426906095,0.10167346353127966
radar_camera,81.11209699999999,-1.1884060796027964,0.04927273973999233,-0.3160454636092097,-0.09244406758491644,9.310068058714743,0.14950455221098535,0.003083855946410594,0.04748189807519075,0.010662707219375794,0.07395391644537737,0.023519452658900836,0.1022674471534122
radar_camera,81.122097,-1.1875166084332427,0.04926882110917923,-0.3162676101490409,-0.09173830062960876,9.30124191581324,0.1339153176758303,0.0031114174076408755,0.04807778315747424,0.010849619124292682,0.07467001066390354,0.01918010949705687,0.09200205898000383
radar_camera,81.132097,-1.1870239202221506,0.04926882110917923,-0.3171849931553375,-0.09173830062960876,9.302581068989998,0.1339153176758303,0.00327124830422749,0.049677783157475876,0.011232420484173528,0.07627001066390518,0.01977492878335657,0.09360205898000547
radar_camera,81.14209699999999,-1.1865312320110593,0.04926882110917923,-0.3181023761616327,-0.09173830062960876,9.303920222166754,0.1339153176758303,0.0034410147574453617,0.051277783157472966,0.011630475846186593,0.07787001066390227,0.02038846848145141,0.09520205898000256
radar_camera,81.152097,-1.1860385437999672,0.04926882110917923,-0.3190197591679293,-0.09173830062960876,9.305259375343512,0.1339153176758303,0.0036210367672949726,0.0528777831574746,0.012044105210333009,0.07947001066390391,0.021021048591343128,0.0968020589800042
radar_camera,81.162097,-1.1855458555888752,0.04926882110917923,-0.31993714217422586,-0.09173830062960876,9.30659852852027,0.1339153176758303,0.003811634333776089,0.054477783157476235,0.012473628576612222,0.08107001066390555,0.021672989113030866,0.09840205898000584
radar_camera,81.172097,-1.1850531673777838,0.04926882110917923,-0.3208545251805211,-0.09173830062960876,9.307937681697027,0.1339153176758303,0.004013127456888418,0.056077783157473325,0.012919365945023588,0.08267001066390264,0.022344610046513655,0.10000205898000293
radar_camera,81.182097,-1.1844974886558668,0.04839433927562528,-0.32110204420362237,-0.09109000997189813,9.299610091420009,0.11914987847243472,0.004033142940772577,0.05603033172011847,0.013123796146020796,0.08302072839389063,0.018342577772523024,0.09028082595694904
radar_camera,81.19209699999999,-1.184013545263111,0.04839433927562528,-0.32201294430334054,-0.09109000997189813,9.300801590204733,0.11914987847243472,0.00424800729529817,0.05763033172011556,0.013594099148650623,0.08462072839388772,0.018910904567758628,0.09188082595694613
radar_camera,81.202097,-1.1835296018703545,0.04839433927562528,-0.32292384440306,-0.09109000997189813,9.301993088989457,0.11914987847243472,0.004474397716168096,0.05923033172011719,0.014081326296959901,0.08622072839388936,0.019497607528186432,0.09348082595694777
radar_camera,81.212097,-1.183045658477598,0.04839433927562528,-0.32383474450277944,-0.09109000997189813,9.303184587774181,0.11914987847243472,0.004712634203382058,0.06083033172011883,0.014585797590947974,0.087820728393891,0.020103006653805645,0.09508082595694942
radar_camera,81.22209699999999,-1.1825617150848422,0.04839433927562528,-0.3247456446024976,-0.09109000997189813,9.304376086558905,0.11914987847243472,0.004963036756939691,0.06243033172011592,0.015107833030614089,0.0894207283938881,0.020727421944615364,0.0966808259569465
radar_camera,81.232097,-1.1820777716920856,0.04839433927562528,-0.32565654470221705,-0.09109000997189813,9.30556758534363,0.11914987847243472,0.005225925376841707,0.06403033172011756,0.01564775261595973,0.09102072839388974,0.02137117340061737,0.09828082595694815
radar_camera,81.242097,-1.181593828299329,0.04839433927562528,-0.3265674448019365,-0.09109000997189813,9.306759084128354,0.11914987847243472,0.0055016200630877594,0.0656303317201192,0.016205876346984165,0.09262072839389138,0.022034581021810783,0.09988082595694979
radar_camera,81.25209699999999,-1.1816480244493088,0.04608312697495538,-0.3267773442001572,-0.09039404805822233,9.298709133949366,0.10500567804322598,0.005464938779589762,0.06447447335759493,0.01640209188163997,0.09233933491527095,0.01816957669276297,0.09024880304470892
radar_camera,81.262097,-1.181187193179559,0.04608312697495538,-0.32768128468073987,-0.09039404805822233,9.299759190729798,0.10500567804322598,0.005751006407770856,0.06607447335759657,0.016984466199029182,0.0939393349152726,0.01873421565277197,0.09184880304471056
radar_camera,81.272097,-1.1807263619098092,0.04608312697495538,-0.32858522516132255,-0.09039404805822233,9.30080924751023,0.10500567804322598,0.006050288930623483,0.06767447335759821,0.017585628383401473,0.09553933491527423,0.019317224373389934,0.0934488030447122
radar_camera,81.282097,-1.18026553064006,0.04608312697495538,-0.32948916564190395,-0.09039404805822233,9.301859304290662,0.10500567804322598,0.006363106348147189,0.0692744733575953,0.01820589843475594,0.09713933491527132,0.01991892285461599,0.09504880304470929
radar_camera,81.292097,-1.1798046993703102,0.04608312697495538,-0.3303931061224866,-0.09039404805822233,9.302909361071094,0.10500567804322598,0.006689778660342863,0.07087447335759695,0.01884559635309435,0.09873933491527297,0.020539631096451853,0.09664880304471093
radar_camera,81.302097,-1.1793438681005604,0.04608312697495538,-0.3312970466030693,-0.09039404805822233,9.303959417851527,0.10500567804322598,0.007030625867210071,0.07247447335759859,0.019505042138415838,0.10033933491527461,0.021179669098896677,0.09824880304471258
radar_camera,81.312097,-1.1264167349469432,0.1771870978444085,-0.29124244486704554,-0.017941193028648883,9.310011629909615,0.11955317146595543,0.0030423365505168115,0.04718971756241139,0.01062715786033176,0.07361682802678039,0.021808394641828335,0.09888600923401927
radar_camera,81.322097,-1.1226179937400476,0.18146621722965262,-0.29167123901525666,-0.018628019415706683,9.303826997193898,0.10851093365000662,0.003079235106188194,0.04805225232682088,0.010818367693528596,0.07458247589502522,0.018074527733809544,0.09028790383049765
radar_camera,81.332097,-1.1208033315677501,0.18146621722965262,-0.29185751920941383,-0.018628019415706683,9.304912106530399,0.10851093365000662,0.0032380363931442677,0.049652252326822514,0.011199647337253033,0.07618247589502686,0.018638205371131488,0.09188790383049929
radar_camera,81.342097,-1.1189886693954552,0.18146621722965262,-0.2920437994035707,-0.018628019415706683,9.305997215866897,0.10851093365000662,0.0034067681305654687,0.051252252326819604,0.011596163476155918,0.07778247589502395,0.01922026058921871,0.09348790383049638
radar_camera,81.352097,-1.1171740072231577,0.18146621722965262,-0.2922300795977279,-0.018628019415706683,9.307082325203398,0.10851093365000662,0.0035857503184522767,0.05285225232682124,0.012008236110238376,0.07938247589502559,0.019821013388072867,0.09508790383049802
radar_camera,81.36209699999999,-1.1153593450508628,0.18146621722965262,-0.2924163597918848,-0.018628019415706683,9.308167434539897,0.10851093365000662,0.0037753029568041827,0.05445225232681833,0.012436185239499235,0.08098247589502268,0.020440783767692247,0.09668790383049511
radar_camera,81.372097,-1.1135446828785653,0.18146621722965262,-0.29260263998604197,-0.018628019415706683,9.309252543876397,0.10851093365000662,0.003975746045621725,0.056052252326819964,0.012880330863939712,0.08258247589502432,0.021079891728078615,0.09828790383049675
radar_camera,81.382097,-1.1098740360681143,0.18558342160364374,-0.29313858940764326,-0.019521848118792977,9.30326627170633,0.09774491797145615,0.004002787756476159,0.056170548932315156,0.013086908759333342,0.08309271024358025,0.01750542897932888,0.08956978039536816
radar_camera,81.39209699999999,-1.1080182018520794,0.18558342160364374,-0.293333807888831,-0.019521848118792977,9.304243720886044,0.09774491797145615,0.004216835742901953,0.057770548932312246,0.013555702137150169,0.08469271024357734,0.018053255057431872,0.09116978039536525
radar_camera,81.402097,-1.1061623676360421,0.18558342160364374,-0.29352902637001904,-0.019521848118792977,9.305221170065758,0.09774491797145615,0.004442437839114516,0.05937054893231388,0.014041434057016383,0.08629271024357899,0.01861931509161472,0.09276978039536689
radar_camera,81.412097,-1.1043065334200048,0.18558342160364374,-0.2937242448512071,-0.019521848118792977,9.306198619245473,0.09774491797145615,0.004679914045113555,0.060970548932315516,0.01454442451893133,0.08789271024358063,0.019203929081876663,0.09436978039536853
radar_camera,81.422097,-1.10245069920397,0.18558342160364374,-0.2939194633323948,-0.019521848118792977,9.307176068425187,0.09774491797145615,0.004929584360898705,0.0625705489323126,0.01506499352289426,0.08949271024357772,0.01980741702821683,0.09596978039536562
radar_camera,81.432097,-1.1005948649879327,0.18558342160364374,-0.29411468181358286,-0.019521848118792977,9.308153517604902,0.09774491797145615,0.005191768786470676,0.06417054893231425,0.015603461068906649,0.09109271024357936,0.020430098930636933,0.09756978039536726
radar_camera,81.44209699999999,-1.0987390307718978,0.18558342160364374,-0.2943099002947706,-0.019521848118792977,9.309130966784616,0.09774491797145615,0.005466787321828724,0.06577054893231134,0.016160147156966967,0.09269271024357645,0.0210722947891352,0.09916978039536435
radar_camera,81.452097,-1.095341851212427,0.18884262264491936,-0.2949759614943264,-0.02060406966257642,9.30339498512191,0.0875188929692978,0.0054407731852812525,0.06473453722335842,0.0163618024829233,0.09250130890541668,0.017561791057108294,0.09028572907575003
radar_camera,81.462097,-1.0934534249859769,0.18884262264491936,-0.2951820021909523,-0.02060406966257642,9.304270174051604,0.0875188929692978,0.0057266846754024615,0.06633453722336007,0.016943013492181986,0.09410130890541832,0.01811518994325614,0.09188572907575167
radar_camera,81.47209699999999,-1.0915649987595293,0.18884262264491936,-0.29538804288757786,-0.02060406966257642,9.305145362981296,0.0875188929692978,0.006025863072967921,0.06793453722335716,0.01754304476322091,0.09570130890541541,0.01868696597521833,0.09348572907574876
radar_camera,81.482097,-1.089676572533079,0.18884262264491936,-0.29559408358420375,-0.02060406966257642,9.30602055191099,0.0875188929692978,0.006338628377978481,0.0695345372233588,0.018162216296041773,0.09730130890541705,0.019277439152996484,0.0950857290757504
radar_camera,81.492097,-1.0877881463066288,0.18884262264491936,-0.29580012428082963,-0.02060406966257642,9.306895740840684,0.0875188929692978,0.006665300590433727,0.07113453722336044,0.018800848090643738,0.09890130890541869,0.01988692947658981,0.09668572907575204
radar_camera,81.50209699999999,-1.0858997200801812,0.18884262264491936,-0.2960061649774552,-0.02060406966257642,9.307770929770376,0.0875188929692978,0.007006199710333165,0.07273453722335753,0.01945926014702586,0.10050130890541578,0.020515756945997398,0.09828572907574913
radar_camera,81.512097,-1.037208696220094,0.30730066344606466,-0.23639158813639718,0.08376587408060873,9.312953775342569,0.10102426832230206,0.0030230719492954565,0.047376408884138584,0.010595473934695319,0.07378120201371909,0.021143907969531067,0.09898259162171019
radar_camera,81.522097,-1.0336126057996282,0.30806867917689296,-0.23563641812993746,0.08336537564325479,9.308067349874575,0.09196966405976063,0.0030664061843382437,0.04807786135011278,0.010789264454274188,0.07458256503117881,0.017633844544194987,0.0904492221795529
radar_camera,81.532097,-1.0305319190078621,0.30806867917689296,-0.23480276437350567,0.08336537564325479,9.308987046515172,0.09196966405976063,0.0032253473438759715,0.04967786135010987,0.011169923031368396,0.0761825650311759,0.018191949685367283,0.09204922217954999
radar_camera,81.542097,-1.0274512322160916,0.30806867917689296,-0.2339691106170727,0.08336537564325479,9.30990674315577,0.09196966405976063,0.0033942240756839504,0.0512778613501115,0.011565818121469385,0.07778256503117754,0.018768464670976284,0.09364922217955163
radar_camera,81.552097,-1.024370545424321,0.30806867917689296,-0.23313545686063974,0.08336537564325479,9.310826439796367,0.09196966405976063,0.003573356379761962,0.05287786135011314,0.011977269724576625,0.07938256503117919,0.019363709501021217,0.09524922217955327
radar_camera,81.562097,-1.021289858632555,0.30806867917689296,-0.23230180310420795,0.08336537564325479,9.311746136436964,0.09196966405976063,0.0037630642561097293,0.05447786135011023,0.012404597840689499,0.08098256503117628,0.01997800417550119,0.09684922217955036
radar_camera,81.572097,-1.0182091718407844,0.30806867917689296,-0.231468149347775,0.08336537564325479,9.312665833077562,0.09196966405976063,0.0039636677047277915,0.05607786135011186,0.012848122469809221,0.08258256503117792,0.020611668694417953,0.098449222179552
radar_camera,81.582097,-1.0152742961690404,0.3071330616832686,-0.23086460041754117,0.0826541592722739,9.308000961335827,0.08322535275329508,0.00399824594695679,0.05585115310092464,0.013059014700401881,0.08273198338670532,0.017223497196062525,0.08959971789343088
radar_camera,81.592097,-1.0122029655522105,0.3071330616832686,-0.23003805882481917,0.0826541592722739,9.308833214863359,0.08322535275329508,0.004212670221666549,0.05745115310092173,0.01352728060009132,0.0843319833867024,0.017770432840585174,0.09119971789342797
radar_camera,81.602097,-1.0091316349353763,0.3071330616832686,-0.229211517232096,0.0826541592722739,9.309665468390893,0.08322535275329508,0.004438584726996799,0.05905115310092336,0.014012412896458768,0.08593198338670405,0.01833560842868729,0.09279971789342961
radar_camera,81.61209699999999,-1.0060603043185463,0.3071330616832686,-0.22838497563937402,0.0826541592722739,9.310497721918425,0.08322535275329508,0.004676309462946901,0.06065115310092045,0.01451473158950285,0.08753198338670114,0.01891934396036727,0.0943997178934267
radar_camera,81.622097,-1.0029889737017121,0.3071330616832686,-0.22755843404665085,0.0826541592722739,9.31132997544596,0.08322535275329508,0.0049261644295175286,0.06225115310092209,0.015034556679224991,0.08913198338670278,0.019521959435626773,0.09599971789342834
radar_camera,81.632097,-0.9999176430848778,0.3071330616832686,-0.2267318924539277,0.0826541592722739,9.312162228973493,0.08322535275329508,0.005188469626708354,0.06385115310092372,0.015572208165624492,0.09073198338670442,0.02014377485446498,0.09759971789342999
radar_camera,81.64209699999999,-0.996846312468048,0.3071330616832686,-0.2259053508612057,0.0826541592722739,9.312994482501026,0.08322535275329508,0.005463545054518976,0.06545115310092081,0.016128006048700547,0.09233198338670151,0.02078511021688097,0.09919971789342708
radar_camera,81.652097,-0.9952452821111523,0.30284497866566384,-0.2254842936931718,0.08157883318789463,9.308358726948363,0.07453637071068207,0.005438152977177238,0.06430957664052676,0.016328664014594624,0.09205746878184597,0.017354183807939724,0.09013068294958912
radar_camera,81.662097,-0.9922168323244941,0.30284497866566384,-0.22466850536129243,0.08157883318789463,9.30910409065547,0.07453637071068207,0.005723851163779463,0.0659095766405284,0.016908779116078545,0.09365746878184761,0.017907233761049815,0.09173068294959076
radar_camera,81.672097,-0.9891883825378402,0.30284497866566384,-0.22385271702941423,0.08157883318789463,9.309849454362576,0.07453637071068207,0.006022731265709374,0.0675095766405255,0.017507625711317993,0.0952574687818447,0.01847862985074902,0.09333068294958785
radar_camera,81.682097,-0.9861599327511821,0.30284497866566384,-0.22303692869753486,0.08157883318789463,9.310594818069683,0.07453637071068207,0.0063351132829678174,0.06910957664052714,0.018125523800314663,0.09685746878184634,0.01906869207703896,0.09493068294958949
radar_camera,81.69209699999999,-0.9831314829645282,0.30284497866566384,-0.22222114036565666,0.08157883318789463,9.311340181776789,0.07453637071068207,0.006661317215553908,0.07070957664052423,0.018762793383066804,0.09845746878184343,0.019677740439917955,0.09653068294958658
radar_camera,81.702097,-0.9801030331778701,0.30284497866566384,-0.2214053520337773,0.08157883318789463,9.312085545483896,0.07453637071068207,0.0070016630634685715,0.07230957664052587,0.019419754459576225,0.10005746878184507,0.02030609493938774,0.09813068294958822
radar_camera,81.712097,-0.9485900597091568,0.37490152953862355,-0.18199054104127815,0.14884983432943136,9.31487682916416,0.08158351357510474,0.00300742151480626,0.047051607745825744,0.01053848272335085,0.07333695950882319,0.020942218996225316,0.09889974339801516
radar_camera,81.72209699999999,-0.9419244711331454,0.38176925677001616,-0.1813985884106481,0.14733287433193715,9.312344912170474,0.07655160607460024,0.0030561306883967157,0.047936204925061676,0.010735207293635331,0.0743155940987109,0.01751282535565572,0.09055642454143857
radar_camera,81.732097,-0.9381067785654432,0.38176925677001616,-0.17992525966732797,0.14733287433193715,9.31311042823122,0.07655160607460024,0.003214630030409619,0.04953620492506331,0.011113989490974835,0.07591559409871254,0.01807228114639996,0.09215642454144021
radar_camera,81.742097,-0.9342890859977411,0.38176925677001616,-0.17845193092400785,0.14733287433193715,9.313875944291965,0.07655160607460024,0.003383036613407545,0.051136204925064946,0.011507954807134098,0.07751559409871418,0.01865016822205251,0.09375642454144185
radar_camera,81.75209699999999,-0.9304713934300444,0.38176925677001616,-0.1769786021806898,0.14733287433193715,9.31464146035271,0.07655160607460024,0.0035616704373902333,0.052736204925062036,0.011917423242112528,0.07911559409871127,0.01924680658261251,0.09535642454143894
radar_camera,81.762097,-0.9266537008623422,0.38176925677001616,-0.17550527343736969,0.14733287433193715,9.315406976413456,0.07655160607460024,0.003750851502358191,0.05433620492506367,0.012342714795911286,0.08071559409871291,0.019862516228081648,0.09695642454144059
radar_camera,81.772097,-0.9228360082946401,0.38176925677001616,-0.17403194469404956,0.14733287433193715,9.316172492474202,0.07655160607460024,0.003950899808311172,0.055936204925065305,0.012784149468529802,0.08231559409871456,0.020497617158459092,0.09855642454144223
radar_camera,81.782097,-0.9162937958297521,0.3885807703485596,-0.1736368586870908,0.14544557460992866,9.313596732817876,0.07143926033473715,0.003987963060193688,0.05606443398806302,0.012995539639148504,0.08283153132365205,0.01712996418802235,0.08990666007761472
radar_camera,81.792097,-0.9124079881262646,0.3885807703485596,-0.17218240294099077,0.14544557460992866,9.314311125421224,0.07143926033473715,0.004201849656174376,0.05766443398806465,0.013461713578773732,0.08443153132365369,0.01767764978693068,0.09150666007761636
radar_camera,81.802097,-0.908522180422777,0.3885807703485596,-0.17072794719489073,0.14544557460992866,9.315025518024571,0.07143926033473715,0.004427269138952688,0.05926443398806629,0.01394477382466371,0.08603153132365533,0.018243636717854554,0.093106660077618
radar_camera,81.812097,-0.904636372719295,0.3885807703485596,-0.16927349144879278,0.14544557460992866,9.315739910627919,0.07143926033473715,0.00466454150852828,0.06086443398806338,0.014445040376817712,0.08763153132365242,0.018828244980793125,0.09470666007761509
radar_camera,81.822097,-0.9007505650158074,0.3885807703485596,-0.16781903570269274,0.14544557460992866,9.316454303231266,0.07143926033473715,0.0049139867649018254,0.06246443398806501,0.014962833235237161,0.08923153132365406,0.019431794575748056,0.09630666007761673
radar_camera,81.832097,-0.8968647573123198,0.3885807703485596,-0.1663645799565927,0.14544557460992866,9.317168695834614,0.07143926033473715,0.005175924908072997,0.06406443398806665,0.01549847239992136,0.0908315313236557,0.02005460550271853,0.09790666007761838
radar_camera,81.842097,-0.8929789496088378,0.3885807703485596,-0.16491012421049475,0.14544557460992866,9.317883088437961,0.07143926033473715,0.005450675938041396,0.06566443398806374,0.01605227787086951,0.0924315313236528,0.02069699776170362,0.09950666007761547
radar_camera,81.852097,-0.8869452257952064,0.39373003664931483,-0.16477380300267147,0.14313395700717946,9.315292923892043,0.06635077961001272,0.005432688895464131,0.06463595769197633,0.01625850730643309,0.09224952907546928,0.017322107907276382,0.09058216429069768
radar_camera,81.86209699999999,-0.8830079254287169,0.39373003664931483,-0.16334246343260098,0.14313395700717946,9.315956431688143,0.06635077961001272,0.005718492841609264,0.06623595769197342,0.01683692998238346,0.09384952907546637,0.017877676966103585,0.09218216429069477
radar_camera,81.872097,-0.8790706250622217,0.39373003664931483,-0.16191112386252846,0.14313395700717946,9.316619939484243,0.06635077961001272,0.006017543979293202,0.06783595769197506,0.017434122564149755,0.09544952907546801,0.01845168245778972,0.09378216429069641
radar_camera,81.882097,-0.8751333246957265,0.39373003664931483,-0.16047978429245593,0.14313395700717946,9.317283447280342,0.06635077961001272,0.0063301623085155485,0.0694359576919767,0.01805040505173116,0.09704952907546965,0.019044444382334012,0.09538216429069805
radar_camera,81.89209699999999,-0.8711960243292369,0.39373003664931483,-0.15904844472238544,0.14313395700717946,9.317946955076442,0.06635077961001272,0.006656667829275831,0.0710359576919738,0.01868609744512676,0.09864952907546674,0.019656282739735582,0.09698216429069514
radar_camera,81.902097,-0.8672587239627417,0.39373003664931483,-0.15761710515231292,0.14313395700717946,9.318610462872542,0.06635077961001272,0.006997380541574977,0.07263595769197544,0.019341519744338363,0.10024952907546839,0.02028751752999617,0.09858216429069679
radar_camera,81.912097,-0.8494209628096544,0.4300477740310092,-0.1184014201814748,0.2083385157674562,9.320491533120613,0.07073520924542642,0.002998138731748811,0.04734909193512454,0.010484046141948034,0.07353655754339096,0.020931049717627465,0.09940627869224526
radar_camera,81.922097,-0.8449895257503323,0.4300667963135698,-0.11750584051477196,0.20616785063765594,9.31783941563453,0.06544051046736253,0.0030510384167270217,0.04791429279200107,0.010682998340290175,0.07419995473312568,0.017497771605051095,0.09058416229248481
radar_camera,81.932097,-0.8406888577871944,0.4300667963135698,-0.11544416200839434,0.20616785063765594,9.318493820739205,0.06544051046736253,0.0032097889098922664,0.04951429279200271,0.011060749815576408,0.07579995473312733,0.018059423193488133,0.09218416229248645
radar_camera,81.94209699999999,-0.8363881898240626,0.4300667963135698,-0.11338248350201965,0.20616785063765594,9.319148225843877,0.06544051046736253,0.0033784422616156746,0.0511142927919998,0.011453661281808712,0.07739995473312442,0.01863951161438285,0.09378416229248354
radar_camera,81.952097,-0.8320875218609247,0.4300667963135698,-0.11132080499564204,0.20616785063765594,9.319802630948551,0.06544051046736253,0.003557318471897726,0.05271429279200143,0.011862052738988204,0.07899995473312606,0.019238356867736894,0.09538416229248518
radar_camera,81.962097,-0.8277868538977868,0.4300667963135698,-0.10925912648926442,0.20616785063765594,9.320457036053226,0.06544051046736253,0.003746737540738188,0.05431429279200307,0.012286244187114338,0.0805999547331277,0.019856278953549456,0.09698416229248683
radar_camera,81.97209699999999,-0.8234861859346551,0.4300667963135698,-0.10719744798288973,0.20616785063765594,9.321111441157898,0.06544051046736253,0.003947019468136769,0.05591429279200016,0.012726555626186476,0.08219995473312479,0.020493597871819612,0.09858416229248392
radar_camera,81.982097,-0.8201654858445159,0.4271522465838779,-0.10666490899061556,0.2032470688358109,9.31848621357271,0.06014338530859554,0.003989590525272904,0.0557377780415883,0.01294223111497213,0.08240193651958125,0.017150859488843002,0.08964357974501701
radar_camera,81.992097,-0.8158939633786749,0.4271522465838779,-0.10463243830225641,0.2032470688358109,9.319087647425796,0.06014338530859554,0.0042038418955762345,0.05733777804158993,0.013407344147699224,0.08400193651958289,0.017701306545555743,0.09124357974501865
