time_s,truth_x_m,truth_vx_m_s,truth_y_m,truth_vy_m_s,truth_z_m,truth_vz_m_s,radar_x_m,radar_y_m,radar_z_m,camera_x_m,camera_y_m,camera_z_m,predicted_x_m,predicted_vx_m_s,predicted_y_m,predicted_vy_m_s,predicted_z_m,predicted_vz_m_s,after_radar_x_m,after_radar_vx_m_s,after_radar_y_m,after_radar_vy_m_s,after_radar_z_m,after_radar_vz_m_s,fused_x_m,fused_vx_m_s,fused_y_m,fused_vy_m_s,fused_z_m,fused_vz_m_s,radar_only_x_m,radar_only_vx_m_s,radar_only_y_m,radar_only_vy_m_s,radar_only_z_m,radar_only_vz_m_s,camera_only_x_m,camera_only_vx_m_s,camera_only_y_m,camera_only_vy_m_s,camera_only_z_m,camera_only_vz_m_s
0.0,4.0,0.3,0.0,0.52,1.8,0.195,4.060943415950886,-0.3639944371841734,2.06265791853226,3.52930934767231,-0.07639383397226827,1.8649357932965438,4.060943415950886,0.0,-0.3639944371841734,0.0,2.06265791853226,0.0,4.060943415950886,0.0,-0.3639944371841734,0.0,2.06265791853226,0.0,4.025648208098366,0.0,-0.10664546791128537,0.0,1.8857334456222876,0.0,4.060943415950886,0.0,-0.3639944371841734,0.0,2.06265791853226,0.0,3.52930934767231,0.0,-0.07639383397226827,0.0,1.8649357932965438,0.0
0.1,4.0299968750976545,0.2999062548827108,0.05198613444262442,0.5195840554637086,1.8194970751316222,0.19491225658105257,4.218109818375897,-0.6308761815862183,1.3637342477298109,4.602191736850357,0.10575805811496886,1.617225397045445,4.025648208098366,0.0,-0.10664546791128537,0.0,1.8857334456222876,0.0,4.15251303683821,0.6564925896291701,-0.26475428895230496,-1.1964564576261896,1.7282976533075425,-1.1913634491500207,4.172647607562679,0.7606837717501378,0.0018481633803755781,0.8210035652378009,1.648375523478432,-1.7961579679610205,4.165728001809769,0.52423722019381,-0.5161702924808681,-0.3748494818502352,1.6641319435549577,-0.9816751476956963,4.084176238425742,0.3686612699188301,0.06764210766658164,1.0596234224651646,1.669059704561369,-1.4409937489426852
0.2,4.059975003124814,0.2996250781184899,0.10388910215992453,0.518336887277362,1.838976604211639,0.19464910528736482,4.085543083758271,-0.006795805160329238,1.833096199085138,4.463500833071002,-0.02022786404100335,1.8672097376022307,4.248715984737693,0.7606837717501378,0.08394851990415568,0.8210035652378009,1.46875972668233,-1.7961579679610205,4.141156893581794,0.216252013257489,0.06087712664403657,0.6907572000710714,1.5613908639775427,-1.2732216720062852,4.155590054242546,0.28930833006617657,0.005415082558361851,0.3776538878682979,1.7705190533521136,-0.09261735336633281,4.129716517966561,0.0815605900345393,-0.2632490670931085,0.7070496938741702,1.707823031226353,-0.4531853323377225,4.25654044850593,0.5822404129272563,0.02681500008191459,0.2368561371199095,1.7841462273690818,0.011765135958659911
0.30000000000000004,4.089915648727291,0.2991566454336622,0.1556258694755952,0.5162604906440105,1.8584210569787072,0.1942107829373389,3.919306863212575,0.4634151606775852,2.130648234378839,3.022114822177996,0.20918452718076283,1.7616291884618225,4.184520887249163,0.28930833006617657,0.04318047134519165,0.3776538878682979,1.7612573180154802,-0.09261735336633281,4.021816381356377,-0.36597583325072397,0.11810007144678919,0.6930148752339407,1.827112470951738,0.1845884248936978,3.9800269712056955,-0.5342805677498456,0.17299137560784003,0.9240702446505173,1.787649504986215,0.018475953732781547,4.00117354582371,-0.46650863525487385,0.15473790911680507,1.930379487943862,1.910352049766303,0.41987831195006386,3.8387583116988786,-0.43758755285062945,0.15689017819772128,0.6833312988114542,1.7694374084433009,-0.05489935736707682
0.4,4.119800099976194,0.29850124958340774,0.20711366859851982,0.513358187355326,1.8778129347377976,0.19359768399150393,4.133006239488437,0.6016480910373313,2.0414412045260137,3.157824112280803,0.2927720849764077,1.9068102773390079,3.926598914430711,-0.5342805677498456,0.2653984000728917,0.9240702446505173,1.7894971003594933,0.018475953732781547,4.040070316920546,-0.1655334538550982,0.30949258316806927,1.071308426442895,1.8225358503045272,0.12879811255585377,4.006878259783989,-0.2733974178563471,0.3006756645325566,1.0418671945665254,1.8669747634098803,0.27718740808579556,4.055266840806549,-0.139903992070256,0.4764257739408405,2.320549381121223,1.997492033497165,0.5568159103203784,3.5614122601598406,-0.9689912441317137,0.2649236522588625,0.8155797457719118,1.8479120206217876,0.22480051151004418
0.5,4.149609680062273,0.2976593001687987,0.25827013003357957,0.5096346204774457,1.8971347861078396,0.19281036019752823,3.9777511874856253,0.38733290446245416,1.56152587581769,3.6891270790176,0.43241159191610723,1.8442564955194705,3.9795385179983547,-0.2733974178563471,0.40486238398920915,1.0418671945665254,1.8946935042184598,0.27718740808579556,3.9786625892514857,-0.2757715029264883,0.4030623786136196,1.0368523997054953,1.8604823617154274,0.18187554738761053,3.968912112445387,-0.3021988367648381,0.4167464059328224,1.0749759468954907,1.8529170755861264,0.16079874477472125,4.009135412753506,-0.2268635460660398,0.5570980432073197,1.9276946826584826,1.8214206853131214,-0.04460849148100243,3.546540163576192,-0.7903186528666596,0.39116211425383335,0.939648879935281,1.8568025132892634,0.1870649170222605
0.6000000000000001,4.179325758968319,0.29663132338081266,0.309013414355275,0.5050957469230554,1.916369222726786,0.1918495200936837,4.355015819229774,0.29153934551008653,1.8516673954859446,4.20340651444652,0.34128302807670713,1.8420093106313522,3.9386922287689035,-0.3021988367648381,0.5242440006223716,1.0749759468954907,1.8689969500635986,0.16079874477472125,4.121680532858758,0.12410722192241996,0.5045815087068517,1.0273672501767355,1.8675326810028088,0.1572533171692419,4.124157518809281,0.12987783181600643,0.43629037952201627,0.862014268880611,1.8568588536864523,0.1314088306353822,4.154391435029872,0.16365598380094992,0.5510913001217524,1.48057521986413,1.8320124505566564,-0.010749727322649547,3.7305583279788834,-0.26261797303411727,0.418055778019571,0.7781218394050788,1.8598888476303923,0.14944702916941494
0.7000000000000001,4.208929765112315,0.29541796167148004,0.35926234313334793,0.49974882792160086,1.9354989348999647,0.1907160283712089,4.072743856231527,0.7871518116692585,1.8814136161758839,4.5622819851622625,0.295248061473581,1.8861023362340197,4.1371453019908815,0.12987783181600643,0.5224918064100773,0.862014268880611,1.8699997367499905,0.1314088306353822,4.111518529290756,0.07721843600651551,0.541620253113232,0.9036914273244487,1.870824681131219,0.13320622371268515,4.1239226511143965,0.10270715315493156,0.44781523313834065,0.6993085654543236,1.8766415743956335,0.1458801007918895,4.130198803494516,0.08052213002318183,0.7342123144415639,1.5500366855873504,1.8510489501611174,0.029091493656652513,3.9996714082292817,0.27677584455371507,0.4107736822290342,0.5942929730125133,1.879613281766055,0.15977266532704862
0.8,4.238403196954073,0.29401997335237245,0.40893652880095316,0.49360241740286925,1.9545067071776376,0.18941090509614578,4.152737632521452,0.2856897861300728,2.1408149221213097,5.2603851768065795,0.2840662024994612,1.6649730674660987,4.13419336642989,0.10270715315493156,0.517746089683773,0.6993085654543236,1.8912295844748224,0.1458801007918895,4.140942183776313,0.11521796480550896,0.5029405034815535,0.6693893950892089,1.9071535528167554,0.17805930093997732,4.169181952085118,0.167568236598631,0.42593833788859387,0.5137832016300692,1.821952038739137,0.0058838409320620955,4.14374591626312,0.09067233758741558,0.6676715457806022,1.1575446097584108,1.9592584719942931,0.2156435113647246,4.431856318378264,0.9488697251211532,0.39735693022008395,0.4489127078801294,1.8053366358344407,-0.020348807938079444
0.9,4.267727634558095,0.292438232120683,0.457956503257617,0.48666634831252614,1.9733754338477403,0.18793532479134867,4.34081644743091,0.6024129173162129,2.1241627849004994,5.475930380817015,0.7638758575704574,1.9247431219938205,4.185938775744981,0.167568236598631,0.4773166580516008,0.5137832016300692,1.8225404228323432,0.0058838409320620955,4.238013644622542,0.25642992291231514,0.4845518701357917,0.5276972611541273,1.8399854029758467,0.03943233809955923,4.266920879575325,0.3057578559429273,0.5766635831315852,0.7048375913300525,1.8679356651787584,0.0931835768302249,4.218799493369273,0.20271036662557684,0.7219187483583448,1.0587203844924193,2.0295289586627803,0.29390006571312244,4.821764170596937,1.3966524351481504,0.5600005975399847,0.6715858231791618,1.8477631429377075,0.0637289352344706
1.0,4.296884751105427,0.2906737265131934,0.5062438450012458,0.4789517168815003,1.9920881343298706,0.18629061537949318,4.725214271279519,0.3639985892666303,1.8128031791548325,2.844256220640288,0.4689857678577325,1.9577413803489903,4.297496665169618,0.3057578559429273,0.6471473422645904,0.7048375913300525,1.877254022861781,0.0931835768302249,4.431682028653771,0.5203997719043731,0.6319599715669051,0.6764634750038172,1.8737970454080852,0.0867250079073445,4.3970405342256464,0.46498749337595846,0.5808962629024692,0.581062655564115,1.900098809527157,0.13586381735337244,4.398429205144815,0.4558944372197162,0.6811165285639019,0.8422437967856378,1.9810848607436886,0.17902468438136654,4.339472147820936,0.5293726773056541,0.5722679614246196,0.5711622234748688,1.8900903949736736,0.12950750983970552
1.1,4.325856324347336,0.2887275592884714,0.5537213045857996,0.47047086487438095,2.0106279684566646,0.18447825698803547,4.16310177869776,0.7693141024872231,2.4057682709089767,4.183413443580643,0.4201147395551778,2.080175305553842,4.443539283563243,0.46498749337595846,0.6390025284588807,0.581062655564115,1.9136851912624941,0.13586381735337244,4.360662909606576,0.3386838611163984,0.6456115846247176,0.5932411156471901,1.938642335214529,0.18185216633707788,4.3570146572755375,0.33312392287572995,0.5776451538451318,0.46799986432950424,1.9813014279775767,0.2604597685966044,4.357237833120181,0.3247969647900004,0.7665170138351353,0.8438571639973819,2.119398593037836,0.34420337772386733,4.334396632610319,0.4545906822117645,0.5597049275261239,0.4458663222714704,1.9620204993104724,0.23556305102758052
1.2000000000000002,4.354624247993607,0.28660094673768177,0.6003129282039279,0.4612373598452278,2.0289782516288084,0.1824998806171973,4.331834756462632,0.3062581612670431,1.7404098261368746,4.748004779458172,0.4209842538256111,2.112881859432195,4.39032704956311,0.33312392287572995,0.6244451402780823,0.46799986432950424,2.0073474048372373,0.2604597685966044,4.373894737745881,0.3089251798834609,0.6089379603057109,0.4395358205518145,1.9943379187571926,0.2365803410045218,4.381222077509038,0.3197156525642283,0.5538517611412132,0.3384229175379585,2.029081235332644,0.300353076327626,4.37271956720961,0.30003512961428286,0.699141022699172,0.6482350508854728,2.0386251416663552,0.19571761793897632,4.476512536015083,0.5704881037408376,0.5450971767215921,0.3401053320968973,2.026686699900077,0.30901298039563074
1.3,4.383170543028401,0.28429521792444473,0.6459441791968578,0.45126597343237795,2.0471224698300547,0.18035726667217603,4.513289100593341,0.9060831391180626,2.237226463736873,5.922684279487819,0.666579419089305,2.006643450381834,4.41319364276546,0.3197156525642283,0.587694052895009,0.3384229175379585,2.059116542965407,0.300353076327626,4.440155897099129,0.3585375382205693,0.6027981597021522,0.3661921282219434,2.0675659257588213,0.31588744018878456,4.468019811421988,0.39865768850152405,0.6211370013907087,0.3999084654441436,2.050049061997448,0.28368232627352946,4.433843888073589,0.34427461456379044,0.8014508284091587,0.6941023179559636,2.1054191205494277,0.25349750037557744,4.879140500035855,0.9582530931846084,0.6067522635793758,0.38950131507006547,2.041487486224528,0.2802441815695439
1.4000000000000001,4.411477368946541,0.28181181385421367,0.6905420572971485,0.4405726577269764,2.065044294488721,0.17805234336090012,4.278375427488802,0.7717985203705003,2.1058843276879755,4.3049749581409005,0.7643728693333758,1.8573637018278546,4.5078855802721405,0.39865768850152405,0.6611278479351231,0.3999084654441436,2.078417294624801,0.28368232627352946,4.448134721739791,0.31375194910909737,0.6662883892704778,0.40943377020601107,2.079698074404691,0.28604638402319027,4.445532561388052,0.31005428929116363,0.6941458048946145,0.46085286685775223,2.0165518863387217,0.1694914246126749,4.4166454734743175,0.27197321951494347,0.8459908957837886,0.6649440972488536,2.1245214770265695,0.24617294565227957,4.816680355291713,0.7910878212482892,0.6826732015640585,0.45577710912212244,2.003418883426055,0.16176238843459734
1.5,4.439527034903257,0.2791522865736943,0.7340352154135461,0.42917451975303267,2.0827275971723,0.175587184958772,4.48326475424906,1.0390352876954125,2.1609860392434386,4.562820062136234,0.6871795414780089,2.3044665987270254,4.476537990317168,0.31005428929116363,0.7402310915803897,0.46085286685775223,2.0335010287999893,0.1694914246126749,4.478242780289959,0.3124615987718308,0.7540222377267235,0.4864179048780852,2.039385030542106,0.1803987652102438,4.479740045504056,0.3145758655158282,0.7351768788839457,0.4514837297043629,2.1141210534048454,0.31893904646760063,4.454267354023533,0.2864607514304112,0.942886235980663,0.6993911431062536,2.1519848246210986,0.249397785079588,4.820900599116007,0.7162368200405914,0.715569388941321,0.4329479881471298,2.1075543075931473,0.32010542009644494
1.6,4.46730201077038,0.2763182982008655,0.7763540737711098,0.41708979409983216,2.100156464101964,0.17296400994196043,4.603084723384759,0.8000067480922217,2.2013482536434585,4.336672460416662,0.9765005871054522,1.9677075803681232,4.511197632055639,0.3145758655158282,0.780325251854382,0.4514837297043629,2.1460149580516052,0.31893904646760063,4.53401034754476,0.34673841252936705,0.78122856449162,0.4531642871969197,2.148554565028846,0.3236638287387759,4.530586850300391,0.3419117889244197,0.8360615065528781,0.555177596677155,2.0977722148533413,0.2291863958335726,4.514015265337357,0.3295713376696836,0.9636531867439226,0.6451261265256348,2.182567736413029,0.2556253882422265,4.773197171420922,0.6027655302198902,0.8257164520866985,0.5537610186948212,2.0867747482026284,0.22470502944508058
1.7000000000000002,4.49478493809211,0.2733116198862101,0.8174309312240092,0.4043378137504825,2.11731521047389,0.1701851789909215,4.621042583259818,0.307426394274526,2.0054302847488343,4.935229313194204,0.8557589628789567,2.013029540730116,4.5647780291928335,0.3419117889244197,0.8915792662205937,0.555177596677155,2.1206908544366985,0.2291863958335726,4.578535307265687,0.36133264809804305,0.8648422359540249,0.5053059860474929,2.1154153084481635,0.21934611167426282,4.584631301503979,0.3699382345373184,0.8622966642826367,0.5005578237437645,2.086721872975903,0.16582528953235195,4.565835373123465,0.35573354279680747,0.8672089401915959,0.4709499005860404,2.162862937836217,0.20664025007666445,4.854379232669511,0.6217745603873717,0.8733319448041703,0.5396943300436777,2.0797708461741746,0.17128045029011027
1.8,4.521958640933477,0.27013413070580305,0.8572000735629152,0.39093897915326536,2.1341883945745237,0.16725319286594573,4.427884110074918,0.6335928266777455,2.0378886066451845,4.655005726911182,1.0027023339827073,2.0953333900601314,4.621625124957711,0.3699382345373184,0.9123524466570131,0.5005578237437645,2.103304401929138,0.16582528953235195,4.574766756537807,0.303605829311011,0.899608140710439,0.4767481729463027,2.100313728786094,0.1602379406815212,4.57612345234175,0.30552635917303084,0.9284761604815968,0.5306810801479112,2.098919154443498,0.15763251609053047,4.557734158099852,0.2950132730115127,0.8534288793206728,0.4059804985782194,2.151943807642472,0.17293286625317672,4.86499337808875,0.576725625856529,0.9503701003046716,0.5815922659254371,2.0964199302818805,0.17041055062513777
1.9000000000000001,4.548806136614747,0.26678781648695044,0.8955978786437169,0.37691472558527067,2.15076083167708,0.1641706901566424,4.847794398861626,0.5925569881510817,2.4896582557840983,3.2798341497374244,0.8934903394664233,2.0424700603019788,4.606676088259053,0.30552635917303084,0.9815442684963879,0.5306810801479112,2.114682406052551,0.15763251609053047,4.664559017822135,0.3877324331568092,0.9637671790092359,0.4974413854543587,2.1318191598052216,0.18967490768613127,4.641317204094793,0.35472411320464103,0.9440937963048495,0.4606559918073367,2.106806665785072,0.1429064158385227,4.65227944548176,0.3857263670324991,0.8302634946325779,0.3385425257655958,2.2370088717453127,0.24461017346756725,4.611054162298464,0.31394131780013074,0.9733507286351804,0.5176255898482165,2.091752160466048,0.13093651136221074
2.0,4.575310646325043,0.2632747685671118,0.9325629181693796,0.36228748886052603,2.167017607706773,0.1609404449073873,4.238736692001883,0.8153531576743585,2.223981180493525,4.318554942327132,0.9227723858071651,1.9623393417849109,4.676789615415258,0.35472411320464103,0.9901593954855831,0.4606559918073367,2.1210973073689243,0.1429064158385227,4.57214382148417,0.20563957046672943,0.9821711000198697,0.44571492713782473,2.125798894608985,0.15170012149257694,4.567907906894107,0.19960483781276167,0.965543726466233,0.41461559379251817,2.0800419606123404,0.06611774501979895,4.578608813691543,0.2286911375275534,0.8540174459091623,0.32791633417059607,2.253705089761149,0.23644108593873372,4.5831829461487725,0.265487470760099,0.9938218975037467,0.46069627077673125,2.061273540280091,0.05166423462558187
2.1,4.601455605608558,0.25959718248688235,0.9680360559621173,0.34708066943748017,2.182944092662475,0.1575653641208696,4.718700071880413,1.2169653588896165,2.4606156249824487,3.389711851118049,1.0258840762251804,2.1202178491221133,4.587868390675384,0.19960483781276167,1.0070052858454848,0.41461559379251817,2.08665373511432,0.06611774501979895,4.619027848217949,0.24411465652988665,1.016600041319341,0.43256125351879166,2.103743045657052,0.09808093082397326,4.598554716415185,0.2148697512272827,1.0191989042579712,0.43742206629291186,2.1083548073081886,0.10670659153575288,4.630477809938524,0.26937748744269047,0.9540207942880216,0.3984587494255675,2.314657744613295,0.27559847039479496,4.393824088920418,0.09364333635521072,1.0356087103094558,0.4529033078815993,2.0828826940074103,0.08158325018662381
2.2,4.627224674716791,0.2557573566178517,1.0019605425686602,0.33131859498326166,2.198525953782732,0.15404848514198619,4.557479660267103,0.8401374151360617,2.4988175122227356,2.7036664183513657,1.0961418269616363,2.231210324415641,4.620041691537914,0.2148697512272827,1.0629411108872624,0.43742206629291186,2.119025466461764,0.10670659153575288,4.605167868416996,0.19357927942472267,1.0527597642306012,0.41838208012582867,2.136380629545113,0.13916222595993255,4.573554923975094,0.14832833776940166,1.064903336668693,0.4410915957760959,2.1629255007763875,0.18880339800663903,4.63274427596272,0.23468604922803402,0.9630064135126458,0.3660794791861454,2.373654117008096,0.3085823756213778,4.111558062075078,-0.13320035219675344,1.0855595400015896,0.4613828622985186,2.133897941636317,0.15955936710093147
2.3000000000000003,4.652601748820371,0.25175769072619625,1.034282106047276,0.3150264814546006,2.2137491684442794,0.1503929729244358,4.614340883844048,0.5877918928790034,1.8170986435430612,4.117195630793008,0.876262480720287,2.314046116002,4.5883877577520344,0.14832833776940166,1.1090124962463026,0.4410915957760959,2.1818058405770513,0.18880339800663903,4.594552204467489,0.1571651628232831,1.0851965922369124,0.39656212389381124,2.165141434872478,0.15764534559912974,4.586623346860444,0.1457990287994565,1.0267150611770453,0.28721705381221546,2.2068204774721965,0.2355741848652333,4.645888051827922,0.22014358903604625,0.9178592126459597,0.2802084028783494,2.2878987673796694,0.18609792793889474,4.101400098642644,-0.13078787530802344,1.0536010903941548,0.3193132494393867,2.2000539702133426,0.25088082299234243
2.4000000000000004,4.6775709680740425,0.24760068447290345,1.0649490387912979,0.2982303927576774,2.2286000367814576,0.1466021171824745,4.493680510873721,1.2389552992101152,2.2784490444061554,4.939583934994364,1.3508613127133866,2.2790226686284503,4.601203249740389,0.1457990287994565,1.055436766558267,0.28721705381221546,2.23037789595872,0.2355741848652333,4.575675470666077,0.10916958100153956,1.0638211557908592,0.30289101632838933,2.2325741167633275,0.23967984857116498,4.581717340154605,0.11783897375942962,1.1441577028306527,0.4530739327041865,2.2455740966680553,0.2639822982887471,4.624968080745466,0.1596021955057008,1.00355848445637,0.34090582998424257,2.300986330373158,0.18028665443641392,4.226672435040131,-0.02691153671640653,1.16664820620412,0.4668485128127051,2.2416143208249344,0.2808409629092856
2.5,4.702116727528555,0.24328893585156536,1.0939122802502654,0.2809571990514327,2.243065194015167,0.14267932943039507,4.840213798342108,0.9443738540324784,2.2985540858920173,4.992894083475066,1.0738809286372377,2.341078298079262,4.593501237530548,0.11783897375942962,1.189465096101071,0.4530739327041865,2.27197232649693,0.2639822982887471,4.652065153775847,0.20191746952706072,1.1782691980178068,0.4321467322763077,2.2731865953812416,0.2662519910035564,4.657722893897124,0.21004012097080416,1.1490560248598654,0.3775419185075554,2.292186163806637,0.3017656919612137,4.6900266347390716,0.2288835088998576,1.0194132420793725,0.32167126529533874,2.315014773606412,0.17606734813732056,4.346032679998801,0.06354345237734688,1.1707039891245536,0.38932558102398485,2.2915185058467453,0.3205218031282114
2.6,4.726223686883247,0.23882513956471674,1.12112549541634,0.2632345337610448,2.2571316224802667,0.1386281399123941,4.851341765676715,1.0128542065142567,2.4170029556253607,5.195037587819362,1.2713324964441635,2.1945728722437927,4.678726905994204,0.21004012097080416,1.186810216710621,0.3775419185075554,2.3223627330027585,0.3017656919612137,4.719699941633568,0.26887855319514786,1.1788648718987433,0.3626918322505553,2.326685372967659,0.30984483488787024,4.727590181048087,0.28020915903825017,1.20473955785873,0.4110523914806834,2.289717088290469,0.2407500090209142,4.747016609127872,0.2770207499548661,1.044046405935477,0.3137056284389397,2.3490374566884045,0.193423882570332,4.483316838148697,0.15958546605099677,1.228494513998826,0.4236158671275034,2.2841412500404545,0.2488254923975493
2.7,4.74987678007324,0.23421208533973403,1.146545148950432,0.24509074937034478,2.270786663340593,0.13445219442559067,4.61749159185991,1.0194763026526568,2.1371784004411776,4.423321175365269,1.0890527684409943,2.3656828698820718,4.755611096951912,0.28020915903825017,1.2458447970067985,0.4110523914806834,2.3137920891925607,0.2407500090209142,4.722826188468937,0.233126719306364,1.2355067232780579,0.39173110872274874,2.3057262788816955,0.2256754597598814,4.7178546468109,0.22598708337873422,1.1945287268810554,0.3151455207288279,2.3225022066654373,0.25702873240440255,4.735986089410083,0.2223395002627915,1.0645728202839266,0.30221401027518685,2.323561236763578,0.14592929762683493,4.487698117778982,0.15115986889424401,1.2152911914843427,0.32258679610002805,2.326340622220541,0.28031123689241266
2.8000000000000003,4.773061224685229,0.2294526561853465,1.1701305748294566,0.2265548720638903,2.284018027981059,0.13015525103905506,4.533893295567421,1.3405709431044102,2.1197272089101054,5.896842054907777,1.1150697156515406,2.2330451806458878,4.740453355148773,0.22598708337873422,1.2260432789539382,0.3151455207288279,2.3482050799058776,0.25702873240440255,4.691423234901488,0.1555795901806642,1.2312731977644642,0.3249197574874503,2.33777161193835,0.23752954134184343,4.711432108454206,0.1843124307582276,1.1987614289011084,0.26415825471374227,2.3084709277750655,0.18276926024050993,4.702957593674383,0.1443235179583956,1.1423187318397072,0.35267837601424196,2.295918131432468,0.10108055118738954,4.7116867524889186,0.30228959280603157,1.2070628021360992,0.24897528024142274,2.3172933095365162,0.2128971222792317
2.9000000000000004,4.7957625311960195,0.2245498265898495,1.1918440414032971,0.20765655529126198,2.2968138090665784,0.1257411767118002,4.798261354941557,1.3601053720203653,2.453099720677059,5.031320449098369,1.162352661401749,2.4110602474433653,4.729863351530029,0.1843124307582276,1.2251772543724826,0.26415825471374227,2.3267478537991164,0.18276926024050993,4.746098211779044,0.20762286358291004,1.2313383574417611,0.2756727531848763,2.3325173471293525,0.19355187844754476,4.750832522592531,0.21442050966647647,1.2120382397104381,0.23960272260575047,2.3544912824527096,0.23461901234232327,4.73731216625031,0.17244560468082695,1.2128190828585041,0.3901546686623788,2.334416523279282,0.13127892378137707,4.78462432213383,0.3330665484784816,1.2106889003200598,0.2103012303290701,2.360731360425073,0.2531654992182833
3.0,4.817966512028001,0.21950666066214627,1.2116508117573943,0.18842603232787017,2.3091624912578643,0.12121394381277958,4.951043533822558,1.177180892179096,2.1610080820424105,3.1291335440637154,1.112446206127367,2.215272531182491,4.772274573559178,0.21442050966647647,1.235998511971013,0.23960272260575047,2.377953183686942,0.23461901234232327,4.814704821446222,0.275334333326141,1.2333128950007042,0.23458354131978937,2.368047453930057,0.2161060769650097,4.7867279471841995,0.23517009978495906,1.1994991268662183,0.17138859054878688,2.3253070110280114,0.13622795825362743,4.802958363663833,0.24075986960737084,1.2374397866767368,0.3748219397129295,2.311576367868336,0.09296719014938157,4.572019593863873,0.15631149740518205,1.195271984043415,0.1440361483149237,2.3338628685050877,0.1582868439675904
3.1,4.839659290415924,0.21432631021677942,1.2295191992844008,0.16889406790816355,2.321052961574455,0.11657762654602316,4.823715648234645,0.6389521473990903,1.8145635962263746,3.099392281126316,1.1138825859601442,2.2112342276729438,4.810244957162696,0.23517009978495906,1.216637985921097,0.17138859054878688,2.338929806853374,0.13622795825362743,4.813441965318825,0.23975918449286202,1.1902615510603867,0.1220929586659682,2.314987881544721,0.09148224706051425,4.784994316414062,0.1989245465472711,1.168894140768944,0.08215882815975943,2.2859622605690375,0.03723547965834087,4.826216884117094,0.23960625282899384,1.152378123882289,0.24415373198677015,2.223313242912015,-0.011060627272242954,4.37345678466671,0.002564744104360167,1.1804043106506683,0.0908171357070556,2.3073834121490484,0.08136513628975313
3.2,4.860827309079427,0.2090120128041496,1.2454206183759926,0.14909190900861677,2.332474519395649,0.11183639728412906,4.596287386608547,0.896384228715474,2.4723954987488517,4.7099988181903045,1.3789765253752242,2.303067241252765,4.804886771068789,0.1989245465472711,1.17711002358492,0.08215882815975943,2.2896858085348715,0.03723547965834087,4.7553836163736625,0.12787415980917002,1.1642926355212566,0.05820387453661098,2.298027973897885,0.05282650205658962,4.754630434374783,0.12679314037446654,1.224350850276268,0.1704491886364476,2.2994377182490475,0.05546123234523083,4.787643478104422,0.15136843677885098,1.1227833880845417,0.18651793903028668,2.2703963803280054,0.040363500799350714,4.421625261583247,0.036941348643984115,1.2473871958374274,0.196089845093334,2.3117148536536316,0.07444696450212239
3.3000000000000003,4.881457338695895,0.20356708968715195,1.2593296301537449,0.12905123485923378,2.3434168860903384,0.10699452281340957,4.700361527623882,1.1269727362399584,2.798146790315461,4.108347048492529,1.2524950852081214,2.4693177206633004,4.76730974841223,0.12679314037446654,1.241395769139913,0.1704491886364476,2.304983841483571,0.05546123234523083,4.751423407649435,0.10399392333547391,1.2361714842013196,0.16068524167611586,2.3275004948230023,0.09754381618484587,4.74075210027841,0.08867904016164727,1.2407380128643335,0.16921987257442744,2.367173874884116,0.17169152887796468,4.777556171985168,0.11577977057925326,1.1386501254287464,0.1835443307008845,2.3752851936045323,0.1480438003796062,4.380549513403433,0.004809012530447403,1.2625652395015707,0.18803369206871662,2.365041737953095,0.15786805707189866
3.4000000000000004,4.901536486168351,0.19799494376549462,1.2712239831659111,0.10880410626353791,2.353870214267086,0.10205636049407166,4.830283691956065,1.5293544321293915,2.027104026263629,4.169567374082172,1.1619549970953373,2.4208960893799927,4.749620004294575,0.08867904016164727,1.2576600001217764,0.16921987257442744,2.3843430277719126,0.17169152887796468,4.768759461476521,0.11614527724236345,1.2700648736272653,0.1924041084705634,2.3680324078148085,0.14120760169157323,4.75881712591588,0.10187744597376268,1.2398212174159327,0.13587986744102665,2.3828209827592137,0.1688468847465001,4.799267857691814,0.1300763258431607,1.228701834848016,0.26012135033862877,2.320195431212883,0.07339263662648521,4.3513827665515645,-0.016487946496608737,1.2448809137772106,0.1216928775087147,2.3930714727963753,0.18012777758916876
3.5,4.921052202683232,0.19229905744899756,1.2810846489849983,0.08838291430812523,2.363825096636111,0.09702635433888676,4.8799646911097065,0.9485769297662949,2.245163520070914,4.754900115885132,1.3587828118701353,2.3621874816206754,4.769004870513256,0.10187744597376268,1.2534092041600353,0.13587986744102665,2.3997056712338636,0.1688468847465001,4.795331033492013,0.13965554442004852,1.2394913642096421,0.10986788792384017,2.3926496830523196,0.15565947774181998,4.794660212392537,0.13869291475174905,1.2728630171804056,0.17223839632343022,2.3841279152739996,0.1397325774692232,4.828943808354609,0.1535906615506069,1.1957681049896143,0.19715216675357963,2.311674346388407,0.05644974847930179,4.4061866978075654,0.02411377347241158,1.2881352508608221,0.1782110009983341,2.396143530274611,0.1529629027707774
3.6,4.93999229155298,0.18648299048119932,1.2888958526491925,0.06782032854383557,2.373272574475216,0.0919090310138793,5.108053919044459,0.6843337045318705,2.525320849716266,5.466240027620156,1.1646864789643157,2.3718224163806236,4.808529503867712,0.13869291475174905,1.2900868568127486,0.17223839632343022,2.398101173020922,0.1397325774692232,4.87959010322228,0.24066277799286542,1.2624297739339447,0.12054816518387576,2.4039096861568905,0.15058850858426678,4.889323117725457,0.2546293666063479,1.2350862025015497,0.06944387722570407,2.3949333102993906,0.13381194017671105,4.90924693370278,0.24520569099206,1.1132124332914157,0.08789345256525193,2.3573692439219993,0.09923614767429344,4.555198348429595,0.129704896544732,1.2627904875126728,0.09972762396472355,2.3993344831967,0.13095320158883553
3.7,4.958344915838577,0.18055037771463375,1.2946450978989321,0.04714924472144092,2.382204145692031,0.08670899576463283,5.005892036305032,1.086692613405054,1.876083896656072,4.800327405066209,1.1487381870064364,2.1945867919477884,4.9147860543860915,0.2546293666063479,1.24203059022412,0.06944387722570407,2.4083145043170617,0.13381194017671105,4.936399458017899,0.2856436655060688,1.234938270448252,0.05618854639135769,2.3840142672383147,0.08839553313203191,4.934142012591821,0.28240432900975004,1.210823899781724,0.011119518041211897,2.3310221566603286,-0.01064511640432124,4.951525974973101,0.27025672696550235,1.115203130944274,0.08063036207579685,2.272712411400076,-0.0018054693121758308,4.6002108133552,0.1528200632411543,1.2348666548584641,0.030824649781682936,2.34586657657925,0.009929022768126086
3.8000000000000003,4.976098605747248,0.17450492683916505,1.298323187168258,0.02640273216546106,2.3906117724753244,0.08143092827187981,4.990524507290022,1.113000738995927,2.4720484464494707,5.490410382203245,1.2562089013021005,2.267938138677645,4.962382445492796,0.28240432900975004,1.2119358515858452,0.011119518041211897,2.3299576450198964,-0.01064511640432124,4.969058446683107,0.291984088328364,1.2074187369390381,0.002677168544401788,2.3364451338750865,0.0014798023888934822,4.977707404860896,0.30439495155891966,1.2210677272300996,0.028186715085834167,2.3172803836733515,-0.03433853118749149,4.9814994771927825,0.27441506491125794,1.1212896114341964,0.07851891222392225,2.310947762460758,0.03923220111623914,4.735825313821112,0.23976797804110936,1.2435285043340087,0.04096900003332187,2.322744595403795,-0.03391628384809347
3.9000000000000004,4.993242265800709,0.16835041606480242,1.2999242362989563,0.005613980870298929,2.3984878885284884,0.07607957844010486,4.997612694905397,1.8605468482612766,2.31471341891293,4.92110806310821,1.4352864991808725,2.1247993470838575,5.008146900016787,0.30439495155891966,1.223886398738683,0.028186715085834167,2.3138465305546023,-0.03433853118749149,5.005647990452573,0.3008091174024516,1.2529546223656365,0.08251432116809643,2.3138861103725072,-0.03426455773856148,5.004245554142083,0.29879667801831417,1.3039617440711007,0.17784504556898387,2.260989317357373,-0.133127019057886,5.006151942713764,0.27048071903846277,1.2699671261913774,0.22894175796956717,2.3148406450848014,0.03919979613836561,4.781925019430491,0.25577833247394416,1.304966364409175,0.14522543406823157,2.2599059550433145,-0.1420019084147175
4.0,5.009765181769476,0.1620906917604419,1.2994456839539568,-0.015183751596670184,2.405825405878697,0.07065976212295136,4.805065683245103,1.3621921561886674,2.482824245268815,3.887286164341981,1.1886993109265247,2.5811668698851364,5.034125221943914,0.29879667801831417,1.321746248627999,0.17784504556898387,2.2476766154515846,-0.133127019057886,4.979789080118367,0.22082607086042422,1.3235929008976757,0.18129638002385529,2.2584128290885204,-0.1130613766797985,4.961665847382161,0.19481981769944953,1.2858565876053278,0.11076840872988765,2.348702868833753,0.055687840604611,4.977034338342799,0.19125056806052312,1.3062099068496693,0.24319859755143575,2.3503485874948726,0.07293699361945945,4.681578819543501,0.16451161163635844,1.2795253734074112,0.07256438440329586,2.3482078879070336,0.04436578932585025
4.1000000000000005,5.025657027368912,0.15572966605001087,1.296888295714926,-0.03595719330011244,2.4126177212556037,0.06517635678927797,5.297494542417,1.5891772317850283,2.537522591957932,5.237597264558385,1.3889663645702732,2.275798410960456,4.981147829152106,0.19481981769944953,1.2969334284783167,0.11076840872988765,2.354271652894214,0.055687840604611,5.056188731819779,0.30250175962519904,1.31027649779975,0.1357061741282428,2.3626383999577225,0.07132502050608924,5.059198029670077,0.30682003172525935,1.3322898857871333,0.17684848494352962,2.338345025866854,0.025921489338083956,5.07034555611078,0.29590194287311977,1.3803262011319122,0.29637768222675154,2.3922739729993485,0.10992119514538057,4.771735734855635,0.21800478216726904,1.3180049020246956,0.12933368071091447,2.3291637031769,0.001673460592741774
4.2,5.04090787071282,0.1492713143675181,1.292256162857499,-0.0566731111647331,2.4188587220338356,0.059634297133766424,5.333568448956732,0.8761890938445012,2.1949456855714238,4.201255964259925,1.345993808864224,2.4258516417460894,5.089880032842603,0.30682003172525935,1.349974734281486,0.17684848494352962,2.340937174800662,0.025921489338083956,5.147685100356645,0.3897694338975525,1.3283429566332379,0.13641940028482183,2.3342715961844958,0.013463740994221401,5.131985379456212,0.36724057061672566,1.3332807586706974,0.14564799073386214,2.359890990061173,0.06134554991383406,5.157453493022882,0.37704035709217093,1.3072037423917375,0.18664748204237228,2.363161072063189,0.06709594988736192,4.71273927123676,0.15929315562641486,1.3355385775976363,0.13769787975070436,2.358823478078187,0.05529608145064624
4.3,5.055508180520547,0.14271967297253663,1.285556695806112,-0.0772983641411091,2.4245427917339475,0.05403857063602877,4.870192992239442,1.1491232647015932,1.9427026400892395,5.467062294668642,1.2630361768946978,2.4579200389085027,5.168709436517884,0.36724057061672566,1.3478455577440835,0.14564799073386214,2.3660255450525565,0.06134554991383406,5.0978990408952205,0.265628227493334,1.338772434715667,0.12869062295022554,2.346697764869094,0.025222566021103232,5.104022827750727,0.2744158119391559,1.317585322764195,0.0890926092884512,2.3778120401101637,0.08337412055548529,5.115155496567999,0.2641834671882847,1.2918441888503995,0.15031843110894968,2.2876387777780067,-0.020706189775129294,4.829294627953151,0.232492396117485,1.3229474010735063,0.08976884366602474,2.392943007909833,0.107277767789016
4.4,5.069448832073722,0.13607883642767318,1.276800612278904,-0.09779995622429777,2.4296648150768725,0.04839421307221271,5.196479021436603,1.1990226682943332,1.9148826120009423,5.188038145752555,1.370132698969095,2.526505808910209,5.131464408944643,0.2744158119391559,1.3264945836930402,0.0890926092884512,2.386149452165712,0.08337412055548529,5.146886328807171,0.29654622338927833,1.3206745616075866,0.07821518067365711,2.3646326858307742,0.04315999655508719,5.147568965047112,0.29752580446578,1.3345104041600966,0.10407391238991771,2.409916458408776,0.12779386845342572,5.155090722506914,0.283251479878826,1.2861149989782275,0.1281526223229266,2.2142137327372,-0.09688874607882507,4.898229259508379,0.2657563972877077,1.3435990843582737,0.11099575198286063,2.441203727709405,0.17551948620706748
4.5,5.0827211129189145,0.12935295503959984,1.2660019201416537,-0.1181450892404053,2.434220182587328,0.04270630398314314,4.879605296677406,1.375731766749222,2.7275644813503614,3.867817117125087,0.9963296935007511,2.554429630305509,5.17732154549369,0.29752580446578,1.3449177953990883,0.10407391238991771,2.4226958452541187,0.12779386845342572,5.10670128347835,0.19618566577832647,1.346324677573807,0.10670332853312173,2.436615318498282,0.15380890248455767,5.08615040639709,0.16669513892200682,1.24841409697386,-0.07628830064965281,2.469573698466439,0.2154070219997554,5.108622186694913,0.17774105262152012,1.313713142973588,0.14393490135357115,2.305200396365739,0.010592965638375043,4.780950452732203,0.1609332530827847,1.2451969922881767,-0.08809818348625734,2.4879893948347243,0.22867170033011402
4.6000000000000005,5.095316728312625,0.12254623226524715,1.2531778949981827,-0.13830121531666992,2.4382047947420338,0.036979962103077677,5.494662906650982,2.2730297581007477,2.5832480963886324,5.986110548259077,1.1307031326565822,2.2150245459565583,5.102819920289291,0.16669513892200682,1.2407852669088946,-0.07628830064965281,2.4911144006664148,0.2154070219997554,5.195767600284636,0.30007536193544404,1.2879147392715347,0.011795120744566776,2.495320974305955,0.22326896867436213,5.208877969939785,0.31888878501905227,1.2439350277523449,-0.07040150205513752,2.416908468231526,0.07671859437808917,5.217057985534269,0.3056365616357417,1.5099767293862358,0.33809219850345273,2.359571868568445,0.06750692862127668,4.95881141785873,0.27888433012285274,1.2040948204176445,-0.14681155000392354,2.4204634267760476,0.06432055002269074
4.7,5.107227806405239,0.1156629220847808,1.238349052553074,-0.15823608895111338,2.4416150656590028,0.031220340753192098,4.909320182398867,0.49213285429711584,2.5353140774793452,5.1815039221606405,1.3500496397151376,2.6573264083511203,5.24076684844169,0.31888878501905227,1.2368948775468311,-0.07040150205513752,2.4245803276693345,0.07671859437808917,5.162145585135669,0.2060669133506755,1.2028910743191603,-0.1339534837671599,2.4296361287462633,0.0861677190959722,5.162466705087173,0.20652772194666286,1.244058460390396,-0.05701300304464131,2.4933321400517454,0.20521345402484273,5.164336966163325,0.18814756409890082,1.3413839453755854,0.12202234655312016,2.3988468050698195,0.10222747670811741,5.013195196129955,0.2982129527381481,1.2384968869918203,-0.057569334830096755,2.497304941901066,0.1923377418241982
4.800000000000001,5.118446903160672,0.10870732634300202,1.2215391157909223,-0.17791781859846725,2.4444479263245964,0.02543262320393834,4.955858684098607,1.0761640747280325,2.2302140466536637,5.50567008223676,1.176933112200639,2.337272251734413,5.183119477281839,0.20652772194666286,1.2383571600859318,-0.05701300304464131,2.51385348545423,0.20521345402484273,5.129211770732198,0.12916988690405568,1.2309518664060404,-0.07085325181959455,2.5009032826827435,0.18100995369234985,5.135456535847659,0.13813115683374308,1.2158402021325736,-0.09909645215563001,2.4551277508181975,0.09545699979243155,5.1271956437371,0.10921072781168698,1.3001957630591552,0.06502771614487667,2.374648467091201,0.06548273549588646,5.105931427309807,0.3441281744570715,1.2156878616341467,-0.08857313648716497,2.4617628472389086,0.09274525864187688
4.9,5.128967007008646,0.10168379206083517,1.2027749770246186,-0.19731491768984044,2.4467008273554276,0.01962201801045169,5.100808829725369,1.5758680578002937,2.5016678259612983,5.137555475761637,1.1668632125583878,2.3248926786679696,5.149269651531033,0.13813115683374308,1.2059305569170107,-0.09909645215563001,2.4646734507974406,0.09545699979243155,5.137774436180233,0.121635463167752,1.2228208932642348,-0.06752897213182471,2.466362512971405,0.09861380113371188,5.137770804021397,0.12163025100097916,1.2071668175510741,-0.09678592191705196,2.426786542892237,0.024647621940235287,5.128932084271472,0.0962540293528787,1.3584986515626098,0.12032401879680049,2.4043807037761957,0.09023147196986733,5.139965047260401,0.34385135492266494,1.1946183060214794,-0.11077721186134049,2.426382047669972,0.011553761232775489
5.0,5.138781543226703,0.0945967087185806,1.1820866548733862,-0.21639635500451407,2.4483717412926356,0.013793754325202067,5.107054575818966,0.8196078413843522,1.8622327106461105,6.675348281374168,1.3963068631220419,2.584697583319287,5.149933829121495,0.12163025100097916,1.197488225359369,-0.09678592191705196,2.4292513050862605,0.024647621940235287,5.139762597504482,0.10703448309629815,1.180235238889737,-0.12903118337990047,2.4033627843988454,-0.023737167552379125,5.165235196880266,0.1435877897574078,1.2406809451685235,-0.016060156207490323,2.4540909169456877,0.0710720355020677,5.130801951295271,0.08531334732251908,1.2645126633937573,0.007150731238619756,2.3073377501813632,-0.02299274620202217,5.378433739936791,0.4928665684850507,1.2485525048058723,0.007426275829495094,2.475558584834072,0.09886496078759367
5.1000000000000005,5.147884378049183,0.08745050551263264,1.1595072462393932,-0.23513160431327446,2.4494591644264596,0.007953077192110252,5.050622796234517,1.140683353452981,3.0682346341794187,4.457246579692338,1.2621095651550667,2.526214333566208,5.179593975856006,0.1435877897574078,1.2390749295477743,-0.016060156207490323,2.4611981204958946,0.0710720355020677,5.1490011935041125,0.0996870058728956,1.2345826388848475,-0.024456099037225003,2.4889137499299516,0.12287163122699102,5.137526231655287,0.08322038265393444,1.242283254357232,-0.010063903137374805,2.4993485310841805,0.1423738924530307,5.1174941179870155,0.054504985906865436,1.241261374683471,-0.018433014731248927,2.451902066176758,0.1337820208875179,5.295773394830783,0.3965097540113064,1.2532106535590721,0.01454540512536614,2.497902352707185,0.12151454553550066
5.2,5.156269822500631,0.0802496485873762,1.1350728733597715,-0.2534906932138669,2.449962118149478,0.0021052428263621413,5.182324726795208,1.4790317022178416,2.275208658660775,5.488179040653671,1.2850327054050248,2.5262066552928313,5.1458482699206805,0.08322038265393444,1.2412768640434946,-0.010063903137374805,2.5135859203294837,0.1423738924530307,5.154500716121109,0.09563667957259109,1.25213210063559,0.01022417549331579,2.502702265580502,0.1220327012258009,5.160035837370577,0.1035796019926996,1.2613359944244609,0.027425948970377294,2.509277582599765,0.1343217515451338,5.137563092125514,0.075127161903119,1.2855264308972227,0.03078706101511102,2.4287051794524217,0.09473858641875088,5.356192893167638,0.4116775843353976,1.263944155922462,0.03141624475018702,2.514989399743993,0.13048834999519396
5.300000000000001,5.163932635951225,0.07299863824399141,1.1088226260187388,-0.27144425108044806,2.449880149837289,-0.003744486115830067,4.92694388266782,0.7710317592374087,2.1960510272497755,5.7189433131794765,1.1852513800234041,2.4907751187975418,5.170393797569847,0.1035796019926996,1.2640785893214985,0.027425948970377294,2.5227097577542783,0.1343217515451338,5.112645946182356,0.020711211213248606,1.2415674176049885,-0.014646687475289393,2.5077954122471184,0.1064473323789564,5.122703324062262,0.035143587489487996,1.225813092359721,-0.04409100102938138,2.5030340112272746,0.09754843113104841,5.091375067690322,-0.0006280583183321115,1.1890113361972092,-0.07552837897482179,2.391587675561661,0.04500274776691588,5.441082934309441,0.44361026656937974,1.2420808246453527,-0.014047311120661238,2.516652282611448,0.10978661886516194
5.4,5.170868029391991,0.06570200612791245,1.080798499012288,-0.2889635560503186,2.4492133332558406,-0.009590845273263258,5.596561975879023,0.793313161283753,2.7426845545635614,3.833159682106353,1.090833028301555,2.3824702981939456,5.126217682811211,0.035143587489487996,1.221403992256783,-0.04409100102938138,2.5127888543403794,0.09754843113104841,5.237786291430914,0.19524494115043822,1.2018585340609687,-0.08062081686907144,2.523285264151111,0.11716587440214365,5.214486077243847,0.16180905019427239,1.1707993189008175,-0.1386694642099975,2.483892493134059,0.043542086397206345,5.215696990120096,0.17484047568845057,1.1067708531518488,-0.15525707006131279,2.462780711315066,0.11619693961871996,5.26079987481168,0.27954122434254836,1.1948907123774226,-0.09729345882338973,2.483276302462427,0.029141815022155196
5.5,5.177071668427787,0.05836431239669615,1.0510453249654672,-0.30602058097277984,2.4479622684950475,-0.015428573317313104,4.996486232810382,1.3770958794714527,2.5826951066321,4.217190950197772,1.2528633192815661,2.655441709401332,5.230666982263274,0.16180905019427239,1.1569323724798177,-0.1386694642099975,2.4882467017737797,0.043542086397206345,5.175117851961352,0.08209586118665803,1.1669844369264226,-0.11988248775603896,2.4925589579941123,0.05160155084902678,5.159227580118289,0.05929326759205332,1.1910089227096186,-0.07498151730117836,2.5381251581843762,0.13676327405703673,5.174910416467953,0.09263859597951728,1.1462485039113115,-0.0965409912422873,2.49523845642851,0.13844155710307204,5.143064899573895,0.17314011675225488,1.2058480743390663,-0.05968126264096886,2.5379061363016886,0.1231702740729101
5.6000000000000005,5.182539675986153,0.050990142870072246,1.0196107026097458,-0.3225880382465935,2.4461280814287494,-0.02125241668677491,5.151212096454534,1.005343818462344,2.2169523880284627,6.201955126207862,1.0502363126324508,2.608203095943068,5.1651569068774945,0.05929326759205332,1.1835107709795007,-0.07498151730117836,2.55180148559008,0.13676327405703673,5.161849111583499,0.054546570716810135,1.1753761545164234,-0.09018484679299547,2.5365131902963216,0.10818995510903116,5.179102583612049,0.07930535851534173,1.140368475453732,-0.15561304269499965,2.556568331577728,0.14567235176413093,5.176059495505564,0.08119114438071055,1.1113393772981626,-0.12350084978127143,2.452871382560022,0.07843580979546985,5.301990062215956,0.27655802889684805,1.1541555038056486,-0.1428166160806183,2.5679392541550374,0.15538134769748413
5.7,5.187268634740354,0.043584106163955395,0.9865449206351984,-0.33863942347432385,2.443712422701503,-0.027057134315713622,5.27648307503677,0.8273007025159254,2.014750405382966,5.196308520191724,1.010880593862932,2.3124958582460646,5.187033119463583,0.07930535851534173,1.124807171184232,-0.15561304269499965,2.571135566754141,0.14567235176413093,5.20825119958798,0.10975336961895676,1.1112238383453394,-0.180999843111382,2.545732539830543,0.09819493350969075,5.208053092225343,0.10946908493618135,1.0831529694274071,-0.23346336993401418,2.4804849354762784,-0.023750683890335883,5.206902543400226,0.11324759980811841,1.0467116918015322,-0.1793076540919506,2.3749036417114007,-0.013168540775484919,5.311517749174859,0.26331995418222476,1.100459238451491,-0.21447953213722387,2.5006774765874917,0.004836052213963993
5.800000000000001,5.191255589245106,0.036150830810209915,0.9519008772393265,-0.3541490578637195,2.4407174662431097,-0.03283750235007006,4.935668074381182,1.0123066484420682,2.9933994059867617,5.488999067619236,0.9591471886502565,2.284399212222974,5.219000000718961,0.10946908493618135,1.0598066324340056,-0.23346336993401418,2.4781098670872446,-0.023750683890335883,5.151791930673176,0.013025298500585356,1.057637912893297,-0.23751663512033197,2.5016365801135865,0.02021996564187626,5.157385584107729,0.021052208317653767,1.0300852836839938,-0.28901158901791973,2.4408647592756667,-0.09336056014201125,5.14866559441682,0.0151175080050798,1.0256110011564898,-0.1826915892188483,2.4928490500737897,0.1141454269547129,5.358399126653361,0.27832515193336943,1.0423861445396911,-0.28107069714298466,2.434928288190273,-0.11558720909192943
5.9,5.194498047783624,0.02869496236396846,0.9157339955012287,-0.3690921293083028,2.4371459073122295,-0.03858831884877626,5.226496370498311,0.8742105813627699,2.5371850561731195,5.156100213921176,0.9061664478384117,2.6528532473095865,5.1594908049394945,0.021052208317653767,1.001184124782202,-0.28901158901791973,2.4315287032614656,-0.09336056014201125,5.17538493455651,0.04386033268033161,0.9953868595730938,-0.2998464861995365,2.4363526837723715,-0.08434469991197227,5.175065036123155,0.04340127745508861,0.9704275860939031,-0.34649454388197704,2.4969183846995695,0.028850594525780635,5.168965906116214,0.04162236486884232,0.9817252352352962,-0.21003771747049782,2.510598214587878,0.12090773472959832,5.354945102517033,0.25548126060425524,0.9812446609672902,-0.34113326784867054,2.493489580743106,0.011903724591265097
6.0,5.196993983924865,0.021221160500310872,0.8781021347164958,-0.3834447320814478,2.433000960070827,-0.04430440846515194,5.45819433226623,0.9548860101938454,2.2891764292790193,5.867653980309922,0.8794755874074717,2.462855437246957,5.179405163868664,0.04340127745508861,0.9357781317057056,-0.34649454388197704,2.4998034441521475,0.028850594525780635,5.245535653965163,0.13829873190908343,0.936650545250658,-0.3448640317842211,2.4901867899106898,0.010877385407980566,5.255855464605383,0.1531076915701272,0.920655938402684,-0.37475742364563613,2.482540885882589,-0.003412556659320087,5.243307013509922,0.14062307655683792,0.959598629675778,-0.21123636277324326,2.4777574663077924,0.07294252661381254,5.446721065410407,0.3038342085463645,0.9264587448619802,-0.37871979390284205,2.484955795536015,-0.005776562082581978
6.1000000000000005,5.19874183778999,0.013734096102119116,0.8390654978346814,-0.39718390508044266,2.4282863546916436,-0.04998062710436693,5.419999579801968,0.9891302512962461,2.9658009518902406,5.231901121368139,0.8147158196592157,2.298395091005049,5.271166233762396,0.1531076915701272,0.8831801960381201,-0.37475742364563613,2.4821996302166567,-0.003412556659320087,5.3064704089565495,0.20376929074579975,0.8880175861921029,-0.3657165012385572,2.504279545760046,0.03785407613817782,5.305233440266615,0.20199423689968382,0.8675115293295177,-0.4040416441499971,2.4466836850322675,-0.06979068503124089,5.297406363832707,0.19710297802493493,0.9482218598262422,-0.2008313902008479,2.577555414597336,0.17169205016449218,5.443771098484004,0.2794991187588749,0.8660150875615709,-0.41975920829094493,2.4275499856157445,-0.10910047793785563
6.2,5.199740517027228,0.0062384483409277285,0.7986865351474248,-0.41028766855935633,2.423006334001294,-0.05561186655277903,5.23638740447161,0.3701223740452498,1.9441506142653115,5.086451608822031,0.7091547443491232,2.2729684693305168,5.325432863956583,0.20199423689968382,0.8271073649145181,-0.4040416441499971,2.4397046165291436,-0.06979068503124089,5.304310739924771,0.17168392409919048,0.8062426783472701,-0.44303705413179195,2.417078974241172,-0.11207726308632981,5.300696853783389,0.16649798639682262,0.779082477590704,-0.49379857217696077,2.376764281330123,-0.18742409244269687,5.2972423738640435,0.16906649610319816,0.8207676742975747,-0.31545223846701637,2.4695440363010963,0.03805914713967906,5.41934880746168,0.24126707850942503,0.7889355932011511,-0.48358388743707004,2.3727403224179335,-0.18891796048845444
6.300000000000001,5.199989397494564,-0.0012610982474065455,0.757029844381306,-0.42273505929194294,2.4171656496620098,-0.061193059074982084,5.530174983940814,1.36031284665546,2.3543339250130995,5.583405758405215,0.8039816035732943,2.20276074829784,5.317346652423072,0.16649798639682262,0.7297026203730077,-0.49379857217696077,2.3580218720858532,-0.18742409244269687,5.36783082464935,0.23894292930687336,0.7584945609790517,-0.43998738625305084,2.357853490495052,-0.18773879207384525,5.371406820036825,0.2440744937213799,0.7712194914378154,-0.4162049115614484,2.314466533538473,-0.26882758144753094,5.367331253934371,0.24409019889025985,0.899109121201919,-0.19814581914226254,2.450449417316209,0.013612327607538326,5.46249637916855,0.25515165080902535,0.7599507708633043,-0.4483592212483627,2.307682816380592,-0.2728556150040187
6.4,5.199488323649806,-0.008759856690386644,0.7141620673552641,-0.4345061641083321,2.410769557895461,-0.06671918197442515,5.122850859422608,1.2256675696400348,2.02330356918024,5.10747484552846,0.833646233663255,2.5378764065630195,5.395814269408962,0.2440744937213799,0.7295990002816708,-0.4162049115614484,2.28758377539372,-0.26882758144753094,5.331065692470949,0.15116008504746192,0.7522481362906199,-0.37387442451639474,2.27551746298303,-0.2913791207636656,5.327356727742007,0.14583770916093203,0.7750191292894104,-0.33131619078255825,2.348911975388899,-0.15420720147512798,5.325543884999548,0.15070753676574794,0.9459420889399439,-0.1269980739345819,2.369359233691125,-0.07440639769654883,5.436286958963941,0.21739637134746442,0.7513327719209892,-0.3825084518338814,2.3590714401406316,-0.12981164182121108
6.5,5.198237608647798,-0.016253140508080896,0.6701517833679035,-0.4455821517518526,2.4038238147525153,-0.07218526211350094,5.019292204856632,0.895316161509069,2.265712021751659,5.9676152408117265,0.6748213681960786,2.302418375396217,5.3419404986581,0.14583770916093203,0.7418875102111547,-0.33131619078255825,2.3334912552413862,-0.15420720147512798,5.265406366522109,0.036010991274945864,0.7488926433828613,-0.3182238282807155,2.33039664055987,-0.15999093409245704,5.277054732096041,0.05272643213795713,0.7281713176634608,-0.35695130157599575,2.3225697637569813,-0.17461910829684796,5.261510057728149,0.03911540062419325,0.9259447072878183,-0.134788398711762,2.3434069559292787,-0.09416798791887131,5.527289701447367,0.26795134587114594,0.7013912005144533,-0.4037643176917739,2.3327460841176038,-0.15407380880196497
6.6000000000000005,5.196238034144702,-0.023736266642020224,0.6250693994852422,-0.4559453030050265,2.3963346709331765,-0.07758638038903362,5.195213660800688,0.5678643850016628,2.5144857630128032,4.383463913626157,0.6664219880552851,2.441848275056996,5.282327375309837,0.05272643213795713,0.692476187505861,-0.35695130157599575,2.3051078529272964,-0.17461910829684796,5.261663473992079,0.023073669220139894,0.6867867529453192,-0.36758466683447494,2.314667476445417,-0.1567524877179409,5.247095743720095,0.0021689307894245877,0.6810897411764716,-0.378232193644985,2.3502461099515757,-0.09025719693942814,5.248137496841208,0.014732871317495563,0.8461591926512892,-0.2055722683842105,2.368720313698192,-0.05709276307306137,5.394981040920928,0.15182612058608805,0.6626669746457244,-0.40076030696393905,2.3553832946305966,-0.08490182445655553
6.7,5.193490849809496,-0.031204558381957057,0.5789870379044325,-0.4655790390365359,2.3883088661613807,-0.08291767615913968,5.474987222072239,0.6106917553200435,2.613687443808281,6.158989183513295,0.7109845959454826,2.37244142737764,5.2473126367990375,0.0021689307894245877,0.6432665218119732,-0.378232193644985,2.3412203902576327,-0.09025719693942814,5.301318428849195,0.07966741137567004,0.6417792469427196,-0.3810118612475457,2.353660491756007,-0.06700705816383501,5.315545623610235,0.10008348037732819,0.661139337268287,-0.344828491936911,2.3589144297141695,-0.05718762166955949,5.305094953626555,0.09300390234910509,0.7842499053522073,-0.24971652103015102,2.4112450691312226,-0.005601851627346617,5.51193547372823,0.2261041489214429,0.6496001153940364,-0.351652722521757,2.35469954182757,-0.0707083160162031
6.800000000000001,5.189997772542962,-0.038653348288657456,0.531978420573622,-0.4744679479238183,2.3797536231196967,-0.08817435161747783,4.7799633523367575,0.5149269798980807,2.084623028517192,4.25684336339731,0.49368562893231427,2.40582136649696,5.325553971647968,0.10008348037732819,0.6266564880745957,-0.344828491936911,2.3531956675472134,-0.05718762166955949,5.196136568902006,-0.08563089805946604,0.621555223888875,-0.3543625861937687,2.340933374379469,-0.08010544254889165,5.180555406451582,-0.10798991499541323,0.5857839006615644,-0.42121800769817713,2.3590856907326603,-0.04617936289670135,5.182826509723085,-0.09259909780068458,0.7122612765713809,-0.29990819108895084,2.347945523362624,-0.07257751679630042,5.3609017412706645,0.09937332229139545,0.5775392499101988,-0.4187356193044748,2.365409799642558,-0.0383790625324838
6.9,5.1857609854046895,-0.046077981110898183,0.4841187512525719,-0.48259780930885304,2.3706766409494007,-0.09335167611095037,4.941998373319964,0.17676542282750918,2.2537334367041164,5.034198551362636,0.41477145828325324,2.4010228187457887,5.16975641495204,-0.10798991499541323,0.5436620998917469,-0.42121800769817713,2.35446775444299,-0.04617936289670135,5.115730826630698,-0.18551680362952247,0.5269105996917713,-0.4525260082323192,2.3498685006224065,-0.054775216363705935,5.114378354774236,-0.18745760498411473,0.4955398467374734,-0.5111569092575919,2.3641788427227457,-0.028029659680858746,5.116558108602713,-0.17302047668003503,0.5850034497779077,-0.403742869199224,2.3239564092056546,-0.09043861562659065,5.325090103498497,0.06598496926650382,0.49872578446090865,-0.48589908024687267,2.3736263428039424,-0.016461881778917352
7.0,5.180783136248724,-0.053473816694847624,0.4354845952026761,-0.4899556171477023,2.361086088321768,-0.09844499039697223,5.363963644719927,-0.02875285600617128,2.371807110729814,4.8028148301907665,0.3601166651556312,2.3984604284381805,5.095632594275824,-0.18745760498411473,0.4444241558117144,-0.5111569092575919,2.3613758767546598,-0.028029659680858746,5.159282346267684,-0.09612001125287978,0.42282018580165476,-0.5515340155789228,2.361852138407992,-0.027139542382769055,5.153369199828238,-0.10460539493871808,0.40527897199492185,-0.5843179647581642,2.3720932514412385,-0.007999240410510658,5.164422945920235,-0.08109012326184172,0.4343015791744484,-0.5215199774969541,2.3258599430331297,-0.07875203164284031,5.2598177713629255,0.013533230333774286,0.42263000632252024,-0.5359097531807163,2.3800713494020345,-0.0017506185499027715
7.1000000000000005,5.1750673360687545,-0.06083623288401073,0.3861537566988816,-0.4965296005174058,2.3509905960868203,-0.10344971083647424,5.078233449402039,0.2714681736721953,2.7019558349434316,4.873572900971851,0.4154462833762838,2.383775078829075,5.142908660334366,-0.10460539493871808,0.3468471755191051,-0.5843179647581642,2.3712933274001875,-0.007999240410510658,5.127567308190993,-0.12662028337909387,0.3434055761712576,-0.590750200255565,2.386390474383238,0.020216828608269916,5.123354003873067,-0.1326663882893806,0.363558853608507,-0.553084390433188,2.38565882148509,0.018849393509763144,5.137091734291641,-0.10820671134259921,0.3608527658261311,-0.5442547896523316,2.3918667203482213,0.0001185835478452052,5.208500367749951,-0.024905748249736757,0.3832190247847999,-0.5101279463072802,2.381081473772115,0.0004042654956861423
7.2,5.168617157053834,-0.06816062840792612,0.3362051545594435,-0.502309242446947,2.3403992495061443,-0.10836133351886948,5.27624024445462,0.8042944921644037,2.2863222617686794,4.314045406235153,0.27845621969559403,2.5129324822961197,5.110087365044129,-0.1326663882893806,0.30825041456518837,-0.553084390433188,2.387543760836066,0.018849393509763144,5.1494998353835015,-0.07610936976307883,0.330898432343879,-0.5107559933195517,2.3829222636466247,0.010211967921096679,5.135641168997292,-0.09599659948518226,0.31622780372392234,-0.5381749136065397,2.4192924230714,0.07818659449820305,5.16319114020272,-0.05612388223940684,0.40222463121025237,-0.4419890655987575,2.3715679120555753,-0.02156348963296774,5.084804022751164,-0.11336078853400236,0.3157826158472422,-0.539989063228939,2.421397355925162,0.07363236659328683
7.300000000000001,5.161436630355886,-0.07544242575781086,0.2857186958926515,-0.507285296742163,2.3293215800767673,-0.11317543831526826,5.022248108021746,0.20736810998447663,2.414195457021695,4.28987699580517,0.03172016201618777,2.105900161687666,5.126041509048774,-0.09599659948518226,0.26241031236326806,-0.5381749136065397,2.4271110825212205,0.07818659449820305,5.101421085054909,-0.13132698510396157,0.25989723573490503,-0.5428717708123963,2.4265213903363008,0.07708447928344256,5.087959047633321,-0.15064505100882425,0.19606504904657426,-0.662172019212687,2.336828092978255,-0.09054933070809495,5.124262454869313,-0.10312289055968875,0.32903687459361924,-0.472935281734717,2.3780286754032396,-0.012364538328561532,4.966991220650457,-0.19106632125476908,0.19148651445209908,-0.6678021451791472,2.330108794254469,-0.10573453946223106
7.4,5.15353024357036,-0.08267707404735387,0.23477514826250226,-0.5114498027776834,2.317767556953456,-0.11788769285629629,5.188844915261102,-0.14476067701917603,2.349438980523212,5.175362703502862,0.23848522162642613,2.3036542543024416,5.072894542532438,-0.15064505100882425,0.12984784712530578,-0.662172019212687,2.3277731599074456,-0.09054933070809495,5.10039867391262,-0.11117653626975471,0.11730997192861678,-0.6856048938011507,2.328762362102682,-0.08870054448076614,5.1016421905431795,-0.1093920860072435,0.1512085623288343,-0.6222495480896406,2.3217384074240868,-0.10182808375807816,5.132388086829107,-0.0771126769998318,0.19967739965067816,-0.5605424214538854,2.3715290364645365,-0.017983100120470497,4.978794346965546,-0.16850877619415758,0.15947208156251919,-0.604591633127357,2.314682786250896,-0.11455736502108715
7.5,5.144902937931633,-0.08986005185687224,0.1834560104778274,-0.5147960982322316,2.305747577977149,-0.12249385643093413,5.190548603959414,1.0645719236146995,2.9626431919257334,6.055545309628009,-0.13728412149452512,2.353259642908848,5.090702981942455,-0.1093920860072435,0.08898360751987047,-0.6222495480896406,2.311555599048279,-0.10182808375807816,5.114386968809878,-0.07540549063312771,0.13352630548833447,-0.5390007169319083,2.3412824802768726,-0.04626952468747013,5.129999070439097,-0.053002075870993606,0.057767503560653036,-0.6805914152514139,2.3446330731679983,-0.04000737725156282,5.1408934267632675,-0.05423605076789883,0.3208278731578851,-0.37137264359536293,2.483816209508105,0.10380556338678655,5.110539471487699,-0.060065388104768344,0.026811044994294028,-0.7358677663195614,2.318514786547755,-0.08676147993196925
7.6000000000000005,5.135560105224897,-0.09698687005905107,0.13184338221158187,-0.517318829746919,2.293272460317599,-0.12698978380287143,4.964911435113133,0.03125920566937024,1.781067759674648,6.306638756577577,-0.003490309575423789,2.2476956789028115,5.124698862851997,-0.053002075870993606,-0.010291637964488717,-0.6805914152514139,2.3406323354428418,-0.04000737725156282,5.086796316274386,-0.10739234896647346,-0.008394539928582924,-0.6770458016877158,2.3150841452061637,-0.08775610088979777,5.1070312792113945,-0.07835511375149441,-0.007022589003089297,-0.6744816707265893,2.2962323250315824,-0.12298953007812014,5.093481002949591,-0.11346930925145357,0.23511892691481012,-0.42322393686863774,2.356979784122767,-0.04267645423214421,5.267869566545098,0.05913560408008803,-0.03354963045193388,-0.7118203096181905,2.290850511994238,-0.12128534640534411
7.7,5.125507584416473,-0.10405307462450182,0.0800198326588871,-0.5190139614894758,2.280353430738656,-0.1313714289409394,5.007366181623776,0.19048158391550626,2.702402198049538,4.560838646495007,-0.027301692870416353,2.2412019901358913,5.099195767836245,-0.07835511375149441,-0.07447075607574799,-0.6744816707265893,2.2839333720237702,-0.12298953007812014,5.077413233272139,-0.10961311909166359,-0.06237375587438375,-0.6518727769413395,2.3030395156904593,-0.08728077868393708,5.068844202330639,-0.12190970533791551,-0.05256239999746406,-0.6335356768985084,2.285740562683465,-0.11961195043071932,5.063727381743212,-0.13943546585290237,0.19235110143946477,-0.423699444662035,2.4199978748119975,0.029152482842589783,5.176912828828834,-0.011559224962053305,-0.08107250435878034,-0.6688036604272889,2.267257536814897,-0.14212978374865043
7.800000000000001,5.114751658004643,-0.11105424940538612,0.028068268443924172,-0.5198787816107228,2.267002115494932,-0.13563484866026596,4.968934890455921,-0.20088298557980458,1.5154509550864028,6.185365620768021,0.2485546695024266,2.226689408490114,5.056653231796847,-0.12190970533791551,-0.11591596768731524,-0.6335356768985084,2.273779367640393,-0.11961195043071932,5.035845909446076,-0.15176827809119575,-0.1197953296608235,-0.6407860762829509,2.239156163483514,-0.18432157531768045,5.054914346461304,-0.12440501124156053,-0.016749981896615057,-0.4481977251310658,2.2356686078795933,-0.19083970153960933,5.0298800840114595,-0.16751351308324994,0.08246951459922419,-0.4957695394013239,2.2483034838528173,-0.15724697064644622,5.312934432250935,0.0885515935846367,-0.026797788763947478,-0.44852169381345897,2.244991595955318,-0.1567715337208622
7.9,5.103299048093293,-0.11798601889536386,-0.023928199012969952,-0.5199119065829512,2.2532305298689597,-0.13977620617087586,5.070765863984311,-0.395773243163817,2.067926730290834,6.532094208641645,-0.019659021774814968,2.4636734530730893,5.042473845337148,-0.12440501124156053,-0.061569754409721476,-0.4481977251310658,2.2165846377256324,-0.19083970153960933,5.049184883676572,-0.114774650202951,-0.07682857292358652,-0.4767159529004105,2.2097973236893402,-0.20352496727320288,5.073783646775166,-0.07947534810374732,-0.060835478602888626,-0.4468253879028754,2.280818781815573,-0.07078820803365352,5.027318096853061,-0.14749670149059912,-0.04958930901429552,-0.5838206645403705,2.2008972079350126,-0.1910677202881365,5.4862344669917755,0.20856219279795676,-0.05576383869873492,-0.41963784027426226,2.3009241402330156,-0.02657208344852932
8.0,5.091156912190818,-0.12484405096414272,-0.07588638645585412,-0.5191132834132717,2.239051067358248,-0.14379177453054287,4.9157847565573,-0.10887828044424906,1.6238461303834273,5.021182924950699,-0.060159447330316806,2.2829080040753884,5.065836111964791,-0.07947534810374732,-0.10551801739317601,-0.4468253879028754,2.273739961012208,-0.07078820803365352,5.0302430208040905,-0.13055154540742742,-0.1056714378264764,-0.4471121256248921,2.244067583707558,-0.12624490107073627,5.030092730325938,-0.13076721271433062,-0.09293952823296796,-0.4233166071582124,2.254933131781945,-0.10593755063317858,4.988741794312212,-0.1811087228869878,-0.10814587787352599,-0.5840069495153396,2.0744334074816972,-0.3056735982450648,5.441070613060251,0.16038110903831296,-0.08624845802186391,-0.3987666317209987,2.293573926167588,-0.035104821122299595
8.1,5.078332838736915,-0.13162405956491827,-0.1277231718686413,-0.5174841897283918,2.2244764885219723,-0.14767793999878598,4.784923789658717,0.617513317341263,1.7738785850760614,7.462473098262567,-0.025568902887266612,2.1396047449277966,5.0170160090545055,-0.13076721271433062,-0.13527118894878903,-0.4233166071582124,2.2443393767186275,-0.10593755063317858,4.961962327606936,-0.20976941803425092,-0.1009011044103388,-0.35908005447698105,2.22285942190331,-0.1460828766518271,5.003441244096594,-0.15024704294868002,-0.079827036481965,-0.31969331764267384,2.199569053608426,-0.18961180566176056,4.924912718035224,-0.24560299237799812,-0.015681450274112246,-0.42295526906007697,1.9919163278202523,-0.36113101303683465,5.729574909849379,0.3592260274194688,-0.09539961004467568,-0.3429020659950339,2.2440899526552407,-0.11869298730431092
8.200000000000001,5.06483484236005,-0.13832180741301395,-0.17935562745259606,-0.515027231730686,2.2095199094973297,-0.1514312052889922,4.845477726669123,0.46356410745986387,3.226293418731472,5.791583245066944,-0.22277553190271704,2.1507498875491846,4.988416539801726,-0.15024704294868002,-0.11179636824623285,-0.31969331764267384,2.18060787304225,-0.18961180566176056,4.954510586796219,-0.19890219171409496,-0.08552698036050543,-0.2705966994211636,2.228351019063007,-0.1003814428123659,4.968396096625516,-0.1789764416159237,-0.12392205231901415,-0.34235582063610837,2.2066422214468915,-0.1409544684665172,4.886843124156121,-0.2646604358729917,0.042375505766764895,-0.3158268895893954,2.2002649747917618,-0.10016297152706571,5.76904172756597,0.36181259141127026,-0.15813267408429915,-0.3946163522497855,2.207326808643359,-0.16395452417966538
8.3,5.050671358868581,-0.14493310863404557,-0.23070115229311877,-0.5117463400288276,2.1941947901959047,-0.15504819271573794,4.816358033103513,-0.35958828716892943,2.313739233025083,5.732122378787665,-0.22697088176058045,2.2276238999373215,4.950498452463924,-0.1789764416159237,-0.15815763438262487,-0.34235582063610837,2.1925467746002396,-0.1409544684665172,4.9186795318019385,-0.2246366924319666,-0.1673544078377784,-0.35954428643369696,2.198080091248867,-0.13061288242811495,4.932173066126398,-0.20527342841070115,-0.18403202505455785,-0.39071420211268465,2.20634492645314,-0.11516617843740731,4.849540276590542,-0.2799478202231504,-0.06047417145520698,-0.39190589426152855,2.2140101489095865,-0.07479710259016772,5.795290998805542,0.3545642178697397,-0.2065704842249554,-0.41093667027828784,2.20214296680404,-0.14356977767303736
8.4,5.035851239978649,-0.15145383137995727,-0.2816776045035941,-0.5076467633496531,2.1785149221906535,-0.15852564723447854,5.381590768859767,-0.6270775819534772,2.092667676110915,5.046340156377618,-0.24128762931094191,2.2295108298829915,4.911645723285329,-0.20527342841070115,-0.22310344526582618,-0.39071420211268465,2.1948283086093996,-0.11516617843740731,5.023119537002536,-0.0453081565547353,-0.24154780100546086,-0.4251860937315464,2.1901639331525,-0.12388374209155048,5.023504724758155,-0.0447554109188909,-0.24147501837263613,-0.4250500653949709,2.2011711672131558,-0.10331158522585926,4.959419919512691,-0.08544957789719826,-0.20114705063436727,-0.5002403679011284,2.1846215024274453,-0.09818535170745175,5.7241724139996055,0.2767854844521865,-0.24571576954833205,-0.4073941580883756,2.2005352459619827,-0.12038931053622896
8.5,5.020383747782143,-0.15787990041129152,-0.33220343263488117,-0.5027350601413196,2.162494416304421,-0.1618604393708683,5.175851262994492,-0.18003530657156466,2.0308397913738863,3.567658548253081,-0.25221471240173715,2.0446520859247848,5.019029183666266,-0.0447554109188909,-0.2839800249121331,-0.4250500653949709,2.1908400086905697,-0.10331158522585926,5.056228331570272,0.008625482844204793,-0.2792341929684116,-0.4161802622576486,2.1835348357633992,-0.11696471212046441,5.031535671799522,-0.026808561272937854,-0.27167553468763667,-0.4020533796103476,2.144682599335908,-0.1895782586267748,5.006260623535871,-0.007317510421910367,-0.23748347589921645,-0.4856285552769972,2.1471022517827043,-0.12775644695028,5.455092199858841,0.06020962399995253,-0.2759928186207868,-0.38837167311313564,2.144543911607821,-0.20030277108265876
8.6,5.004278548958197,-0.1642072996440813,-0.3821978061402379,-0.49701908808118656,2.146147689911154,-0.1650495680370762,4.977513956054989,-0.8634113390697316,2.0627868795200213,3.9225541972886386,-0.3892071554032798,2.1562254103088887,5.0288548156722275,-0.026808561272937854,-0.31188087264867126,-0.4020533796103476,2.1257247734732307,-0.1895782586267748,5.016676452532593,-0.04428455052558189,-0.33706224739539636,-0.44911653721458644,2.12285120113245,-0.1949488704111425,4.998526958368161,-0.07032913150266631,-0.3516497054977616,-0.476380014551388,2.1321875850030914,-0.17749947735865218,4.998632036343617,-0.01704681670473243,-0.3971401824638551,-0.6042235741987637,2.120561270199541,-0.14245123314659344,5.252074813511245,-0.09234779717010433,-0.33755634327051676,-0.4296923228193463,2.1342033437746295,-0.18268511785525127
8.700000000000001,4.987545708731831,-0.17043207465977198,-0.4315807446869549,-0.49050799150520735,2.1294894539612343,-0.16809016323256243,4.93426821073004,-0.35032128331776535,1.9351249273745788,4.467416085302621,-0.331856921766798,1.9684284339967255,4.991494045217894,-0.07032913150266631,-0.39928770695290106,-0.476380014551388,2.114437637267226,-0.17749947735865218,4.977919730363278,-0.08980831583926775,-0.3970520337877093,-0.4722016152549528,2.1062507086756685,-0.19280057646362564,4.96945140529046,-0.1019603888449702,-0.3788138011123295,-0.43811496083447427,2.0676951385489017,-0.2648596634534378,4.981501649227575,-0.038807724118813516,-0.4369276833750657,-0.5821954313973772,2.0733763402912704,-0.17761516865490967,5.137486183830443,-0.16923579199520933,-0.36565459800683525,-0.40265418182731605,2.0708634326025432,-0.26463311673990664
8.8,4.9701956845835085,-0.17655033517660373,-0.4802732461078208,-0.483212186778944,2.1125346997426213,-0.1709794886268849,5.064503389092536,-0.12582270987088084,2.1669349644265843,4.6649878730040895,-0.5504581422997809,2.106944227301901,4.959255366405963,-0.1019603888449702,-0.42262529719577674,-0.43811496083447427,2.041209172203558,-0.2648596634534378,4.9842208354209125,-0.06613486260618395,-0.40907410169115715,-0.41278822406277715,2.0469494684918863,-0.2541312393054365,4.978925342380191,-0.07373391170732753,-0.44862607037829344,-0.4867095470486362,2.0637329103261357,-0.2227635409120205,4.999009998313182,-0.008634277969081245,-0.4240835462785343,-0.5063334594662913,2.077034519512635,-0.15474919298476578,5.0586654934815405,-0.2144088130218264,-0.45008444361213257,-0.4829531407774361,2.063510820098187,-0.2298863909769349
8.9,4.952239319713553,-0.18255825748091162,-0.5281974127877423,-0.47514334563360316,2.0952986853896993,-0.1737149440222124,5.022590601393394,-0.5095930411354888,2.0953282229716943,5.161387533198982,-0.6491445667425677,2.1822126066844465,4.971551951209459,-0.07373391170732753,-0.4972970250831569,-0.4867095470486362,2.041456556234934,-0.2227635409120205,4.98365862843912,-0.05636079195942784,-0.49785842759300325,-0.4877587897951527,2.0439161894028564,-0.2181665677683835,4.986606827056086,-0.05213011770905311,-0.5401804931718557,-0.5668573323691044,2.0826044001960833,-0.14585957975437724,5.004164310250218,-0.00014510529179214034,-0.4814275961554264,-0.5134972769584707,2.068057199190503,-0.14781286950996775,5.054094117896622,-0.20209729425187542,-0.5444467826781989,-0.566711368028933,2.0838164777372574,-0.15116948781918205
9.0,4.933687836265506,-0.18845208681682174,-0.5752765762833082,-0.46631437649375646,2.0777969221519896,-0.1762940676933269,4.789376229556936,-0.4645035846976504,2.0437466127072685,4.98093961251653,-0.8023101266807374,1.842765949304346,4.98139381528518,-0.05213011770905311,-0.596866226408766,-0.5668573323691044,2.068018442220646,-0.14585957975437724,4.935846079903294,-0.1174912606575283,-0.5908229096994956,-0.5555625730638082,2.066910256776728,-0.14793074174320417,4.936594099425858,-0.11641785029952494,-0.6499861345427206,-0.6661366860015393,2.004206230265784,-0.2651224960372662,4.9512758914255235,-0.07473386411037787,-0.5196404132974055,-0.49947334877957644,2.051442329413255,-0.14977025772236033,5.026691002932559,-0.20734709748368216,-0.6625933161254286,-0.6784848164731824,1.999664268506424,-0.2766881431808471
9.1,4.914552828312643,-0.19422813973285152,-0.6214354199759458,-0.4567394038266145,2.060045160435073,-0.17871453860301,5.333186490098762,-0.07076120410961095,2.195091453829848,4.905313358615659,-0.6479514981103083,2.047634746806117,4.924952314395906,-0.11641785029952494,-0.7165998031428743,-0.6661366860015393,1.9776939806620577,-0.2651224960372662,5.021787935665828,0.02254156955476462,-0.6871125766371665,-0.6110260336917208,1.9876197555269586,-0.24657155068541348,5.019855834708845,0.019768998629299928,-0.676157324934208,-0.5905510301354717,2.0044088573634444,-0.2151932739347805,5.039662778246887,0.06049538280850113,-0.4736058997421659,-0.3970107075996311,2.066987398517668,-0.11718727972748502,4.992282362454364,-0.21732647347825093,-0.7052364284314458,-0.6326568722162714,1.995107460265994,-0.23466631394874793
9.200000000000001,4.894846254612064,-0.19988280638394731,-0.6666000995624415,-0.4464337455458927,2.042059375626286,-0.1809741784908199,4.742234812673111,-1.0559441147566377,2.458959409207389,4.873859412214401,-0.6395329188212198,2.155777328808082,5.021832734571775,0.019768998629299928,-0.735212427947756,-0.5905510301354717,1.982889529969966,-0.2151932739347805,4.955510412521646,-0.07540374126353498,-0.7498561607792218,-0.6179196830820812,2.004625580405217,-0.17456931366188322,4.954155971236451,-0.07734736875049847,-0.7189934029134653,-0.5602382080972234,2.0469100503786364,-0.09554103603261974,4.971000881148436,-0.0448993839904052,-0.6177186477110209,-0.5084723684201999,2.1329449364322306,-0.0342662326417421,4.957412814316873,-0.22691392479197162,-0.7290948610655625,-0.5610073184207958,2.0279047594074138,-0.13236825842821112
9.3,4.874580431130856,-0.20541255278751921,-0.7106983611900738,-0.4354138885064175,2.0238557537179536,-0.18307095383337857,4.927130276160284,-0.54264817000301,1.4132506582769861,4.041251755442688,-0.8513349523381691,1.8926568907714676,4.946421234361401,-0.07734736875049847,-0.7750172237231874,-0.5602382080972234,2.0373559467753743,-0.09554103603261974,4.941845302130639,-0.08391384583548779,-0.7644078873809181,-0.5404097089237409,2.008861003870275,-0.14879714307025754,4.9269060965333615,-0.10535165266379005,-0.7887256005857006,-0.5858587116347701,1.9763530813154,-0.20955337651559158,4.9568160359121665,-0.05857590405806369,-0.6443373924524917,-0.482607943638515,1.9916974729437698,-0.18139287760735662,4.8133295062209145,-0.31550708382455334,-0.8054048416225255,-0.5977514069933113,1.9773867816000263,-0.2001521710910591
9.4,4.853768023349013,-0.21081392303206617,-0.7536596570473661,-0.42369746212867443,2.005450676741085,-0.18500297767440588,5.039255719660649,-0.5946125386723391,1.6167999371960178,5.070455523725543,-0.6042659716097927,1.9536899441523439,4.916370931266982,-0.10535165266379005,-0.8473114717491774,-0.5858587116347701,1.955397743663841,-0.20955337651559158,4.94551994802491,-0.06352272230856368,-0.8357739286408201,-0.5642954246762241,1.9399382926050197,-0.23844657988412268,4.947592401529235,-0.060548745038017285,-0.7710099324507471,-0.4432536550972972,1.9437852960507749,-0.23125665751917426,4.972695859345458,-0.027911124954882502,-0.6737442510510896,-0.46248097074757355,1.904912447580867,-0.25467364598377984,4.821000072170749,-0.2868829577032451,-0.7854562568265031,-0.45279917881994153,1.956246624943022,-0.20219751572360165
9.5,4.8324220383439265,-0.21608354143700753,-0.795415258225535,-0.4113032101954966,1.986860708022654,-0.18676851132285263,4.7381170768539365,-0.7031142367007532,2.0052240874473393,2.9561471552241856,-0.9998944017387801,1.8868963012871325,4.941537527025433,-0.060548745038017285,-0.8153352979604767,-0.4432536550972972,1.9206596302988574,-0.23125665751917426,4.893284963071324,-0.1297913254604507,-0.8102115908035653,-0.4336776156685902,1.9245206124482708,-0.22404060941883697,4.86115137729547,-0.17590312170534875,-0.8632750664709875,-0.5328514988851669,1.9139952690607538,-0.24371212853436344,4.912842232137457,-0.10840871411993941,-0.716744741617421,-0.4590140825084462,1.903646885141234,-0.22883771325850974,4.542839933255187,-0.4689503358763742,-0.8824234107455282,-0.5467759716145435,1.9210147541229168,-0.22949227799222915
9.600000000000001,4.810555816661381,-0.22121811466237373,-0.8358983646700824,-0.3982509608660112,1.9681025772797218,-0.1883659659176051,4.75212157950067,-0.8721192584931687,1.879910494907312,4.39225915103997,-0.8849049999406495,1.9727323120374318,4.843561065124935,-0.17590312170534875,-0.9165602163595049,-0.5328514988851669,1.889624056207317,-0.24371212853436344,4.821871064811328,-0.20702834009798188,-0.914531163601282,-0.5290592663042202,1.8891805615282145,-0.2445410054399804,4.814744586134605,-0.21725485932233968,-0.9062432897197525,-0.513569503786739,1.9125540356888786,-0.20085675431207087,4.865103292672952,-0.1604604951891262,-0.7837104485396156,-0.4815006642826683,1.8805990569108328,-0.22901284745392453,4.481857559994903,-0.47923143667166274,-0.9211522276950479,-0.5177781894110245,1.9208803775140026,-0.18801073037348548
9.700000000000001,4.788183023978153,-0.22621443376703632,-0.8750442120466311,-0.3845615949548141,1.9491931655638217,-0.18979390385735298,4.818695526398646,-0.3600220214990262,1.0508627112378677,4.554373275861318,-0.7491234587814222,1.8680710888820575,4.793019100202371,-0.21725485932233968,-0.9576002400984263,-0.513569503786739,1.8924683602576715,-0.20085675431207087,4.799109704151498,-0.20851482357690387,-0.9303164507536983,-0.4625770027463114,1.854042944932113,-0.27267258627772945,4.795049972841173,-0.2143405507240772,-0.8796279889303853,-0.36784194195233105,1.8579672967037726,-0.26533810244665473,4.841582661313337,-0.17100482225258862,-0.7410715798991315,-0.38458156700084506,1.7024503793145223,-0.39474270384086785,4.450297929603444,-0.4672891585177064,-0.9045447003472052,-0.39344119615839757,1.891687905267194,-0.20690418348159478
9.8,4.7653176425614046,-0.2310693762141922,-0.9127901753500475,-0.3702570125271212,1.930149490069151,-0.19105104009433344,4.717947589659468,-0.8510108278696911,2.033747386459636,4.118579172954747,-0.8553251107275921,1.7458724416780167,4.773615917768765,-0.2143405507240772,-0.9164121831256182,-0.36784194195233105,1.8314334864591073,-0.26533810244665473,4.760411052869274,-0.23328957321825528,-0.9134261358700059,-0.3622611182674422,1.8406705865697208,-0.2480742674620905,4.749764231727621,-0.24856779490702424,-0.8971724631270932,-0.33188354080627125,1.8141509508158211,-0.2976385906829701,4.7982550222390525,-0.20800324245245888,-0.7932837906734519,-0.3992643089383055,1.734318167503855,-0.31858355616942813,4.364848661833312,-0.49554771035074024,-0.9168276865855454,-0.3442391354720349,1.8327648342065013,-0.2764180975043826
9.9,4.741973962530219,-0.23577990782284716,-0.9490758690910899,-0.35536009786333467,1.9109886888182446,-0.19213624329078735,4.667591046265961,-1.5639284929585937,2.025787108118183,5.03424274152022,-0.9367694870439378,1.8932955900280646,4.724907452236919,-0.24856779490702424,-0.9303608172077202,-0.33188354080627125,1.7843870917475242,-0.2976385906829701,4.711311653277688,-0.268077809001495,-0.9592877868709232,-0.3859470915839904,1.7954087571788846,-0.27703946206213254,4.716668491485933,-0.26039072939270885,-0.9529883270039505,-0.37417360917793274,1.8227924486554283,-0.22586024723733333,4.7504079778503705,-0.24615781340556436,-0.9738115811414736,-0.5493592167221826,1.7646729235845384,-0.2521697512710771,4.4129743978873845,-0.4242593751531817,-0.9468265100222787,-0.3361935170893622,1.8320646417141748,-0.22743333885327077
10.0,4.718166572924748,-0.2403430846640801,-0.9838432439003068,-0.3398946828490782,1.8917280052389138,-0.19304853683708686,5.063636615757584,-1.520694735620955,2.1940678100332796,5.9093736532866945,-1.0585081373356728,2.138963785701803,4.690629418546663,-0.26039072939270885,-0.9904056879217437,-0.37417360917793274,1.800206423931695,-0.22586024723733333,4.7791089869653955,-0.13342227155525163,-1.0146172375045788,-0.4194241955863652,1.818189059099698,-0.19225129611518246,4.797858017859036,-0.10651735349274034,-1.0268956494688763,-0.44237214196410035,1.9079252972746394,-0.02453723115580228,4.808964231261098,-0.12882775325776258,-1.1234056665247367,-0.6504087968338333,1.826930216322434,-0.15878913102879744,4.5796220564382555,-0.27167512508102676,-1.004298223721466,-0.37956144798072766,1.9100453982900285,-0.044298628923851474
10.100000000000001,4.693910352588529,-0.2447560549009032,-1.0170366793946495,-0.3238855088492612,1.8723847726463223,-0.19378709973061833,4.62820530796395,-1.0385002004347461,1.5038702938999402,4.524836765667454,-1.170278652791077,1.8807751223657014,4.787206282509762,-0.10651735349274034,-1.071132863665287,-0.44237214196410035,1.905471574159059,-0.02453723115580228,4.749490287453478,-0.16063992454143372,-1.069642945389105,-0.4395875339212647,1.887135556563163,-0.058806642362669796,4.745763694960731,-0.16598759644183592,-1.0977956303091014,-0.4922039720902959,1.8853562348438822,-0.06213213588101083,4.754752962648181,-0.18712949635803414,-1.159594578361185,-0.6196087145052476,1.751944983833326,-0.22188636976458903,4.5487022346765436,-0.2744136020206553,-1.0813728998247314,-0.45068605035380427,1.898025409193439,-0.05809885838604148
10.200000000000001,4.6692204608697,-0.24901606057056672,-1.0486030731582134,-0.307358187127176,1.852976398644175,-0.1943512673146291,4.602329226398525,-0.593587465013578,2.0569057333398724,3.8620365606306235,-1.1388137748958336,1.9006203946460338,4.729164935316548,-0.16598759644183592,-1.147016027518131,-0.4922039720902959,1.8791430212557811,-0.06213213588101083,4.699078736259117,-0.2091613863323257,-1.1217479908883483,-0.44497884628925977,1.887259181180782,-0.04696330107618358,4.685193732084647,-0.22908641081656914,-1.1265221178108766,-0.4539015318073256,1.8909969601714296,-0.03997751560990209,4.70312249963264,-0.23356594385276483,-1.1007248152999753,-0.49061947157151753,1.792704887078346,-0.15468747951822973,4.4316948944369665,-0.33977983976973086,-1.13022192070436,-0.45755953370698305,1.8947836784715901,-0.05342948544648645
10.3,4.6441123281468935,-0.2531204393081962,-1.0784919256947822,-0.2903391578719372,1.8335203494590473,-0.19474053187637366,4.990574649228883,-0.6663977645525895,1.987200687084399,5.0607988946344875,-1.1531520497252932,1.9520089668646154,4.66228509100299,-0.22908641081656914,-1.171912270991609,-0.4539015318073256,1.8869992086104395,-0.03997751560990209,4.740157364367592,-0.11733945460849717,-1.1488318592980358,-0.4107650047498972,1.8915741344454564,-0.03142713034433565,4.745476222981759,-0.10970687583618595,-1.1500404259493056,-0.41302377589944816,1.9084806861974446,0.00017065641873657833,4.756282177775874,-0.1256251091131257,-1.0567753339539583,-0.3913278160033839,1.817636526030738,-0.1115592170469572,4.487807010461686,-0.2740311020563925,-1.1690033166348521,-0.4448785201793358,1.908558802324564,-0.018669353814445414
10.4,4.618601646185757,-0.2570666260106842,-1.106655421216247,-0.27285564789982014,1.8140341342219624,-0.19495454310402102,4.967388551419316,-0.9530078156578423,2.103829996100933,5.486732464701608,-0.934299210428652,1.877563743077049,4.7345055353981405,-0.10970687583618595,-1.1913428035392502,-0.41302377589944816,1.9084977518393182,0.00017065641873657833,4.789746798579261,-0.030435490131587875,-1.1804610789374472,-0.3926861920664936,1.9174160886173184,0.016838733264115457,4.801308520515653,-0.013844382936517144,-1.1115976734688042,-0.26398276195861936,1.9062674560267352,-0.003997692783299121,4.798783463035469,-0.04794709466978028,-1.0684119146027853,-0.36197504336299985,1.863695170250511,-0.050481464950921005,4.599846743141618,-0.17226420691089345,-1.1281825147509672,-0.289771876721484,1.8977916068729315,-0.03485164485115126
10.5,4.5927043583321066,-0.2608521544397953,-1.1330485041376648,-0.2549356270971637,1.7945352892113535,-0.1949931084019117,4.533390167625165,-1.1097574685869431,1.5504369510562566,5.61527589239638,-1.3587443154945518,1.756386503375938,4.7999240822220015,-0.013844382936517144,-1.137995949664666,-0.26398276195861936,1.9058676867484052,-0.003997692783299121,4.736700621900631,-0.10457024654109415,-1.1367066577441114,-0.2615731179473118,1.8896396901156043,-0.03432728244281079,4.751274584424386,-0.08365656466750909,-1.1988213522238131,-0.3776634301419434,1.8523623153376558,-0.1039974645473449,4.7298334400237785,-0.13845043295535228,-1.1055999823437856,-0.3630324906245819,1.7993426969016735,-0.11379008076882646,4.722922778240986,-0.06986996883734431,-1.2187550008616097,-0.40176332842783735,1.8521642388008537,-0.11147383319108357
10.600000000000001,4.5664366495478586,-0.2644746587634858,-1.1576289511565856,-0.23660776367451805,1.775041362071597,-0.19485619306388058,4.764353436466829,-1.5700352192467886,2.0488639819177785,3.916182707305289,-1.1433218478212985,1.7064674557679886,4.742908927957635,-0.08365656466750909,-1.236587695238008,-0.3776634301419434,1.841962568882921,-0.1039974645473449,4.747995695376682,-0.07635703748720606,-1.2518119984662948,-0.4061171499826666,1.8514091223091829,-0.08634216823454767,4.734197433893539,-0.09615758593768109,-1.2214620450861122,-0.34939408964226226,1.8108619132195245,-0.16212356265769312,4.72789511632075,-0.12165372802769198,-1.2242823668983542,-0.45097394981422373,1.8381648912694988,-0.060199241660238455,4.607276790848082,-0.14917045798756326,-1.2236062130178924,-0.337535836270562,1.7999045389025417,-0.1862234996987263
10.700000000000001,4.539814936295953,-0.26793187503447086,-1.1803574388013272,-0.2179013783036249,1.7555698960213186,-0.19454392030449044,4.501684724794921,-0.7704209560877654,2.0183740420772596,4.415196554833654,-0.9544964531768412,1.7352035204508733,4.7245816752997705,-0.09615758593768109,-1.2564014540503383,-0.34939408964226226,1.7946495569537553,-0.16212356265769312,4.671709167396558,-0.17202980039851695,-1.2342129118321596,-0.3079244371738935,1.8048642059041036,-0.14303272118229923,4.667454090651395,-0.1781358488565793,-1.1559626611929308,-0.1616773035107824,1.7853767359045898,-0.17945415889646785,4.663035193241934,-0.19598946806137807,-1.1733724645316637,-0.34848414131262906,1.867978286344112,-0.021946419964476098,4.568289350672386,-0.16673728666166848,-1.1648182194741379,-0.16927842323272443,1.7672025957854538,-0.21182275996639063
10.8,4.512855856280596,-0.27122164260511833,-1.2011976063401444,-0.19884639721059374,1.7361384140656795,-0.19405657114814692,4.876985087809956,-0.9454264644416187,1.1859243245870452,4.823200094173256,-1.2290699259310527,1.7452240086204995,4.6496405057657375,-0.1781358488565793,-1.1721303915440089,-0.1616773035107824,1.767431320014943,-0.17945415889646785,4.7035680188324696,-0.10074969868135471,-1.1617797094104108,-0.14233222050937658,1.7408812988262081,-0.22907527149135504,4.7055524969315075,-0.09790196639298519,-1.1806040443588115,-0.17751428071785577,1.7420961652358944,-0.2268047263014188,4.700932334114552,-0.11488024131492616,-1.1576552183894422,-0.2945042358143592,1.7349683243240537,-0.16159452451623815,4.588514623596002,-0.1398080067923757,-1.196206131393801,-0.19556945886252577,1.745777002487385,-0.21226515505989915
10.9,4.485576258049242,-0.27434190547778325,-1.2201161139506402,-0.179473304300328,1.7167644032268532,-0.19339458417619568,4.472185623469603,-1.6303186313588258,1.535366458398657,4.490088768376296,-1.166317226033861,1.8566013074925145,4.695762300292209,-0.09790196639298519,-1.198355472430597,-0.17751428071785577,1.7194156926057527,-0.2268047263014188,4.642728557185799,-0.17400555387547337,-1.2180777304816082,-0.21437452954469638,1.7110125072504792,-0.24251000215433058,4.640196541277261,-0.17763900463560184,-1.203597808686087,-0.18731203401322083,1.7517407510012057,-0.16639025992963025,4.6359586047436325,-0.19033205671838963,-1.2723865925345885,-0.38554344359403314,1.6835117488879519,-0.1992749454328409,4.5630606413477945,-0.14818125492721074,-1.2006546227326058,-0.1680995415035299,1.7648993488042373,-0.13890358810927741
11.0,4.457993190462798,-0.27729071358973906,-1.237082696056371,-0.15981309238877808,1.6974652988068888,-0.19255855513222866,4.760238877118142,-1.0139458622421773,1.4528396488043276,5.693538688665295,-1.1999282862272709,1.768210925131161,4.622432640813701,-0.17763900463560184,-1.222329012087409,-0.18731203401322083,1.7351017250082428,-0.16639025992963025,4.655121115472574,-0.13073094110557304,-1.2128148066053321,-0.16953029824280466,1.7222144095280985,-0.19047622686503185,4.672346570483589,-0.10601235920713577,-1.209209822278352,-0.16279270161641146,1.735081864277717,-0.16642737897893856,4.652206945538977,-0.14056068847571387,-1.2537945470473266,-0.32453847091600607,1.6230337724876571,-0.2425634373989197,4.703848904281459,-0.03461808855546397,-1.2121062658492765,-0.1583571578059255,1.7562651368409865,-0.12934695747713776
11.100000000000001,4.430123892040636,-0.2800662240319037,-1.2520702097453118,-0.1398972136210475,1.6782584686971127,-0.19154923638595517,4.227380418752556,-1.2405964772386204,1.2524624164137181,3.566975510151461,-1.2626154188351864,1.7910932044831434,4.661745334562876,-0.10601235920713577,-1.2254890924399935,-0.16279270161641146,1.7184391263798229,-0.16642737897893856,4.5587113433304225,-0.253866459373063,-1.226178854368334,-0.1640818438760937,1.6971639024868526,-0.20619006966644937,4.542260253308215,-0.2774738250869132,-1.2363719274383638,-0.18313236074387187,1.723440480772275,-0.15708001282541945,4.537025586895365,-0.2832172480958446,-1.2774642678590749,-0.315161231423812,1.5321411293872313,-0.3136990880111425,4.546395424958528,-0.14700281170991528,-1.2385366429981606,-0.1776201784755461,1.7579246187957331,-0.10281208892720951
11.200000000000001,4.401985780187085,-0.2826667022005975,-1.265054678192726,-0.11975752915467051,1.659161197748203,-0.19036753625611993,4.267757724707769,-1.1558513631497909,2.0635204103855465,5.05146225899995,-1.23966151025732,1.7655284728963574,4.514512870799524,-0.2774738250869132,-1.254685163512751,-0.18313236074387187,1.707732479489733,-0.15708001282541945,4.45598105427021,-0.36146716515363353,-1.2501726821248549,-0.1746986820872939,1.7239767846799554,-0.1267199430107956,4.46585900218517,-0.34729227895362835,-1.2472321979034378,-0.1692030142082666,1.735600805779919,-0.10499503154249964,4.44938667532934,-0.36689548334328714,-1.2795160265451302,-0.28370740287065915,1.6090527623576378,-0.19810626552210142,4.60231362168638,-0.09546471374231078,-1.2512150870548167,-0.1683773170375488,1.75310829026209,-0.09287594281979554
11.3,4.3735964403061205,-0.2850905228816142,-1.2760153290189702,-0.0994262581885564,1.640190672214986,-0.18901451819307738,4.495348734751008,-2.077966657028305,1.7467190273755768,4.741671472051484,-1.1319785780278515,1.6749137710498392,4.431129774289808,-0.34729227895362835,-1.2641524993242643,-0.1692030142082666,1.7251013026256692,-0.10499503154249964,4.446362901018684,-0.325432694380899,-1.3013090310609727,-0.23864734466044013,1.726088308895026,-0.10315034942810632,4.451261532008771,-0.31840314356547755,-1.2539390963263726,-0.15011450137685758,1.7117723103585687,-0.12990647780314526,4.433044665686993,-0.33819138892348244,-1.4560619029414401,-0.44188747609098344,1.6195430956662615,-0.16575935378450013,4.61299812606484,-0.08069993811528564,-1.226474578535296,-0.09278051663159324,1.7227658022514165,-0.13115756778105742
11.4,4.344973614811053,-0.2873361712659271,-1.2849346275208697,-0.07893592641914444,1.6213639642899693,-0.18749139982175828,4.359380329457569,-1.1400730276404272,2.187037352867892,4.078199878132777,-1.244633676688907,1.2696926391876362,4.419421217652223,-0.31840314356547755,-1.2689505464640582,-0.15011450137685758,1.6987816625782541,-0.12990647780314526,4.405179154993235,-0.338840548093472,-1.2630663509471993,-0.13911713432404796,1.72107408386404,-0.08824267878877809,4.399755164713701,-0.3466239911349036,-1.257909838571787,-0.129479783025593,1.5948008164645344,-0.32424324446869435,4.389416259721471,-0.3520292359731813,-1.4309469731323292,-0.3679043433166434,1.7153511887266442,-0.045787040518468505,4.533363883396342,-0.13292826702525531,-1.23846628329276,-0.09771443134851093,1.5752186157749104,-0.37557834905087634
11.5,4.316135192036105,-0.2894022438963949,-1.291798304723504,-0.05831931400622807,1.6026980167395213,-0.18579955184588945,3.903487536675157,-1.4986845035403908,1.8095152297171955,4.603299494324892,-1.7296078437492781,1.3958824078508711,4.3650927656002105,-0.3466239911349036,-1.2708578168743463,-0.129479783025593,1.562376492017665,-0.32424324446869435,4.255597206961014,-0.5037504607699532,-1.2812597611431193,-0.1489206732643375,1.5736601717912013,-0.3031544196972523,4.261364954216869,-0.49547372539070417,-1.4066844501521458,-0.38333527396289957,1.5239271147759381,-0.3961038604641554,4.243251663474811,-0.508561894636283,-1.473692101556667,-0.37426110445988187,1.7297720974057247,-0.025504554455391952,4.531378937509188,-0.12467565877946678,-1.3953230400536758,-0.36514227430499224,1.4943396113362544,-0.4543441118391827
11.600000000000001,4.287099195056778,-0.2912874495448772,-1.2965953802075214,-0.03760940313169187,1.5842096276565225,-0.18394049681445276,3.9707803151659897,-0.7800132133887934,1.713134442101753,4.625925645762516,-1.239291859735506,1.4447181740397308,4.211817581677797,-0.49547372539070417,-1.4450179775484364,-0.38333527396289957,1.484316728729522,-0.3961038604641554,4.154642080847714,-0.5775207481804571,-1.4146556762900377,-0.32658913584598726,1.4947639205709895,-0.3765784040066742,4.162459816269806,-0.5663022733612023,-1.3655979173565416,-0.23490180488729362,1.4807636996747142,-0.4027443544030579,4.137837273127243,-0.5855266702415214,-1.370442440500634,-0.22408676062723443,1.7245110494842135,-0.02839816891458783,4.533450928505681,-0.11406454005093837,-1.3730039484498597,-0.25817260333350894,1.4476258310623729,-0.45667023745729646
11.700000000000001,4.257883770426024,-0.2929906100192097,-1.2993181796754694,-0.016839325235056397,1.5659154353432205,-0.1819159077514942,4.427200567594705,-1.4991484612080974,1.8507327268313942,3.72380723901682,-1.1348532610417736,1.5078318195544993,4.105829588933686,-0.5663022733612023,-1.3890880978452709,-0.23490180488729362,1.4404892642344085,-0.4027443544030579,4.182060733283714,-0.45691034242975004,-1.3941131534375475,-0.24429346780038094,1.4592198602721658,-0.3677374891221646,4.174459142986215,-0.46781864831815506,-1.321585595859437,-0.10874185843508913,1.4728189813828543,-0.3423211809758153,4.164936097709979,-0.46469886204818445,-1.413304349675822,-0.24592101701098007,1.746504635876047,-0.0018879887789149431,4.413591510500398,-0.19321463260174362,-1.318164335862216,-0.11152374347715499,1.4343088943893216,-0.39785189732515425
11.8,4.228507176833232,-0.2945106608995362,-1.2999623472290318,0.003957691989757371,1.5478319033378753,-0.17972760665051465,4.442201488031039,-1.2184550401810228,1.6298722157824188,5.910697411135471,-1.3001927296101934,1.5967962445636275,4.127677278154399,-0.46781864831815506,-1.3324597817029458,-0.10874185843508913,1.438586863285273,-0.3423211809758153,4.202284327442365,-0.36075729888813496,-1.3272546365768825,-0.0990136141321162,1.447320430038252,-0.32599843320383176,4.230623786897876,-0.3200900857979412,-1.3196841095757226,-0.08486454923846626,1.4891360600778365,-0.24784640192406887,4.198164795040478,-0.3522687690746302,-1.395672571253823,-0.20084613720769356,1.7239103052595568,-0.025806364994027834,4.600300321506688,-0.04285161202950144,-1.3204177161377892,-0.09534375425507828,1.4563292029616683,-0.28547826404358706
11.9,4.19898777369315,-0.2958466522035364,-1.2985268523375384,0.024748377751650126,1.5299753055986902,-0.1773775628347992,4.253056421549496,-1.600697694996322,1.4783402675145667,5.411643572567106,-1.282803598394328,1.4096940279157941,4.198614778318082,-0.3200900857979412,-1.3281705644995692,-0.08486454923846626,1.4643514198854297,-0.24784640192406887,4.211528666128108,-0.3015586163386303,-1.3406134089469857,-0.10811981449557637,1.4649901124615805,-0.24665270659669392,4.231436385202385,-0.2729909771073916,-1.3244412030392667,-0.0778944958583497,1.4495211175519616,-0.27556374710711096,4.185123690254275,-0.3209714948742929,-1.451342564609492,-0.23883427816330755,1.6745747955873416,-0.0757181751439676,4.706830979383268,0.03802291655986491,-1.3155456075394454,-0.06915014693898444,1.4222546866946244,-0.2955267910666513
12.0,4.169344009671841,-0.2969977489801336,-1.2950139914865928,0.04549947138851258,1.5123617118583461,-0.17486789118515872,4.138839503181369,-1.1608261389628696,1.8623001982769491,4.087048420901123,-1.2992872798294037,1.3485927135941582,4.204137287491646,-0.2729909771073916,-1.3322306526251018,-0.0778944958583497,1.4219647428412505,-0.27556374710711096,4.188648257205734,-0.29521778408606725,-1.3244047906744156,-0.06326821837832225,1.4420692570842242,-0.23798907408427383,4.1869629010883385,-0.29763627539379983,-1.3173782055084793,-0.05013576280708393,1.415919337297059,-0.28686241037587545,4.149533913048734,-0.32589851417188537,-1.4147306572432283,-0.17425423591944053,1.7045811469758203,-0.035602689745465155,4.6259095621640896,-0.023809320880656466,-1.3153798787210287,-0.05627606782568447,1.3792241677565202,-0.32003195439654086
12.100000000000001,4.139594411156872,-0.29796323183131235,-1.2894293845041862,0.06617777557718965,1.4950069731623272,-0.17220085023668005,3.92788719476119,-1.3331825451160384,2.013516414842968,3.9477203576512543,-1.3784924357838786,1.6059299040248194,4.157199273548958,-0.29763627539379983,-1.3223917817891877,-0.05013576280708393,1.3872330962594712,-0.28686241037587545,4.102805058327322,-0.3756921446232318,-1.3228844585707622,-0.05105655943762563,1.4158274820695809,-0.23342044783359558,4.100232485786798,-0.37938379427730073,-1.3384407049760867,-0.08013067011140329,1.4690083432767949,-0.13402717492065633,4.070401205199932,-0.3915561136390342,-1.4131120604529175,-0.15392434375384523,1.7611497935718474,0.02858619185870355,4.531709558353766,-0.09081982767913988,-1.3385723314225721,-0.08821215131472979,1.426270923672074,-0.17630477011434406
12.200000000000001,4.109757570678924,-0.2987424973617184,-1.2817819655701712,0.08675020944211574,1.4779267076040508,-0.16937884014619714,3.961039924916411,-1.5695694716217834,1.5487338747449686,4.1357164763178655,-1.3157174554678797,1.4651848759293415,4.062294106359069,-0.37938379427730073,-1.346453771987227,-0.08013067011140329,1.4556056257847292,-0.13402717492065633,4.038276000698878,-0.41384985113484657,-1.356640625454876,-0.09916956274777936,1.459857607278683,-0.1260803619609596,4.039892360602983,-0.41153036960931233,-1.345192431366375,-0.07777326615594608,1.461347902519587,-0.1232950493835106,4.013962051464347,-0.4159378553157777,-1.4556475515429685,-0.18290012748957843,1.7225863026966348,-0.01563278154671749,4.470059682034165,-0.12918441948530088,-1.3377147409443835,-0.07061432293352671,1.4259179111594098,-0.14489119829839858
12.3,4.079852135292065,-0.2993350585557614,-1.2720839689234797,0.10718386147765879,1.4611362862696358,-0.1664044005323114,4.24872917338913,-1.268084849477249,1.9262724929225818,4.24719364909669,-1.1980662649607061,1.34117081882931,3.998739323642052,-0.41153036960931233,-1.3529697579819695,-0.07777326615594608,1.449018397581236,-0.1232950493835106,4.058038431487793,-0.32643596410002856,-1.349094144898853,-0.07052987332380999,1.4708085160894395,-0.08257003766825549,4.061176171810313,-0.3219332969084416,-1.3068443269386087,0.008433640837463202,1.4345425689526006,-0.1503498949212837,4.040404017566546,-0.31996041704271905,-1.4343283569600347,-0.14061646586446536,1.7605161580435904,0.026526968824092924,4.428616593289171,-0.1500020015295797,-1.2999481457086437,0.010891181664823266,1.3899610775100462,-0.1839234052429874
12.4,4.049896794919949,-0.29974054508198383,-1.2603509092899512,0.12744604219950856,1.4446508194049636,-0.16328020818990666,4.221255591433255,-0.9657138858784295,1.6385915948683962,3.268706070453995,-1.1277894034416476,1.395170394740396,4.028982842119469,-0.3219332969084416,-1.3060009628548623,0.008433640837463202,1.4195075794604723,-0.1503498949212837,4.074591103850458,-0.2564852984595233,-1.2904643843183843,0.037470992914040685,1.4295103572377428,-0.13165503366979164,4.061222939881372,-0.27566865563007675,-1.2449563077199237,0.12252408484253653,1.4199038053556088,-0.1496093618115054,4.060807744129484,-0.24604052340415433,-1.3555157442194803,-0.04147124131698844,1.7391982868093603,0.0009378833694552655,4.258062514130257,-0.2635268307789089,-1.246587753511449,0.10592986172066418,1.378780354633001,-0.17081137315707157
12.5,4.019910270675218,-0.299958703524506,-1.24660155706208,0.14750433644087765,1.4284851428174767,-0.16000907468121436,4.485440890744434,-1.3184081481651955,0.727252340594197,2.957278701227562,-1.1933440319361075,1.4840895195413992,4.0336560743183645,-0.27566865563007675,-1.23270389923567,0.12252408484253653,1.4049428691744583,-0.1496093618115054,4.140822171579603,-0.12188497036928514,-1.2366169211647857,0.11521077611292638,1.3740013705602052,-0.20743800065431922,4.121189342428371,-0.15005814169987858,-1.2245113967194037,0.13783560142867174,1.404798361525983,-0.1498794418330934,4.146798894178926,-0.09002484112279302,-1.3517248299010338,-0.032997218371242636,1.544560168355213,-0.20694252144092068,4.058558537125072,-0.3898944360878642,-1.2229625981883818,0.1296247147224836,1.3990962541079928,-0.1028167608103465
12.600000000000001,3.9899113031594213,-0.2999893975414026,-1.2308579082703912,0.1673266552098558,1.4126538045249533,-0.15659394380559746,4.31076217546285,-1.3910527091052802,1.4504119600450147,2.8418748602168913,-1.2033201024147584,1.500923775616358,4.106183528258383,-0.15005814169987858,-1.2107278365765364,0.13783560142867174,1.3898104173426733,-0.1498794418330934,4.154710823569721,-0.08042132091947375,-1.2189609777496209,0.1224481325353298,1.3925773182664245,-0.14470819540355734,4.132933267596697,-0.1116721819575584,-1.214585466844565,0.130625817883922,1.4228870736675254,-0.08806026375822712,4.180377887902836,-0.029955523705719973,-1.3619569196509396,-0.040397666873752014,1.509732252821012,-0.22203050427539417,3.8595610130758042,-0.506669988857878,-1.2079590081796021,0.13333583933435858,1.4230701661792748,-0.040533873260679705
12.700000000000001,3.9599186407507494,-0.29983260794991223,-1.2131451493944865,0.18688128702494708,1.3971710516632738,-0.15303788895032974,4.2218287777228545,-1.7739359887651103,0.959094526726125,4.240708479530447,-1.137307371343119,1.228658759892384,4.121766049400941,-0.1116721819575584,-1.2015228850561728,0.130625817883922,1.4140810472917027,-0.08806026375822712,4.145501535158076,-0.07761168554618478,-1.2276577039864227,0.08178070459507952,1.393307605430155,-0.1268851404039972,4.147080844849437,-0.07534537119199612,-1.2023823368926752,0.1290195307911245,1.3472473432177465,-0.21297024900502978,4.188324357432961,-0.014519709353148872,-1.4444904405897154,-0.12419139989746539,1.385850297411782,-0.3305748731800996,3.867562725748923,-0.46385295588886016,-1.177111574748013,0.16517920205827374,1.3608518286151776,-0.14628832823891474
12.8,3.929951027886904,-0.2994884327384259,-1.1934916170700467,0.20613694864668008,1.3820508176649593,-0.1493441103247543,3.609695440463133,-1.471439318578945,1.5359236297709071,4.178231144134051,-1.2298059882065002,1.324115998618002,4.139546307730238,-0.07534537119199612,-1.1894803838135628,0.1290195307911245,1.3259503183172436,-0.21297024900502978,4.013862469958346,-0.25570207209120793,-1.2023538586835691,0.10495943149888431,1.335537126235283,-0.19505282168002103,4.016589046699076,-0.2517894259274323,-1.210033549846816,0.09060634239223156,1.3323420832873951,-0.2010242514101757,4.0447804107888645,-0.2149676135829004,-1.4597053241547528,-0.12717591494563385,1.3880299776578635,-0.29295845593091885,3.869688730585549,-0.4284489065506323,-1.1817418676062819,0.12672790557809907,1.3394680799883383,-0.1585699933351837
12.9,3.9000271933504367,-0.29895708700524737,-1.1719287527562614,0.2250628351241151,1.3673067097200224,-0.14551593208031155,4.004864761912991,-1.0752327899912677,0.8728386503576941,4.552943900415231,-0.9944158114753539,1.5826311162720654,3.991410104106333,-0.2517894259274323,-1.2009729156075928,0.09060634239223156,1.3122396581463776,-0.2010242514101757,3.9946016305027516,-0.2472095755513201,-1.195231964895674,0.10133598963630594,1.2921778082307862,-0.238519186214434,4.003863511175239,-0.23391874777405408,-1.139053953730055,0.20633083681890635,1.3734316760313574,-0.08665839129299796,4.018749206161985,-0.22136431294261869,-1.395997467233335,-0.045590141888240565,1.265240417911533,-0.3927649615294377,3.9254958260807284,-0.3564516653399195,-1.1157028014566859,0.22375749756316457,1.4027560915378672,-0.014669973547825316
13.0,3.87016583856387,-0.2982389028241639,-1.148491052436199,0.2436286690761961,1.352951996530417,-0.14155679931902734,3.408145151237341,-1.1294672975495652,1.1878303847569995,4.856271742193298,-1.161659154231821,1.3952784160935783,3.9804716363978336,-0.23391874777405408,-1.1184208700481644,0.20633083681890635,1.3647658369020577,-0.08665839129299796,3.8447123245664034,-0.4287337855094777,-1.1189252197576742,0.2053882238716366,1.3566874474064456,-0.1017566344129396,3.861492251725886,-0.40465453747357677,-1.1308799724364322,0.18304518600738134,1.3674832117554425,-0.08157970745301901,3.851741210165115,-0.42573335899373843,-1.3483947807659478,0.01009357028128774,1.2186264466383192,-0.4005978704934506,4.021153993885171,-0.2606251317471919,-1.1142063052516464,0.18579521837902485,1.39945249810018,-0.018009239153106642
13.100000000000001,3.840385625901916,-0.29733432903691054,-1.1232160114305962,0.2618047491290998,1.338999596369099,-0.13747027499315323,3.9322627802452383,-0.8775322422531517,1.3873840975896377,4.415502779740098,-1.1086746575146609,1.3546912989184843,3.821026797978528,-0.40465453747357677,-1.1125754538356938,0.18304518600738134,1.3593252410101404,-0.08157970745301901,3.8474126473057475,-0.3667907610370393,-1.1018440227491377,0.20310187622487227,1.3606063317666999,-0.07918539114631576,3.856836227251879,-0.35326789429558203,-1.1037548823567445,0.19953054273824206,1.3589516103922865,-0.082278010735929,3.8394719231548793,-0.3829837029403014,-1.2569784932404338,0.10660486942629797,1.218746324956599,-0.3577052329212298,4.052210894018212,-0.21893879209226733,-1.0996136338334683,0.1785463994340708,1.3845248234090293,-0.04187605874554276
13.200000000000001,3.8107051670281016,-0.29624393097265944,-1.0961440644133411,0.27956199743209764,1.3254620654544553,-0.13326003669875056,3.9627317841032723,-1.015920083473067,1.5109847124149687,4.428520015935238,-1.103257981936453,1.237947633089616,3.821509437822321,-0.35326789429558203,-1.0838018280829202,0.19953054273824206,1.3507238093186937,-0.082278010735929,3.8550082344767262,-0.3051970161636821,-1.0807025330238922,0.2053230228268854,1.3580408844465706,-0.06860263902136017,3.8645217496991493,-0.2915450920190299,-1.087012385290623,0.193530117368964,1.3244449814241406,-0.13139227202211456,3.840946673438468,-0.3268761104834246,-1.2019859259451051,0.15393029730111887,1.2460897273870344,-0.29032979021886907,4.084419085384108,-0.17945454033838848,-1.0883281291264588,0.16660251718607547,1.3368292889541014,-0.12098138343713118
13.3,3.781143011263082,-0.29496839009470666,-1.0673185207246212,0.29687200617591586,1.3123515866505526,-0.1289298733661016,3.640208358689106,-1.1301825155656318,1.3812232204804877,3.470288211886188,-0.9912492753965721,1.3127107815945473,3.8353672404972463,-0.2915450920190299,-1.0676593735537268,0.193530117368964,1.311305754221929,-0.13139227202211456,3.789074370642316,-0.35797550527029576,-1.0705140094536454,0.1881948971670541,1.3144979947714368,-0.12542607988196286,3.783786289260079,-0.36556391861838067,-1.0483398215755526,0.22963772184795822,1.3139980246241325,-0.12636050757213715,3.7668875962007933,-0.3852384750800002,-1.175738677144732,0.16551740437257137,1.248644885722487,-0.25660878943770166,3.985472570286922,-0.238569954204946,-1.0470955267932938,0.21127951830345282,1.3210582600777703,-0.12765936622370946
13.4,3.7517176339919205,-0.29350850357458025,-1.0367854950852158,0.31370708303917005,1.2996799585033845,-0.12448368184992861,3.9158233290754043,-1.174594905363816,1.4820884980096238,4.006875116643174,-0.956375986020953,1.2546989829556714,3.747229897398241,-0.36556391861838067,-1.0253760493907569,0.22963772184795822,1.3013619738669189,-0.12636050757213715,3.7872212814373225,-0.30817615725185776,-1.032188974805228,0.2169045892945468,1.3096134533556985,-0.11093876497251662,3.790864938241687,-0.30294749832407397,-1.01098040737735,0.2565427012506127,1.2942512144185263,-0.1396502820968201,3.7745133780657443,-0.3201355975765803,-1.1621516652786776,0.16235249428830462,1.2728396694694033,-0.2033868212817621,3.967764787485971,-0.2340821950979461,-1.0047034783417834,0.24994151216011704,1.2919165805249269,-0.15743344427911385
13.5,3.722447425117574,-0.2918651837938339,-1.0045938338227833,0.33004029549017005,1.2874585846229731,-0.11992546342248701,3.6692796667344982,-1.045733592387629,1.5777902493313987,4.289633547839928,-0.9591327214077761,1.1392810141935956,3.7605701884092797,-0.30294749832407397,-0.9853261372522889,0.2565427012506127,1.2802861862088444,-0.1396502820968201,3.738915523247619,-0.3340220106629042,-0.9880841766678262,0.25138801668721267,1.2938694091825014,-0.11426368704343162,3.748050931585522,-0.3209126710819338,-0.9799850514273591,0.26652501422934005,1.2506235425933494,-0.19508878319040945,3.724474157251684,-0.34556423957475324,-1.1266397100304948,0.18293078305028387,1.3150916110916508,-0.13657001443732997,3.9912678153659886,-0.1998458804770084,-0.973422030934162,0.26137295978122577,1.2343450571820818,-0.23348467866990255
13.600000000000001,3.693350677567802,-0.29003945777383827,-0.9707950367281553,0.34584551387322743,1.2756984634208937,-0.11525932017269112,3.2947386033569708,-1.4245603515543217,0.7569335743159065,4.775079270957486,-1.0308844059789852,1.0770870222386717,3.7159596644773285,-0.3209126710819338,-0.9533325500044247,0.26652501422934005,1.2311146642743083,-0.19508878319040945,3.6160434752578676,-0.46429271559290297,-0.9748475243972341,0.226314237777128,1.2094648507988417,-0.23555156943406994,3.6352697667521414,-0.43670292707349745,-0.9905237561423819,0.19701587846660598,1.1724323561301078,-0.3047640787034222,3.5926307856476507,-0.4828060835802818,-1.1691909825086213,0.1179781593144505,1.1966642916064902,-0.24841453178095885,4.080491420292143,-0.1201446091476723,-0.9728290788797171,0.2149286981018111,1.1700797771528517,-0.30787888260124685
13.700000000000001,3.6644455758626844,-0.2880324665339259,-0.9354431746666597,0.36109745321052844,1.2644101782124433,-0.11048945131451052,3.1977223518930233,-1.1728357287209716,1.5267120431171524,2.8806627936729576,-1.0579685939480583,1.2706709764513473,3.591599474044792,-0.43670292707349745,-0.9708221682957213,0.19701587846660598,1.1419559482597657,-0.3047640787034222,3.498169432912808,-0.5707753287614945,-0.9800455557216207,0.17977767203681191,1.159522860698096,-0.2719320996307736,3.487926123180939,-0.5854745103132364,-1.0018444062472618,0.13903634046940377,1.190616375743942,-0.2138193470987566,3.4590158047291215,-0.6031865347154695,-1.160364551463879,0.11480614347343744,1.2401089433795607,-0.17551767900516624,3.9070939323783054,-0.23792361527226985,-0.9839183266713067,0.15568848428040982,1.1794354989800833,-0.23489050062423555
13.8,3.635750184749885,-0.2858454643782914,-0.8985948030762644,0.375771713652708,1.2536038876923736,-0.10562014940796123,3.57877337147337,-0.8293682743966162,1.6348300115411512,3.430362305590207,-0.9390146391931355,1.3279681235502712,3.429378672149616,-0.5854745103132364,-0.9879407722003215,0.13903634046940377,1.1692344410340665,-0.2138193470987566,3.464816000488123,-0.534621833142324,-0.9807007850467001,0.15256763730647818,1.190492263140313,-0.17408917977581265,3.4642444764820315,-0.535441971881328,-0.9690391496287984,0.17436284869251464,1.228950924406216,-0.1022112122458385,3.443029112338886,-0.540647825933236,-1.0874042420743493,0.18043701056412406,1.3018847678089815,-0.09083380630121396,3.821762727669823,-0.28283530099780724,-0.9593860552001704,0.1719856170860377,1.2085086272776244,-0.1393229036061182
13.9,3.607282437914773,-0.283479818112092,-0.860308871490948,0.38984481951340005,1.2432893167927492,-0.10065579649609083,3.8728196643683113,-0.8845071486450968,1.7170443781420381,3.862188958809301,-0.8223831270136337,1.2924687316721923,3.410700279293899,-0.535441971881328,-0.951602864759547,0.17436284869251464,1.2187298031816323,-0.1022112122458385,3.520317798888634,-0.3781404878930468,-0.9485394576148038,0.1800882554548182,1.2414814856684762,-0.05968906921712309,3.525988818367504,-0.3700025571767641,-0.913247417465563,0.24604791271836168,1.2557450895993096,-0.033030864629283715,3.5080819780268038,-0.3726096039601161,-1.033791924149988,0.21840725691388335,1.3744322201908221,-0.003691175742720848,3.802814487190951,-0.276022309852892,-0.9055806037344205,0.2385435984626671,1.2244879019810953,-0.08493823985324064
14.0,3.579060126772456,-0.2809370061872389,-0.8206466292340171,0.4032942568253301,1.2334757479311675,-0.09560086016143639,3.597485458459278,-1.113736007573629,1.0254356246616103,4.041161127774135,-1.0736010302473102,1.1897431576594322,3.4889885626498276,-0.3700025571767641,-0.8886426261937269,0.24604791271836168,1.2524420031363812,-0.033030864629283715,3.5147246840645248,-0.33307114232992685,-0.898919775208388,0.22684026068728497,1.242077511899181,-0.0524017563891763,3.523457305229051,-0.32053980360445733,-0.9477865886039278,0.13550980063167156,1.2274370565037807,-0.07976428391604048,3.50200383041121,-0.32862028339050164,-1.03153615079254,0.19749990851659122,1.3069818495551722,-0.07530182379370746,3.811345546376771,-0.2496518600898943,-0.9403546508312294,0.13194649492980265,1.2079729634485565,-0.09952208448454009
14.100000000000001,3.5511008893487217,-0.27821861777841306,-0.779671527432256,0.41609850935785925,1.2241720126572084,-0.09045988950550113,3.2549935868357185,-1.0905183762390342,1.0988661718311583,1.9159433409816162,-0.7753443362165205,1.2236160559902869,3.491403324868605,-0.32053980360445733,-0.9342356085407605,0.13550980063167156,1.2194606281121765,-0.07976428391604048,3.4353255018466746,-0.40101165530110466,-0.9413710528715206,0.12217389087724073,1.213954614608162,-0.09005484127904576,3.410121720889799,-0.43717915992344547,-0.894925333325675,0.20897940650194535,1.21665738802851,-0.08500344703509434,3.4164218464216165,-0.40299186256324215,-1.0269354412211749,0.1813277322306778,1.2608559533422712,-0.11650355980005059,3.532252402729894,-0.43511707811628836,-0.8807718814399429,0.21628853110854085,1.2058415414137698,-0.0853024728233264
14.200000000000001,3.523422199256848,-0.27532635178988274,-0.7374491175076584,0.42823709303836366,1.2153864837046346,-0.08523751105487043,3.684139203132568,-0.1351796765995641,0.7316229533226707,4.307571405349108,-0.5949329903811239,1.2397194894949188,3.366403804897455,-0.43717915992344547,-0.8740273926754806,0.20897940650194535,1.2081570433250006,-0.08500344703509434,3.4417725675308817,-0.3290247494566721,-0.8402936239138008,0.2720267060153425,1.186399798294085,-0.12566701930718352,3.4561345923217113,-0.30841519889371205,-0.7716543627018224,0.40031121791149915,1.2013159001943055,-0.09778931756803388,3.451951536287091,-0.29602073190725137,-0.8407042573105666,0.36077631997041637,1.1496147890626482,-0.22281884159319423,3.599991581171809,-0.3539250280050295,-0.778412183400544,0.363071885524077,1.2102693538258344,-0.06174236428805882
14.3,3.4960413547771614,-0.2722620157937434,-0.6940469463091365,0.43969058872238104,1.2071270674564978,-0.07993842459764959,3.5746068484291453,-1.0582373250142736,1.3732710484186184,3.1207705467294864,-0.635827612803648,1.1437769509775801,3.42529307243234,-0.30841519889371205,-0.7316232409106727,0.40031121791149915,1.1915369684375021,-0.09778931756803388,3.4607112052671227,-0.25759006733077344,-0.7465355479365045,0.37244060866722867,1.1998344501740088,-0.08228159828696921,3.4550722092878354,-0.265682044224843,-0.7155651727446305,0.4303232168797577,1.1841524506827519,-0.11159073732444771,3.4598328602535595,-0.24314323220262463,-0.8534251985800105,0.3086828170005262,1.17465516113903,-0.17230133809377388,3.5042980700449307,-0.39793332900504697,-0.7096313503345427,0.4221148755487928,1.1856645665466417,-0.095252456743308
14.4,3.4689754680461773,-0.26902752490024406,-0.6495344480519721,0.45044067326009896,1.1994011968299279,-0.07456739895397266,3.442758137908632,-1.2903514870986077,1.5243051438788973,3.4679309794636657,-0.53119809001668,1.132468635311197,3.428504004865351,-0.265682044224843,-0.6725328510566548,0.4303232168797577,1.1729933769503071,-0.11159073732444771,3.431885171634467,-0.2608300593198742,-0.7007407625808127,0.3776035620118077,1.1890333127191666,-0.08161262720756984,3.432483105892444,-0.25997202178668616,-0.6533114597576418,0.4662473622918679,1.173209430900489,-0.11118693962830511,3.4373008140261447,-0.24062898967632315,-0.9125677391181896,0.21259437175063028,1.2280183669189095,-0.09694146383135965,3.4649702454474696,-0.39759359621977336,-0.6257965433243076,0.49779363819489475,1.1627955002841928,-0.11951394872170462
14.5,3.4422414543620694,-0.2656249005609061,-0.6039828332378836,0.46047014880948606,1.192215824587008,-0.06912926768438574,3.321241311800323,-0.7908479166686277,0.8178024806356166,4.046500433793945,-0.5226946689948073,1.0776408065313094,3.4064859037137754,-0.25997202178668616,-0.6066867235284552,0.4662473622918679,1.1620907369376585,-0.11118693962830511,3.386265369743071,-0.2889885513741699,-0.6150950206228287,0.45053253276743044,1.146371475481267,-0.14056572004777343,3.397217466169498,-0.2732722586955091,-0.5892461638597908,0.49884319221172674,1.1271441761732799,-0.17650090733350143,3.390589784003965,-0.27257850956975516,-0.8719781889905536,0.2332296737502241,1.1412577186397632,-0.17921157495684908,3.509622733033146,-0.33598895508358617,-0.5597241901823149,0.5274172551449008,1.128476430754027,-0.16018244809987842
14.600000000000001,3.4158560216131604,-0.2620562693051813,-0.5574649747334136,0.46976297034917086,1.1855774170777589,-0.06362892473996828,3.2849993662756494,-0.4077033204901926,1.119341897750017,4.146276617776211,-0.473637013288833,1.1978085235624778,3.369890240299947,-0.2732722586955091,-0.5393618446386174,0.49884319221172674,1.1094940854399296,-0.17650090733350143,3.349753610356855,-0.3021683857405454,-0.5333506760141608,0.5100778678084293,1.1099437096534837,-0.17566057453046682,3.362966475377384,-0.28320788304763606,-0.5166458703788187,0.5412985977436177,1.1345237566904023,-0.1297212785526513,3.344047674984793,-0.29978264332826676,-0.7638093390110168,0.3238044373463791,1.1225679268769118,-0.1800321081978668,3.5670881012904214,-0.2695293113981974,-0.4967935767464656,0.545942505911007,1.1385374557718952,-0.11276559386741218
14.700000000000001,3.389835659836036,-0.2583238614114406,-0.5100552911888889,0.47830427134705256,1.1794919484208592,-0.05807132005810845,3.4555680602925323,-0.38338264231379365,1.6417235278557176,2.818093066315297,-0.6131600134179573,1.1149724391924964,3.33464568707262,-0.28320788304763606,-0.46251601060445713,0.5412985977436177,1.1215516288351373,-0.1297212785526513,3.3633292070546723,-0.24204694202410787,-0.458902997138803,0.548051200564972,1.145301257041447,-0.08533400793864376,3.3542847331790915,-0.2550257903667994,-0.5020561610417449,0.46739936267634286,1.1368168167275634,-0.10119114662516371,3.3489041746280566,-0.25064154722825854,-0.6644594787834673,0.3952956975091359,1.2079222781166845,-0.06969573756859103,3.442034521376245,-0.3411241817867242,-0.4944373139300461,0.45096434632067794,1.123506090020731,-0.11959251452999974
14.8,3.3641966309098077,-0.2544300095131224,-0.46182962798445437,0.48608038754358157,1.173964895127344,-0.05246145510789281,3.2956394007369316,-0.9787298638804605,1.547492740927538,3.7711424783787777,-0.5765046480726221,1.2264663649617285,3.3287821541424116,-0.2550257903667994,-0.45531622477411077,0.46739936267634286,1.126697702065047,-0.10119114662516371,3.3209204921169944,-0.26630729999942426,-0.4792138619788371,0.4227354681333645,1.1459100542564298,-0.06528389500663251,3.328388854334207,-0.25559017682355945,-0.5064308102890095,0.3718678907786117,1.1684455587225033,-0.02316578155789103,3.3168974666356226,-0.2604353462514249,-0.6930064256727994,0.32262258466191207,1.2676323018065088,0.0014861346687662647,3.4572712398466363,-0.3051086703140672,-0.4881964753124529,0.38031780811254257,1.1466611382992302,-0.05574833320000115
14.9,3.338954958392968,-0.25037714714091286,-0.4128651358936442,0.49307887881165996,1.1690012311721127,-0.046804378389122235,3.272657323973517,-0.02275778029156228,1.3031832207859773,2.4076383117341735,-0.4373533660263061,1.1821589617209938,3.302829836651851,-0.25559017682355945,-0.46924402121114844,0.3718678907786117,1.1661289805667143,-0.02316578155789103,3.2956727337330736,-0.26586064193116987,-0.44885867890211795,0.4099674221805272,1.1723865028500873,-0.011470679110288574,3.2809418611253007,-0.2869994902668358,-0.4456400852571712,0.4159828673855524,1.175120333242786,-0.006361240410895327,3.28637421048845,-0.2667548501230875,-0.5379858392589898,0.4536696807849213,1.2745928597276097,0.008758028597284426,3.288296791794733,-0.4061608270168049,-0.44625012191164826,0.3874352128208163,1.1536362834281024,-0.03293019056568805
15.0,3.3141264175091876,-0.2461678072018682,-0.36324014765860363,0.4992885490581903,1.164605423517687,-0.041105180889002044,3.2878989114685186,-0.24116858474240035,1.8474598195618919,5.147974026303375,-0.5285180263210477,1.341247171496503,3.2522419120986172,-0.2869994902668358,-0.4040417985186161,0.4159828673855524,1.1744842092016965,-0.006361240410895327,3.2606999685086295,-0.2748621528241498,-0.3966054524198837,0.42988115260486204,1.205210437527492,0.051065065373652525,3.292006405548255,-0.22993731760688457,-0.4335077928107701,0.3609118973815184,1.2432665053770224,0.12219059910699165,3.266641172104584,-0.2569612015376792,-0.4442359944323757,0.5053194189812937,1.385528500024543,0.12624921911000184,3.505865108881792,-0.21773517581808377,-0.44448231403529703,0.32020664299221585,1.2086750137708298,0.07312753561485034
15.100000000000001,3.2897265252883146,-0.24180462039643033,-0.3130340526744058,0.5046994641354378,1.1607814280942481,-0.03536899150059822,3.7051226310990653,-0.28875065537793326,1.2168481357552245,3.4021083357787747,-0.2636934225124902,1.1749831777008326,3.269012673787566,-0.22993731760688457,-0.3974166030726178,0.3609118973815184,1.2554855652877217,0.12219059910699165,3.37246059944287,-0.08148922024754399,-0.3924552126912951,0.37018457211833794,1.2537214857825196,0.11889359278327875,3.372952401355334,-0.08078348296262004,-0.356434299218116,0.43750646954799827,1.2316945647642856,0.07772600499889518,3.3552183432768876,-0.09575687144452491,-0.37350941545173555,0.5268776186665344,1.3632675149067404,0.0890077798677473,3.4729528910663663,-0.22586431470651264,-0.3670046914177573,0.4028556581164298,1.2034585871671397,0.050347208041804536
15.200000000000001,3.265770530868737,-0.23729031357432495,-0.26232716998296646,0.5093029677335451,1.1575326862395652,-0.02960097240717917,3.481018562362014,-0.5583085314515379,1.2741073166559544,3.5993156445151615,-0.2807693825064086,1.33201870801446,3.364874053059072,-0.08078348296262004,-0.3126836522633163,0.43750646954799827,1.239467165264175,0.07772600499889518,3.3924242347557048,-0.041248885928778546,-0.3238982133919043,0.4165468252408206,1.241048739966911,0.08068191587534232,3.395856186181584,-0.03632402488227432,-0.311832989047256,0.43909633099949746,1.2664974491153957,0.12824471264581364,3.378970096030524,-0.04874214420470928,-0.3665177571921774,0.4780960672885998,1.3532998628976303,0.06886533413147007,3.4706035227627114,-0.21109509624233938,-0.3126789263256488,0.428383293171822,1.246237180206724,0.1189724302879935
15.3,3.2422734059671656,-0.23262770803036875,-0.21120061977969928,0.513091695228784,1.154862121602024,-0.02380631443659952,3.2371008363763942,-0.10133274576955553,0.8631830395197321,2.899920047798624,-0.07533247111818955,1.0775380671764614,3.392223783693357,-0.03632402488227432,-0.2679233559473064,0.43909633099949746,1.279321920379977,0.12824471264581364,3.355427680205138,-0.08912654864929839,-0.26031728368190066,0.45331182881788284,1.2603221556459931,0.0927347799629197,3.347871638751537,-0.09996949180403064,-0.20856806585915483,0.5500294075356491,1.2091885870159518,-0.0028321707499579657,3.340369834904091,-0.09631918257329453,-0.27688180155613273,0.5227465741613665,1.2645553572865131,-0.033222810704648456,3.374825843212104,-0.2655887006129132,-0.21040755854199317,0.5364433631108648,1.2029522033285878,0.018641121366292424
15.4,3.2192498355217993,-0.22781971774125237,-0.15973619363851507,0.5160595854653808,1.1527721375095406,-0.017990232389904773,2.9013363368600054,-0.8852803962354672,0.7616876979631778,3.174060950720834,-0.2883716999133414,1.2073749839512429,3.337874689571134,-0.09996949180403064,-0.15356512510559012,0.5500294075356491,1.208905369940956,-0.0028321707499579657,3.234325145930025,-0.24856341129131435,-0.18697324591129727,0.48759073329508107,1.1884866324875063,-0.040994116573676256,3.2333254727637097,-0.24999794541638864,-0.2153393080237435,0.4345755002016895,1.1937706198628095,-0.031118518711210703,3.2250259347951444,-0.2454461484588182,-0.3517307715564454,0.3870394290733534,1.165112913425728,-0.13583310544503907,3.324598375830668,-0.28286228826787113,-0.19697692374498404,0.4633275421761791,1.2055981308359471,0.020062603858529048
15.5,3.1967142085147167,-0.2228693475443996,-0.10801622366274533,0.5182018904520731,1.1512646148067285,-0.012157960348363545,3.10497915152685,-0.21063327898981196,1.8292955216570594,4.280558676209617,-0.11729896524124782,1.1276383309622593,3.208325678222071,-0.24999794541638864,-0.1718817580035747,0.4345755002016895,1.1906587679916885,-0.031118518711210703,3.1838112555837803,-0.28517621869218956,-0.17365104661294598,0.43126875823435296,1.2198171779077094,0.023377586254033588,3.202004296456877,-0.2590691480507645,-0.15788663820960888,0.4607319168063576,1.1940302867401615,-0.02481726153915451,3.176970173343622,-0.2786131168230131,-0.29332474533417174,0.40807181725558767,1.2819421205073744,0.0033849990919542494,3.4300373445352816,-0.1852682530222325,-0.1404553571066079,0.48185265566846713,1.183170317253607,-0.024362985174549035
15.600000000000001,3.174680608979231,-0.21777969126004196,-0.05612345077134613,0.519515182957883,1.1503409101622655,-0.006314746963146149,3.3958792829606907,-0.3928553414909156,1.2720388685201005,2.338717886678286,-0.08363856919762311,0.9592055989956821,3.1760973816518,-0.2590691480507645,-0.11181344652897246,0.4607319168063576,1.1915485605862461,-0.02481726153915451,3.2282309810017082,-0.18425726967849565,-0.12464505186618971,0.4367500702878556,1.1952235282099102,-0.017948868442964887,3.2134755799149692,-0.2054313164583119,-0.11317355118269738,0.4581899261358586,1.1291978742131856,-0.1413486347871312,3.20985989641734,-0.19291216477494924,-0.27952069614255115,0.37924540552482944,1.28030995087902,0.001281267926569123,3.2657549565512194,-0.2916421734461354,-0.0896326819352185,0.4866479458585435,1.1130447793710083,-0.14743432947481044
15.700000000000001,3.1531628071978277,-0.21255392975768184,-0.004140892331078233,0.5199973619949552,1.1500018548479833,-0.00046585073189490007,3.071747159927763,-0.10366823564511152,1.214865832143367,2.4685043171587076,0.023073433202018018,1.3082834385769508,3.192932448269138,-0.2054313164583119,-0.06735455856911168,0.4581899261358586,1.1150630107344726,-0.1413486347871312,3.164186563226434,-0.2466817515392306,-0.06901254188382525,0.45509121008757336,1.119619734976718,-0.13283226769721504,3.152646462653254,-0.26324183201036727,-0.043251631476674934,0.5032375006977815,1.172398116928976,-0.03419121521699414,3.161316672126235,-0.2341777157077323,-0.2150567165408925,0.4075768147112774,1.26782097582449,-0.01218775357450305,3.1322342538759416,-0.36780261810847203,-0.021399706069775266,0.5222264572759782,1.1624625412481846,-0.030777611611797345
15.8,3.1321742510961856,-0.20719532896815224,0.047848290653574994,0.5196476561796897,1.1502477539907794,0.005383464733571246,3.2560084744912645,-0.07089217870583037,1.522595790447805,5.239082397018313,-0.022541919554933086,1.3224837727882321,3.1263222794522174,-0.26324183201036727,0.007072118593103034,0.5032375006977815,1.1689789954072767,-0.03419121521699414,3.157084631097713,-0.21909776103799086,0.003512481715943311,0.4965846569571746,1.1851241724641923,-0.004016412609095219,3.191621179568896,-0.16953770579832425,-0.003776197110830313,0.4829623569913741,1.22355031014923,0.06780076942256852,3.1669756383322634,-0.1931594166790582,-0.15440197606363537,0.42881734354329354,1.3158592782290002,0.0403952125845397,3.386699247485871,-0.1552488119145027,0.01451701045392487,0.4925793132688918,1.20922058341238,0.0598329398888844
15.9,3.1117280578386604,-0.20170723784251668,0.09976092658027459,0.5184666249667912,1.151078386298023,0.011227935444149975,2.8833404126101794,0.10197959840706855,2.0602641906065644,3.2945424181398963,0.08161120897070949,1.2029897205051612,3.1746674089890634,-0.16953770579832425,0.04452003858830692,0.4829623569913741,1.2303303870914868,0.06780076942256852,3.1055628793686596,-0.26870292226910264,0.04714348515503468,0.48786549196625323,1.2682228978296566,0.13862062031743344,3.10869770549944,-0.26420443695179113,0.05678577807017482,0.5058866189180489,1.249974016443935,0.10451406380907728,3.0825884051874057,-0.2849549170021085,-0.07043961063737739,0.4726717809479327,1.4623564119821986,0.19247170914630007,3.3607627243978184,-0.16284733608828755,0.06922491231105975,0.5024883505966116,1.2114717739052356,0.05304729716882487
16.0,3.0918370056304862,-0.1960930862590836,0.15151396630564173,0.5164561577542601,1.1524930042567036,0.017062301770692047,3.1364529541555415,0.6531390436178022,1.1845250666173266,3.1382743683904555,0.16476145337910797,1.1034930247175034,3.082277261804261,-0.26420443695179113,0.10737443996197953,0.5058866189180489,1.2604254228248428,0.10451406380907728,3.0951280644532746,-0.24576349489614294,0.13229256116267304,0.5524577643406106,1.2569600198608437,0.0980373401394096,3.0958437830009458,-0.24473643653829277,0.1413756840011647,0.5694338208897942,1.2140278631599268,0.017798557411000754,3.0743686729027853,-0.25635208097812784,0.10696022810349493,0.6115911322746037,1.4244411376227621,0.13144959695482936,3.316462021917816,-0.18329368055843995,0.13331165753995014,0.5276481872679377,1.1821621072901525,-0.009887968889294281
16.1,3.072513525731811,-0.1903563828798439,0.20302461600617663,0.5136194708607601,1.154490334806142,0.022881313177311315,3.18866894479777,0.1831504979687346,1.0948476813986705,2.023931280882673,0.01778959170352684,1.2328797207998892,3.071370139347116,-0.24473643653829277,0.19831906609014494,0.5694338208897942,1.215807718901027,0.017798557411000754,3.0991941270875474,-0.20480892697392006,0.19762651069839102,0.5681394577392669,1.2102850139569281,0.007476804297833858,3.0813574761482045,-0.23040457694403974,0.14731740821230715,0.4741134070154764,1.2166058485695253,0.01929023539740749,3.0831834007570995,-0.2077538583972429,0.17101156551287763,0.6146786423988805,1.3716379897651219,0.06104860555868934,3.125012581656542,-0.309638503658378,0.13465548376131686,0.43415547362170537,1.196972491356371,0.01883781466552034
16.2,3.053769694688566,-0.1845007129576723,0.25421046963070754,0.509961102380193,1.1570685804836596,0.028679732946513135,2.8978732153434823,0.4048159452658512,0.8590305642686409,2.846244627124281,0.18267980167196754,1.158089255690438,3.058317018453801,-0.23040457694403974,0.19472874891385378,0.4741134070154764,1.218534872109266,0.01929023539740749,3.020258775715364,-0.2850182744886964,0.2043207565053067,0.4920405523583378,1.20212088729798,-0.011386960024084996,3.0173721981330726,-0.28916052236130363,0.1982667325557624,0.48072578157465407,1.1898031058348948,-0.03440848669459145,3.0219021095707945,-0.26489518390243194,0.26563960828102845,0.650077830182734,1.2779346816395616,-0.04549871301213729,3.0603806900270563,-0.33420978914478866,0.17947926656885568,0.43671590170419483,1.1863996842546638,-0.0038105281858601195
16.3,3.035617226785014,-0.17852973609565945,0.30498964073250506,0.5054869049217172,1.160225421042173,0.034452342891887165,3.1687342740477,0.6848400922885736,1.2885114135752034,3.631816416471735,0.32663331389567285,1.081498828645257,2.988456145896942,-0.28916052236130363,0.2463393107132285,0.48072578157465407,1.1863622571654355,-0.03440848669459145,3.0312192107743994,-0.2277953903095991,0.2663600587586331,0.5181438983412204,1.191026108655468,-0.025691902317215153,3.04118202382144,-0.21349872237922413,0.28322140951356795,0.5496572059338906,1.1603860199247829,-0.08295721604388664,3.038081690355367,-0.20470225983124749,0.3987994782974898,0.7228316159759566,1.2762953999041573,-0.04239159745442117,3.109138900929243,-0.2742345646217199,0.25477049642595273,0.494206155679971,1.1540820250277715,-0.06187708529187181
16.400000000000002,3.018067466722707,-0.17244718395998054,0.3552808934701183,0.5002040362468219,1.16395801553826,0.04019394805412205,2.9608177200115686,0.514168846228162,1.0559224460970156,3.9377871834594194,0.5447831538279142,1.2233048141770024,3.0198321515835174,-0.21349872237922413,0.3381871301069578,0.5496572059338906,1.152090298320394,-0.08295721604388664,3.0058335706580093,-0.2335867298569837,0.3462219746205819,0.5646740649208855,1.147699536843265,-0.09116340420792302,3.0212929825979535,-0.21140242529754913,0.40176916020589903,0.6684899199314881,1.1688499973111761,-0.051633892240631835,3.003629728962413,-0.22442617137808282,0.47937308426119596,0.7316818396464159,1.2304687961063676,-0.08678706837158644,3.19802610335393,-0.1893498401946997,0.3777053469987731,0.6278684011432847,1.1709364130114344,-0.01998236435941706
16.5,3.0011313825304153,-0.16625685794772502,0.4050037725673923,0.49412094781843524,1.1682630048888165,0.04589938137611798,3.188240807623445,-0.235988356907901,1.0508004260472903,3.731379016038483,0.5540389721850496,1.303874922857358,3.000152740068199,-0.21140242529754913,0.4686181521990464,0.6684899199314881,1.163686608087113,-0.051633892240631835,3.04476836991773,-0.1473788567078781,0.4364477434273614,0.6083644885980979,1.1585325333319725,-0.061266687707319405,3.056157989180887,-0.1310347173879969,0.46934370946203297,0.6698459624892233,1.1991918440623444,0.014724220979350368,3.03216050727291,-0.1525184493683059,0.4008161212573501,0.5697120551806215,1.1888890656988678,-0.12190960278902924,3.2541280189689425,-0.13458713307609213,0.4751870381073069,0.6909499484054786,1.210168849050507,0.054982494686063525
16.6,2.9848195587094644,-0.15996262681114629,0.4540787320247564,0.48724737128038603,1.1731365148940052,0.05156350835299088,2.586657159684665,-0.0691925585547653,1.6504882953288735,3.445393941543932,0.5258803776737423,1.2354957836955855,3.0430545174420875,-0.1310347173879969,0.5363283057109562,0.6698459624892233,1.2006642661602793,0.014724220979350368,2.934794297414954,-0.2863884722451169,0.5086818768582025,0.6181757001870936,1.2212020027645316,0.053108572285109165,2.9432642149371913,-0.2742341140692343,0.5134931311043938,0.6271677754466862,1.225200666074564,0.060581941926725454,2.9109874427110736,-0.30194058514609295,0.3563883456812068,0.4614665109117404,1.2678625764871918,-0.024589613158279955,3.2684843312062926,-0.11428743912749995,0.5386593049474322,0.6807268065865267,1.2217258634341466,0.06599843089521476
16.7,2.96914218961877,-0.15356842423981912,0.5024272623758431,0.4795943028888505,1.178574159723773,0.05718123165277831,3.1481791860131074,0.2506091807261665,0.6526979501094592,2.1461389337084875,0.5865140411989934,1.0158764831885867,2.9158408035302683,-0.2742341140692343,0.5762099086490611,0.6271677754466862,1.2312588602672365,0.060581941926725454,2.9709528763343998,-0.19514811696027856,0.5613438686987435,0.5993836378382464,1.204843349285534,0.011212224465606796,2.957270716259357,-0.2147820595264524,0.568385185882028,0.6125436270632766,1.1519801580894213,-0.0875873336899385,2.946619604591504,-0.2090801132177278,0.3733021486545817,0.43025983091462355,1.1475096843451449,-0.15044386307846053,3.1061202835678303,-0.22444158824916755,0.6005542803705838,0.6694946152492546,1.163410666060171,-0.05202891540205211
16.8,2.9541090731036945,-0.14707824640220982,0.5499720162858969,0.4711739859206873,1.1845710458648042,0.06274749570369575,2.3612033055353643,0.3597485885094748,2.031716300151395,2.358159481759903,0.7063998244228673,1.285397465388108,2.9357925103067113,-0.2147820595264524,0.6296395485883566,0.6125436270632766,1.1432214247204273,-0.0875873336899385,2.799496467666552,-0.410367307653677,0.6173170644822634,0.5895133113083272,1.18378767405921,-0.011770353670122108,2.7921754914122134,-0.4208729315111407,0.6422378300550045,0.6360893989748961,1.212212857464966,0.041355375167556434,2.7867384439448073,-0.4051283164145219,0.4054413632095773,0.41863797660363805,1.3054949295291771,0.03426890655066642,2.985103405978393,-0.29638098012239117,0.6793886560010916,0.6911035499866752,1.1970712911741204,0.018632023969138073
16.900000000000002,2.939729604372709,-0.14049614944820274,0.5966369322909995,0.4619998910868071,1.1911217765243487,0.06825729124380878,3.0267064586654384,0.40078663217367816,1.3538998498494559,4.055278321637106,0.5640360062485243,1.0528519155711367,2.750088198261099,-0.4208729315111407,0.705846769952495,0.6360893989748961,1.2163483949817218,0.041355375167556434,2.815703726541203,-0.32671444289276547,0.6919185572473217,0.6100580295090898,1.2226286187279423,0.0530929058993406,2.8362660099345507,-0.2972075018132795,0.6561436095873027,0.5431958340594222,1.1751338462051262,-0.03567325508674504,2.81527562873571,-0.30772006368346966,0.4383542852424074,0.4090827286757979,1.3175762802625826,0.04350772464749435,3.104892009527126,-0.1873278244951909,0.6921353151035489,0.588624102902655,1.1542981502932876,-0.06252496380858309
17.0,2.9260127701257,-0.13382624697413784,0.6423473564801916,0.45208669498190895,1.198220456486974,0.07370565982903114,2.6138210995268114,0.5382841795360191,1.2330375720424824,2.745684872322943,0.6545911121490605,1.2076991024477752,2.806545259753223,-0.2972075018132795,0.7104631929932437,0.5431958340594222,1.1715665206964518,-0.03567325508674504,2.7608299206172213,-0.36280915667380487,0.7026019694972461,0.5285034670192791,1.1743731210100559,-0.030427811808933822,2.760578691868048,-0.3631696707158264,0.6891710057314379,0.5034014393958962,1.1836960132447,-0.013003634178463105,2.7424842432913272,-0.3669964333082355,0.49061921979998224,0.4212062038078513,1.304823358597167,0.02524917155209279,3.0399004911251337,-0.22108792947167466,0.7215401491245832,0.535064873322237,1.1662730965204517,-0.029384159066724452
17.1,2.9129671429375685,-0.12707270745194627,0.687030161925811,0.4414502566050574,1.2058606974198605,0.07908769829539034,2.895747012573359,0.9638123045173392,1.3264865266024788,3.763227502005095,0.6436777109253975,1.2481048340362113,2.724261724796465,-0.3631696707158264,0.7395111496710282,0.5034014393958962,1.1823956498268537,-0.013003634178463105,2.7649390746333813,-0.30479754628066696,0.749752127785909,0.5225414892100899,1.1889744457168003,-0.0007080819725638638,2.7814988602510664,-0.28103420204682455,0.7200779722297885,0.46708147267973676,1.2055160812309638,0.030207688396017354,2.752550387651811,-0.3010243466677594,0.6156847682098714,0.5097516584264923,1.3110307676086068,0.02918030903436263,3.1190707447108474,-0.1471734315396785,0.7349061314333211,0.4620821369158979,1.1892366719373002,0.01771037061240458
17.2,2.900600875900654,-0.12023975162399263,0.730613865670966,0.43010759198867027,1.2140356236218692,0.08439856317154301,3.0342660795222534,0.4896835668902002,1.528271016565561,2.1591305138246994,0.7846519390362235,1.2144086496441457,2.7533954400463845,-0.28103420204682455,0.7667861194977612,0.46708147267973676,1.2085368500705653,0.030207688396017354,2.8200196584209807,-0.18542823998319607,0.7541343737732416,0.44343577783619936,1.2231350388489446,0.05749122101183042,2.809056711990375,-0.2011601024518404,0.7626716158869421,0.45939160134241536,1.2206938448422222,0.05292871005138975,2.799212719779506,-0.19273296324598455,0.6326069771796596,0.47339941098879024,1.3551876676633023,0.07320366891570076,2.9759301727041336,-0.24089803508284152,0.7821952765978113,0.46404746686662773,1.1981579964180311,0.030710893193296222
17.3,2.888921697529315,-0.11333164986524664,0.7730287430870281,0.4180768469764935,1.2227378782112097,0.08963347503757371,3.2147090870541133,0.4334764112090337,0.9120443987111138,2.326561693815927,0.7447292196260458,1.2006367886293832,2.7889407017451906,-0.2011601024518404,0.8086107760211843,0.45939160134241536,1.2259867158473612,0.05292871005138975,2.889935543828918,-0.05623218770183805,0.791483165497675,0.42738066303743794,1.2116529670918978,0.02613940710335822,2.8805901984126767,-0.06964278764783832,0.778403820791198,0.40293579982117755,1.2085712080494653,0.020379701250477632,2.886972943943717,-0.04174171439259783,0.632522227161607,0.4227725560999176,1.275831948871014,-0.01932487494835143,2.866886537177124,-0.30289822224995977,0.8029728332777325,0.4174525759452783,1.2010481060654787,0.03038183924441972
17.400000000000002,2.877936906929861,-0.10635271951443934,0.8142069394181535,0.40537726819412523,1.231959629746136,0.09478772282614849,3.145093774193908,0.7472365440748824,1.7232971169694309,2.675320559927039,1.0267678884902756,1.2201461094691903,2.8736259196478926,-0.06964278764783832,0.8186974007733163,0.40293579982117755,1.210609178174513,0.020379701250477632,2.9380197404356676,0.02276254689212509,0.8154346932316598,0.39683790720038314,1.2340171091972476,0.06412835111540911,2.933662039803379,0.016509232834573246,0.8745548307340206,0.5073314913213102,1.2301367182808352,0.056876028670665456,2.9473717171874623,0.049350772477877045,0.6887374800539993,0.43765166125039107,1.3603704361738789,0.0729847087321948,2.8146848412195835,-0.3188897348200756,0.9003444179222101,0.5185913523997313,1.208993457053031,0.03930396117734731
17.5,2.867653369238845,-0.09930732217586621,0.8540825783344258,0.3920291722585184,1.2416925792727151,0.09985666806215894,2.779146226860408,1.3633485300291748,1.2877126151546234,2.684731286605842,0.6023884634212089,1.1343876970351778,2.935312963086836,0.016509232834573246,0.9252879798661505,0.5073314913213102,1.2358243211479016,0.056876028670665456,2.8982692665416465,-0.03664858774477334,0.9452886281476365,0.544712042293053,1.2381933989339944,0.06130375679691014,2.894727060629994,-0.0417316643237272,0.8493628325649761,0.3654298989936352,1.209153912911569,0.007029916660472452,2.909677359336343,-0.010786197829207339,0.8538870322449289,0.5672320455270253,1.3522840949211323,0.05656109831640123,2.7694722693478853,-0.32861343502615925,0.8453156090746627,0.3242496358769689,1.1889266943515582,-0.004327236675756872
17.6,2.8580775113325805,-0.0921998609935258,0.8925918673199309,0.3780539132757272,1.2519279677933293,0.10483574903703649,2.9097232759971194,1.4402431749043973,1.1253083006878692,2.6607724429903157,0.8102895461787337,1.417732878998665,2.890553894197621,-0.0417316643237272,0.8859058224643401,0.3654298989936352,1.2098569045776162,0.007029916660472452,2.895100987768879,-0.035206570805493775,0.9112153519604742,0.41273257359127974,1.205996646244698,-0.00018477865074476105,2.891213904277534,-0.04078454779161279,0.8829815124633175,0.3599644601982541,1.2652295328687222,0.11051952985421441,2.9088755829133994,-0.010395657328728743,1.0125197057791824,0.6760225463488414,1.313178272278999,0.00877679426457921,2.7263070885537624,-0.33613328228249284,0.8571305367923631,0.28677684338606535,1.2585391926690246,0.12302771238795582
17.7,2.849215317810552,-0.08503477789929972,0.9296731997271652,0.3634738486788956,1.2626565841491764,0.10972048491398133,2.6609908986255606,0.7726757269172412,1.4209734668742748,2.7255119862633883,1.0842865096453556,1.2700611402352204,2.887135449498373,-0.04078454779161279,0.9189779584831421,0.3599644601982541,1.2762814858541434,0.11051952985421441,2.833492591100318,-0.11776221762562888,0.9122981981731642,0.3474802088263978,1.2828877265221472,0.12286637544373995,2.831701389661997,-0.12033259730044306,0.9604116647328866,0.43740268853060726,1.279299508665312,0.11616011479621358,2.8470665931234436,-0.09612255100255981,1.0209646079502293,0.6128708287886356,1.3346285151012114,0.030738438235247485,2.697152626688995,-0.3328791553935224,0.946454364843698,0.39704255922739073,1.270603378896748,0.12259392145873389
17.8,2.841072327255233,-0.07781655083688784,0.9652672533345431,0.34831230346112946,1.2738687733096974,0.11450647976041427,2.52792051281913,1.1883820692624356,1.0852988121434872,2.8689932045714155,0.954611679609043,1.2743243235042725,2.819668129931953,-0.12033259730044306,1.004151933585948,0.43740268853060726,1.2909155201449336,0.11616011479621358,2.750463826523576,-0.21964098946949728,1.0125633784082324,0.45312340105453397,1.2815276228416874,0.09861444483978928,2.752430012884203,-0.2168195058830455,0.9963514794809919,0.42282389747497134,1.279512510891208,0.09484826716801897,2.761251930643404,-0.20362061892896205,1.1026727970911303,0.6346707890846183,1.2891360603227566,-0.021107106646629636,2.69173460701911,-0.3125394165117726,0.9765192776350116,0.37951648080661593,1.2802538009614592,0.11785033949298446
17.900000000000002,2.833653628770656,-0.07054969096324097,0.9993170852492833,0.33259353286048765,1.2855544450614471,0.11918942650401837,3.0632161609173685,0.16132597853411834,1.010256423774988,4.12274988105805,0.7209637980391371,1.0453689557288057,2.730748062295898,-0.2168195058830455,1.0386338692284895,0.42282389747497134,1.28899733760801,0.09484826716801897,2.809611510773384,-0.10365021028316802,0.9985783870586831,0.34796152442218425,1.2762707887846576,0.07106276780367779,2.831394083126267,-0.07239215072427224,0.920916131228915,0.2028133336351658,1.2116763548477458,-0.04966209552511287,2.8202415822788174,-0.09167985243284035,0.9727983306606092,0.4282746243582578,1.2337707798645972,-0.0779574795980747,2.8591526786732797,-0.16754652193211006,0.9247881922589538,0.21645696543076168,1.2166674829384945,-0.01918848227476727
18.0,2.826963858801884,-0.0632387398292339,1.0317682230038991,0.31634268355677236,1.297703083088608,0.12376511080881361,2.4896702285550636,0.7425879097765158,1.3843861484767381,2.4195857355097985,1.0335115688364074,1.3805156140602894,2.82415486805384,-0.07239215072427224,0.9411974645924311,0.2028133336351658,1.2067101452952347,-0.04966209552511287,2.7448130838556053,-0.1862478595817798,0.9321294947655719,0.18586559756418522,1.2148223463285643,-0.03450065975804811,2.7394181548772196,-0.19398959956503162,0.960490974617365,0.23887226656377836,1.2611747840491387,0.052130515216533335,2.7319490929460777,-0.20330009656580716,0.9630891328946659,0.3721906349902956,1.256455750925644,-0.045418671175001736,2.7849524014228186,-0.20947093453266538,0.9730409577014226,0.2648334543387493,1.2653996561788505,0.07290428403038347
18.1,2.8210071982373854,-0.055888266541343164,1.0625687517005253,0.2995857534422055,1.3103037544369651,0.1282294148677756,2.7851618731474344,0.9738866025687201,1.2545890494539438,3.1758225967579916,1.0164592421548568,1.4325889976259767,2.720019194920716,-0.19398959956503162,0.9843782012737432,0.23887226656377836,1.266387835570792,0.052130515216533335,2.7354714331033256,-0.17181558936984392,0.9838991835317175,0.23797699822696455,1.2658491352217565,0.05112370205866873,2.7427760563631765,-0.16133343211069487,0.9930078100327708,0.25500072027903287,1.31249435619804,0.13830207926688137,2.7297241728670443,-0.1777594054493066,0.9952242780747663,0.3667634452935885,1.2524286265493632,-0.04486917247609486,2.8199570909925664,-0.16863674333260242,1.0046988678357187,0.2742417537940598,1.3215480857898048,0.1617370134993213
18.2,2.815787369796116,-0.048502864906105954,1.091669397063674,0.2823495500303508,1.3233451193528234,0.13257832110858214,2.856465017920105,0.7386817823835863,1.5707424936674912,3.5884339221606645,1.1137563368162617,1.4388640280512444,2.726642713152107,-0.16133343211069487,1.0185078820606737,0.25500072027903287,1.3263245641247279,0.13830207926688137,2.757437350850433,-0.11714303055137354,1.0057317866155608,0.2311226199152575,1.337484019228947,0.1591587322347895,2.771222069467435,-0.09736191615623008,1.035951488984991,0.28760224541904944,1.3658449213306265,0.2121643214385048,2.7475260143693427,-0.1275701402713358,0.9754808379716262,0.3065341389517048,1.3100535119383727,0.021436482761956782,2.9097941374869105,-0.09076545130125246,1.0570665495932494,0.3195935835724695,1.368626360751586,0.2179271473390477
18.3,2.8113076357009392,-0.04108715055913856,1.1190236042685724,0.2646616475698053,1.3368154414880251,0.1368079158091593,2.943840829778036,1.2537868824482077,1.5316021464509673,3.015791583275036,1.0516456410546264,1.4205534621680256,2.761485877851812,-0.09736191615623008,1.0647117135268964,0.28760224541904944,1.3870613534744773,0.2121643214385048,2.8047415779189087,-0.03528985106424569,1.0733443693342966,0.3037363939670612,1.3936606913093361,0.22449826586089827,2.8082425128666473,-0.030265998447786876,1.06727418335168,0.2923914168774333,1.4011839027434867,0.2385588995227473,2.786239228863446,-0.054961540201946296,1.0537864016078087,0.3574038107041832,1.3544140316183413,0.06650388061070965,2.91635218358629,-0.0793551645667266,1.0776041597323143,0.2988267686303192,1.3996268047495988,0.23466847327378912
18.400000000000002,2.8075707956398426,-0.033645758080516196,1.1445876124189454,0.24655034293128808,1.350702598461868,0.1409143926197655,2.8668543958015746,1.856863268374819,1.3202196385934895,2.8905306375738506,1.1447483940294838,1.5274570271246168,2.8052159130218683,-0.030265998447786876,1.0965133250394237,0.2923914168774333,1.4250397926957619,0.2385588995227473,2.819836934801351,-0.009284786394817706,1.1312288267704964,0.3572735428817801,1.420253990746167,0.22961439376474696,2.821009614490241,-0.007601987367916501,1.135010904992262,0.364342122147718,1.450243875882805,0.28566449845182934,2.801942341047362,-0.02505592124896876,1.237174045831912,0.5150203684586722,1.3532052597751714,0.058114062171209076,2.9059865718614177,-0.08112867328181447,1.1188723124779996,0.3195276338715067,1.454982461119312,0.2926481260780332
18.5,2.804579185016225,-0.026183338098310478,1.168320524555115,0.22804461033868298,1.3649940927704298,0.14489405598844993,2.7431625413493097,0.9045858714300327,1.003702158068187,0.96642508861116,0.9981984241359666,1.2225456416055054,2.8202494157534495,-0.007601987367916501,1.171445117207033,0.364342122147718,1.4788103257279872,0.28566449845182934,2.8019639418295803,-0.03384169972674097,1.1592610528956904,0.3415705084168406,1.4571181844167265,0.24512260288125307,2.7715156975458566,-0.07753502565105337,1.1142040293310107,0.2573604197091863,1.3914968750511676,0.12247854329632345,2.7855829153789515,-0.04459940275447305,1.2147712579340826,0.43612541416869555,1.2906487262009665,-0.01487015101707314,2.635456373303406,-0.2726435616141223,1.1041891545034548,0.2347350495775164,1.404282886134401,0.1472583304549172
18.6,2.8023346734893444,-0.018704554382097498,1.1901843730804171,0.20917405501645747,1.3796770630334807,0.14874332448680028,2.5534403159691292,0.8791053134495956,1.3549389294552558,2.5298891878127403,1.1596313927084936,1.1987979853007151,2.763762194980751,-0.07753502565105337,1.1399400713019296,0.2573604197091863,1.4037447293808,0.12247854329632345,2.7138725702681983,-0.14912679338960994,1.128031068655036,0.23510288714325925,1.4015163898554899,0.11831385033058034,2.710820621265143,-0.15350634976902872,1.1368712108810284,0.25162482095387717,1.344806226850235,0.012324428937871376,2.725071050137849,-0.12367136182439291,1.1854048240770585,0.35821882365405683,1.3018182528500515,-0.0013590265896639333,2.5975533600579084,-0.28040776382559524,1.1374308835089888,0.2524954569371203,1.351722106050144,0.02491903385537371
18.7,2.8008386638058447,-0.0112140809282555,1.2101441805012478,0.189968865827625,1.394738295568854,0.15245873403298554,2.8676976895053876,1.2280439009945046,1.1268009484684547,2.061970139572725,1.1068431790784194,1.6896291866179611,2.6954699862882405,-0.15350634976902872,1.1620336929764155,0.25162482095387717,1.346038669744022,0.012324428937871376,2.7363234415682474,-0.09488151347139528,1.1650475387862382,0.25725759921833685,1.3360288741766393,-0.006383548331527194,2.725137149304974,-0.11093387790953471,1.1487649583570152,0.2268259942463379,1.434948019684407,0.17849306710084226,2.7508609677701386,-0.06984354057979378,1.222538438826831,0.3596191255540244,1.2680324966755363,-0.03728095271804019,2.5005550496414117,-0.3307336869202229,1.1456190472202812,0.2214747624236311,1.4567019802413776,0.21126079895663952
18.8,2.800092090923079,-0.003716599038867168,1.2281680153836003,0.17045976697799792,1.4101642362838716,0.1560369410091971,2.980129003727072,1.486962450688932,1.3542873286861656,4.151398551733439,1.1787580852614423,1.3665342414470556,2.71404376151402,-0.11093387790953471,1.1714475577816492,0.2268259942463379,1.4527973263944916,0.17849306710084226,2.7771607940260026,-0.020360738544791132,1.1858531060517705,0.2537494881155657,1.4482996289514303,0.17008701914881375,2.799956893861877,0.012351736127006165,1.1838682848589002,0.2500399228691949,1.425425887103743,0.12733675120657736,2.8020382729637627,0.012204602148567001,1.302459949714584,0.406546921040507,1.2816184913648623,-0.018797797649433724,2.696267975133517,-0.16376307801556894,1.1711250562344995,0.22758118564518537,1.4438216155373238,0.14943089968442486
18.900000000000002,2.800095421424798,0.003783205603939934,1.2442270434365428,0.15067796886401646,1.4259410028731094,0.15947472527067805,2.6695121924918555,1.4361768157269725,1.491731758493246,1.9381924235335775,1.0152513938495107,1.4119153805040865,2.8011920674745774,0.012351736127006165,1.20887227714582,0.2500399228691949,1.438159562224401,0.12733675120657736,2.769956802860377,-0.032470966436830756,1.2192503815591373,0.2694362572055767,1.4406055223886778,0.13190816995805027,2.756159347707719,-0.052270357800536675,1.1621819773788251,0.16277729489019643,1.4325794991645286,0.11690779766969733,2.770332417702982,-0.03424426238566898,1.3610212258750738,0.42566257601326113,1.3205294126350664,0.024747133345055797,2.5791202905900907,-0.23730707327430997,1.139301241731113,0.12834130733990293,1.4444496339774753,0.12340349690571369
19.0,2.8008486532295462,0.011280645866392965,1.2582955736409325,0.13065511814277253,1.4420543973115356,0.16276899304363615,2.5112232013465365,1.2345024840463907,1.533766931537569,2.052459665796527,1.2481135098414913,1.2500296954263184,2.750932311927665,-0.052270357800536675,1.1784597068678444,0.16277729489019643,1.444270278931498,0.11690779766969733,2.6940718577358718,-0.13386528767747927,1.1810184670087625,0.16755953307197533,1.4483564516546028,0.12454471951371318,2.6834286808173715,-0.14913827989459488,1.199788202417076,0.20263954854357707,1.3928748455384181,0.020851430364681636,2.7039623779291824,-0.12304108747488152,1.371052946318923,0.3909312735470634,1.363558109778197,0.06803936372316587,2.487058732703641,-0.28717563627319304,1.1814620255523327,0.18166249477122953,1.3936132289275185,0.008536670104753924
19.1,2.8023513155919653,0.018771036092380643,1.27035109934957,0.11042324710410506,1.4584899186317786,0.16591677970943255,2.6224123582944143,1.336796286842675,0.9493020487915524,2.230870471859272,1.2881863507859097,1.502435070365851,2.668514852827912,-0.14913827989459488,1.220052157271434,0.20263954854357707,1.3949599885748862,0.020851430364681636,2.657579061642528,-0.16483117450128415,1.2253823753739628,0.21260155010812223,1.3746124642334658,-0.01717742050498309,2.6505007438194523,-0.17498858274977358,1.2429516912474368,0.2454380211216634,1.4103706424089724,0.049653433332064574,2.6746110042912155,-0.14708951458064018,1.396032454055158,0.37586468786030913,1.2893436697375749,-0.01844945653876423,2.427435737368459,-0.309730740673648,1.2266876870661503,0.23086142574703722,1.427457171457617,0.06851898923134131
19.200000000000003,2.8046024693969915,0.02624969503183418,1.2803743342930296,0.0900147224257736,1.475232775974014,0.1689152524725371,3.0718396893994258,1.7171568290638306,1.3868517089679764,3.1177064384535025,1.1219156561941852,1.5777950635902815,2.633001885544475,-0.17498858274977358,1.2674954933596034,0.2454380211216634,1.4153359857421788,0.049653433332064574,2.7370968729366068,-0.025611949771204734,1.288025801824624,0.28380848948056653,1.4140354714614445,0.04722281510028117,2.743410491963118,-0.01655188669115515,1.2415567431507555,0.1969593537965308,1.4598469663954978,0.13284298587541019,2.7613146838307316,-0.004027605246982341,1.4881759478679548,0.4341054591578681,1.3066157562824166,0.001958377275990141,2.4944548465158767,-0.23821502965787672,1.2107060544210386,0.1598291071655541,1.4781520127503303,0.14823342990330293
19.3,2.807600707746775,0.03371194876635702,1.2883492434335768,0.06946219339367847,1.4922679018967422,0.17176171290985376,2.8802915753145895,0.4448765554036206,1.0875462208038758,2.207441935295387,1.3642921931864536,1.490991260702559,2.7417553032940027,-0.01655188669115515,1.2612526785304081,0.1969593537965308,1.4731312649830386,0.13284298587541019,2.7746169468503594,0.030604674749203933,1.2239791744497839,0.12729640589743785,1.4555265049827175,0.0999402709595909,2.7652085470917984,0.017103591624461078,1.2632315264095975,0.20065775511694373,1.4654477160450823,0.11848268671525605,2.7903013345253584,0.037431779465450614,1.322486898971595,0.21088724530013028,1.2646215862862613,-0.04308034302952406,2.4348746977402254,-0.26431206001434443,1.2687343959303008,0.23627534497047611,1.4923691044790182,0.14713115488213563
19.400000000000002,2.811344156839944,0.04115313363027245,1.2942630686178116,0.04879853966996349,1.5095799659364706,0.17445359939911945,2.752588372809518,0.919016511118411,1.7596187348572012,1.7790535325314834,1.256319344068069,1.5534236149841227,2.7669189062542445,0.017103591624461078,1.283297301921292,0.20065775511694373,1.477295984716608,0.11848268671525605,2.7635196168467524,0.012225600676654,1.2666652359435668,0.16957297319908687,1.4901860704029875,0.14257383107460478,2.7471891187089907,-0.011208715305269977,1.2637709885466282,0.1641637204177034,1.5078766765870908,0.17563698967222063,2.783838656485522,0.023034467913294235,1.261883963898806,0.12367968107699463,1.3563874975130275,0.05948061381343819,2.3229310778768895,-0.3267199060014158,1.2813489179286799,0.21625168588198734,1.5212420906668376,0.17287637433596387
19.5,2.8158304771426708,0.04856859912526103,1.2981063489869866,0.02805681869257741,1.5271533884040913,0.17698848942419057,3.2152897832922696,0.8862911971867309,1.234041196974274,3.27555451249862,1.2811878012936564,1.7109668552762176,2.7460682471784637,-0.011208715305269977,1.2801873605883982,0.1641637204177034,1.5254403755543124,0.17563698967222063,2.857370440054325,0.14851028011855827,1.2622031375838578,0.13055180168151406,1.5121358849350948,0.1507713361821234,2.8643073516707807,0.15846477001760187,1.2675140681623969,0.14047775550083294,1.5677585441766304,0.2547282489631342,2.8917915789587583,0.17207325689327968,1.1996023593940006,0.04398969277846711,1.33764976358991,0.033128008298014024,2.424126793529806,-0.22902186641650513,1.296317166032005,0.2041481940913086,1.591218850293034,0.26867477832251024
19.6,2.821056864850801,0.05595371082677273,1.2998729361123678,0.007270212790418187,1.5449723544055551,0.17936410175514464,2.868146538512787,1.863763588087235,1.117141345016589,3.57668994309072,1.2690744421443974,1.6349869718619885,2.880153828672541,0.15846477001760187,1.2815618437124803,0.14047775550083294,1.5932313690729443,0.2547282489631342,2.8773056266561845,0.15437759120232003,1.3081435852406176,0.1901581523622694,1.5714943988802808,0.21410256969401487,2.888907137829683,0.17102579607727855,1.2972140523334876,0.1697312163858744,1.5892563488686093,0.24729906750508168,2.898941688301479,0.15788562997763775,1.330949667178574,0.17950971326983634,1.2978959422838026,-0.012846516323615102,2.5609298529588362,-0.11246732246224342,1.3021699583226882,0.17767178114867593,1.6232504137115003,0.27806402484290077
19.700000000000003,2.827020053642144,0.06330385328038961,1.2995600038314064,-0.013528023901310153,1.5630208280742046,0.18157829850123278,2.8768272781035327,1.9370146016159944,0.9849051262114611,4.277365167533285,1.5348181559253695,1.4156608423755048,2.906009717437411,0.17102579607727855,1.3141871739720754,0.1697312163858744,1.6139862556191178,0.24729906750508168,2.89908746591795,0.16109234346334442,1.3426237732406763,0.22287828109411845,1.5852641294082088,0.1936183623732604,2.921950581060411,0.19390098531001485,1.3963898572559945,0.3233653161041804,1.5378178697803473,0.10494287038535514,2.9053991295633215,0.1447222983626873,1.4620627501662529,0.30031264674258423,1.2366342623912563,-0.07687325503040796,2.784415594671143,0.058842870074446385,1.3855952257254993,0.2970501253085728,1.579130268639592,0.14728848383163023
19.8,2.833716316717815,0.07061443288633536,1.2971680527689966,-0.03430461864062,1.5812825670019723,0.18362908703483713,2.5775024753486484,1.1489057405077032,1.3990766225025786,2.138816483349952,1.4753583071770586,1.4542888409014558,2.9413406795914123,0.19390098531001485,1.428726388866412,0.3233653161041804,1.5483121568188827,0.10494287038535514,2.8550360518890447,0.07005357421341632,1.4159505423136074,0.29948768091190797,1.5414984699168113,0.09220831463677233,2.843155274565577,0.053004621538468424,1.4325697734908824,0.33054847501168555,1.5171017098498079,0.04661157595134757,2.835585471873687,0.025820935872394507,1.4260593476557808,0.2298192511197565,1.2616824876281938,-0.04192736633850485,2.701785730527934,-0.00575567489942462,1.433651314871015,0.3304157191534075,1.551212643763469,0.06974944154201991
19.900000000000002,2.8411414691313652,0.07788088077032641,1.2927009095365825,-0.05502633330803365,1.599741136856455,0.18551462178470174,3.003661726682094,1.3772818114738758,0.97850441598171,1.849235619162606,1.2343576138526968,1.6501683419934052,2.8484557367194236,0.053004621538468424,1.4656246209920514,0.33054847501168555,1.5217628674449426,0.04661157595134757,2.885271538426625,0.10583541231143535,1.4615911295929427,0.32301001282203573,1.496959170308514,0.0002542853252132868,2.868085590713695,0.08117352350950385,1.3980229018033214,0.20420309488463625,1.5398192012920482,0.08035826747030825,2.878909650704881,0.08329543828791564,1.4352336560794847,0.21507932999481444,1.2038087102222037,-0.09923300602636026,2.585456171844131,-0.0902341374823613,1.3957015533899602,0.2013405675235965,1.5862928183297011,0.12084986047298335
20.0,2.849290870404234,0.08509865563896787,1.2861657206103965,-0.07566001758047904,1.6183799261706981,0.18723320589682138,2.952372950984396,1.084027110035919,2.0644364521001317,2.772493340445912,1.2080980861617254,1.5374744307637571,2.876202943064645,0.08117352350950385,1.4184432112917846,0.20420309488463625,1.5478550280390788,0.08035826747030825,2.8942709307001993,0.10710114236333443,1.403174685471792,0.1756667244807862,1.571440724965107,0.12443915593648813,2.8922508624189724,0.10420233805204002,1.3486023057725653,0.07367274947125792,1.561938706216126,0.10668019676767307,2.9032741110406537,0.1059157544056316,1.385025629008984,0.13852103476571104,1.3613927304022584,0.07958458081209799,2.6030706372273187,-0.07079353718613608,1.3523602555926937,0.08593083197882259,1.5797684402173975,0.08701465291007124
