frame,time_s,x_m,y_m,z_m,vx_m_s,linear_intensity
0,0.0,4.000609434159509,-0.0020799682124809913,1.5015009023916128,0.0018811294327824278,12.0
0,0.0,3.9960979296226924,-0.002604359013724636,1.5002556808063345,-0.0006324851846871644,9.0
0,0.0,3.9999663976849913,-0.0017060878551471601,1.5017587959497256,0.0015555838708578966,7.0
0,0.0,5.3702465610486385,3.227616132708299,1.6604851929639866,-1.0910451128608925,9.32259801395201
0,0.0,4.209602231205852,-4.3618274389582465,3.965787031955492,0.5266575964882594,9.047643574968019
0,0.0,6.855140621109859,-1.4547403187013161,4.824188146369419,1.5724844852887907,4.874783790301745
0,0.0,7.1189854619589035,-3.0536129214803243,1.800326022362205,-1.824784936851085,3.883281039302441
0,0.0,-0.9942366031218781,1.8304895324245463,3.468572935446903,1.87003892973684,7.824955039749755
0,0.0,1.235729655795975,-1.2954029396513111,1.8173348676548473,-1.2421145636628572,2.397524836093098
0,0.0,-1.3110204306388686,-0.24295073774066278,0.3614560943053047,0.6792559787300414,2.9990820247510834
0,0.0,2.6829749453403,3.3267819605783746,3.2015906120134945,-0.7505334344718357,1.0736226975100551
1,0.1,4.00057823879738,0.0012625764516770808,1.4970856883602888,-0.0006393424327146026,12.0
1,0.1,3.9990592546914145,-0.0012777556964866839,1.4994497154975466,0.002989882622468792,9.0
1,0.1,3.9982683377686135,0.0019365567091829616,1.4966342604567684,-0.0006697700599715497,7.0
1,0.1,5.2513381600076805,0.535794006579958,2.355242964472481,-0.7841996077495512,4.6181261055339045
1,0.1,-2.5993681506167876,-0.6328261076763759,0.2875080369171752,-0.3658854251014554,1.87649919316101
1,0.1,8.09423995248616,-2.6606051413465925,-0.6501835498656039,-0.8744644319120138,2.180059021205153
1,0.1,0.816718850966887,1.6191651472689506,2.3421929140476703,1.135592836425654,10.618976645495145
1,0.1,5.636076024256038,-0.9361313855992943,3.8841223079962077,-1.3321083203691844,10.085806907076071
1,0.1,-2.7047430492598137,-4.099521392243583,3.3341561035787013,-0.15249107899445047,7.997071338107496
1,0.1,-0.9034668725631767,0.010447751033635377,-0.08612738372098949,0.7852815003109441,3.6586996145951955
1,0.1,2.800031582462399,-1.1897877390351752,0.8090725348872592,0.5211303724755538,10.69176377347724
2,0.2,3.9429977646301717,0.14750311369341731,1.3132764639980246,-0.016435004629410402,12.0
2,0.2,3.847996471214307,-0.0678066151801125,1.668061627491479,-0.1381856338553879,9.0
2,0.2,4.069507782967337,0.04754712046645558,1.3811700088606411,-0.11568462835107637,7.0
2,0.2,6.860753887857731,2.1946295595093677,1.5925582386506223,0.5092353628097728,5.389114603050467
2,0.2,4.593273595865562,1.4984660155481997,-0.49333407316066546,-0.3367703913175615,1.2161207988033043
2,0.2,-2.459015739795398,-0.06009180755481047,0.9791672739967119,-1.4219032445358124,9.262919241943578
2,0.2,-1.6557614196068287,0.8764457217771202,0.023557811221316616,1.7004804735071888,9.961607718397667
2,0.2,4.5537948161051345,-1.5313019546516293,2.5454929488885005,-1.90878451588121,2.4024908899861077
2,0.2,9.46126977213879,-0.17696563057099723,3.696411363501717,-1.6690800003102457,6.540361435390494
2,0.2,3.3265583008960844,-0.09293005645479102,4.626958729849897,0.2869122095043015,2.0857574113544355
2,0.2,3.1553622137404,-2.330243369081064,0.9894139840553131,0.08268960988615115,7.722400930398117
3,0.30000000000000004,3.9913947918690686,0.35358598271597663,1.5260549042945772,0.0786191608818446,12.0
3,0.30000000000000004,3.920112704233736,-0.23698875328340493,1.3069766475535256,-0.05801808516286026,9.0
3,0.30000000000000004,4.340555157189626,-0.16427733584487725,1.6676978407472691,-0.07223417424696212,7.0
3,0.30000000000000004,9.387692135906684,-2.090821618598814,2.0903427753902872,-0.976139637729589,10.718264260609674
3,0.30000000000000004,9.168566410636522,-3.3539218241798183,-0.7305362836460261,-0.25961175998784825,6.007411862023423
3,0.30000000000000004,9.900882332725882,3.916772662549139,3.491648116741695,1.5631699635140994,2.4389750255125078
3,0.30000000000000004,8.614806316072222,0.18858360386449036,0.895574310984758,1.088049728443952,1.1393628770820154
3,0.30000000000000004,5.6015964211808935,-1.2634227112628995,-0.4331999916309084,0.987158445396104,3.2965602999885526
3,0.30000000000000004,0.41198670699724094,4.368131505337793,0.4458234500341085,-1.508968270354056,2.31822217786521
3,0.30000000000000004,7.80446473762378,-3.46715683375506,0.07560984894643452,0.397531166083374,7.776586736128575
3,0.30000000000000004,8.369306530887037,-3.0356533428542676,0.8619420374005686,1.1096193529647103,2.2183250462853112
4,0.4,3.9922050556911812,-0.16864605405857425,1.2562373879152744,-0.07025218935430007,12.0
4,0.4,3.94654024948787,0.18318050847120262,1.2347214564520872,0.0024505194075533955,9.0
4,0.4,3.9225328906666275,-0.06553461887239218,1.7005515650609209,0.043049234960314084,7.0
4,0.4,9.423102341610608,-2.1355377311794497,4.548850575872162,-1.9005620344549747,8.460142802434465
4,0.4,4.217574550248721,1.3397511168108514,-0.36461557749548024,-1.4386416117443495,9.165687634239104
4,0.4,2.4484861511119496,4.662319121431818,2.576255319406237,1.732092886400845,2.0527807985412494
4,0.4,7.45669190296862,-0.3261839844470851,3.708580695513125,-1.928652864092049,1.6655885695517816
4,0.4,-1.5811280420454459,3.2942861488273643,3.7809025299509704,-1.0694370321342652,6.944336637564518
4,0.4,3.9000046777876953,1.060158207000109,4.206433722656067,0.41242862935490265,2.4617324419269826
4,0.4,2.363430400557844,-1.2581595659281728,1.5552925182410595,0.6077241023198967,9.246641904563413
4,0.4,8.277378212780224,-0.4610311792370023,0.4870373777081487,-1.0533505480096754,4.103346739240744
5,0.5,3.9607555446492624,0.1554675152123488,1.5869532148933236,-0.03009248569840794,12.0
5,0.5,3.9785883256774333,-0.2749791616739964,1.4523652512050669,-0.02131099920071641,9.0
5,0.5,4.037147182340201,-0.11106544376380321,1.5943077045090277,0.08101726542558628,7.0
5,0.5,2.1171959388163675,-1.8200890304795059,2.0271574221333806,1.5000197689384343,7.395632712371101
5,0.5,8.064711148688678,-4.56524937987208,0.08899045757914448,-1.053020515582416,3.6646331750084604
5,0.5,0.24203848581875365,0.7123265174277273,1.4975745542191534,-1.802983520289624,2.3976841095395685
5,0.5,1.8569837999744303,0.23752948717637246,-0.38996858257770417,1.3338342151542388,5.778772740237458
5,0.5,-2.3244957359536444,4.248418690180621,-0.405321150520747,1.374299806391011,5.16889368594885
5,0.5,8.734490871059021,4.795706805865926,3.8121552816415614,1.1179101630853157,3.325699405288737
5,0.5,5.3522825879421205,2.7899635457812897,-0.19268674952111753,0.1442721437905492,4.675118101151281
5,0.5,3.684897312475388,3.575721441225575,1.7767961935610952,-0.4596420155985861,4.663924498262475
6,0.6000000000000001,3.947435964300337,-0.012264869165769432,1.2894202978592102,0.2932435062115299,12.0
6,0.6000000000000001,4.208007135151833,0.11653104839754144,1.8464623210819888,0.4141929511182155,9.0
6,0.6000000000000001,4.070253868628733,0.3487869052335585,1.5877986317476598,0.3862390541437647,7.0
6,0.6000000000000001,3.925389588854623,1.3291762926762072,0.7289336850947703,0.9395726492411631,6.995934415226123
6,0.6000000000000001,-0.3687402893656615,1.947981288184982,4.164314409955365,-1.4715886507938243,10.31236235690102
6,0.6000000000000001,4.986936627044957,-4.049042517700654,3.354293769628561,-1.662027124705919,2.197335885011228
6,0.6000000000000001,9.167217695108139,-3.6259206996219784,4.753281475454482,1.2035367043403866,2.171035659001105
6,0.6000000000000001,4.7178660580626035,2.8262410462954692,3.770689033898515,1.7841082512693212,1.877090119107684
6,0.6000000000000001,0.29398359990943357,0.9007589535830913,-0.42970481461359267,0.4646628000964852,7.5786328504052785
6,0.6000000000000001,-0.7732130467937455,0.649506114724419,2.434583084203098,-0.13605938807509066,5.186083007903795
6,0.6000000000000001,3.7942130816705966,2.6392339000658795,3.7954682990724002,-0.031387137698283496,8.743214161418432
7,0.7000000000000001,4.162193657743901,0.23868389583314686,1.5540744790780576,0.3384961055474086,12.0
7,0.7000000000000001,4.075246385634384,-0.14767946831253717,1.4779931390025534,0.30754223153532423,9.0
7,0.7000000000000001,4.093334485645866,0.22495443401739812,1.295791658654942,0.3097433117059467,7.0
7,0.7000000000000001,6.485914212805913,0.5299306525289991,4.616839921030773,1.1212059756375687,7.50125015558797
7,0.7000000000000001,3.2318043336190243,-1.2364052651917379,4.919789269545932,0.8710409440145739,1.9044072698413275
7,0.7000000000000001,9.365530580049935,-3.8152142278295864,4.103202075144695,0.5482955359648303,9.970333988966253
7,0.7000000000000001,-1.4150181816435365,0.882579999692207,3.1165781906326924,-1.9507892564455886,1.2899950320446942
7,0.7000000000000001,2.906133503942705,3.253995111963212,0.7721541520645392,-0.16580767280579556,3.4082805804114704
7,0.7000000000000001,2.750083651882612,-1.9807260855750841,4.510651373093325,1.1251761417260635,2.43021875166635
7,0.7000000000000001,-1.5623506570505636,4.970346578375731,4.275200145846472,-0.8643662485438441,8.767679406922186
7,0.7000000000000001,7.879655535592196,-3.9358046812861716,4.994628382845432,0.6627389444261476,2.9820422721289788
8,0.8,4.000933167619407,0.15415015946983662,1.4618232432367853,0.30957317263058776,12.0
8,0.8,4.19665480189919,-0.3486953658874171,1.2556965360049088,0.2004017142214125,9.0
8,0.8,3.6905531759996095,-0.08573617970762125,1.6648777815654092,0.2961858207062322,7.0
8,0.8,7.037409188356948,1.9812078397863715,4.0278813119322985,-1.8393948018117343,4.013426325147179
8,0.8,-0.37683256065228,-3.750763206943569,2.027185941157919,0.980752513315378,6.7801721580754215
8,0.8,5.190153979493182,3.5113109976193506,-0.06872204535345472,0.9384843677406463,7.997759445890662
8,0.8,-0.4904606187042466,-2.2924124868219975,3.259428183687824,1.9208191395947272,7.492331552453089
8,0.8,4.950066877701905,-4.454996850087044,2.697853819565197,-1.8305977936793316,10.405944096955185
8,0.8,8.493894247768623,2.0957828510062075,0.03876707853501937,-1.6331159767032077,2.48438989920058
8,0.8,-0.6140680245558534,4.800271795541924,1.751363854750939,1.1363237933656318,6.083527384469421
8,0.8,5.273308447401099,0.7241314995863739,-0.12921847200970182,1.7840978142323802,5.04034390740766
9,0.9,4.407931775451343,0.4901151720475503,1.5363458643260586,0.3305140109386032,12.0
9,0.9,4.267968191025757,-0.09441314031666982,1.5890837118231538,0.3156297356369287,9.0
9,0.9,4.145995079664344,-0.09195469495308155,1.204556138637709,0.15186008859393388,7.0
9,0.9,4.445769765831135,-0.27528093376320034,1.7724696372995028,0.3676987634732372,15.0
9,0.9,-0.06729271334525722,0.7245793312211566,2.394631402591526,0.8080087244414855,4.138933698019892
9,0.9,5.4233302686157305,1.5243305652103158,0.8972849109442587,1.1497288879438154,8.426925667250856
9,0.9,4.138876986795832,-0.6858180482010994,2.756074885646343,-0.5573706621989829,1.1468284356007077
9,0.9,3.6656101798878566,2.367056884822203,4.318417320342246,1.6842287891807666,9.271734245206865
9,0.9,3.5472280273802896,0.20275114740569045,3.7992224645830186,-0.742197233023195,9.565480235745582
9,0.9,7.885970710485891,-0.058583534825765504,-0.30485965398838966,-1.7117634117082252,4.722615731915482
9,0.9,7.945911743513021,-4.444320830931221,0.6836686168019355,-0.6634798379938167,2.5361289906063478
10,1.0,4.01233772796583,-0.2011660258106488,0.9370222842538996,0.2724330900455899,12.0
10,1.0,4.514720967250981,0.1863115196902601,1.418013594612332,0.35311914744022516,9.0
10,1.0,3.877701228812286,0.03986999285800352,1.5498235464253776,0.30902467853451676,7.0
10,1.0,-0.2822504381708608,0.2508830296726119,-0.017492174450224773,-1.3363725284938655,1.5810848172144734
10,1.0,7.871955777153094,4.891330026836055,2.3358165681706904,1.3562789235268538,4.666083849326124
10,1.0,9.874181636241543,-3.584041114312253,1.6894736795261065,-0.42970913663232047,6.395274352616787
10,1.0,-1.9593593125995947,2.553301727947445,1.602674163935558,-0.12269226323839488,4.38456483297326
10,1.0,-1.0412513404278776,-3.1907334776913188,4.44262173293729,-1.8214036441028845,9.444788732871865
10,1.0,0.02707970426818118,-2.0794066968547167,1.9411852544095183,0.3457806920591837,5.825725085872939
10,1.0,3.412769686058666,-4.15884665443118,0.4620047243342813,1.3743535390501647,8.686275894593791
10,1.0,5.288653106219968,1.491490501342744,3.0212195321081294,1.0516120761581162,9.52015516881169
11,1.1,4.145000397267648,0.06228533596034615,1.3866540170469241,0.23104029126297038,12.0
11,1.1,3.959819978619877,-0.0540574830189222,1.5232234567879854,0.34036491518901446,9.0
11,1.1,4.167118194004395,-0.029405075858681115,1.7173964459223925,0.3727743186932731,7.0
11,1.1,-2.677299286618557,4.274604585040267,1.689243969541229,-0.7698597103168554,5.896997418169059
11,1.1,4.7802034902505754,-4.926855437069843,0.668132639604883,0.8121338627955703,10.855401694949261
11,1.1,5.239007049900419,4.818059475425354,2.722146257948264,-0.08997650548906888,5.649734561936531
11,1.1,6.898623321392099,4.033278719640531,3.324175680310109,1.8528448941975184,10.779169790738402
11,1.1,7.166067219596304,3.6680143826192655,-0.31537557289817686,0.9296540119751509,5.1157600219405985
11,1.1,2.7211530938557917,0.5310380241127524,2.9246144568941403,1.8792604668222777,8.936821505599726
11,1.1,9.79951505861112,-2.1177175451209473,3.402520984627497,0.9999341517410745,1.8481927231183206
11,1.1,1.504407197069634,-3.76130225135779,-0.7543182382856815,1.1093725101167142,6.554617101377639
12,1.2000000000000002,4.088303655845349,0.25598642549157613,1.6973426898238433,0.34667610106754576,12.0
12,1.2000000000000002,3.9204665303601383,0.25536699131632,1.337895783021576,0.3296502408797105,9.0
12,1.2000000000000002,3.962364591477858,0.23702453283928257,1.3834376124949814,0.20821737993180772,7.0
12,1.2000000000000002,7.411330697386216,-4.510362901767207,0.4072109026477915,0.48759109350098306,8.008810101206585
12,1.2000000000000002,8.155628960122701,-4.9549987506034086,2.087776052698099,0.7091495974575888,6.952128404133718
12,1.2000000000000002,-2.6151052413280285,-0.9864444244661206,4.373809288302181,0.6864512354234349,4.9236909292179405
12,1.2000000000000002,0.08955872368776507,3.5278112963191273,1.088188540457086,1.4133786845762377,10.152987602855548
12,1.2000000000000002,0.8862674645457718,0.9032025088314901,1.3816404064870045,-0.9006997969797319,5.969165961303494
12,1.2000000000000002,8.5252483082343,-3.124063180605087,-0.49113045258542143,-0.6322922458173585,2.343669133130615
12,1.2000000000000002,6.329308919340377,3.0743160597628165,4.992460220400589,-0.8145517719553403,4.653784631991335
12,1.2000000000000002,2.303245364706668,-3.631787219703737,2.4492315777382014,1.9903201490516689,1.671666688477669
13,1.3,4.315045985539738,0.23532895648597146,1.3783055253885683,0.32172942943040195,12.0
13,1.3,4.415087532744347,0.10669056287040556,1.213722445127572,0.30613271414125104,9.0
13,1.3,4.076696823684489,0.10298071599494922,1.5357974210245007,0.17108556297820532,7.0
13,1.3,1.2294554967168017,4.090648144229485,2.1772523317104344,0.9692717976719067,1.4107909330484694
13,1.3,4.67968232412896,1.5343920900949515,0.7962997490889534,-1.0345117534933483,3.460666115049385
13,1.3,1.1924005131926485,-3.4455843591657755,4.2458861917448445,-0.8670122669995437,1.6553043391838242
13,1.3,4.299362127387,2.919744251413741,3.7029446562542816,-0.24645496566322844,5.551178424117623
13,1.3,3.1913450116274333,4.947017489350248,3.047584861874144,1.2585537724715308,6.160878012571124
13,1.3,8.733201599850014,2.875898362293392,0.11107606972140549,0.24868293495028881,4.1256994902858395
13,1.3,-1.6753759549109166,1.5292212656399844,4.732096569126866,0.05092825720044525,1.5096048257488606
13,1.3,2.6286424072809735,-4.641572485818369,4.758647133975322,-1.5879892634793649,2.1160036824922672
14,1.4000000000000001,4.2425405218987295,0.40454389544259517,1.3642338933838027,0.2309093430726652,12.0
14,1.4000000000000001,4.34102108197677,0.15040194800816517,1.6889225947486786,0.30266359044275737,9.0
14,1.4000000000000001,4.363919432187225,-0.012306451653802897,1.5570087264491301,0.28690013263732855,7.0
14,1.4000000000000001,3.3635260845937056,-1.669058389893622,1.5879621208786978,1.1223245501063372,2.6274348610495757
14,1.4000000000000001,7.935648180794434,-2.3965145658474993,0.934942645806379,-1.030068587886669,8.72937388135284
14,1.4000000000000001,3.2382242071638467,1.8325835765881298,0.3695172527805233,-0.6770570317805333,9.554915417905857
14,1.4000000000000001,9.095000028658957,-4.514307101530419,1.7646176314373974,0.8462321663871113,3.542634837541573
14,1.4000000000000001,-1.0440978497528373,-4.526259799945182,-0.1707677701688155,1.6752927741227315,10.187936809026809
14,1.4000000000000001,-2.8796228363253955,-3.116780251886482,-0.8122989225901327,-1.557482129751187,5.544574302986578
14,1.4000000000000001,5.061940726167851,-2.583610912609142,2.415272302584061,0.3607815310645046,7.034244543333215
14,1.4000000000000001,8.042659330167128,-4.952586070881261,4.120216756054201,0.476476345707896,10.846495336176437
15,1.5,4.46358717598894,0.0333126874937896,1.7376867240316636,0.3506570963367713,12.0
15,1.5,4.35262668649272,0.4674158204643706,1.6937570877444632,0.358688122481286,9.0
15,1.5,4.383724391959626,0.2856410486560363,1.209960633229371,0.30617666976978375,7.0
15,1.5,-0.8486591514369248,2.251833208508688,3.2485474141015276,0.9543215458295307,3.536645065618285
15,1.5,1.1229912246897236,3.9001945711769554,2.5629832881706855,-1.495894633013494,7.107701332354183
15,1.5,-1.1316574010780562,1.9309542692970147,0.03766361865246837,0.02917080632817326,6.535408400896115
15,1.5,9.89306818707324,-4.959923952666605,-0.9005211886146585,1.972338327722026,4.96166500059249
15,1.5,4.600304843744151,-3.730900244814869,4.383813198524562,1.5215212005107688,7.776207635997941
15,1.5,3.9706053704478776,1.2179202986075657,0.639123149005258,-1.7979212145119794,8.257696347154338
15,1.5,4.729378915581236,-2.05244806797237,2.9817262799621114,1.344980707370405,6.669377953193868
15,1.5,-2.763912929113267,0.9571377468572742,0.3876832381211135,1.4955539916152056,8.584222371847542
16,1.6,4.112461733229181,0.17589144989992195,1.6173262906274397,0.2785728584497709,12.0
16,1.6,4.219071616554496,0.2902897322960813,1.4730885033832128,0.24449423138289333,9.0
16,1.6,4.361367127335471,0.15931425327626053,1.6227009294610053,0.31659583990909307,7.0
16,1.6,9.500145184033423,-3.215582381781691,0.19725195739694223,1.4359314422308551,7.017747558677085
16,1.6,8.863575673845105,-2.878525924766986,1.8188053290489674,0.9339796182513194,10.353813695664947
16,1.6,8.418754539540421,-1.209473049626948,2.1021169210965756,0.9668656420789397,5.676402566265965
16,1.6,6.50476769648634,2.8296013002608493,2.419602911849158,-1.5815396127808992,2.9674218075063132
16,1.6,8.75165278141452,3.6557253932102824,3.7885846149099986,-1.600550091357082,4.772059828830039
16,1.6,-0.34283422794142027,2.4360036510765193,-0.8611594325083214,1.9168985348291185,4.941069825931186
16,1.6,1.9028808446238497,2.1931253369082357,4.32542653092826,-0.42148044739967094,2.3110869302621984
16,1.6,1.1487223517956586,1.0874112889824676,2.4859362424883042,-0.3634400895008114,2.628715005545549
17,1.7000000000000002,4.408746115642583,-0.12604977207575346,1.7143252908206237,0.2109589786439642,12.0
17,1.7000000000000002,4.109983710363294,0.24966136569359312,1.5978069577616079,0.2340400390646058,9.0
17,1.7000000000000002,4.473716669279676,-0.007091418808851779,1.4996220073442053,0.2427306014357482,7.0
17,1.7000000000000002,0.37271791810894506,-4.548268830105736,1.8889480419576845,1.8373293905424335,8.600149717440349
17,1.7000000000000002,5.482749609784623,-0.04493443371381556,-0.3358475558223033,-0.9902548378016509,8.72352987674568
17,1.7000000000000002,0.8320613444690554,2.648035526072343,4.260264783587716,1.6065674142657538,3.068135275140317
17,1.7000000000000002,9.799391907259803,4.823666831045324,4.717994796607888,-1.7127114379884625,10.41538856738099
17,1.7000000000000002,-1.2086840329385327,-1.955334735239671,2.317389524386769,-1.6120884451780828,2.206553374436864
17,1.7000000000000002,7.995360451427853,1.1675617907730906,2.2541864138132297,-1.3387547065308354,9.961220824236303
17,1.7000000000000002,0.29232116720256585,-3.3968797501774195,4.111598946768792,0.33691144024487274,2.003956456498093
17,1.7000000000000002,6.556682557755234,-2.0396713708997427,1.227515822529663,-0.38058014229386483,3.645398111513111
18,1.8,4.1972241083821835,0.13197006713481768,1.6674752183218708,0.32828494238138095,12.0
18,1.8,4.269876508392506,0.47980226570679785,1.8195701099229993,0.3987425158144342,9.0
18,1.8,4.4541294855733025,0.5550069791146575,1.211908872723961,0.25840585139909394,7.0
18,1.8,4.7194233404331865,-0.06767876330248224,1.8380685583187726,0.33383837528937094,15.0
18,1.8,3.377902901654334,0.2974566618249792,2.219408081462536,-0.26174766120923865,1.5010668969693377
18,1.8,-1.287187172403123,-3.74336147131464,4.7134982950741,-0.07187696165459778,4.424036768106287
18,1.8,9.391671823767457,-3.3642312228989004,2.3264993122396014,-1.169130986593843,8.944570304958845
18,1.8,0.2913998796458199,-4.699454212388212,-0.2862801355587321,1.667393630516783,7.227087449882082
18,1.8,1.1799288892703128,1.0812921191459157,1.7900847919356382,-0.39819501901888676,8.508385847448597
18,1.8,3.914519187498886,-3.127610553846585,4.931623391117459,1.2732314748154518,8.936353838623774
18,1.8,6.640990225509698,-0.3124070298604753,-0.08273726724198416,1.6826634330942714,3.119546110805426
19,1.9000000000000001,4.418468448865937,0.10212440672985956,1.5731016134419322,0.2748532786016407,12.0
19,1.9000000000000001,4.179145445922739,0.2514267885998551,1.446608684981303,0.3516507580718427,9.0
19,1.9000000000000001,4.40304201014463,0.2460340530385058,1.573810717656275,0.29555189896934125,7.0
19,1.9000000000000001,8.984081852014937,-1.8084350539192995,3.3570807703034067,-0.15560227938036952,5.4005010823355235
19,1.9000000000000001,5.579366914680625,0.9969535671599044,1.8367038365539892,1.8002443784977484,2.2580701831228525
19,1.9000000000000001,1.4552773558144265,-3.2276449875072744,3.06856436527897,1.384030245231635,1.917236790590067
19,1.9000000000000001,-2.476701380780991,-0.5036731157731946,4.3549261381239575,0.9984744756914701,7.674899231467579
19,1.9000000000000001,9.893500314469167,0.3141381159724377,2.9599743128069074,-0.7900788754482875,7.5551773834305225
19,1.9000000000000001,9.3179627956579,-1.3366451144346367,3.4310642761197716,-0.38743918352367235,7.629097142100953
19,1.9000000000000001,4.303646090818991,2.197825350215462,2.0536049105081258,1.628345307638034,1.1976644534269167
19,1.9000000000000001,2.4509128430615332,1.4707179814332516,1.0541745998003247,-0.36737332707594783,4.265468426717799
20,2.0,4.655717724926506,0.22195989486746226,1.2709210446278556,0.18751813875738893,12.0
20,2.0,4.261581732628175,0.3325435073503522,1.547170012155645,0.2441750781130457,9.0
20,2.0,4.524101272813903,0.3900839158573863,1.6651496873937497,0.30390791211058854,7.0
20,2.0,4.047027454359349,2.013911012434323,4.717534810913394,0.4402419315486954,3.4022627614900314
20,2.0,0.31639010335594886,1.2547815691393627,0.922946970068097,1.904513562766831,7.448191943592905
20,2.0,2.1957897571272795,1.8542772076101421,-0.8606345059194491,-0.39975421546097856,3.8932013610233454
20,2.0,8.376398973192652,1.1022744443324584,1.6636573183758578,1.7437499977429036,3.5780840970235444
20,2.0,8.10179688991398,-1.7778432617706175,2.2672904122480375,-0.04070297563014913,6.8596137409605475
20,2.0,5.218632501493211,-1.658887330412444,0.4652300045953295,1.6506873410221443,5.099823882250432
20,2.0,9.010368493480582,3.43322885761979,4.869226584587368,0.9799661031187541,3.188566087946322
20,2.0,6.940673971305996,2.6259009196264067,1.8836457856538393,-0.17419122194291337,9.160560167528311
21,2.1,4.632871510264708,0.2119459559690625,1.5966910142475501,0.1783503925878795,12.0
21,2.1,4.524517773971631,0.6298445713969738,1.5932701475636366,0.24835654087478426,9.0
21,2.1,4.27337526462516,0.2949608493012054,1.2901825315835018,0.19107715783359083,7.0
21,2.1,-0.9984734264908566,-0.7719966745320654,2.718011155819169,1.731603129653013,9.32120075281986
21,2.1,9.750674891929446,-4.303593634086054,-0.17201489591256802,1.1629518955839755,9.212307865978454
21,2.1,0.5182179795211859,3.8484905950636055,2.9807195433745206,-1.5526207904772913,5.166659980398801
21,2.1,7.822880704012093,-3.2364361999192415,1.5409723680779228,0.20873971423731996,4.215456822408996
21,2.1,3.5099599380436173,1.861629156151504,2.916120409215531,1.9681680221122195,8.488207796670547
21,2.1,9.992484819914441,0.16459402635640963,-0.4288054782348161,0.9113731958748734,9.01389433842723
21,2.1,9.69663301681566,-1.8167361237097968,1.7672533150254428,-0.3008923007381763,5.9125744639136615
21,2.1,-2.3315509907599186,1.722644312234448,1.1200261704108065,1.149855498526009,9.930310195363031
22,2.2,4.494081360648406,0.3744757887177633,1.842180889636711,0.22776900852269796,12.0
22,2.2,4.534081868578382,0.16095261556284018,1.7055082494941334,0.25691932653782457,9.0
22,2.2,4.3577862189643914,0.31151217301479084,1.5786096445823263,0.2350582321760059,7.0
22,2.2,7.700655126410425,-3.3199915142212886,-0.11881759107157452,1.4432038944821444,9.728589587741787
22,2.2,7.700619929351232,0.3894176626418684,3.9151992757638823,-1.628975690302021,2.92300679035133
22,2.2,2.128259733203807,2.377975561063729,0.5447117559437802,1.009315657734211,3.2079792120893407
22,2.2,3.5543218570805806,2.502659879482331,1.7880778271439777,-0.5283826391127295,7.560738790950634
22,2.2,-0.15054018577777972,-2.91620658564985,3.5089448634283755,-1.524358607864158,3.890835816381917
22,2.2,-1.8822294485577133,-3.237086349778698,0.0520790687235313,1.292430491227599,8.347251307805799
22,2.2,2.1805861051647613,4.903884573604824,-0.1767324532563257,0.6141593027745733,6.664206508096447
22,2.2,2.8334835936162577,-1.0708182330292604,4.250505194324494,1.9023825833135986,6.50908768490403
23,2.3000000000000003,4.8962222739469174,0.7359885921195757,1.539694428183797,0.219736606775753,12.0
23,2.3000000000000003,4.319161779664648,-0.005985880074907024,1.598668274439022,0.16899511134077486,9.0
23,2.3000000000000003,4.4894583341488525,0.05559903276145084,1.4696494200586754,0.26071343762452337,7.0
23,2.3000000000000003,0.5190578994363912,0.21918470769253418,0.888497711386286,0.25638054818889167,7.104850673417886
23,2.3000000000000003,5.7964809726252895,-4.339207890806051,-0.9935952098635166,-1.1508914446370282,3.053902976724067
23,2.3000000000000003,8.628649470344154,1.4629076322855914,0.03176211162213716,1.561055847294475,9.883654530628405
23,2.3000000000000003,3.1094272237354197,-0.23908243321339384,4.61325166305593,-1.76205323126664,10.296666209195552
23,2.3000000000000003,-0.20268242982665896,0.8577132515472243,0.17291905749202452,0.7181080368358312,1.998310571767902
23,2.3000000000000003,-0.2168002386226373,-4.008430294011856,0.24191095784503847,-0.30906386291175103,2.074029562885772
23,2.3000000000000003,-0.7102021107499614,-3.653079750766527,4.161691317313645,-0.7184111856107687,2.1532643811098797
23,2.3000000000000003,1.6898629247372972,-4.447295904987723,1.1442177410123247,-0.9407712907136814,7.19569256310312
24,2.4000000000000004,4.336250301689482,0.6566545906900679,1.6196467643724073,0.34382293431078026,12.0
24,2.4000000000000004,4.593264949881319,0.5481752199567737,1.4483545988523632,0.28249390966050003,9.0
24,2.4000000000000004,4.644102015029074,0.2763339963670032,1.7404420720365115,0.285872854011073,7.0
24,2.4000000000000004,-0.7855644824392547,4.786341439004389,1.991837281257891,-0.025311694917416805,8.231138021453862
24,2.4000000000000004,9.621501471094591,-1.1926763878285493,1.3851501473299574,0.3390108112197465,4.8909671152208
24,2.4000000000000004,-1.33531606287877,-1.789143735881451,0.1592499346707832,-1.5868660835718016,3.1453897256014365
24,2.4000000000000004,8.259879882303261,0.89331166127476,1.1520367491674675,-0.3653224905331487,6.626724105748573
24,2.4000000000000004,2.6097470479356097,1.331491821447094,4.5606163489339595,1.7311184786279301,8.555395424734272
24,2.4000000000000004,2.089395733898624,-1.7073754040223044,1.7062790011115303,0.27173692171397024,3.5742236234537144
24,2.4000000000000004,3.0036328488467277,1.5875340981670094,2.326394140278582,-0.7171378132236956,9.267898819237445
24,2.4000000000000004,1.4945004749142239,-1.2140721244026906,-0.43216139050366786,-1.3357494703441075,10.275048596250496
25,2.5,4.655176996980979,0.5254186913758002,1.9423011429670212,0.34789510753599395,12.0
25,2.5,4.491146005712579,0.48131821608152253,1.5101878743318498,0.2338159487262541,9.0
25,2.5,4.455177244229422,0.7307218142218972,1.7076476422520848,0.2145051931887359,7.0
25,2.5,6.664979495891009,3.521453370691818,1.9785048946358499,-0.13697023857098012,8.947505584175719
25,2.5,-2.928849585149843,2.866497124935993,0.9842964004766326,1.5150544791301583,9.37716858187041
25,2.5,1.8497876382546892,0.6507791063070556,0.6220507291959652,-1.3576467496603253,3.8439713457340887
25,2.5,7.073802743957264,-0.03409521153718398,2.218927542513504,1.861663813926942,4.0379661840994405
25,2.5,9.526538858887998,3.5564212170240346,0.12565575659020145,0.37709077720631967,9.743342563348133
25,2.5,8.415916520521986,-1.2553606355106228,-0.3933630043864902,1.2438516089596874,1.2397035552795546
25,2.5,3.2629261677082315,0.6439268035917856,4.892865777907066,0.42884572197628845,6.204574437672277
25,2.5,2.5247320136593183,-1.3001563215280223,1.5057157559242738,-1.526403667285325,5.63675714681501
26,2.6,4.764351042846617,0.26863372278967534,1.5290097855312097,0.2211663234031561,12.0
26,2.6,4.323823377465242,0.46648949818973584,1.834653872933761,0.24638085287087627,9.0
26,2.6,4.319661262451022,0.39597363353801635,1.7895663989446569,0.0727070457138203,7.0
26,2.6,-1.741468059035371,4.473197957296044,1.429964368974904,1.235878410026996,10.687523213615988
26,2.6,9.667422600415007,-4.192647199972609,2.9100168076099644,1.485636346964856,4.106541850810828
26,2.6,5.245047641567467,-0.7097387864258735,1.5864581458276295,-1.8564044559705644,2.893634916728538
26,2.6,3.9498097667605787,4.935429967868474,4.752245155831605,-1.8384030846313473,3.860473018403953
26,2.6,6.175361047183346,-1.9823513330306919,4.417934920436821,-1.8195410171628859,10.64373194891479
26,2.6,9.166363326144047,3.3747574378777685,-0.2949737064843909,-1.7607026507308032,1.94286053488007
26,2.6,7.851199636250167,-3.4424232902542062,2.209388917855223,1.662979431514838,9.673030405011813
26,2.6,4.376825476141203,-1.0276669852717593,1.670096329123953,-1.747531317184516,8.078438944014477
27,2.7,4.353353731849721,0.5995358270102191,1.7282572070127094,0.08516640449861315,12.0
27,2.7,4.591826914573357,0.506618510603661,1.7585012442501977,0.22776901362512703,9.0
27,2.7,4.642311522672268,0.7284338912476276,1.8924929714677035,-0.015776292033400918,7.0
27,2.7,4.945714495976687,0.0837116127970085,1.8972861894855675,0.2635881042692186,15.0
27,2.7,-1.8332079417344613,-4.225639147395618,3.6792190632338704,-0.21570842831909554,1.9057905853543935
27,2.7,9.098898351080067,1.1222100859395248,-0.7889441068934815,-1.3699066347300821,3.2592895791678247
27,2.7,-0.3243426908309015,4.757360243896606,0.31222535690980924,0.0630227051522052,5.3784156567583725
27,2.7,9.170300111322549,4.771927299143574,0.4181626123012674,-1.8035294249998395,10.456936518244733
27,2.7,-1.0031761770091396,-4.36671521297442,0.17074544655401835,0.27427885881494163,4.783098223734153
27,2.7,8.861834351843344,0.3721888369434003,2.7559373401944844,-1.1925309935618356,8.7077321366537
27,2.7,7.407587068760051,1.1778890850558321,4.184820975156349,1.7953724280231365,6.40476692170755
28,2.8000000000000003,4.679075998530298,0.725840935037497,1.6895420565656423,0.1309728762925624,12.0
28,2.8000000000000003,4.748499433100772,0.6298338293096761,1.7842111186829157,0.26352827866554424,9.0
28,2.8000000000000003,4.573242602293925,0.2598058466046018,1.4796405268652024,0.073051306266917,7.0
28,2.8000000000000003,3.754144775426022,0.0819291477824482,1.6200049360330366,1.9792595713184333,8.36573093115733
28,2.8000000000000003,3.321647964717564,-0.22053419260168994,1.5305963762873676,-1.7326969811941484,5.597094644535921
28,2.8000000000000003,4.708436204945008,-2.720322277768176,2.8256538813742993,-1.7966661522060914,3.1549514181270046
28,2.8000000000000003,9.758032316289022,-0.30994920987327834,4.38053222954419,-0.09775530706826085,8.452038427810109
28,2.8000000000000003,-2.2156993585351175,3.2221354609380697,2.8891023780028062,1.1270281902957806,2.3115516918470993
28,2.8000000000000003,2.5662082256153536,1.3793674424664495,4.137374022779645,0.5242617714875499,2.9858366353130807
28,2.8000000000000003,1.519757252866743,1.6252959436619987,3.031125131684404,1.8423478500265,7.268249827842086
28,2.8000000000000003,1.8218601800416998,-0.7491823248586886,3.872737767122355,0.023049258970964992,8.472698001920698
29,2.9000000000000004,4.605959622375565,0.42382217080373913,2.07833404560058,0.07729141709234355,12.0
29,2.9000000000000004,4.573972879613222,0.7975525062391734,1.7491299638248017,0.23892749600722202,9.0
29,2.9000000000000004,4.654814805952913,0.5223706778617134,1.8146562016111991,0.12910354461448675,7.0
29,2.9000000000000004,1.649874209837665,-0.21595073913322071,-0.11544427908648491,-0.90628119149331,7.429984233408326
29,2.9000000000000004,1.0083316513869756,-3.7272380167096077,2.3014381514495454,0.8201127860967716,9.67172276606706
29,2.9000000000000004,-2.090888790800804,-0.1887689823685026,3.69326717160677,0.9919605158097875,10.988296373336587
29,2.9000000000000004,7.595950250843803,-0.5175936682939302,3.9233424958391643,-1.036987715142922,7.135164847298321
29,2.9000000000000004,1.6905372984276994,-3.236444235821987,1.804907236571431,-0.431759910338227,9.897794665398687
29,2.9000000000000004,0.1320525133860584,2.517807092307816,0.8830806326698795,-0.9087826794166571,10.08608246555642
29,2.9000000000000004,-1.2984256989435643,-0.6117829819805127,0.8177877730238121,-0.5229086346361256,8.914514878076222
29,2.9000000000000004,0.06796441406718445,2.6315548981990045,4.580020084128304,-0.00827258884444948,5.609313910731102
35,3.5,4.925205660860084,0.462278810847572,1.2641435007610051,0.1771711758493881,12.0
35,3.5,4.822300123578786,0.5582348095501832,1.8873781841179995,0.034602401693124216,9.0
35,3.5,5.054843348807036,0.3044709448904206,1.8409268196965471,-0.007199166143060709,7.0
35,3.5,9.932714777071281,3.729120163870842,4.3393940424339865,-0.7426082294803806,3.530347499296836
35,3.5,2.221601242121893,-2.3191489517944897,2.6377963891562937,1.7552214168281535,8.757910864370904
35,3.5,1.4803315246510307,0.5700178188145024,0.7777977827209104,-1.32080010490917,8.718493432291552
35,3.5,-0.46258811235747643,-4.420546554618701,4.695761138055545,-0.3884815659694816,4.783180142237857
35,3.5,7.843571596027406,1.8132947268969115,0.15152696846651237,-1.2981510136836487,9.351257910807337
35,3.5,7.555846619637084,-2.3528828938046265,4.479711102211855,-1.4397783812420375,3.130749343990024
35,3.5,5.8102119879081044,3.1447387603093393,0.41153833049387,-0.8951705461737358,1.0430577566767865
35,3.5,9.538745519809622,-2.354023946538417,1.5797422994002868,-0.2699376270305356,6.71167362055741
36,3.6,4.391361289406901,0.5678928092623432,1.9337561284643994,0.10371241133603844,12.0
36,3.6,4.833663668138012,0.3581336771224668,1.6719584875514955,-0.013718600032116626,9.0
36,3.6,4.370536339426762,0.6873006535470823,1.4988327418619825,0.07951225383226104,7.0
36,3.6,5.095631268773781,0.14874749330202724,1.9458317274068708,0.1659544814325355,15.0
36,3.6,9.778833229966791,-0.8815655969902627,1.4201264194947698,1.693387870903249,3.1093438848871293
36,3.6,0.19638263106576215,2.298152463028666,3.5274388293088084,-1.6088480102182277,10.173955892661422
36,3.6,3.0870082740165925,-2.99437528678446,0.11225163681491401,-0.1446875581484952,9.509971200521644
36,3.6,0.7625861976048443,2.960604476258709,4.445629348342894,1.2108824211534626,9.48380754061081
36,3.6,0.45840134408164834,-2.258656063113916,0.5283701007048045,-1.4598476157750557,3.276611467992141
36,3.6,9.269378785348245,-0.9795220184293063,0.3481368472752424,1.3866842020329742,1.505359886500577
36,3.6,2.189538934551276,-4.648831888903334,-0.028350578502212898,0.55700136142468,9.674235394825837
37,3.7,4.561447080384988,0.33373790577361134,1.729592644049899,0.1025717798734113,12.0
37,3.7,4.801918173641229,0.7167949142806718,1.3473609221603744,0.18184033675779307,9.0
37,3.7,4.757952305152899,0.4591355098697689,1.4061819383439662,0.14417870449055753,7.0
37,3.7,6.741587202087077,-2.1214512395184606,-0.29293659456501353,-1.0466458825517595,4.013203576626154
37,3.7,3.5373741807445924,0.05276922293095865,2.4958660958872256,-0.4195926498084366,8.701931135378551
37,3.7,7.2295879588503595,4.131537503472078,0.4803503208768276,0.946092870807552,4.368565438332687
37,3.7,5.8136340830855815,0.2309049927931497,0.13118140324496141,1.180929034330838,7.063628402155351
37,3.7,9.488141713174825,2.2183633223361348,4.507159979754404,1.936741059791999,7.58480768393292
37,3.7,1.5766587651100963,1.3822355292633688,1.8435964258284678,1.9465149874529204,9.29595409085705
37,3.7,-1.780498287899576,-0.8762508570277543,4.253234267163418,-0.8637947578939382,1.2445084088201488
37,3.7,7.241307058305345,-1.1721683721974427,4.879871239340949,1.53411934569483,3.2015789115229967
38,3.8000000000000003,4.602347067786916,0.39222453224932463,1.9504820545312798,0.040588595811227646,12.0
38,3.8000000000000003,4.868846873723982,0.3921235609484366,1.7543874042456244,0.08043722691072153,9.0
38,3.8000000000000003,4.906101744246219,0.39282453387704097,1.3902922420747614,-0.01880705542686492,7.0
38,3.8000000000000003,6.698883726471745,3.8570517085836293,0.295548742587596,0.12517101927441976,1.740576833690736
38,3.8000000000000003,7.130509266472409,-2.54300257005019,0.38447783160330173,-1.89127146600966,2.325420809514136
38,3.8000000000000003,9.46069882168088,2.100168800546234,2.813362124061109,0.9759788907799636,9.272545955907365
38,3.8000000000000003,3.9109679430407116,-0.23866178909589664,1.6971934467411254,0.5617568484145652,6.802402167429431
38,3.8000000000000003,-0.38004531989901835,3.8805869501486967,3.8705142273155904,-0.6017455541918646,8.744172045693324
38,3.8000000000000003,4.521920858562817,-3.589727000499854,4.834077487601588,1.611570750521134,7.30912007772655
38,3.8000000000000003,8.984667584489605,-1.6783695229654838,0.014808244297134454,-1.1529113461347587,9.82175070328948
38,3.8000000000000003,-1.8299819164138318,-3.7988936989861566,-0.5721727948909276,1.959292276819494,7.384675277647406
39,3.9000000000000004,4.740672062541794,0.21003676709895686,1.6057043462179637,0.15258606884770698,12.0
39,3.9000000000000004,4.556038592486433,0.46052141191910373,1.5450557088959613,0.08832417888060816,9.0
39,3.9000000000000004,4.712790771123921,0.7939112472218932,1.810323125488181,-0.025528108733417654,7.0
39,3.9000000000000004,5.918648303576703,3.564096306557392,-0.5335319984497473,1.0600976207121717,7.197193893796403
39,3.9000000000000004,0.9996510629273905,-2.8337763581595734,3.1334087147178327,1.6391864909329352,10.279706081658242
39,3.9000000000000004,0.8352497132611401,0.6883380538431902,0.7390046830969492,0.21714234290571177,5.9181258141291
39,3.9000000000000004,5.084206398506428,1.1033538879017977,2.7412782178564754,-1.4596808311299037,6.28657538108291
39,3.9000000000000004,6.016026104627354,1.7475035638022334,3.0955287333012986,-1.7037177890451747,7.019969635275295
39,3.9000000000000004,2.808904951383984,-0.9096486795427028,-0.47973109814080517,-1.1105282884127572,8.375151372977257
39,3.9000000000000004,2.7325142133744773,2.429063098580823,0.42237246190797917,1.318999640499646,1.7185033548623432
39,3.9000000000000004,4.095377714613025,2.604216851846175,1.8353359000211427,-0.0032230983111065648,6.156874385219721
40,4.0,4.392471575828682,0.29914920949442814,1.850579231807315,0.16398706842310662,12.0
40,4.0,4.959758851786995,0.17742980477794318,1.7733374668499216,0.14819759040388852,9.0
40,4.0,4.516957991455094,0.49425150215158703,1.7677954851490318,0.04289520629751537,7.0
40,4.0,6.535063756397866,-4.678509121971498,2.4198974215641975,-1.382867498346096,5.398090424804667
40,4.0,9.233991701941065,-3.326350003558207,2.7598353061848893,-0.6950465513437729,10.85621101512008
40,4.0,5.3402972375365785,-0.8774140353592488,3.557858313838368,-1.0772834986885687,10.85046696720871
40,4.0,8.775294087885381,0.0020964931335214487,3.536558886277117,1.3989207656049083,10.061068107651817
40,4.0,9.984771942412463,-2.7605433440604177,0.7213544813807291,-0.998267653072447,8.984483448280576
40,4.0,0.4173273180771746,0.8244474153937738,4.961135138875058,1.9611123483710178,3.6913050072280575
40,4.0,3.8480520077099998,1.3902721026467377,4.159823262209636,1.7317338338140207,4.208500740671875
40,4.0,-0.3498118447159291,0.2854172894245286,3.9970223279690735,-0.7871916934616334,6.472828412048747
41,4.1000000000000005,4.880945645401194,0.5095855527031689,1.760772791834493,0.03369301359321858,12.0
41,4.1000000000000005,5.024884413705338,0.3118545366944331,1.5993916538457484,0.05526832681027904,9.0
41,4.1000000000000005,4.9289924284229105,0.19251833941806107,1.4547964564454163,-0.10862879489070044,7.0
41,4.1000000000000005,6.871434300291037,0.5398112581685943,-0.8730639314602391,-0.7345541706531393,4.596662936666109
41,4.1000000000000005,-0.6989816554225663,1.5587286098284059,0.6501862437815171,-1.7402128831602255,3.244158926746863
41,4.1000000000000005,-2.2858451404302995,0.8172729795871492,-0.8696592657754623,1.3951684525443548,1.4596324934014007
41,4.1000000000000005,-0.9798374496554167,1.0656633519542975,1.6681281680644742,-0.2285939150723899,4.522124935651242
41,4.1000000000000005,-2.066637149319404,3.0275225021221566,4.358314908519516,-1.9559333304630862,8.114093477097423
41,4.1000000000000005,-0.6781457159374695,4.039041887954788,2.2969616768003487,-1.3998416870071595,1.184378028751938
41,4.1000000000000005,-0.363724116080935,1.5998624423711414,3.3489009334812385,0.397707234319741,5.391785132059347
41,4.1000000000000005,9.390928938862835,-0.05936396338222938,0.8016314728551601,-0.09106836009681407,7.440094014498684
42,4.2,4.622997121843794,0.5268508190214005,1.4082488672834608,0.08516424475441417,12.0
42,4.2,4.95708870662162,0.33028784309606407,1.49310493543915,-0.130746256607792,9.0
42,4.2,4.7505405131013205,0.37060502858277655,1.4102855692516258,0.07797708730118023,7.0
42,4.2,-0.7033292427468987,3.2441554268349275,4.554120012420348,-1.1946067237891391,3.1957959220209133
42,4.2,9.084447902373881,-4.821390408248192,4.549774836241673,1.8077151603236317,5.6392228611005
42,4.2,-2.8433257807929726,2.6301929677674805,4.82120943541906,1.6236088752711133,10.42568400314338
42,4.2,9.61923209555077,0.5032350569763935,-0.5310631606876703,1.3991567912201446,8.34146345760918
42,4.2,4.97976732551715,1.1473674418828903,1.503521659152117,0.2873679060844365,3.152437481791498
42,4.2,-1.0034628718805112,2.397700265661503,-0.549896155890746,0.9191230681751681,9.59561133418898
42,4.2,8.036719494123101,-0.2753132243551182,2.058982196342296,-0.751142908311687,4.782005230096811
42,4.2,9.602961588432638,2.3312447455954537,1.2139313198020698,-1.3007704550679797,9.517221827525187
43,4.3,4.688340806188627,0.3203138333339599,1.4690009910169106,0.03660106860700915,12.0
43,4.3,4.600238187519417,0.044564359740012216,1.647989377250377,-0.11521357588485151,9.0
43,4.3,4.676358936739309,0.29881702376697883,1.549681457014849,0.1890919679557914,7.0
43,4.3,6.799018835371424,-2.148775995848112,1.0102812650308084,1.3827976025878885,4.7783764419282395
43,4.3,3.7609348593993452,3.4273196880647205,1.678336952862257,1.8119006462404137,6.304411796030789
43,4.3,5.460329666330578,-3.8410113468075058,4.3105579293608045,-0.04293923667680888,6.935155924421922
43,4.3,-1.1586934163522353,-3.4730986615857926,3.1252036106592307,-1.8105099730820409,1.218313916458116
43,4.3,0.7257189438795724,-3.6021240953013187,1.6464645777037052,-0.3425849120225548,6.15133376846189
43,4.3,3.784393650955127,-2.203636708974698,-0.8077384637309368,0.4575444261407431,4.448312593988378
43,4.3,1.8583340374705672,1.5133499874004643,-0.34799817517438925,-1.9448905788237987,5.212801276832546
43,4.3,0.22782522250880577,-0.4345267700594775,1.3644318450108037,1.2412102210938656,2.002873984952503
44,4.4,4.86148411935469,0.5822146962371193,1.7734904628762744,0.09346147459703855,12.0
44,4.4,4.813026937113383,0.5515522313168586,1.7879258591564835,0.008924633625288638,9.0
44,4.4,4.714036622679723,0.9159805670020895,1.6367681780582692,-0.037022381710889646,7.0
44,4.4,4.110841238516836,-3.532567667923475,1.0177149825641703,1.950589791025847,1.3106960006983994
44,4.4,-2.789004067547871,-0.47492068475615934,4.055927730309177,-0.7043949491228463,4.918377099100527
44,4.4,3.2373805358169934,4.7804574578798,1.8492610188542233,-1.4763147514140038,3.0018343058485955
44,4.4,-2.3276206083369164,4.454165724399484,0.5948564796503941,0.016255626258203648,7.800349354078914
44,4.4,-1.8208770408304082,-0.7634487944939492,4.580633115500745,0.009651974523753548,2.813214587658524
44,4.4,9.624756973430262,-2.4116436276260034,2.027271438223623,1.438123167237301,7.748127524058697
44,4.4,2.8272806091986693,-2.205126264298104,4.13285218050729,-0.440442124509564,3.634754281893177
44,4.4,3.899402783783043,4.765270664151457,0.11889976853518336,-0.7943974531192572,4.552178341211998
45,4.5,4.9055593748704265,0.8477688328490167,1.577499785971902,-0.10687718264924147,12.0
45,4.5,4.640859758824754,0.5965683708116221,1.8297722362879099,0.011635290230438827,9.0
45,4.5,4.620280248326832,0.6178533161677469,1.485246693903926,0.09617072404879756,7.0
45,4.5,5.149953376183973,0.11447985750193468,1.980187649434034,0.05345475745864557,15.0
45,4.5,9.179794745702399,1.065321004079447,3.262155152136976,0.8543464396296696,10.90809765551122
45,4.5,9.906503444515783,-1.5846173779837711,-0.02286069254378509,0.07666893965728594,10.28526175057329
45,4.5,3.9322475278122067,-3.2208751170385552,2.678656513964837,-1.9435010660927041,6.042193555377686
45,4.5,9.05968923190488,-2.3542572217873836,-0.7626387496588491,-1.5670022341005718,6.318238557779342
45,4.5,0.12323632763534231,-2.2609383139395476,-0.803140003013628,-0.8825807512250834,4.145815690358425
45,4.5,-0.49175742558473257,-1.213790725654814,1.3110064241358153,-0.6439690375884837,8.739394386376564
45,4.5,1.2630104858991524,-4.1026872225874875,-0.848770317243027,-1.1915427993741337,8.647566879326487
46,4.6000000000000005,4.900363523409556,0.48102347603707113,1.896762561561295,-0.001776444499796549,12.0
46,4.6000000000000005,4.925209077014274,0.6288132674861685,1.572104445446844,-0.15399537088607224,9.0
46,4.6000000000000005,5.046617739395533,0.505980459555293,1.3901125923925823,-0.06644940691390945,7.0
46,4.6000000000000005,-2.555667657932618,2.7018694944418282,3.795337529954332,0.40964101236579076,2.4210392585164264
46,4.6000000000000005,8.139185094915415,-4.021167197851403,0.6555430522448793,-0.34328991362931793,6.264600906350138
46,4.6000000000000005,-2.4480466132347223,-0.5178391242883382,0.5912807366753958,-0.42905995159298804,2.699785211957857
46,4.6000000000000005,2.5263342158999844,3.7941173348768515,0.6220458231658343,1.5749725148650882,9.182273526272573
46,4.6000000000000005,2.53762254256704,-1.72192279306014,2.0150722960108762,-0.32902685454864145,6.841621491832959
46,4.6000000000000005,0.34584006971689885,0.026793247960669397,-0.08918960152701239,-0.5922802279081356,3.634493143569058
46,4.6000000000000005,4.355272851863178,-0.8659175561014143,3.943474166304779,-0.973112953859335,10.295989720071713
46,4.6000000000000005,9.60703052480313,2.847220208513513,4.8055581559848335,1.3525462193212165,2.1518605331426066
47,4.7,4.861163128966064,0.29978487512097807,1.5967694480333108,-0.0975418967318072,12.0
47,4.7,4.947936201992425,0.37080572573803927,1.7610946956142217,-0.02720819752436146,9.0
47,4.7,4.915123890325889,0.2743323657398836,1.5205077432543215,-0.004183718994772424,7.0
47,4.7,-0.5823325416157807,-1.7673411563489538,2.525809847918258,0.8722493465370018,9.762672330257992
47,4.7,2.7545281970833564,-3.437086780390249,-0.3750910371827705,1.9990613476573755,2.364705540445109
47,4.7,2.9195775787653346,3.725317491484981,1.894256027774687,1.6894305541840131,4.201609688928694
47,4.7,-1.8591280239698422,-3.8598080866544904,4.5777931263453455,1.7899721801791397,4.683441642063441
47,4.7,1.0913268170497235,-1.4483511300612815,1.7147014090085477,-0.33535327973083673,6.371726483268185
47,4.7,-0.5294121925252435,3.9837538393937457,0.5198456042338624,0.8210896379106063,3.9686848550741427
47,4.7,-2.1269761894453527,-4.612486684715705,2.9223828354615238,-0.6439365697069586,1.6063074218940512
47,4.7,5.520972105360016,-4.059787978311697,4.69910827949518,0.9940578675723817,4.688783807374707
48,4.800000000000001,4.801123441613973,0.4662061112548819,1.3667602719747376,-0.04930032254472169,12.0
48,4.800000000000001,4.797486095018222,0.388574850170211,1.5753445029282938,-0.07803857527045018,9.0
48,4.800000000000001,4.766937090786813,0.4497646880464463,1.8589809019077426,0.051592735679310726,7.0
48,4.800000000000001,3.7857414835346592,4.097975765175445,3.7620357455385616,-1.7651252733994012,8.642103495801168
48,4.800000000000001,2.578285329100339,1.9831840786858814,4.9202714746892,-0.1664948353539497,2.997949306581326
48,4.800000000000001,-1.7937890963523873,0.6200917471286784,-0.24061724725623823,1.0060782411175735,3.9231154342999166
48,4.800000000000001,3.5998009670031124,2.234313683772865,4.216170961271143,0.5157920686511086,10.720701771308857
48,4.800000000000001,4.96171128029136,2.5457029543963126,4.054730008716004,1.4762151451080108,8.081844867591174
48,4.800000000000001,-2.526407456122517,0.5619029679778933,0.2976158587853086,1.4413835631271334,7.105220042138248
48,4.800000000000001,5.429169907643695,-0.7977752096756188,0.12862536872810781,-0.643905496320694,4.076284854241304
48,4.800000000000001,6.1491100290229195,-2.9564045478836123,-0.4385023279697635,1.552115032910204,3.9912514416652227
49,4.9,4.691828833499975,0.10201599217386514,1.5912840947638056,-0.051944579034778206,12.0
49,4.9,4.977619347185172,0.21113300042531735,1.7233047897492235,0.006443348704755339,9.0
49,4.9,4.410109038384253,0.6252066289870287,1.5037186516102308,-0.021008584610281735,7.0
49,4.9,2.6049624428344957,0.9816788004077468,4.388720483006567,1.9800376692952413,1.691399450072615
49,4.9,-1.9763372315220775,-1.1531652733865858,0.08423717460085678,-0.5915181042978652,2.7031908811182896
49,4.9,0.7371492411294991,-3.254628683732117,3.5844563205277424,-0.014845028683056594,1.6913816246611448
49,4.9,8.950192568823935,-4.674075567529855,-0.5981319212080605,-0.3869056682786236,8.27880891998522
49,4.9,-1.9563948347475173,-2.372704035851665,4.916178458459742,-1.1641615700615437,3.880599687221407
49,4.9,-0.4244693616428208,0.736406687957091,1.9879897447589405,0.32175318881137915,8.237452901918378
49,4.9,1.8975586167111071,3.26762359894947,-0.16851669134522296,-0.28642941663413746,1.6639827904327456
49,4.9,5.966904029773131,3.6823644028289966,1.2174296381405458,0.2709823963750111,9.625478004083254
50,5.0,4.665723175910332,0.30276808662971,1.6809549653375755,-0.09940236044882372,12.0
50,5.0,4.643320133747918,-0.14828689922495364,1.6552388802849394,-0.03063594366972935,9.0
50,5.0,4.706807958429149,0.7913244386156171,1.7448539375727388,0.043097735969009135,7.0
50,5.0,-1.0483157622596577,3.307039387459314,-0.6895015263766913,-0.08940492170811698,8.560752824282378
50,5.0,8.522352711129306,1.6521396560412125,3.111287716196798,-0.9467308709740578,4.592043972677377
50,5.0,2.4414722876989057,-1.334189365009495,2.1286592609479653,-0.15108827942532743,1.1093472111066374
50,5.0,1.2496785744008614,-1.9451938762882994,0.5051173499307329,-0.5398110124609663,6.951893521254259
50,5.0,-1.0507607868572115,3.7210430200357383,2.612716351000564,-1.4648542976245782,10.912446281400278
50,5.0,6.020171344717017,3.4766646799797325,0.42521403231355337,-1.3975976226509443,3.5761742283849576
50,5.0,-2.887975657261223,-4.527496611435149,3.57350808982107,1.9487453281667753,2.894912771872158
50,5.0,-2.416555807808404,2.4807095907989263,-0.5688270049542397,0.36853129961466724,2.2392589275351495
51,5.1000000000000005,4.898991227167606,0.5193447225727523,1.8682511020808592,-0.07568461050595816,12.0
51,5.1000000000000005,4.810687109906957,0.15199968233749697,1.3066424437065514,-0.06069817987418608,9.0
51,5.1000000000000005,4.830916545706099,0.630889512129036,2.058198002673138,0.05289520849812773,7.0
51,5.1000000000000005,9.669675372264376,-0.8308746328125549,2.2246254401238597,-0.05153832033431316,6.394377586643895
51,5.1000000000000005,-1.60526825219155,-2.6329800547339666,2.165818163626893,-1.730502779467975,5.813753972616582
51,5.1000000000000005,9.10900508101556,-3.761563180566292,0.18788447850144263,1.0612848957545462,6.715697845067188
51,5.1000000000000005,-1.7398509567389218,4.002780996154094,3.3542058243352137,-1.7255165715645644,1.4907404772427304
51,5.1000000000000005,5.994011796713487,1.3162854217131779,3.5440965964395117,1.3127914099573434,5.042764563304489
51,5.1000000000000005,6.338557321251015,0.8617629527097197,0.9347799114906661,0.7890946473197165,6.8297826206556085
51,5.1000000000000005,9.440630600200134,0.8752178052887425,2.9860692106055233,-0.2514878312007971,6.851913513049627
51,5.1000000000000005,6.8295705266599676,4.976673923386359,-0.037664055593583434,-1.1903788819849508,7.573339617683736
52,5.2,4.92801693638945,0.42908723921705594,1.6059519412738283,-0.15438363090145668,12.0
52,5.2,4.507586989074368,0.4309992416617245,1.6745458731428182,-0.27488408243995494,9.0
52,5.2,4.685472017278855,0.1926458002373696,2.060598901027222,-0.22133072914633858,7.0
52,5.2,6.542215277253398,3.2744085250874715,2.56073763553984,0.36545043900683893,3.117411027761249
52,5.2,1.4016887617405827,-0.5374997883869064,4.184650122892073,0.8932813238686261,9.194507555446373
52,5.2,3.75679757604596,-1.3176761375162904,-0.6977215702686739,-1.4279703946944595,5.986000383921264
52,5.2,-0.49067253598818183,-1.2661645674132527,4.6648618824576475,0.020613579434994644,1.338777951425565
52,5.2,0.05292212237000404,-3.942498625384859,1.0298331476177842,1.2629225422042274,7.830149564489978
52,5.2,1.9834563143366033,2.7250580602241348,3.8162298567612734,-1.5567169212051835,10.504962698027061
52,5.2,4.912576784148189,4.5909606337111075,1.4128284494213235,-1.796223643987911,9.291504903457502
52,5.2,9.002934973352422,3.8366628157248286,2.132848683254011,0.20901248137603856,3.771981402105398
53,5.300000000000001,4.6975549271084684,0.4639628440390301,1.5812581771065304,-0.13021877378034802,12.0
53,5.300000000000001,4.7763957981962255,0.5549244133598736,1.6258553020175546,-0.24476681170160058,9.0
53,5.300000000000001,4.455405360614362,0.10385406305419531,1.484141481613475,-0.10974491542873954,7.0
53,5.300000000000001,-0.0529175251087608,0.4861405932220748,0.2907873084696464,-1.3471732611288516,3.9396047092457103
53,5.300000000000001,4.323111142073509,-1.3190672900338454,2.7569557150428152,1.6488213616347052,6.43309176235957
53,5.300000000000001,-1.0370892913441205,4.1343365981306395,4.414939804537512,1.3163503333436113,5.992802569741479
53,5.300000000000001,5.206716924979107,1.2014665746554742,2.8352759596190094,0.7619822048712526,7.437404654242731
53,5.300000000000001,-2.785731392249959,4.5809257916064965,2.513622568793479,1.1258633576096866,10.500017705742078
53,5.300000000000001,1.9046639077977208,-4.87602786084204,2.0584079592586635,0.028760477263715778,3.852210854938674
53,5.300000000000001,2.6808607480488735,-1.6028294583792322,0.49895652685833225,0.11017949798873117,7.927715692549965
53,5.300000000000001,1.8786158160154232,4.699318830498086,0.037563846601588624,-0.7213377294916521,1.2504020300518361
54,5.4,4.791542554736264,0.5394652614665432,1.8447552748976062,-0.01206987337219663,12.0
54,5.4,4.898824167211777,0.6420716808229672,1.8196238038291725,-0.03706713624877117,9.0
54,5.4,4.702576047254534,0.21743942796377413,2.0892181151317164,-0.0921915142624725,7.0
54,5.4,5.101716378948259,-0.012268409724424667,1.9978645870479217,-0.05948788836828754,15.0
54,5.4,7.748072764180423,0.4520490122264009,2.7194958811046304,0.7868997810982137,5.56745598353999
54,5.4,8.166561246014599,-3.7771046279718137,4.557093177649181,-1.89593038579372,8.534605394363417
54,5.4,7.870596762451079,-4.232595734403027,0.16776926962953365,-1.9844234144754695,1.315813306929985
54,5.4,2.7883371719685286,-1.6564077328260773,-0.004042531077836031,-0.19563935678437483,2.4415714892135845
54,5.4,2.23082148123839,2.676610326987415,4.358781836420194,0.6102690070683274,7.141988035435992
54,5.4,-1.3826649465551895,-2.0460920529014937,4.479909780993679,-1.6450620279684434,3.325522624430636
54,5.4,2.2891259120807446,4.425046192334813,4.703989048816914,-0.3551872918044303,7.660522992691486
55,5.5,4.47151154821074,0.29723568340265716,1.6620055904135578,-0.28822682846659975,12.0
55,5.5,4.802415231099936,0.24287473862881265,1.3288898189321465,-0.05425911747026933,9.0
55,5.5,4.969770205108764,0.6169072195265662,1.8205223755746895,-0.11773991364604026,7.0
55,5.5,9.474751406773432,-2.7166376836807404,4.590945744771893,0.28485276540799065,8.445797595180336
55,5.5,2.4924360909359784,0.6037389596787301,1.055614139901667,-0.8457879721561916,5.52870165712018
55,5.5,0.1370863937078739,-4.175720105428732,1.9793893828831246,1.5510467028555497,10.26948999732512
55,5.5,5.191975600567,0.2097563275577352,1.571557509505499,-0.1423934947312322,4.9442592957259475
55,5.5,-0.27939448156463786,3.229358771930972,0.19029777968916828,0.8664910269092521,6.654659162762376
55,5.5,6.879805149449984,0.7486904202773426,4.177558249728971,-0.8357985901973999,2.0594235699096153
55,5.5,8.461023876157222,2.2941045959930415,3.792498966570564,0.6583188381092566,3.2577519406626623
55,5.5,8.002459220869602,4.93098862717636,1.520977127147832,1.2556627348382814,9.406961705337606
56,5.6000000000000005,4.7133842328839535,0.34017740925608403,1.9851646623693433,-0.2049664253634587,12.0
56,5.6000000000000005,4.568582452207115,0.2599363879723566,1.914808306575258,-0.23963716790416495,9.0
56,5.6000000000000005,4.46055240547829,0.4639802574607365,1.6287780841376127,-0.16454506872870833,7.0
56,5.6000000000000005,3.134449261583362,0.8199912875641413,2.005899266190661,-0.11142219591741531,5.684053196156733
56,5.6000000000000005,7.63185902945505,2.456479912378578,1.048270965087157,1.2023084700612818,9.924843372096598
56,5.6000000000000005,8.097458697058501,-3.465077946258095,2.496094770384553,-0.8587520256031449,3.299480178186324
56,5.6000000000000005,6.609240185047394,-2.6121467064131676,3.028421145038191,-0.9795013757694644,2.703915091586249
56,5.6000000000000005,3.644868924589261,4.486464679161921,1.2878452307386068,1.5029539438528308,7.4280376433358155
56,5.6000000000000005,9.83027955565063,3.748508488051632,-0.004803821659942864,1.2786328781406522,10.719943427017704
56,5.6000000000000005,-2.582057863692704,-1.0669811630069215,4.224400239907183,0.7550088510396793,3.472565733067703
56,5.6000000000000005,3.925625555392415,-1.121359749173795,3.8737816788217163,0.8382336157928836,3.496703789338265
57,5.7,4.739545173510487,0.536159884953155,1.5844301652392543,-0.14635288101359067,12.0
57,5.7,4.61979600709045,0.33247441488677154,1.5596847448807205,-0.15909157891575645,9.0
57,5.7,4.785513373011749,0.07718008144085592,1.6097751803886913,-0.1724869985729745,7.0
57,5.7,6.630598011265226,2.8470890918814824,-0.18002007532701847,-0.426171704046713,7.984285545788399
57,5.7,8.607764939714878,-4.972927263242129,0.7925544237357938,0.22016914021019085,7.741530672939647
57,5.7,1.3432201755793933,-2.279548108223306,1.760224909419276,-1.273907567561225,6.250932333448638
57,5.7,3.88512813247329,2.066959213132259,2.4517697157710128,-1.6275626765658764,7.52787224491315
57,5.7,7.977311984152452,-3.250221625125118,3.588872003666772,-0.5577395568965984,10.191096645666052
57,5.7,7.175897524729329,-2.937270965946542,0.11997262217257876,-0.011896615130071009,2.005220014167084
57,5.7,-2.5718318089213135,-2.747026612176666,3.34407351310609,1.349533913221702,4.157644778460912
57,5.7,-1.9497902688084643,3.820777094381043,3.7851032243190748,1.4787371828278615,1.7245497359587183
58,5.800000000000001,4.888289183945026,0.29992360632834936,1.7147428182650963,-0.12396948008222128,12.0
58,5.800000000000001,4.240663444389905,0.3182023296078242,1.7273146304895302,-0.16004452179155443,9.0
58,5.800000000000001,4.811551585669665,0.24279690159778636,1.52194405872726,-0.1673064864130254,7.0
58,5.800000000000001,3.682626548505242,-2.4025774791336305,-0.18867182797608373,-1.5322110676431668,2.657529468423525
58,5.800000000000001,-1.656802849789608,1.3779004013457774,1.1084651083972288,-1.1334662471765102,1.4496424249882747
58,5.800000000000001,5.994506205176739,1.8684956576646687,2.235009754141986,1.7398312674634036,9.732399363538809
58,5.800000000000001,2.010385008738477,3.358629712692929,-0.5491635524068221,0.9593243761540178,7.935054243560606
58,5.800000000000001,9.84981637981509,3.465982162878168,2.4779883158603564,0.5070642573086426,1.399464656176265
58,5.800000000000001,1.5927641426803083,1.7948521825810388,3.622372299087962,1.9929139244714156,1.2829230563811458
58,5.800000000000001,3.402017921005629,-4.386959342265577,2.5751477043859117,-1.5239034000713256,6.58674296475056
58,5.800000000000001,0.1819455662294307,-1.7122008869426275,3.3861792388904632,-1.2647675044859978,3.8253440128671103
59,5.9,4.854993927520079,-0.0035023871618903024,1.8777057801187682,-0.14051928043881107,12.0
59,5.9,4.802376107359475,0.4104103705887426,1.6110608553985022,-0.2963993680627022,9.0
59,5.9,4.59698926113304,0.4138407341503426,1.6415531230783786,-0.22256608195811783,7.0
59,5.9,6.57260326291129,-2.7804596043905097,1.7072917649435944,-0.1488042487328598,6.2528316357268325
59,5.9,7.743337149645219,1.8384468433407655,2.8590052612403305,0.5993096902531136,4.177223348092938
59,5.9,0.5161110319722257,-1.2828874017046599,-0.7260262873797632,1.147764543248495,2.042502162800012
59,5.9,2.6289767972075797,-0.617616429124265,0.47213758960176033,-1.1622908741622844,5.148520055261652
59,5.9,4.6416850843973805,-2.674469847963242,-0.6147468906072135,1.0700296639235933,2.2385688112930193
59,5.9,1.8941026472827573,-1.1976441610069557,1.5879096890947482,1.2601792936323752,5.104414735554467
59,5.9,1.1708796472176228,2.58036211257836,4.637269044677259,0.6434727836991976,6.569337212134503
59,5.9,2.61185405530132,2.477897231466647,1.747384218508313,-0.34229091556743674,10.307111812056467
60,6.0,4.682499113073092,0.5589164150508169,1.366584402973832,-0.15555709163455572,12.0
60,6.0,4.444939835571243,0.08682374141180577,1.6768117522547827,-0.21146439427514735,9.0
60,6.0,4.579699418277473,0.21513135219218893,1.6426463225415153,-0.2948203175885283,7.0
60,6.0,4.145754190415668,-1.7092512959873019,2.2903864162083085,-1.1127067913012887,5.562473073876818
60,6.0,-2.6850183968613965,4.413669012702467,-0.35015127286603587,-1.4925650081531328,2.549851781060567
60,6.0,-1.0948912553681733,4.812765239932727,2.7059614410199764,0.44115980681540234,3.441190750855766
60,6.0,9.827076619740884,-4.1156123072534525,4.847005355253735,-1.1839474137838364,9.543927909934986
60,6.0,5.099929546306461,-0.7991643469720833,1.3037108808630693,1.7249733139178502,1.3447099283276278
60,6.0,-1.0600395302766663,4.970690110762435,1.2747503665492914,0.5950996155542176,8.088620784408125
60,6.0,9.582787509283682,-4.423989496210252,4.537186177551144,0.2712455414173731,10.993900365145269
60,6.0,6.15715942670688,-3.5081581611365165,2.2003245849861934,0.6940548589009747,1.0748299610676662
61,6.1000000000000005,4.666983554484628,0.12290949090485191,1.5712581918540403,-0.3058115119469342,12.0
61,6.1000000000000005,4.748056054824838,0.03415028524684155,2.3611225029128446,-0.27520624413070915,9.0
61,6.1000000000000005,4.445615927058652,0.2928582391488539,2.0550789529069386,-0.18315318496625307,7.0
61,6.1000000000000005,5.668832713975849,-0.282084926061529,0.929504617216707,-1.6564551622497086,4.204548855634552
61,6.1000000000000005,0.18015272586737296,-4.888132469131231,4.919755505149786,-1.1100709914850402,3.8346555024335753
61,6.1000000000000005,7.593387254909844,-3.313551181950214,0.7016068976334435,-0.326890723086533,6.738453020245975
61,6.1000000000000005,1.2172736338408665,2.9835081275986113,4.746160448092539,1.501177934603394,2.833181618695403
61,6.1000000000000005,-1.0034877296791649,2.766886763492903,-0.11231852017173138,1.6535244262484055,5.691334369721169
61,6.1000000000000005,3.7324214836915193,-1.6361891194329328,-0.05784701599484321,-1.9527636472839816,7.508122650440348
61,6.1000000000000005,0.22331089159150164,4.140200632813119,3.783573153633365,1.879174831002878,2.2818207318280406
61,6.1000000000000005,-1.6901002254221504,0.9217874350566948,0.5429028441846597,0.17176682308962965,10.30594270876904
62,6.2,4.6306587066061455,-0.07232935015109374,1.8572862013719549,-0.23731489378499548,12.0
62,6.2,4.92952057551225,0.1672701306783743,1.3015037009697856,-0.16992651807160364,9.0
62,6.2,4.9385883868291724,0.48267813278703026,2.114701658300832,-0.28009653067457463,7.0
62,6.2,-2.2108066001751476,0.4888758900656711,-0.03797125034279181,0.44162927773389304,4.26162642003566
62,6.2,7.281246701222479,3.2188072077186227,0.8572610488257646,0.19581813077798405,3.3467226546159417
62,6.2,4.319139881122666,-0.27112817845833437,2.9306833485485893,-1.1596515047058658,4.932501344006667
62,6.2,9.730162114628325,-4.019201729090676,3.9753268472187155,0.37638394780475126,8.423326548539464
62,6.2,0.1831117135183069,2.4567500066029977,-0.4931146259375683,1.0976713377951324,5.742425814253865
62,6.2,4.669807889159176,-3.892496816035984,-0.5229666214457787,1.00334533374585,6.707306061202463
62,6.2,0.8081667845498832,3.893018507672135,3.5724381261810567,0.7927609788708643,4.141548880783423
62,6.2,0.6218786842348623,2.0894451902161792,4.688886107089004,-1.6337606625177243,2.4128926708710052
63,6.300000000000001,4.636603239692843,0.5339277027086105,1.493763778067077,-0.2105881597035127,12.0
63,6.300000000000001,4.655814250194948,-0.003515617136395116,1.7532470500556276,-0.33638943809556243,9.0
63,6.300000000000001,4.832689561308741,0.007416095665185224,2.15386173399474,-0.2109914372822112,7.0
63,6.300000000000001,4.957104566544737,-0.20626099382872798,1.9975817010390395,-0.1583934913688148,15.0
63,6.300000000000001,6.941414848842854,-0.5261592719588002,3.497089865229623,1.9016172953048862,10.640137023597969
63,6.300000000000001,2.992750721119118,1.4252588788853338,4.511987690367771,-1.005301351855307,9.157636115954137
63,6.300000000000001,8.525252877661618,-4.024552932270174,2.890689023525879,1.1313526202231374,8.235593540918032
63,6.300000000000001,4.989880850281539,-0.04465195847456993,2.7040825995541162,-1.3933451648822217,9.69091870518529
63,6.300000000000001,-0.19758076570716154,-2.3010065604365804,2.586676043780229,-0.23239570501971807,10.068072536055503
63,6.300000000000001,0.17818595231591416,3.8280933214458006,1.2435310417593404,-0.21587312308043538,4.3748970638443865
63,6.300000000000001,2.3261139951369296,-3.1805704472324736,3.3897620925813996,-0.20616695092456805,7.109586784166986
64,6.4,4.755437507988952,0.0655453534463193,1.8943560357062008,-0.029156127015919964,12.0
64,6.4,4.5292661645317835,0.03539406807555995,1.7701626286536878,-0.13895809352361613,9.0
64,6.4,4.495111071174577,-0.006567654819435151,1.9578676487571616,-0.18764673585524605,7.0
64,6.4,8.372701005562703,4.160583313018277,4.101574310815877,1.858324817745245,4.312510603113282
64,6.4,3.051499963197747,-4.525265025669056,-0.49862780710913057,-0.4388954329106274,5.541790117022693
64,6.4,0.34993218654896463,-3.300594086389327,4.719222647051891,-1.2183216463575102,2.904195046663495
64,6.4,9.471930540098004,2.6083884032120705,2.845674032751341,0.7040758403575134,2.9300753615876634
64,6.4,1.3091662075686124,1.4642703805828212,0.12015270968759184,1.750821730143918,6.417385716632284
64,6.4,0.923313419487716,-2.4481348770645783,3.2669767891649446,0.6257948722647275,2.2887740467047513
64,6.4,2.8668859384629686,1.324462346907863,-0.04304156943486315,0.6933132296078202,7.8889700798883515
64,6.4,0.5179390375375204,-2.271640233235427,-0.026920390337292543,-0.6704914598553415,10.439471258625966
65,6.5,4.492857925548462,0.00030873695670571855,1.6106865702447704,-0.2523967769282791,12.0
65,6.5,4.7520807486670735,0.13505893193036136,2.2394179334081055,-0.21349296315430671,9.0
65,6.5,4.51711808878618,0.09603790021148674,1.7963545138857195,-0.19231330146219358,7.0
65,6.5,9.94820481633285,-4.363364106811364,3.9620480876479967,0.5579777419621101,7.7801155417179615
65,6.5,6.556045775404273,2.117171199217964,4.1506069104390955,-1.2648317205755668,1.4018157262847033
65,6.5,-2.98927998114909,0.9852848904326619,1.1231518359400035,-1.5048506755314492,9.670056008565975
65,6.5,-0.580196196644895,-1.6825068754077712,-0.5785997746797806,-1.7723471914861966,4.646782903787963
65,6.5,8.908341312821774,-1.8789725064630378,4.893384184841509,1.8574680333215996,1.0436362151471537
65,6.5,-1.1465733297475205,2.1492430289619087,2.604829334762415,0.7625882924206144,6.072341775608206
65,6.5,-1.7495169998118278,-3.1143992136544196,-0.540168031294711,0.4165368208682847,10.370150008762636
65,6.5,9.825683986038184,1.7198453765794142,3.2645692101315777,1.9383401661731243,3.573306871949832
66,6.6000000000000005,4.33340976694678,-0.09203480089810274,1.7904858963498818,-0.13872739565338316,12.0
66,6.6000000000000005,4.798927732306848,0.22646588818422347,1.8009200599268216,-0.17606087809460047,9.0
66,6.6000000000000005,4.4336904084078235,0.03991381197829055,1.5786357634516535,-0.33586539782981556,7.0
66,6.6000000000000005,5.422407251505916,-1.1194645269775236,2.330061475639432,-1.6236027734551013,7.771759616633237
66,6.6000000000000005,-0.9940516566051021,4.317946195529833,3.5690464869193814,1.6909563833006693,2.948376864813919
66,6.6000000000000005,8.916843698491775,1.4939261710774066,4.569431888672991,-0.3331835876701472,7.480939302815164
66,6.6000000000000005,-2.952988817795768,-4.374288841538406,-0.34307604579510875,-1.618586187268559,5.835116410036811
66,6.6000000000000005,1.572131081053425,2.0127080710935763,3.74389283960297,0.3608530973784987,5.393500618562251
66,6.6000000000000005,-1.0963297307592659,2.479016021481753,1.1288115148255935,-1.948026605312815,2.1212316347238884
66,6.6000000000000005,0.6476520669257417,-1.693994458590221,0.6454732113086175,1.2474806127503424,6.183042758451654
66,6.6000000000000005,6.8790431687231735,1.9555203041264146,-0.16596952892640826,1.231335638825128,1.9993180897236364
67,6.7,4.404632565110284,0.03541875322097565,1.8509820044816212,-0.20003714292686273,12.0
67,6.7,4.62460632695174,-0.08323974021124757,1.8097366866586333,-0.3145056217937341,9.0
67,6.7,4.417205121385254,-0.1378094737838335,1.5039708270386702,-0.1592841055562471,7.0
67,6.7,1.4919808932702274,3.019068334907484,4.276540453469952,-0.10970595637171288,4.238270024634159
67,6.7,9.627667313111608,0.5301300634440587,0.6255223603178748,-0.0440979386229019,2.0525759378311705
67,6.7,-2.5149661987619414,3.040011602630676,-0.3913896948734743,-0.7650060459879802,7.646401909262191
67,6.7,4.349115111064264,-4.570248743531011,-0.5240986049113106,0.7844654304520513,1.3360996918625092
67,6.7,-2.0668977902100063,-0.22917133752623542,1.032173800524502,-1.0876823681743342,3.7563505108336828
67,6.7,-0.5458743277723497,2.634112937325794,4.709253158901696,-1.439281031186673,1.9422986444610026
67,6.7,9.47585584926365,0.9476250347510371,2.8499624321795425,0.8397055125703274,2.9072715732271805
67,6.7,6.153545574609552,3.198111081856883,1.900811908086185,0.13343435005880444,7.387309128973808
68,6.800000000000001,4.481656897507826,0.16161995954460198,1.5345819818808935,-0.17112655525442155,12.0
68,6.800000000000001,4.566112009791835,-0.24259468350994423,1.9812703858658287,-0.07375727264963156,9.0
68,6.800000000000001,4.651792841372474,0.3061872846619389,1.7566920970902462,-0.38540511269253086,7.0
68,6.800000000000001,3.229893967556709,-4.735208986950365,4.65505557991884,-0.7233041129306814,10.44145646660466
68,6.800000000000001,0.3272080644496689,4.994089253876714,3.312138029027147,-1.810544906802848,3.749708738371165
68,6.800000000000001,-2.195488798667506,-4.744984360398021,2.5977133970772144,-1.7137419997521928,1.2620148418779311
68,6.800000000000001,9.134048638984098,4.369065400226779,2.2763244004884786,0.4665557255838033,3.4267404295502693
68,6.800000000000001,0.7946272198282474,-4.360274575917266,3.4247626711508934,-1.5928560450039302,4.666875612574278
68,6.800000000000001,-1.8877506667608892,-1.8877689079577618,-0.9252060409727076,-0.263857536974736,4.513496832892641
68,6.800000000000001,6.199851831040997,3.01348931421939,2.6258438227935277,1.3874968124556504,6.246675094435717
68,6.800000000000001,2.284528648972434,3.4877208506047666,2.038839862990276,-1.1078554880068188,9.831268820359234
69,6.9,4.291115347285351,0.0619002820339445,2.0597534992096556,-0.2993816247274617,12.0
69,6.9,4.529087370664341,-0.5540907008912856,1.7295855636191895,-0.2851880347460613,9.0
69,6.9,4.334904903233603,0.2120864702421319,1.672122667391392,-0.27434285083945187,7.0
69,6.9,-2.5727202865359033,-3.839006920984435,-0.7676643926260229,-0.6842253980940294,10.223895739956305
69,6.9,3.44138743649287,-1.4368251634306062,2.363596850398353,-0.07756340602884926,6.568324163707806
69,6.9,5.8132564242312235,1.669621635634062,0.9083848826520768,-0.6151421785556339,3.026777878677175
69,6.9,4.606921681336943,0.9643246789084179,0.8881994818227987,-0.6787284568982992,7.8524743210572
69,6.9,6.022585171419912,1.474108228760695,-0.18969517192135177,-0.23583248129842627,6.489780665294601
69,6.9,8.605179023237673,-4.636943238955248,4.130983678905282,-1.3472873717434255,10.445296658526258
69,6.9,3.594232222002307,-0.7566357107698849,-0.9392239759512471,1.661587748358528,5.392720618104918
69,6.9,2.914027955345973,4.54268276760615,0.7204634058753072,1.4651030936638896,3.68513647639822
70,7.0,4.461600097217589,0.18830385231590288,1.9075415161621592,-0.2803260889253503,12.0
70,7.0,4.332285133641185,0.19786787461684768,1.8896896046033045,-0.39588895414568115,9.0
70,7.0,4.389379718916376,0.003916020689562441,1.8906773118455376,-0.19458028908686886,7.0
70,7.0,3.804510021983601,4.071973733366125,4.267945285956227,1.250031076200663,1.7594836590520748
70,7.0,3.7066856511774766,-2.4828935825056773,2.035853023466795,-1.5967544887928797,6.619409236011777
70,7.0,5.56499993015454,-3.6602278077099237,2.0670377750043385,-1.7824721033327289,4.2878559781010335
70,7.0,0.8936623735703964,-2.6791953933021215,2.720189256270023,1.1471468480900349,4.223387728080443
70,7.0,-2.25506159097316,3.502836851553843,4.164606169727627,-0.6309237028479089,1.0708535416994804
70,7.0,5.567052857614188,-0.9738696829655051,-0.07485470686221096,0.11464967425244144,6.96239409547933
70,7.0,-1.8773242314792435,3.784721553959878,4.545738556457652,1.2864525480456144,3.6403370227561407
70,7.0,4.312865569827721,0.5759859112545493,4.907644259605579,-1.0083932406752685,2.8785854819268097
71,7.1000000000000005,4.490111330927654,-0.3104678168107875,1.7382412364571553,-0.29685746738898366,12.0
71,7.1000000000000005,4.460897399049224,-0.02915811173478504,1.6812070937466765,-0.39710618620160276,9.0
71,7.1000000000000005,4.176047823303406,-0.1708749550834982,1.7305839519650499,-0.32286423685399257,7.0
71,7.1000000000000005,9.881255973378824,2.8228392350355938,4.625391552637682,1.60921281967211,7.763937767172868
71,7.1000000000000005,-2.734241219144239,2.918472897910739,1.7068744640669276,1.1582328160026227,8.461335557293095
71,7.1000000000000005,-2.912694805875993,-2.1180069879943577,3.507942654747813,1.172083154406359,3.086453325559984
71,7.1000000000000005,5.056289815790112,-1.9874381055373624,0.8621755477271775,1.8670558545681306,5.9837454702179755
71,7.1000000000000005,2.709758330044659,-0.5287444975616298,2.3139965014441968,-0.361990652542445,6.8826855460508725
71,7.1000000000000005,4.184730339766384,-0.676645772324421,3.96028951761312,1.6362040791931358,1.0247793085702308
71,7.1000000000000005,9.117433377599701,0.6429620582938655,1.6528913447869718,0.8209602351673517,9.55962508813682
71,7.1000000000000005,7.898206686846786,0.6298224206637713,3.1998861309335673,0.9989174028849921,7.100245084449121
72,7.2,4.405363617894257,-0.15048538098585923,1.5081924523900287,-0.2753391184597661,12.0
72,7.2,4.403079110792167,0.11001032663643019,1.7566799454229927,-0.1823101754594194,9.0
72,7.2,4.385937136718728,-0.10193984603309156,1.942221926069889,-0.35885699532948495,7.0
72,7.2,4.734658091990918,-0.4288728470716243,1.9793594888204524,-0.23058172492617018,15.0
72,7.2,9.467953395039816,2.0726719419534074,4.927633573474548,1.8850452650754734,4.03582651594387
72,7.2,8.945826396531169,2.5537154122530756,2.6565762109818043,-1.3113173452683031,9.887954941814334
72,7.2,4.06356842650885,2.6537652239432727,2.125142952233407,1.472956513622631,6.440980914823108
72,7.2,-1.5744733105079225,-1.190596519513659,2.035786511561944,-0.27069881652356775,9.858886951442
72,7.2,-1.58837487831981,-3.4647170595536947,4.025703757132923,-0.062462963194195975,3.2524780417950696
72,7.2,-2.3666084522145407,-4.835087410223501,1.8408524119659595,-1.3424850963022252,4.30024343248666
72,7.2,6.166637297989883,2.9532346252775135,0.36978025074263354,0.36870777952712297,5.709521384568171
73,7.300000000000001,4.434932130023831,0.3093279212946336,1.998764289631343,-0.43818899380032267,12.0
73,7.300000000000001,4.583671865724662,0.08382909756622936,1.4172126517255488,-0.3107663072054773,9.0
73,7.300000000000001,4.531583301472826,0.006635716350256976,1.4644536303537032,-0.237650805404942,7.0
73,7.300000000000001,5.094987476628569,0.14319333114683364,3.2664161238659135,0.015731857720937104,9.038827403088735
73,7.300000000000001,8.758582555452813,-3.155540391131587,4.840092102475434,1.2487622074047682,4.280711425609412
73,7.300000000000001,8.189533704243305,-0.17092167628928845,4.023209296025584,-0.7729036656911794,9.059905823855381
73,7.300000000000001,6.905326321334277,-3.5954984161097734,0.8423114957750522,-0.2170693465610687,1.8680044335072334
73,7.300000000000001,1.1901563358644847,-1.1298288437581636,3.920628468702188,-0.9732964314313297,1.4439729691059013
73,7.300000000000001,6.688655238009439,-4.262879308883481,3.594434645090365,1.168092971319092,10.976754473698223
73,7.300000000000001,2.222084081532266,2.224778231674705,4.490830422470594,1.2028518942181075,9.69457123234689
73,7.300000000000001,2.0758046351604786,-0.15786485719935595,3.6761452687148326,-0.8296216406035057,9.82847503466204
74,7.4,4.38445234218695,-0.18866611256272123,1.8122743669873822,-0.29678765546583713,12.0
74,7.4,4.329383896113907,0.003593154330611692,1.5775086146065185,-0.2887533632010514,9.0
74,7.4,4.277408424600549,-0.44489122593346697,1.5388910114884848,-0.16652375988032003,7.0
74,7.4,5.52861886579532,-1.7248792168685076,2.6901462914202394,1.561031734585165,9.158333553266058
74,7.4,4.833237951834127,1.9453279128638146,1.1930197893281438,-1.3610461295091634,2.7646014146930664
74,7.4,1.1675928118487793,4.642826487041081,2.730868306718823,-0.8899555222639393,1.5180511563987344
74,7.4,2.86189847310735,3.355130374309944,3.010661424234641,0.24261136291667285,8.558777308258808
74,7.4,8.507117396239934,1.7243957221679027,2.8563783847465727,-1.2409274511569275,4.5004322237297885
74,7.4,-1.6169471208386987,4.65142117057399,2.593150220602116,-0.3372663634142836,4.8933400559165
74,7.4,4.657270671832828,-4.381880389282847,3.932763643424641,-1.1334178577426561,3.47067587280719
74,7.4,7.459098082133311,0.3437844326361059,0.6594320819414166,-1.8791602070317182,9.59178478696897
76,7.6000000000000005,4.382766273342112,-0.41346031147848417,1.813923722153396,-0.23344227670523526,12.0
76,7.6000000000000005,4.384103797455719,-0.018400756107226496,1.7884549575117246,-0.3073041361204142,9.0
76,7.6000000000000005,4.17065172078008,-0.5549787175451094,1.7837306950048886,-0.2866269215217956,7.0
76,7.6000000000000005,5.832860832847237,-2.5952644590476206,1.5188633663347142,-1.1551160222481398,5.235853482947864
76,7.6000000000000005,-1.3283493813723577,-1.2000160548610852,2.454929630422101,-0.5602692981407791,3.994114948165244
76,7.6000000000000005,4.9407191560576065,-2.0374526462069453,1.075103166564742,1.1626943665784384,1.473842338175986
76,7.6000000000000005,8.418091501620154,-1.7796591846894794,2.4290948080716577,-0.8873508644309278,1.247778751615968
76,7.6000000000000005,-2.306649657803442,2.37857181360408,0.026020899416902,-0.2971499050123314,5.300265696455212
76,7.6000000000000005,3.331591413929038,-3.155284158208941,-0.4326678960196224,-0.6079479413157176,9.833452707029679
76,7.6000000000000005,9.379716798154139,1.151355899884214,1.2884613704174148,-1.8443567169031403,3.440627787931904
76,7.6000000000000005,4.8035526580840635,-4.077423590646275,2.2552644262851578,1.0078020330869717,6.740555057818213
77,7.7,4.428288059314676,-0.3388429135957484,1.7815600632223563,-0.3267999152118194,12.0
77,7.7,4.29015691497843,-0.32408953188518597,1.5352344288158652,-0.2213906863595811,9.0
77,7.7,4.227413787425546,0.20584770652771509,1.7211814529922205,-0.37964292046951986,7.0
77,7.7,7.820762660045013,2.3026576228004654,3.810810899935343,1.7387329114696408,9.763947507508792
77,7.7,3.1776959208418036,1.3828702391254355,2.089638329436636,1.404147948768292,4.095717860299753
77,7.7,2.6076748373295953,3.1972677114473296,3.7961274503428326,1.8475444054743622,3.002708300901431
77,7.7,0.23596909034644398,2.0961950988591225,3.5415169858849174,1.7451139712186627,1.8485844355493433
77,7.7,8.789731434721904,0.735258617084483,2.4749191151838787,-1.3308350863830825,6.115311366376475
77,7.7,9.674515131509025,-2.4498253729657318,3.3484173107077524,1.18318001922125,5.507375878182874
77,7.7,2.7358015599479533,-2.88806279970942,0.1337623053181205,1.425984003606367,8.513121446031429
77,7.7,3.639834327730693,-4.098630179617333,3.3021168365773317,-0.9993157887798816,5.646025871930364
78,7.800000000000001,3.929393757737064,-0.19388555750954944,1.805422533598584,-0.2669775365989859,12.0
78,7.800000000000001,4.297642792852039,-0.6077780258355485,1.4356424796131768,-0.15123166502225832,9.0
78,7.800000000000001,4.0393420781165625,-0.09909201542008861,1.5704583408615016,-0.30273956082594683,7.0
78,7.800000000000001,1.380826045268412,1.6204960463156244,2.7838791557019213,1.759488356910361,3.734907162411555
78,7.800000000000001,9.496386717728935,1.806837756654053,3.906895563465011,1.1697004013407142,1.1558070004252499
78,7.800000000000001,3.386945925098697,2.0445828803341692,-0.5304459538985788,1.0320843326012277,3.066298260523869
78,7.800000000000001,9.50382909350078,-4.150252468742615,4.016694707551127,1.731920106597085,4.123878122020373
78,7.800000000000001,-0.059544432573193085,0.24811187609203778,4.567149352777931,1.8409040180918717,2.7820685648046553
78,7.800000000000001,-1.3375290034198875,-1.5099577444454937,3.18886784690514,-1.1137660024562788,1.2014447149660226
78,7.800000000000001,1.2220181722482506,-4.7670893999530675,-0.07886991441280666,0.2493179776709753,2.5744760866519156
78,7.800000000000001,5.490170861954375,1.4891183109583697,3.6701628246693003,-0.33887434504483416,7.660995535675723
79,7.9,4.183219413910486,-0.10411094616329603,1.8906069753110057,-0.23927732681069466,12.0
79,7.9,4.159702423228735,0.03400522165391773,1.7492773594529132,-0.2615854718206826,9.0
79,7.9,4.220960952313674,-0.19399198283101504,1.556434825056385,-0.2560675001583604,7.0
79,7.9,7.932278074884133,2.6851699259897757,2.766512574745282,0.15337919733205307,3.7769793046320923
79,7.9,-2.595905659895605,2.2293399869192125,2.2698976374709847,-0.9170357973444525,4.667430989299597
79,7.9,1.2619465050947412,4.356067864697414,2.7461734707033623,-0.09635026136988678,4.90960613928306
79,7.9,5.071982616209301,-0.8625767501434298,1.8210936392180974,-0.8387629731693185,7.0386456093834395
79,7.9,2.7180929076913785,1.8559223243791045,-0.7603484494811847,1.1801096291846194,3.1989004273506163
79,7.9,0.6787340311970667,1.825597934324997,2.85635188808036,0.6105121965652214,9.042918658766872
79,7.9,4.905675911325438,4.591018380695349,2.050064976172345,0.9292764620614058,5.375363567715046
79,7.9,6.170841306049509,-2.6373242272166966,0.6998350351209537,-0.30393160737212854,8.062441116832469
80,8.0,4.074162852179884,-0.5336978527925134,1.7832137932275465,-0.2710512017043678,12.0
80,8.0,4.318952532897557,-0.4521823254633054,1.5178551562035891,-0.2779463188662605,9.0
80,8.0,4.133090296098892,-0.6420703925684723,1.77416300080986,-0.4629321733699985,7.0
80,8.0,-0.35203846195766175,-3.884786560285447,-0.2807251962599604,1.9961600700222126,6.303450176108519
80,8.0,2.3600394491440513,-4.980702921266605,4.717572743756086,-1.9200803030807494,4.743678336275708
80,8.0,2.441619632208938,2.1747758597065587,4.4875954662305695,0.8515451657284041,7.684942903243504
80,8.0,3.027134813700153,4.744420389841034,-0.7640837018003774,1.947568810152032,9.12905347695761
80,8.0,8.042090172209706,4.289300171263591,0.5286345445852199,-1.430167710862921,9.81233215671709
80,8.0,5.623098631845101,0.15859437986120017,2.1390077644662764,1.6984767139328705,6.4701622820633355
80,8.0,5.061051786492408,-1.8893616489541012,1.4003993385072562,-1.466016659632595,9.198851218197008
80,8.0,-0.499917476416039,-3.566499297904615,3.8617480472681267,0.8194938718884752,6.1130595341269505
81,8.1,4.266305071409648,-0.039384778718167424,1.6817674462238505,-0.33365511723828356,12.0
81,8.1,4.060247418920179,-0.33694528621968833,1.865366271337347,-0.2983168007317014,9.0
81,8.1,4.150542359915073,-0.5108253614471389,1.5010202837469333,-0.14532185292998415,7.0
81,8.1,4.4628960064478935,-0.6357806593711719,1.9445182992219803,-0.26679759891214255,15.0
81,8.1,7.7724220230509395,-3.6114861324917023,4.459623037504768,0.12571268868828067,10.890779350422578
81,8.1,4.619421990886763,0.10166293297767126,-0.7838505589824012,-0.011637352773607557,10.469162284239804
81,8.1,0.42614561480087687,-1.5731181962216856,2.89460959512284,-0.009211482103576252,2.0600249251994285
81,8.1,-1.7881632353230144,-4.2695872523824105,0.113946173704222,-1.2364594137111053,4.959673030903686
81,8.1,4.9079098406277435,-3.221855359544572,4.290316539648623,-1.1609573575463474,4.155367459028393
81,8.1,-1.8152912094570257,3.7574601635964697,0.7719654564603979,-0.2983094806650568,2.2972810690490553
81,8.1,9.46734299216175,4.443692191577739,3.289501335589507,-1.7242441930697812,7.947983112487609
82,8.200000000000001,4.00271225333498,-0.5483108894676152,1.433978183489856,-0.28621013552944735,12.0
82,8.200000000000001,3.901425911919207,-0.24201814412668757,1.4293556266010108,-0.2946394074656867,9.0
82,8.200000000000001,4.002945178019207,-0.024605838741230956,1.7544639561610433,-0.21948741763549573,7.0
82,8.200000000000001,-2.2879366039243307,-3.6060261687901116,1.9609049465793018,0.6072620842302969,2.6157862437152195
82,8.200000000000001,-1.864582404066815,-0.5898137609573153,2.4874821371201117,-1.063097295155754,7.122233770420157
82,8.200000000000001,1.8370193497083296,-4.281651302663914,0.32078648139856947,-0.13298829632423992,3.6378604217576673
82,8.200000000000001,9.87574832602919,4.962650629391334,4.877730086745728,-0.3076544547986897,2.723672265642473
82,8.200000000000001,-1.9511550806093547,-1.7642656275066648,0.4262862522258637,-1.9434937003605817,10.297682501350732
82,8.200000000000001,-1.7619630662511199,-0.46808064950933925,1.0379747828257821,-1.2785851134620678,1.4300325074005107
82,8.200000000000001,6.309299618563712,-1.4288440410338143,4.111207134479266,-1.0360913589475307,6.651481126958871
82,8.200000000000001,3.9991153711261216,-3.1586078285081753,1.971803698315052,-1.3901339640864552,6.482638418332653
83,8.3,4.051245175451375,-0.14764106356565376,1.842766429409314,-0.4331341725942158,12.0
83,8.3,3.819767420750714,-0.4764207122806895,1.473498237856734,-0.25897306499235856,9.0
83,8.3,4.105452522101997,-0.10547576977552167,1.7640486829970514,-0.30270124052057706,7.0
83,8.3,3.2404029925408206,4.051863233669755,2.065262895621974,-0.5797597168199013,10.668198780822333
83,8.3,5.324875128929648,0.4613949340096344,-0.25588110814062714,-0.4290983443502818,8.036581008556112
83,8.3,1.0732303442282394,3.468337750111317,1.2730553418386528,1.2862209305555705,2.6155072645119373
83,8.3,2.751064720712292,2.5350056344561,-0.18830842893286048,1.6986008786338496,6.861369551739308
83,8.3,3.247278580385937,-2.402017543736936,0.44893763818884125,-0.9396908457001123,2.187771230955784
83,8.3,1.76741424793358,2.1751953267561674,4.697618257404761,0.6761497204945286,8.891420398689263
83,8.3,4.11316152227331,-0.5140219198286538,3.9691668022256987,1.3986288097842796,3.8131517387388296
83,8.3,0.8094897676266415,4.534202486534301,1.3706921792382927,1.2003122767661112,7.952148230600185
84,8.4,3.910338641644124,-0.28466296166733296,1.7421587141222419,-0.3402324089581798,12.0
84,8.4,4.136366154780824,-0.18883724222184417,1.7450984173067894,-0.3403765804719608,9.0
84,8.4,3.960067963212151,-0.6174338593513988,1.518432642543743,-0.3696860059802722,7.0
84,8.4,1.8031236003562867,-2.2579759770660015,3.375627463162335,-0.7613918798912627,8.708102818323926
84,8.4,4.021845380329379,4.232235352696165,2.2356558935214945,0.46809164064224307,6.003156144194704
84,8.4,-2.047802179821832,-3.218658562582637,-0.3942928042113192,1.0592517934233605,8.67857375633811
84,8.4,7.86697405191895,-3.1354470680542237,0.3156305055385462,-0.7071708420288685,3.678756020772608
84,8.4,4.684009020399861,1.2179619380001947,3.1205237512487454,1.6207710248538505,6.895063304034679
84,8.4,0.835521826454996,1.587589892067757,2.358337074666153,-0.7766510383497316,9.651834547878755
84,8.4,8.796397425717753,-4.045165880407825,3.2720061609923086,0.9114948520904078,4.179845046165125
84,8.4,8.899244859969501,0.1858059235135361,0.9297340293154754,1.310962679440082,5.835499824307432
85,8.5,3.8822631122179567,-0.2346519336252552,1.6405336033000368,-0.3042342202656164,12.0
85,8.5,3.789386408846795,-0.4539225026274451,1.7917709669139525,-0.2723495920122873,9.0
85,8.5,3.869343141943492,-0.32926158476734535,2.114089005261451,-0.3213536230068825,7.0
85,8.5,2.556579481030548,0.10325917075734203,2.055801879348931,-1.9185261052624893,7.387555557684373
85,8.5,3.5395954627598103,3.5597080017412495,3.255644066853489,1.1828344885000193,3.4887972814787895
85,8.5,2.076304866990773,0.289732369129581,-0.7990985860173971,-0.4680082313226257,1.194061504940175
85,8.5,3.167408583604372,-2.4479110040091836,-0.8125541260561011,0.7616324351158084,5.041545356132761
85,8.5,2.656140761034962,-0.8432180688776576,0.49992052417105337,0.1513215959920684,6.364864895582901
85,8.5,2.694348156519509,-0.26015526970908986,2.4852280906182918,-1.9747014110410586,5.595471512617503
85,8.5,8.800046745999493,-4.289126030549188,1.7055484838959671,-1.1705084990424743,10.6201436381886
85,8.5,3.8091708018083796,-2.1976989120286214,4.160038988375623,-0.414560664150319,8.068391738460283
86,8.6,3.5353493575268424,-0.47458458088879224,1.5897370843125875,-0.36025250236106154,12.0
86,8.6,4.130529059575338,-0.20627774318657144,1.6844371399912486,-0.34910337253751,9.0
86,8.6,4.1174910321550335,-0.38235281962113443,1.505211787354096,-0.45675422245308517,7.0
86,8.6,8.944373908770451,3.0683444719045525,-0.3751918743566487,-1.4643374253857662,7.78985660914937
86,8.6,-2.0950569766181273,-0.06755125255382577,-0.5153694447558819,0.8947133462987762,1.711688225478937
86,8.6,4.1806615588556255,3.3588501755314244,0.6787747320278976,0.07656313664456293,10.758945922813233
86,8.6,-1.4727640831629234,3.846100026502805,0.05002977373902984,-1.59055099459838,7.845269785858116
86,8.6,-0.33434221919861695,3.062314887229814,-0.3651128338919032,0.4577099793526638,2.8172956781192617
86,8.6,6.700356907996634,2.510811604828711,0.14036531964878685,-1.753504006489552,1.140946454618558
86,8.6,2.834482989038829,-2.975146547554539,3.1956248540836283,-0.573228801378316,4.344628922052188
86,8.6,2.8416012334307172,-3.865150668982882,2.4053017192891506,-1.2579032414723708,2.528132640522074
87,8.700000000000001,3.887184228844886,-0.5897118734394691,1.8666956574171072,-0.3797734448219353,12.0
87,8.700000000000001,3.977364615838322,-0.40852584063828473,1.4527035752707336,-0.3671800605694914,9.0
87,8.700000000000001,4.14266068325043,-0.3539311186862017,1.4614301196196977,-0.29402554607573034,7.0
87,8.700000000000001,1.995986568351448,3.6815482652906777,2.221999630510996,0.621227400029162,8.930794326950213
87,8.700000000000001,7.179166860938954,3.2812278833752,1.8577072585020864,0.03517255509392525,8.56936335942559
87,8.700000000000001,6.334076142141132,-2.3665764126437363,4.126938418193147,-1.9168527020966337,10.982559512152958
87,8.700000000000001,-0.4549691712735795,3.001999430365032,1.0415492713560335,-1.4006686692307762,5.785124609413839
87,8.700000000000001,-0.5721881757517568,0.30756401936069544,4.077089176069927,-1.7173971369155576,9.069229778199158
87,8.700000000000001,-2.603748181379558,-0.3483186416315682,4.737124490321808,-0.8839607863434944,9.624783669834784
87,8.700000000000001,9.469217007871627,3.8768117659000136,0.6988104583250667,1.267792257024587,3.1160258145368394
87,8.700000000000001,5.916274933394645,0.11822388904757197,1.5374968582572484,1.262011023701827,1.4206644205306098
88,8.8,3.943487099243393,-0.8291189526772299,1.5003722518454723,-0.22057923078269887,12.0
88,8.8,3.9023017138316805,-0.6925403381528026,2.1286718938186033,-0.3192551734963725,9.0
88,8.8,3.951120739673163,-0.3292336043231785,1.5839885642669356,-0.37514572945690283,7.0
88,8.8,9.92562276090593,1.0474871329559088,-0.4939306333701323,-1.7388910620853606,9.242389461001263
88,8.8,-2.0260179486269063,0.8989274729095182,3.857475213964311,-0.3881490329179771,6.508316650302666
88,8.8,2.782864870664204,0.8928770366462802,2.198243628718134,0.7522469324050807,7.1854023650319885
88,8.8,3.133214362119345,2.1386068506406755,4.983864455279805,-0.5988086310049403,1.589153393358035
88,8.8,-2.8411989821004395,-3.7437495444834523,2.321085109921723,-0.6229688514213918,3.0155169717439216
88,8.8,9.219773718164902,1.2744609010738293,2.1221311157928078,1.192158005088075,6.5096441551355255
88,8.8,0.361668323638237,3.1973854028235973,-0.9816333708154423,0.4787094485428707,1.5880105782349765
88,8.8,9.151842963595126,2.8785995203387005,4.121805152884156,-0.412181219313998,8.414468065877132
89,8.9,3.751090110799386,-0.2420081467989464,1.884105981780978,-0.2585489980554728,12.0
89,8.9,3.7042706454194203,-0.14144008948688364,1.8974783671076616,-0.26695406304989444,9.0
89,8.9,3.890725690080744,-0.377770248528849,1.6358662223967033,-0.2636580138929133,7.0
89,8.9,-1.3434532760562048,-3.7538974592045937,2.41128113029875,-1.0628175967523052,6.120419334634545
89,8.9,6.49277855688336,4.496353881767499,3.5962004396024785,1.5087014655156659,2.656330810123454
89,8.9,3.7546187484317137,3.3231930421753333,0.09741910392009423,-1.7266084384174905,6.9053740858572334
89,8.9,5.527390431620917,-4.480474962419441,4.354888514838083,0.7662165884296743,2.6969693224186546
89,8.9,9.378609430315855,-1.8611334368676435,1.916949855209725,0.9667614601804759,8.235949236028212
89,8.9,0.15612681099066705,0.41848820111666907,2.9568036500328683,1.915234617788165,2.952416230296704
89,8.9,6.681142825151003,-3.81869149720926,1.8520007082998617,0.35508313195828833,9.962851007761495
89,8.9,-1.0938991427634144,-0.6803394301892158,0.704034898014938,-1.5246898309518961,1.2620935654880885
90,9.0,3.7883401539962165,-0.5114449296796354,1.4538908412419675,-0.1997221006754627,12.0
90,9.0,3.4203866688907896,-0.2762160461509402,1.552833674821513,-0.34522526673130016,9.0
90,9.0,4.0974303606689455,-0.5786141046468044,1.5095688315753384,-0.3228295473287336,7.0
90,9.0,4.176659935690096,-0.7857878862067941,1.8955826623810204,-0.2623980082151712,15.0
90,9.0,-0.6555527211257512,2.565158676453409,-0.05793205508924881,1.1132103790042454,4.792659505862729
90,9.0,7.374102113499619,2.466009640551217,-0.8834632716475574,-0.9074671495733058,2.867462176697897
90,9.0,3.088390656293578,0.9554437871679582,4.515332596214301,-0.4975761114851909,2.3810473786874864
90,9.0,8.375303144061403,-3.3657071186316347,1.227682925051762,-1.790871956714708,3.368606031272881
90,9.0,6.65236078372309,-3.4934724256708707,0.5421200938907467,1.1009330087728593,1.2983210801298508
90,9.0,3.9513173264952295,-4.860272805815375,-0.9865887715156172,0.042642526959588256,4.081269620362685
90,9.0,0.9644216787395328,-3.196885540048229,2.681563626296666,-1.0862541131302916,10.019546901817941
91,9.1,3.886512642310506,-0.8017356467926644,2.006799963313657,-0.4047259265007775,12.0
91,9.1,4.040136848665553,-0.2431859059179945,1.7548874777047903,-0.377774204098098,9.0
91,9.1,3.819821493549658,-0.5416789612432638,1.6452288436489126,-0.3293652023522723,7.0
91,9.1,-1.574740505008845,-0.4194145838156862,1.2880934095258345,-0.04256321350644843,6.363197772226286
91,9.1,4.211353812762804,-4.797412399822539,4.053453487526965,1.894656292693354,3.3783538488179112
91,9.1,5.4942625560473495,1.6045223849336923,2.1678791469842507,-0.662906353142473,9.284969482679156
91,9.1,-1.0632882856662258,0.8406334269605065,-0.7303515789447577,1.2980102707674956,10.701365112382403
91,9.1,2.4718520931180006,-0.8524577583802522,0.9630251508554346,1.8774155547943456,5.591960956920653
91,9.1,-0.7260796139806551,-3.4869217852478886,-0.006810990729819055,0.634109931403056,7.359192651892537
91,9.1,9.89463914348478,-2.6452482959824533,4.433704382404927,-0.8855337631673104,8.904132683455725
91,9.1,5.422698961628903,-4.595010480666323,1.973923847457134,0.6182798651159271,3.4148906062179396
92,9.200000000000001,4.075963308091623,-0.3955749855782118,1.7280969914615236,-0.3612190962962303,12.0
92,9.200000000000001,3.8803652136160256,-0.53416952057113,1.5764650921474053,-0.2569777435716324,9.0
92,9.200000000000001,3.504161739657897,-0.13867739640453108,1.6696115698336804,-0.20338236365521925,7.0
92,9.200000000000001,3.2259393015300653,-0.06090256845600983,4.1371703788905,1.082237211140399,3.3436663249506084
92,9.200000000000001,-2.754929472506607,-0.44978239416812116,2.708443029464533,-0.15841765162790633,6.507588922031937
92,9.200000000000001,-1.3016116716658699,-1.0252591630935184,1.4699341707784166,-1.249136310200965,8.70609332638432
92,9.200000000000001,6.8319924881223955,-1.7859931985752322,2.5339237434116972,0.06292072383507019,4.171206618751382
92,9.200000000000001,8.406552029813053,-3.7798506813716184,-0.31442195047923915,-0.7987213235079369,7.5397314671693145
92,9.200000000000001,2.6057945856358558,-2.0145775124786045,3.579122494371463,-1.0189366275628013,5.814804275187985
92,9.200000000000001,-1.8979283439608186,-0.8620019011585249,3.640275728830904,1.4022477743469652,6.0315885094502
92,9.200000000000001,6.533483028723561,0.5788667849974409,3.34515021049506,0.7255581412154455,1.9005503778215973
93,9.3,3.81902424836495,-0.39193376357241,2.0083164117313896,-0.23402120853572483,12.0
93,9.3,3.6667455684918115,-0.3039122701243275,1.3471939368729777,-0.37884887998999905,9.0
93,9.3,3.7877146545554297,-0.8991762213288101,1.6192945560752368,-0.3834721350649859,7.0
93,9.3,0.6888552454771393,-4.295104946430809,3.099659687107648,-1.9934766094805405,8.906014890556001
93,9.3,5.784730650287404,-2.4962340101017686,3.476625392429007,1.0790006694025975,9.498585482468028
93,9.3,6.413394104627994,-4.755165585323896,3.2224197178626106,1.9605824562230527,10.812622507439887
93,9.3,0.1541297908330974,-2.2576142777466144,3.8811592974832365,-1.3584127797756778,7.720157222995868
93,9.3,5.58758778155917,2.550263775005784,-0.7770360290838569,0.21504837706090463,8.690619138400203
93,9.3,4.486404360966477,-1.965571026082058,4.258068016385103,-1.3490011228005745,6.057582783213293
93,9.3,1.7345312235761865,3.486686871473294,0.14385653963595502,1.2854965453107,10.127369011811261
93,9.3,-1.9721006942165757,-0.10770932810009981,-0.5480160253257795,0.7116143402460571,7.437583821994625
94,9.4,3.713902166448421,-0.6040042201422707,1.9589589018996607,-0.38139494117800316,12.0
94,9.4,3.7728690281851773,-0.5398491854050447,1.972115107637022,-0.36963994868802663,9.0
94,9.4,3.586805111282765,-0.6697646495971231,1.684898663937284,-0.40720539847561077,7.0
94,9.4,8.999190567620783,4.86590075922091,2.910192553466675,0.799689443190899,3.712740727079913
94,9.4,1.1837792060556573,3.5715859544874906,0.3067900113218893,-1.5744774027561297,7.4851229840513795
94,9.4,9.652327871269462,3.6413867682053223,0.8218708072288001,0.7006828655241968,1.5303237167188446
94,9.4,3.0712386463715937,-1.768717938545291,0.7206452645617691,-1.455890219116374,4.4036377813972996
94,9.4,4.14113506958591,-0.5340330988249224,2.0731185217996657,-1.138571330082382,7.8975196594047485
94,9.4,9.201938720052219,1.385911963305415,4.397603944300021,-1.5629153358689782,2.7584974928100596
94,9.4,5.097062556130274,3.4946181864416115,0.9855246788868,-1.2194273234560544,3.2092786221291236
94,9.4,0.4452769754730559,-2.27066273250201,1.6831937895412112,-0.6961455888826737,3.0066662541291747
95,9.5,3.673719233307557,-0.40961913652350723,1.4306654080987922,-0.268338741659876,12.0
95,9.5,3.497902239278406,-0.34477506665546875,1.825143371083358,-0.270609232915028,9.0
95,9.5,3.378507787874075,-0.6762452345435264,1.7265184181002087,-0.29070001352430497,7.0
95,9.5,-1.3821649714714224,-0.8326774610595535,4.220572337682633,1.5283399963820092,4.4787066172106815
95,9.5,-1.6042439540751077,0.7429728796555155,-0.06594881724932256,0.7445172400111311,3.855089916904162
95,9.5,8.913632223075783,-0.45230707524406366,-0.501503351847691,0.3170167835781821,5.530821208098272
95,9.5,2.310716711766111,3.108987523339602,1.0420667835583264,1.499588801890357,9.565751771491906
95,9.5,0.5581052992522033,-3.4248236411131403,0.8388822639114795,-1.860336832709014,8.285936425378988
95,9.5,0.656197569365137,1.6011763388203075,-0.146302128660446,-1.5545401088536481,5.716238139675028
95,9.5,-1.278991213693445,-4.224483257385336,4.247812471057637,1.7764604619861126,3.445628432858732
95,9.5,-2.394705027525778,2.6007178154354023,3.4229104803031865,1.9876376984401616,8.27015741268371
96,9.600000000000001,3.767734929505096,-0.5593843251161098,1.7670806445148033,-0.2750644391533051,12.0
96,9.600000000000001,3.852074216606067,-0.5478084002566809,1.700367935371995,-0.24649188806409816,9.0
96,9.600000000000001,3.886239944985108,-0.8300925200994043,1.5151633151478259,-0.2190814047958466,7.0
96,9.600000000000001,-1.876183627505519,-0.7210573682075285,0.004143615866293304,-0.6143730161023653,2.312049607157758
96,9.600000000000001,7.316510742090882,-2.54072349410864,2.671367728052414,1.6047256769944513,7.383399638096629
96,9.600000000000001,4.370079431384109,-3.0620738722758736,1.068597163795726,0.3614768287362642,3.0943283652626024
96,9.600000000000001,3.5859448168780954,-3.513801637230962,1.6807780681434137,0.17226677964099357,3.2563798563035906
96,9.600000000000001,0.47532528794844175,1.124455153398519,-0.5790394030887409,-0.6535718657379328,8.791385153436106
96,9.600000000000001,7.455598826108467,-2.407151990918446,2.631061100018469,-0.35988114515875225,3.8592494883694264
96,9.600000000000001,1.1139818513982078,4.161316879100269,1.059570308482301,-1.0532963940519267,1.71587302151916
96,9.600000000000001,8.820917103323517,2.4594435593581485,3.0907982821891844,-1.8018602317324968,1.364319473098611
97,9.700000000000001,3.452244203733481,-0.8454037036429074,1.2869916904980245,-0.35278601484478134,12.0
97,9.700000000000001,3.4291318402595863,-0.43077462377667486,1.3601370042332976,-0.5325637065168192,9.0
97,9.700000000000001,3.4505523191574112,-0.5877938587959022,1.4789274718237118,-0.15950842801010484,7.0
97,9.700000000000001,-2.152196291306028,4.32113448371172,2.009971052392898,0.015025351068552517,5.910818264945805
97,9.700000000000001,8.98553634464172,0.07323979593069474,1.6304425431808927,-0.910045631531204,1.1682593925282472
97,9.700000000000001,5.564617968626472,0.6964509097976155,0.28607262168669845,0.837651660245299,3.7422982239037075
97,9.700000000000001,5.373129145376327,-1.026661157934592,-0.9735944685786966,-0.21367539929524915,10.553822174042486
97,9.700000000000001,-2.9212444773067276,-4.2500151070096015,1.5836594148850045,-1.6723204632586892,4.158314850884807
97,9.700000000000001,0.5836506392331611,1.5549136855896837,0.8516920556565142,1.9905943764860417,2.8145445530144064
97,9.700000000000001,8.911926440894755,0.8530990458552363,4.8016828318095826,1.4720691777300883,2.8753144657220835
97,9.700000000000001,1.1456807449263318,2.495962459853094,-0.17900929597631587,0.7382056975149642,5.79213264641949
98,9.8,3.8480427817993386,-0.47666519478731867,1.4684539231670368,-0.3244400182812419,12.0
98,9.8,3.4859248546532995,-0.6386373060259006,1.3364701993355317,-0.3947620909751131,9.0
98,9.8,3.5585838536907133,-0.6154306758808121,1.8145316169449228,-0.2512823265361191,7.0
98,9.8,3.7275681771161393,1.80966600125159,2.046253061198744,1.7624439926702342,3.749316919703817
98,9.8,2.5643663605619205,-4.840836969602891,0.4182412124539072,0.002427432426623799,5.2907511598681936
98,9.8,4.027434074552605,0.5238478931205348,3.287312589620493,-0.9014074295298884,4.948408927006323
98,9.8,5.643747827539203,2.040322731192128,1.467684515724958,-0.39132360341471184,4.01461667988017
98,9.8,-0.6739777864661534,-0.8601262374462628,3.7208977502420746,1.6358920221995357,2.378995824119653
98,9.8,4.71697148713355,-2.006296566457012,3.093738311958388,0.9605848347840156,7.559154619738806
98,9.8,1.3187661241486106,3.2654786148954678,-0.5578250071699595,-1.956985129599898,2.3660440277965535
98,9.8,-1.4013799557833164,-3.4399165217249026,4.273574197686328,-0.3000731911148766,8.754244526726744
99,9.9,3.921341210346328,-0.9471680715790287,1.5084315861880684,-0.2682421303635129,12.0
99,9.9,3.437664363579325,-0.3190620529537831,1.7487499025585254,-0.2717673777907248,9.0
99,9.9,3.5193393614895787,-0.5214185862257691,1.5651410360850355,-0.27421685056170253,7.0
99,9.9,3.91264716234457,-0.8490272193794397,1.8360983668145976,-0.21794700831164154,15.0
99,9.9,0.8138772462959549,-2.6213596356138025,1.6551655254397128,0.5413369721903369,5.809081121814805
99,9.9,2.634456821610586,-2.5546342424819404,3.175272609369653,0.33788437884595934,3.2087883484954016
99,9.9,3.751080796403995,0.5441959744597833,0.33140387776294133,0.7217242443698249,6.063740694865626
99,9.9,2.037506962003988,-1.3653218026998037,-0.10159475039937682,0.38734933820178563,9.887877663650384
99,9.9,4.834637337104585,-1.5969935633347165,4.159100341193204,1.3818315948617133,8.923956468500528
99,9.9,-1.582294015728393,1.9503838780991822,1.363008537110134,1.9988594042515713,5.98828924426821
99,9.9,-0.07469281409951911,-2.194757945855106,1.6526377673343648,-0.9251394052773474,3.884926031419477
100,10.0,3.5863159389901815,-0.48636763454932536,1.2676763006270466,-0.36625931446497295,12.0
100,10.0,3.5381152044167865,-0.10372162904465759,1.6948734534340257,-0.39878768578306256,9.0
100,10.0,3.0385313513979115,-0.3533509101811745,1.5597767944686236,-0.16943562221066238,7.0
100,10.0,1.211734107773613,3.1490225905200244,3.492962002810068,0.671695480234145,6.9518097318910215
100,10.0,8.965206148480775,-0.9207540561865795,1.338027115897194,-1.3562103056739625,8.830883149229926
100,10.0,0.5849069814358989,3.797764560608707,1.846292797468208,-0.6345867112371582,7.555941353552872
100,10.0,-0.19054328393177533,-0.15039749756384957,3.299992222787173,-0.8532318981716984,7.911320145375287
100,10.0,6.850314770564504,1.297877747249184,3.725375375238226,-0.9963614845003508,3.2781115108638406
100,10.0,5.2033658815295905,-3.4626472051115806,1.1827818929878204,0.8974403793712051,8.418209135729176
100,10.0,5.211689012539166,-3.1213927466247804,4.150056032555175,-1.7865960706192725,3.3790988666433077
100,10.0,4.737803950716444,4.838205002316062,2.1890283910564916,1.2026872798376829,10.806402751425882
101,10.100000000000001,3.380657679055087,-0.8225426453057667,1.425039953762702,-0.4142868262872864,12.0
101,10.100000000000001,3.347635491442995,-0.2595623145056488,1.6525871171418567,-0.23811225403881103,9.0
101,10.100000000000001,3.3500691182411657,-0.8068633862966338,1.3440382879787798,-0.25656645396429445,7.0
101,10.100000000000001,1.8158446855733237,-1.8174944538159679,-0.8130651350399776,0.4849327128546541,4.531878297209609
101,10.100000000000001,5.146517366043602,-4.291995282263411,0.9022493774567184,1.4912221279815912,7.152300505352921
101,10.100000000000001,4.56817188717952,-0.8802527598801211,1.7906115707845753,-1.1668800222567794,3.181491845610315
101,10.100000000000001,7.554459509203063,4.140047054509676,4.463984253500262,-1.1042624332308013,7.629277005606187
101,10.100000000000001,1.0396234810939395,-3.393772251904632,0.843206801793879,-0.6687785115095988,8.668615203028132
101,10.100000000000001,5.230374581840261,-3.1035361845187537,4.516381546206461,-1.5876021196587602,2.666361430284744
101,10.100000000000001,-2.9105858565536704,3.549451286305331,3.2226188465962977,-0.5785605185760061,1.4385828341791598
101,10.100000000000001,4.741496176831534,-2.7645589916076663,0.010337891872255867,-0.11540345944510877,5.395873753013388
102,10.200000000000001,3.429797377364664,-0.4528703865975152,1.8832005286191913,-0.2588262182980436,12.0
102,10.200000000000001,3.674295055911945,-0.38620829095644865,1.2712064387179243,-0.3332484767201657,9.0
102,10.200000000000001,3.352225665065689,-0.6690492878044769,1.5465968881939147,-0.19590599053253802,7.0
102,10.200000000000001,4.8110418932913825,-0.6255539950008302,4.516839851060548,1.359736376788753,3.255234582830848
102,10.200000000000001,8.4284748660763,1.2951657140343755,2.8100474951648384,0.4367947348637946,5.216885547835922
102,10.200000000000001,2.6534940074789306,-1.778939989327374,2.552017324693222,-1.8978726514461988,6.585640667679065
102,10.200000000000001,-2.903066391490561,3.516418262967486,-0.7214557313342669,0.09918060133367224,2.2028571515609334
102,10.200000000000001,4.994840918345386,-3.018287703775644,4.37438502959089,-1.2396169130065,9.168200674791013
102,10.200000000000001,8.49869483576677,2.6299026933303518,0.4444577211451637,-1.3970233348956258,3.7468553268082987
102,10.200000000000001,1.1110252324210563,-1.020494337297253,0.4747080589935406,1.9955661950176928,6.492699016016638
102,10.200000000000001,-0.014519628885446778,3.30634826982857,-0.04529351745716337,1.9209785011037899,6.496338106932469
103,10.3,3.194141800550997,-0.355338612912784,1.3666678238165106,-0.2070046404970196,12.0
103,10.3,3.3780520001478447,-0.5481570105282974,1.406000012202303,-0.24955164369742666,9.0
103,10.3,3.7638119814879265,-0.21826134257362845,1.6282777777544073,-0.23867683044815874,7.0
103,10.3,0.8261986728528368,-1.563540742702357,1.716505245625143,0.022934748737422073,1.2280024757496946
103,10.3,9.796082153163903,-2.766774118380595,1.9278569892958828,-1.4019530420426443,7.144032510643202
103,10.3,1.5499900252036438,2.1731071870640424,0.04677286256344737,0.32540523020017265,9.254688332656196
103,10.3,2.4171133063840937,-4.48420455595527,4.598451448870668,-0.34558743882845455,5.505398055116595
103,10.3,7.191044964765162,-0.8368651126819966,4.624161929472708,-0.8381186622844101,2.647061404908643
103,10.3,2.358998445940059,2.588642402592863,1.0620038916851415,-0.5425717146592826,3.880820729356409
103,10.3,9.932701254384904,0.5561452569035197,3.136282722020889,0.5738489366144393,6.099889295118646
103,10.3,7.76301391303544,3.61825099441743,2.3795367948218575,-0.8217757001344026,9.366812189776665
104,10.4,3.5706433931978356,-0.8032998011007854,1.536891738445658,-0.2729604433716558,12.0
104,10.4,3.32991529828463,-0.40547674882145707,1.7655532047243792,-0.2553109301944084,9.0
104,10.4,3.5631919434034796,-0.48127817322324656,1.3715110543328408,-0.24848663670674426,7.0
104,10.4,2.6114527053162844,0.5429813527959801,2.315287638637879,-1.8325538983726477,1.6276327793060288
104,10.4,2.713262965525601,-2.8618184520776913,4.500170468512099,1.9063199604933363,1.0372550807762073
104,10.4,0.8954096525768982,-3.2481460274894127,0.3170249056900585,-0.08899097858818505,4.2475211644080835
104,10.4,8.368572788471319,0.00036214937639655886,-0.6676476297082141,-1.840457589147424,6.895305945367628
104,10.4,-0.04391770690296859,3.427712776094289,2.728883345210864,0.25183141514516594,5.5523034765115735
104,10.4,1.1466047035743472,4.294254050461873,0.9870694697727946,1.3397776506117869,4.0176929851949605
104,10.4,8.646745733686494,-0.16664986783863256,4.365735616884455,-0.8927868504358116,10.912000307762511
104,10.4,5.559634540382586,-4.120362514756137,1.8436052845543633,-1.1306727913666084,10.395250399796778
105,10.5,3.4168382935092434,-0.6508113763444311,1.6179026635769462,-0.36334214154698885,12.0
105,10.5,3.0756177043500226,-0.2114740478721952,1.7234479831180731,-0.3026268840197721,9.0
105,10.5,3.415473368373274,-0.2820501226606456,1.6265280788959073,-0.20682528945198922,7.0
105,10.5,-2.369570430464436,-3.078857757507887,-0.97430313620239,0.016841206715465074,10.298845439529657
105,10.5,3.8680871423873207,1.578917814059948,1.3094746832062607,-1.987169237259264,1.7296134116013575
105,10.5,5.760585007299284,-4.457089122520874,4.197022584906463,-1.9093840491682506,1.7318069058095955
105,10.5,3.8961766023362223,3.949178823855208,2.4349374547326805,0.43366698617571986,5.511884455335324
105,10.5,5.860941028386275,-3.77591152269533,3.0495626048633575,1.5214195280512608,3.4510028233503256
105,10.5,9.664870826859113,-0.56948000641653,1.0670291100652811,1.0132384623852682,10.626938521724977
105,10.5,4.057365745239089,-2.426953455449695,0.03294730981821781,-1.3190787976290252,10.109858394978042
105,10.5,2.969301475879977,-3.298755943843499,-0.8816863359310854,-1.79164490012124,5.047432486712671
106,10.600000000000001,3.1801246621486894,-0.47969613513294407,1.6371295988975836,-0.22938657391910963,12.0
106,10.600000000000001,3.56667090372588,-0.01709591220300316,1.3458674365961762,-0.29093293835449135,9.0
106,10.600000000000001,3.2541170332690847,-0.15822230532827097,1.7437510654209034,-0.22000818409984751,7.0
106,10.600000000000001,-2.942162677484781,-3.0702555823215616,0.41535352509224444,1.2009937744354704,2.9400004449294372
106,10.600000000000001,8.900698556853795,-0.9405560251203031,1.4301603590058667,0.849925135039467,7.507989615178818
106,10.600000000000001,5.149986204160957,-3.1585981330659085,-0.35386526622483183,-0.24955243737979682,6.85068756092854
106,10.600000000000001,4.3427687211159185,-3.6129239684119074,0.7596409604506673,-0.7762280142777005,2.5486441142883587
106,10.600000000000001,0.39687661331413215,-0.3923873370820896,2.9183815059184313,0.037559534463969424,9.856629200453748
106,10.600000000000001,-0.38106469078452543,-3.970609529526002,3.931222777392202,-0.0827812691288572,4.68468203310597
106,10.600000000000001,-2.1921906062595964,-2.41878500350442,3.8242026703049286,1.0069052990941998,1.4973876552106848
106,10.600000000000001,8.385616227665912,1.0208782600169206,1.53743560614833,-0.29346000978219733,4.278809207797838
107,10.700000000000001,3.1050423531582485,-0.4492360942348451,1.84489254000872,-0.2601631955326915,12.0
107,10.700000000000001,3.374475127087107,-0.7325775857635375,1.853286525504377,-0.2059807694515822,9.0
107,10.700000000000001,3.38159156906572,-0.20091424121682872,1.6601359761007588,-0.26936445789159225,7.0
107,10.700000000000001,6.508120853074246,4.575924341941718,0.8159799342885774,1.9446452958225082,3.5091292895256467
107,10.700000000000001,1.918888192469824,-3.0027650297896713,-0.32628262119856966,1.139847653152711,4.469600253675299
107,10.700000000000001,4.212730204895388,-1.9286870633797113,2.6507022187625475,-0.6715952486359811,7.382067385793626
107,10.700000000000001,2.828650845269964,3.6266412575309115,3.0089988611549883,1.0496073588188657,4.450279868426147
107,10.700000000000001,4.585416169104492,4.913980488856209,0.44846039774535607,-0.950835357124741,4.960589447836547
107,10.700000000000001,-1.7967337964016727,0.5401950207071051,2.680155418450207,0.9038462915952792,1.4003126279926394
107,10.700000000000001,1.3607970373403937,-4.877431981349728,2.79337722252992,1.9947819700815308,10.179425016228697
107,10.700000000000001,0.829141599269902,-3.1606554753098024,0.6906017469581192,-0.2983381008918111,5.068859599148537
108,10.8,3.5807230652352042,-0.27551403278099773,1.5346344606395546,-0.28288416792123205,12.0
108,10.8,3.2587049571796283,-0.5068335715473491,1.5708447042083566,-0.22741012069052144,9.0
108,10.8,3.204988489263911,-0.7005470789879336,1.190139986128961,-0.20793955607253534,7.0
108,10.8,3.7047058011334073,-0.8129073411638661,1.7703755379400672,-0.13914349977056983,15.0
108,10.8,7.082844098946206,1.950633899149783,2.995122238137231,1.3177142406528155,9.844981481045009
108,10.8,0.6026940604381186,-1.6031627453048989,-0.7459632963449441,1.4749831032141336,10.518324486974688
108,10.8,4.571586553988315,-2.0187770811630665,-0.5835008113038067,0.8936380126498387,5.278509673283237
108,10.8,6.733587754137794,1.6617865211502263,0.2226858256803772,1.6528642340344195,8.840609076407071
108,10.8,6.791054247271392,1.577563235839703,2.905663540530725,1.6174308003665647,9.282250273143216
108,10.8,9.06799273026261,0.956374180102399,1.5000164657752904,-0.5450640817623351,4.1569690583819305
108,10.8,7.648024934049392,1.4460533983433352,-0.5364038184780782,-1.4312559479398912,2.453377112271422
109,10.9,3.854914113427189,-0.2419765814259358,1.5778679669809987,-0.24874420412465403,12.0
109,10.9,3.3207832009710407,-0.16761792535434544,1.8547993652248873,-0.06040392296289686,9.0
109,10.9,3.4619434301876426,-0.7040153619934666,1.6103248056647674,-0.27798244124235505,7.0
109,10.9,0.09382433922383626,2.7910373873436694,-0.4840061701902829,-1.2369561901333435,1.312772512748064
109,10.9,2.9219017804688976,4.301819287447707,2.371267009358063,-0.44928860716709806,10.599424193443987
109,10.9,9.718812888892195,-0.3628869377871151,1.6024098421248922,-0.35342273244910594,2.477534450721074
109,10.9,1.0583409438883518,-1.7430519026241562,3.127022359576989,-1.8366576106324755,4.534069764530914
109,10.9,5.863617433402146,-2.987955018741272,1.3052480192269575,-1.413844109758672,4.847946349957073
109,10.9,4.185763572942107,2.2935044495213965,1.1279334563381882,-1.3463336898389482,5.894298992584133
109,10.9,-0.05542743489471791,3.1811291852557257,0.6058924103591146,1.0988103720449085,8.854440223341706
109,10.9,1.305592288480744,-3.1126744565703746,3.3638513577645863,-0.12581988209917316,1.0609027967512676
110,11.0,3.418111712231627,-0.3622616662075038,1.3521200079092919,-0.2326725645087988,12.0
110,11.0,3.477106783747966,-0.20341716533004756,1.807826455555908,-0.023596729278121426,9.0
110,11.0,3.340520389063156,-0.5039671767063952,1.7755959316872179,-0.1108656253902239,7.0
110,11.0,7.789826436803553,-2.9581136035799585,4.663685657148335,-1.3778168002509283,6.183806472769689
110,11.0,-1.3208654506688284,3.1187611058739293,3.912210966218086,0.9550376795249891,1.9662549096894235
110,11.0,9.48689603076116,-2.2946037131458397,3.959892433941725,-0.5918378798263166,7.325712197859872
110,11.0,3.986182132401429,-0.5439997029867127,-0.9648998639583566,0.2978487741566309,1.6293001297054657
110,11.0,6.71757654093139,-3.2544761642472873,4.589935171358224,0.12159815767401527,10.444808563227472
110,11.0,-0.6828019590357846,1.4594757091688528,0.15153625109206392,-1.7458666068186544,3.0773073536958164
110,11.0,5.909098151450149,-3.893051166945055,-0.3626953097413881,0.9597742527272533,7.82894655948645
110,11.0,-2.282370968295075,3.097691790479546,3.7768925518869656,-1.434426287688936,2.2829142437711005
111,11.100000000000001,3.2123708458927407,-0.37023332978754775,1.6961854068217153,-0.22304073031277882,12.0
111,11.100000000000001,3.3019668425048714,-0.2558539469430613,1.1106979623413866,-0.1614890438214559,9.0
111,11.100000000000001,3.234052762781523,-0.4562332182643026,1.3975724768838322,-0.14587349441243994,7.0
111,11.100000000000001,6.696507109835302,-1.873889322157586,2.9794281710633075,-1.051428547235632,3.4955718202655595
111,11.100000000000001,1.2044503534905049,3.6042964934848385,0.5030542165339706,1.8572963475394517,5.294233830215282
111,11.100000000000001,0.9813742921790101,-4.7647189017672265,0.5294054228154228,-1.315180231026297,7.735218510617179
111,11.100000000000001,3.5887505608281467,-3.8728393367214,2.7562932634724584,1.4995962822259785,3.817005314986302
111,11.100000000000001,1.712745463448564,-3.3150728069459556,1.400149974706478,1.143867285802508,10.152457760303804
111,11.100000000000001,4.689339763034742,-3.988567866723969,2.2231229259622003,-0.1276584741776272,4.063462371777058
111,11.100000000000001,1.2524593282750986,-3.8983940394667673,4.886671613721649,-1.2958267204269776,2.9817903082285326
111,11.100000000000001,-0.4943424197203088,-3.5441730789776416,2.421158232193629,-0.22532170206919844,10.545678468728145
112,11.200000000000001,3.4757226176513716,-0.7687508399587363,1.7280678315454787,-0.17057240324956058,12.0
112,11.200000000000001,3.4046520427031877,-0.6808188064645913,1.4913918632755052,-0.12670311599873615,9.0
112,11.200000000000001,3.4725331191341557,-0.7331846456335035,1.496551033580672,-0.2324236009372287,7.0
112,11.200000000000001,4.145177988946878,0.9843260166578318,2.5993485540637695,0.20256584327761118,9.627268132629347
112,11.200000000000001,0.7706219820567153,4.715761249080563,2.7300104750917096,0.6836854422158458,4.259910454156247
112,11.200000000000001,2.9123058451216473,-2.121385995092174,-0.6139061069504239,-0.5990792137284551,2.281622706457105
112,11.200000000000001,-0.7107334195109027,1.6208826825701186,4.274023308816316,-0.7889805670173908,10.822308295656377
112,11.200000000000001,1.3274741303826056,1.7036450382901167,-0.10437139455258193,1.7177497067107965,7.767386294894133
112,11.200000000000001,1.7300081533312799,-3.9880055407322534,0.04810402952384907,1.7309843040298323,9.506906319481564
112,11.200000000000001,0.21255074879725955,1.6226880383128641,-0.06300865877040929,-1.2235932306048891,8.521382723289237
112,11.200000000000001,8.430096845699708,-3.519667798974382,-0.887496479582325,0.004932758105105073,7.982422739891901
113,11.3,3.2993769333654437,-0.44169403776064897,1.3088420949382513,0.006528161455311987,12.0
113,11.3,3.1088897763253107,-0.5468389294517256,1.5969183376865426,-0.28257481107009697,9.0
113,11.3,3.4775606979678897,-0.2769214550826065,1.66275771283196,-0.08944379492318147,7.0
113,11.3,-2.877335540840543,0.6983988823200846,2.801622715651166,1.6610450061762827,7.07695509418463
113,11.3,2.3783817576344513,0.7446765927135832,1.8499847042862436,0.12662571387554156,8.348496539849368
113,11.3,-2.125047081303046,3.972836675331015,4.462474038989754,0.19223843937053076,8.687300324015755
113,11.3,4.235221704372292,-4.424439640560455,2.5877030787185404,-0.2833928404833501,1.5897577038996116
113,11.3,6.217567193047685,-4.528750834044276,3.2653260963769384,-0.8524247046707445,4.036584171098689
113,11.3,5.472169295890403,1.27125975312123,0.36104890779339516,-0.238190619134933,5.212735605515238
113,11.3,7.863232367693218,1.055916435947739,-0.5875701881295312,-0.2283646747166812,2.797717077949118
113,11.3,1.0530289641129214,1.416456789116327,2.687383647771565,-1.9584075939594379,5.207338711650098
114,11.4,2.904743363085772,-0.6045142386518505,1.326943939479007,-0.11643371953957594,12.0
114,11.4,3.109540244323879,-0.48907264118781535,1.230371715247203,-0.10867790178555604,9.0
114,11.4,3.3289158081550347,-0.30590917409402907,1.4779100779447747,-0.24565285338816922,7.0
114,11.4,-1.943558978682208,-0.653957158813899,0.09636608922865486,1.5335247283660909,4.700497605336603
114,11.4,2.7837106335688135,0.907737486375348,1.1622911619800624,-0.8450358590407885,9.675815246159765
114,11.4,-0.3620428202000636,4.118715826670197,3.796794694561716,-1.4669554222758765,4.730147670777341
114,11.4,6.7074233917933785,-0.8146922296334678,-0.9076200702365809,0.11346928150488811,2.7330875989591608
114,11.4,-1.3093962788967408,-2.9006568690640533,3.1762457685445575,-0.9714318514352156,6.8404835540503175
114,11.4,8.594546623943616,1.571697584241699,3.993700909464854,0.46075815332073633,5.205680100373125
114,11.4,8.295044683286207,-1.3831532497784984,2.2948434613134783,0.06356160177733416,1.1519010468200455
114,11.4,8.749279205013616,-3.3508459139138647,2.4683645791201547,1.0177247769079214,1.6983859249350322
115,11.5,3.147904361715575,-0.40462527781243296,1.50081578094869,-0.09074286301915471,12.0
115,11.5,3.3281549488055533,-0.4858776521494271,1.1993294185113645,0.019537692853320188,9.0
115,11.5,3.647439981535651,-0.28055451300397144,1.203187889987383,-0.17230071968609353,7.0
115,11.5,7.707768367719336,-4.027873622150605,-0.6202981995877779,1.0344035885850378,7.808225924932079
115,11.5,3.9720380850244545,-0.854519759096811,4.423173175856132,1.357214288271015,9.956720847092427
115,11.5,-2.2508948698882643,1.1608724194117235,3.633604419244749,0.20196231909980833,2.559012892539724
115,11.5,9.779071487990448,1.8604750464754822,-0.37514192381784817,-1.2068079520001862,10.522967977656315
115,11.5,7.7411930755930065,4.967566731443,-0.4099643987656618,-1.5986827286198064,7.127421567003271
115,11.5,6.924031703862685,-4.356457182834604,-0.5886393036109152,1.5552659320386502,7.680350440934276
115,11.5,7.405847560139861,3.8156319986438234,2.903080412796522,-0.7098543122445662,10.140605803264515
115,11.5,8.782071474326285,-2.0127647502556822,0.653065036729096,1.545601676771085,4.807529746946287
116,11.600000000000001,3.036938543872845,-0.39600460744958876,1.4808435831452391,-0.07999000043752094,12.0
116,11.600000000000001,3.313844159610919,-0.1685041232096586,1.3221327621256143,-0.15299256696981484,9.0
116,11.600000000000001,3.4708554096472923,-0.19857384494656588,1.3824093880375234,-0.10692341190927286,7.0
116,11.600000000000001,6.875745151843947,2.528858036578309,-0.48454657030024895,0.43795554835807593,3.4356855580555683
116,11.600000000000001,-1.1426949589688533,-0.06790667132206707,0.43811420504672904,-1.7873553130610893,8.375661612232971
116,11.600000000000001,-1.9597474681540756,4.108929497299082,3.4678757852092046,1.7272959270918018,9.792258568135658
116,11.600000000000001,3.1098691203361852,-0.8670750104719573,1.1504437550125735,0.46522838420836,9.146662660807785
116,11.600000000000001,1.5702720306273363,2.462732339820062,3.8079039572951725,1.5033783737175241,9.117740782411575
116,11.600000000000001,0.15641209318860438,0.2702204929237535,0.34066770037903304,-1.8497767063186354,5.6302663208886505
116,11.600000000000001,6.201728954207891,0.4898127393512466,3.3435636773185022,-1.6495083543738516,9.199899477787728
116,11.600000000000001,9.941840327805245,4.94348566947032,1.789998953021076,1.4642348607353441,7.9070481302130045
117,11.700000000000001,3.2018917377839093,-0.724580163768737,1.3867239028568592,-0.08549979506714163,12.0
117,11.700000000000001,3.256494870777857,-0.25884454623409586,1.5020246827603885,-0.10723808877882134,9.0
117,11.700000000000001,3.2752864463500373,-0.13421352997608108,1.4340767194523452,-0.06068300173103355,7.0
117,11.700000000000001,3.579495255541347,-0.6846199286381307,1.703176334114274,-0.036090592997567686,15.0
117,11.700000000000001,-2.1868267783951727,2.549521320819789,2.08256270571014,-1.7012275198673925,6.1261324805362865
117,11.700000000000001,5.827130366203756,2.1654019400194278,2.141763017268107,1.1751959105990513,5.733610131974654
117,11.700000000000001,0.9032254121809196,-2.980927814685639,1.1044037104596711,-0.3597979468160899,2.984393366322623
117,11.700000000000001,6.047136831228196,3.455199378782277,3.325509140472059,-1.304049763721594,4.769938189705373
117,11.700000000000001,1.7608221024033464,-3.41586286552222,3.120345197348308,-1.0073124871324235,4.328248623150991
117,11.700000000000001,3.830030127074008,2.918298431946843,3.0256356495296908,-0.8065040373394692,3.7073568282942686
117,11.700000000000001,1.3272677580124315,1.533642866030318,2.2968064960396646,-1.6144260501198224,6.674065746467731
118,11.8,3.2904198944550584,-0.2822862850094886,1.2864396992469138,-0.004322395889297753,12.0
118,11.8,2.720400042420792,-0.2390641771631314,1.9598956260920748,-0.19436681200480654,9.0
118,11.8,3.1828857006676423,-0.3172155169611057,1.3533146670918397,0.009212998386459587,7.0
118,11.8,4.558290691800112,0.13718541167053822,2.3266992919791654,-0.9901949652136355,9.427622848520178
118,11.8,4.821298798805216,-4.6933302153597,2.8760703438250377,0.9377353207153232,1.8485398743320516
118,11.8,5.749341428253754,-1.6788248168777975,3.9575774907652566,0.8621759884699283,10.664762406883838
118,11.8,-1.3321348019843877,-3.0485577946168494,2.8226504790694316,-0.8423354657758955,6.88513776624626
118,11.8,-1.4473717611989196,-3.4503100685010777,-0.006296916757596138,-0.08883637272647116,6.177397870741633
118,11.8,4.8960108945834655,-3.2359772514558505,3.2749796621793266,-0.8759495699938862,9.473506224191867
118,11.8,1.0502557991214907,-2.7650137892589246,3.711236815659146,1.8392553317475082,1.2754762129145616
118,11.8,3.4024980328152052,-4.579693585680078,0.5634158985528552,-1.3677988355246158,8.771527494070096
119,11.9,2.6693658652913173,0.1863910176124322,1.5518166094083359,-0.10884165168756872,12.0
119,11.9,3.5231389583636243,-0.36534402441274355,1.4650387510944525,-0.10015465448630642,9.0
119,11.9,3.479078491517722,-0.31685473157668076,1.4684316940767426,0.03511718258753946,7.0
119,11.9,0.7990563797161934,-3.6631947644826646,4.767034345380096,-1.5808092434264194,7.927415002668795
119,11.9,3.877137800956379,-2.2743140916521973,0.5848439814887283,0.3783448772112523,6.943228447873232
119,11.9,7.373143523325295,2.771794828312787,4.212810135161321,-0.8283890483505316,2.477285625410687
119,11.9,3.0547679622959594,-4.90665426779975,3.481145738818193,-0.7906275514308678,9.161156015412827
119,11.9,4.299415932512424,-3.306997179805493,3.916397042805971,1.269088877113111,1.3727488799303869
119,11.9,8.406887891788422,-4.540630028932772,4.954752258650082,-1.0088823422412219,3.6419166323530208
119,11.9,1.0226379186155423,-2.506642708095539,0.6051961901991942,0.21064542441458656,1.570589169319612
119,11.9,0.11753707594913454,-1.0622868859959524,2.933639494659292,1.3441048143109073,7.674289755844626
120,12.0,3.5120180113126325,-0.18204420794891732,1.5457728540250895,0.02209601079512067,12.0
120,12.0,3.332636793130264,-0.35796476185816173,1.4858043570135124,-0.07009839346032633,9.0
120,12.0,3.279425178412961,-0.20700459410718594,1.3547617802463787,-0.15491985255321744,7.0
120,12.0,-2.812347563872713,-3.4440444291575476,1.985357943899357,-0.7583933638797253,10.633793497185213
120,12.0,6.026979178796161,-2.5934652443423554,3.636777010851012,-0.8540912744240803,10.079452465442571
120,12.0,5.071228198597403,2.9921638025118016,1.3133367718624935,-1.8127802327381182,6.719608378081387
120,12.0,3.960791773765451,4.954090615445002,4.813951198261481,-1.1159112242233271,4.762807443485312
120,12.0,6.8240546225152805,-1.5504816817993405,-0.03836511890145111,0.663658802409973,6.806776685092404
120,12.0,3.5112934838479966,0.39230557655677245,3.964355973413051,-0.6538252964503077,9.159310621992494
120,12.0,5.67223187422362,-1.3380853303737474,-0.7436566205174249,-0.48793957065460436,9.612373420184543
120,12.0,9.35044802165375,-0.16737517911582955,-0.350617378978791,0.7513073175049034,9.188438849424411
