timestamp_s,x_m,vx_mps,y_m,vy_mps,z_m,vz_mps,Pxx,Pvxvx,Pyy,Pvyvy,Pzz,Pvzvz
0.11,4.000571845373053,-0.0006393424327146026,0.0012625764516770808,0.0,1.4970856883602888,0.0,0.04000144160000001,0.014464,0.12290000159999998,4.000064,0.12290000159999998,4.000064
0.12,4.000565451948726,-0.0006393424327146026,0.0012625764516770808,0.0,1.4970856883602888,0.0,0.04000577600000001,0.014528,0.12410001599999997,4.000128,0.12410001599999997,4.000128
0.13,4.0005590585243995,-0.0006393424327146026,0.0012625764516770808,0.0,1.4970856883602888,0.0,0.040013016000000005,0.014591999999999999,0.12610005599999996,4.000192,0.12610005599999996,4.000192
0.14,4.000552665100073,-0.0006393424327146026,0.0012625764516770808,0.0,1.4970856883602888,0.0,0.04002317440000001,0.014655999999999999,0.12890013439999995,4.000256,0.12890013439999995,4.000256
0.15,4.000546271675746,-0.0006393424327146026,0.0012625764516770808,0.0,1.4970856883602888,0.0,0.040036264,0.014719999999999999,0.13250026399999995,4.00032,0.13250026399999995,4.00032
0.16,4.001754679146122,-0.0006127875895954346,0.011972195945937831,0.018775920099182743,1.4840080629331567,-0.022927467239938607,0.03336752586821357,0.014780805787126676,0.00036224872948883286,3.5807133703288634,0.004926267405842341,3.5947415651292847
0.17,4.001748551270226,-0.0006127875895954346,0.01215995514692966,0.018775920099182743,1.4837787882607574,-0.022927467239938607,0.03338359344411849,0.014844805787126675,0.0007330234309579965,3.5807773703288635,0.0054584761025850735,3.5948055651292847
0.18,4.00174242339433,-0.0006127875895954346,0.012347714347921486,0.018775920099182743,1.483549513588358,-0.022927467239938607,0.033402629981180834,0.014908805787126675,0.00181995360649293,3.5808413703288635,0.00670964591235366,3.594869565129285
0.19,4.001736295518435,-0.0006127875895954346,0.012535473548913314,0.018775920099182743,1.4833202389159588,-0.022927467239938607,0.0334246482794006,0.014972805787126675,0.0036230520560936396,3.5809053703288636,0.008679789635148108,3.594933565129285
0.2,4.023521987448604,-0.05876984592371301,0.01445933979660231,0.05776169953096172,1.4873070424463541,-0.13195295224008446,0.01780468690229173,0.007350021896535051,0.0058489067477304315,3.4200719385237552,0.008375463238252532,3.420825149224686
0.21,4.022934288989367,-0.05876984592371301,0.015036956791911926,0.05776169953096172,1.4859875129239533,-0.13195295224008446,0.017812466103092128,0.007414021896535051,0.00893090177166527,3.4201359385237553,0.011485123649478252,3.4208891492246862
0.22,4.022346590530129,-0.05876984592371301,0.015614573787221543,0.05776169953096172,1.4846679834015524,-0.13195295224008446,0.017821728108271834,0.007478021896535051,0.012696923983304867,3.4201999385237554,0.015278961890548918,3.4209531492246863
0.23,4.021758892070892,-0.05876984592371301,0.01619219078253116,0.05776169953096172,1.4833484538791515,-0.13195295224008446,0.017832485717830845,0.0075420218965350505,0.017146986182649218,3.4202639385237554,0.019756990761464525,3.4210171492246864
0.24,4.021085465076364,-0.058847162805400005,-0.014700872985814975,-0.32897418282779023,1.4895432808299547,-0.039249789484643985,0.016653046352530496,0.007602331034136915,0.0003609509882714268,0.11013581339621978,0.0026489564478040886,0.11097923935442336
0.25,4.02049699344831,-0.058847162805400005,-0.01799061481409288,-0.32897418282779023,1.4891507829351083,-0.039249789484643985,0.016666008683555437,0.007666331034136915,0.0004607243483698903,0.11019981339621977,0.002753817556016978,0.11104323935442335
0.26,4.0199085218202555,-0.058847162805400005,-0.021280356642370782,-0.32897418282779023,1.4887582850402619,-0.039249789484643985,0.016680504280787208,0.007730331034136915,0.0005825376711475978,0.11026381339621977,0.0028808873121007527,0.11110723935442335
0.27,4.019320050192201,-0.058847162805400005,-0.024570098470648685,-0.32897418282779023,1.4883657871454155,-0.039249789484643985,0.016696545944225805,0.0077943310341369145,0.0007264037566045493,0.11032781339621976,0.0030301785160554116,0.11117123935442334
0.28,4.018731578564147,-0.058847162805400005,-0.02785984029892659,-0.32897418282779023,1.487973289250569,-0.039249789484643985,0.01671414647387123,0.007858331034136915,0.0008923354047407449,0.11039181339621976,0.0032017039678809557,0.11123523935442334
0.29,4.018143106936092,-0.058847162805400005,-0.031149582127204475,-0.32897418282779023,1.4875807913557226,-0.039249789484643985,0.016733318669723482,0.007922331034136915,0.0010803454155561831,0.11045581339621975,0.003395476467577383,0.11129923935442333
0.3,4.017554635308038,-0.058847162805400005,-0.03443932395548238,-0.32897418282779023,1.4871882934608762,-0.039249789484643985,0.016754075331782563,0.007986331034136915,0.0012904465890508665,0.11051981339621975,0.003611508815144697,0.11136323935442333
0.31,3.9825133900355243,-0.05997051879312803,-0.039699905697476695,-0.34426779146195857,1.4720640270391412,-0.05558047069927411,0.011639036464218945,0.005192501653825527,0.0015063589284344272,0.10956305482759517,0.0030852440466021605,0.1100993905559149
0.32,3.9787674809872473,-0.06023993536788038,-0.008594957319056462,-0.08623499330141438,1.491617758894573,0.1032060487004334,0.011122614538615927,0.005254961261671375,0.00029850375523135037,0.028212799544320835,0.001859985474491072,0.028894544249694877
0.33,3.9781650816335685,-0.06023993536788038,-0.009457307252070607,-0.08623499330141438,1.4926498193815774,0.1032060487004334,0.011134340300937972,0.005318961261671375,0.0003459160616742666,0.028276799544320837,0.0019124763812392725,0.02895854424969488
0.34,3.9775626822798897,-0.06023993536788038,-0.010319657185084753,-0.08623499330141438,1.4936818798685818,0.1032060487004334,0.011147129855512352,0.005382961261671375,0.00039898372802604694,0.028340799544320838,0.0019707589968374125,0.02902254424969488
0.35,3.976960282926211,-0.06023993536788038,-0.011182007118098893,-0.08623499330141438,1.4947139403555862,0.1032060487004334,0.011160996002339068,0.005446961261671375,0.00045771955428669113,0.028404799544320836,0.002034846121285491,0.029086544249694878
0.36,3.976357883572532,-0.06023993536788038,-0.012044357051113038,-0.08623499330141438,1.4957460008425907,0.1032060487004334,0.011175951541418115,0.005510961261671375,0.0005221363404561998,0.028468799544320838,0.0021047505545835087,0.02915054424969488
0.37,3.9757554842188534,-0.06023993536788038,-0.012906706984127183,-0.08623499330141438,1.4967780613295951,0.1032060487004334,0.011192009272749498,0.0055749612616713745,0.0005922468865345726,0.02853279954432084,0.0021804850967314655,0.02921454424969488
0.38,3.9751530848651746,-0.06023993536788038,-0.013769056917141328,-0.08623499330141438,1.4978101218165996,0.1032060487004334,0.011209181996333214,0.005638961261671374,0.0006680639925218096,0.02859679954432084,0.0022620625477293614,0.029278544249694883
0.39,3.974550685511496,-0.06023993536788038,-0.014631406850155473,-0.08623499330141438,1.498842182303604,0.1032060487004334,0.011227482512169266,0.005702961261671374,0.0007496004584179108,0.028660799544320843,0.002349495707577196,0.029342544249694884
0.4,3.9695273175129078,-0.031311942786448874,-0.04219035630064495,-0.22998631140249592,1.4943975471807112,0.09208272929329091,0.008364842143014152,0.004106024408616017,0.000251027247927894,0.011733765291438622,0.001431208450708718,0.012216036545023519
0.41,3.9692141980850435,-0.031311942786448874,-0.0444902194146699,-0.22998631140249592,1.495318374473644,0.09208272929329091,0.008375936081188879,0.0041700244086160165,0.0002792416272817543,0.011797765291438621,0.0014626956997091875,0.012280036545023519
0.42,3.9689010786571792,-0.031311942786448874,-0.04679008252869486,-0.22998631140249592,1.4962392017665769,0.09208272929329091,0.00838786402424533,0.004234024408616016,0.00030981555969390257,0.011861765291438621,0.0014966389560186616,0.012344036545023519
0.43,3.968587959229315,-0.031311942786448874,-0.049089945642719825,-0.22998631140249592,1.4971600290595097,0.09208272929329091,0.008400638772183503,0.004298024408616016,0.00034276184516433855,0.011925765291438621,0.0015330510196371406,0.012408036545023518
0.44,3.9682748398014507,-0.031311942786448874,-0.05138980875674479,-0.22998631140249592,1.4980808563524426,0.09208272929329091,0.0084142731250034,0.004362024408616016,0.00037809328369306223,0.011989765291438621,0.0015719446905646242,0.012472036545023518
0.45,3.9679617203735864,-0.031311942786448874,-0.05368967187076975,-0.22998631140249592,1.4990016836453754,0.09208272929329091,0.00842877988270502,0.004426024408616016,0.00041582267528007366,0.01205376529143862,0.0016133327688011127,0.012536036545023518
0.46,3.967648600945722,-0.031311942786448874,-0.05598953498479471,-0.22998631140249592,1.4999225109383083,0.09208272929329091,0.008444171845288362,0.004490024408616016,0.00045596281992537285,0.01211776529143862,0.001657228054346606,0.012600036545023518
0.47,3.967335481517858,-0.031311942786448874,-0.05828939809881966,-0.22998631140249592,1.5008433382312412,0.09208272929329091,0.00846046181275343,0.004554024408616015,0.0004985265176289594,0.01218176529143862,0.0017036433472011035,0.012664036545023518
0.48,3.9559959841863432,-0.032354413305156954,-0.01910318449855046,-0.053590570970405677,1.5044161404219094,0.12046633164158872,0.00817698971812675,0.004613656381965052,0.0002153017702552192,0.0063119019375004574,0.0013959364502864379,0.0068432114598859185
0.49,3.955672440053292,-0.032354413305156954,-0.019639090208254516,-0.053590570970405677,1.5056208037383252,0.12046633164158872,0.008194487075610612,0.004677656381965052,0.00023424603550376366,0.006375901937500457,0.0014195179510346231,0.006907211459885918
0.5,3.975572308949571,-0.003008666590019509,-0.02044459544182179,-0.05456378003754316,1.514573597154077,0.1306379560106948,0.006727818475723604,0.0035562268632061186,0.0002539023900983968,0.006430788231676641,0.001225338205738871,0.006845417706333858
0.51,3.975542222283671,-0.003008666590019509,-0.02099023324219722,-0.05456378003754316,1.515879976714184,0.1306379560106948,0.006739899108450011,0.003620226863206119,0.0002753637729299373,0.006494788231676641,0.0012501985642411945,0.006909417706333858
0.52,3.975512135617771,-0.003008666590019509,-0.021535871042572652,-0.05456378003754316,1.5171863562742909,0.1306379560106948,0.006752703786549059,0.003684226863206119,0.0002981241134078132,0.006558788231676641,0.0012764408062847848,0.006973417706333858
0.53,3.975482048951871,-0.003008666590019509,-0.022081508842948083,-0.05456378003754316,1.5184927358343978,0.1306379560106948,0.006766245310020748,0.0037482268632061193,0.0003221962115320244,0.006622788231676641,0.001304077731869642,0.0070374177063338575
0.54,3.975451962285971,-0.003008666590019509,-0.022627146643323513,-0.05456378003754316,1.5197991153945047,0.1306379560106948,0.006780536478865079,0.0038122268632061196,0.00034759286730257094,0.0066867882316766405,0.0013331221409957658,0.007101417706333857
0.55,3.975421875620071,-0.003008666590019509,-0.023172784443698944,-0.05456378003754316,1.5211054949546117,0.1306379560106948,0.0067955900930820505,0.00387622686320612,0.0003743268807194528,0.00675078823167664,0.0013635868336631563,0.007165417706333857
0.56,3.9702152369352204,-0.0011199722625915268,-0.015270570688265775,-0.024405886049033758,1.4945629368732676,0.0381622901855037,0.00662303373956097,0.0039365561725918765,0.0001895980048626516,0.004096138574951311,0.001125200719189897,0.00450142820744111
0.57,3.9702040372125946,-0.0011199722625915268,-0.01551462954875611,-0.024405886049033758,1.4949445597751225,0.0381622901855037,0.006639276193478174,0.004000556172591875,0.00020356061644229116,0.00416013857495131,0.0011418590196405288,0.004565428207441109
0.58,3.970192837489969,-0.0011199722625915268,-0.01575868840924645,-0.024405886049033758,1.4953261826769775,0.0381622901855037,0.006656318758629896,0.004064556172591875,0.00021835525573692116,0.00422413857495131,0.001159430405732649,0.004629428207441109
0.59,3.970181637767343,-0.0011199722625915268,-0.016002747269736786,-0.024405886049033758,1.4957078055788324,0.0381622901855037,0.006674174235016137,0.004128556172591875,0.00023399472274654144,0.00428813857495131,0.0011779276774662574,0.004693428207441109
0.6,3.9701704380447174,-0.0011199722625915268,-0.016246806130227123,-0.024405886049033758,1.4960894284806874,0.0381622901855037,0.006692855422636897,0.004192556172591875,0.000250491817471152,0.00435213857495131,0.001197363634841354,0.004757428207441109
0.61,3.9769004007325237,0.06429785965366173,-0.016463076855968525,-0.024348099224836724,1.4979475372535327,0.053988099562750115,0.005673227012336413,0.003299058340433036,0.0002672973063727239,0.00441026604806183,0.0010681318321673744,0.004743989267018945
0.62,3.9775433793290604,0.06429785965366173,-0.016706557848216893,-0.024348099224836724,1.49848741824916,0.053988099562750115,0.005686823559843081,0.0033630583404330363,0.0002855112860268807,0.00447426604806183,0.0010885349539650699,0.004807989267018945
0.63,3.978186357925597,0.06429785965366173,-0.01695003884046526,-0.024348099224836724,1.4990272992447875,0.053988099562750115,0.005701092719017837,0.0034270583404330365,0.0003046201188906499,0.00453826604806183,0.001109899673616169,0.0048719892670189445
0.64,3.9753258562473754,0.06425183966844279,0.002634841315841612,0.038166427360128756,1.4963091841461826,0.047761075688991524,0.005583419459250694,0.0034860335635750845,0.0001704494942005723,0.003069647331771539,0.0009588796261817692,0.0034069846016658387
0.65,3.9759683746440597,0.06425183966844279,0.0030165055894429,0.038166427360128756,1.4967867949030726,0.047761075688991524,0.005598718617667009,0.003550033563575085,0.00018151084597271496,0.0031336473317715393,0.0009722743558032104,0.003470984601665839
0.66,3.976610893040744,0.06425183966844279,0.0033981698630441877,0.038166427360128756,1.4972644056599627,0.047761075688991524,0.005614727782796038,0.003614033563575085,0.00019319892721121195,0.0031976473317715396,0.0009863632823449847,0.0035349846016658392
0.67,3.9772534114374283,0.06425183966844279,0.0037798341366454755,0.038166427360128756,1.4977420164168527,0.047761075688991524,0.005631459754637782,0.0036780335635750853,0.00020552653791606324,0.00326164733177154,0.0010011592058070922,0.0035989846016658395
0.68,3.9778959298341126,0.06425183966844279,0.004161498410246763,0.038166427360128756,1.4982196271737427,0.047761075688991524,0.005648927333192242,0.0037420335635750855,0.00021850647808726884,0.00332564733177154,0.0010166749261895328,0.0036629846016658398
0.69,3.978538448230797,0.06425183966844279,0.004543162683848047,0.038166427360128756,1.4986972379306327,0.047761075688991524,0.0056671433184594154,0.003806033563575084,0.0002321515477248286,0.0033896473317715386,0.0010329232434923064,0.0037269846016658383
0.7,3.979180966627481,0.06425183966844279,0.004924826957449334,0.038166427360128756,1.4991748486875227,0.047761075688991524,0.005686120510439305,0.0038700335635750843,0.0002464745468287428,0.003453647331771539,0.0010499169577154134,0.0037909846016658385
0.71,4.003066517389363,0.11712494772101453,0.0050383072866098996,0.037441245283389185,1.5075918585221086,0.06043739742650947,0.00492474486978896,0.003101144286984723,0.00026096166183918175,0.0035131981777366756,0.0009559572918002371,0.0038004123817791755
0.72,4.004237766866573,0.11712494772101453,0.005412719739443792,0.037441245283389185,1.5081962324963738,0.06043739742650947,0.004938983403826188,0.0031651442869847233,0.0002766479335130254,0.003577198177736676,0.000973724292763346,0.0038644123817791758
0.73,4.0054090163437825,0.11712494772101453,0.005787132192277684,0.037441245283389185,1.508800606470639,0.06043739742650947,0.0049538549667208125,0.0032291442869847235,0.00029304964482241636,0.003641198177736676,0.0009922641762028107,0.003928412381779176
0.74,4.006580265820992,0.11712494772101453,0.006161544645111576,0.037441245283389185,1.5094049804449041,0.06043739742650947,0.004969372358472834,0.0032931442869847238,0.00031017959576735467,0.0037051981777366763,0.0010115897421186311,0.003992412381779176
0.75,4.007751515298202,0.11712494772101453,0.006535957097945468,0.037441245283389185,1.5100093544191693,0.06043739742650947,0.004985548379082254,0.003357144286984724,0.0003280505863478403,0.0037691981777366766,0.0010317137905108075,0.004056412381779176
0.76,4.008922764775412,0.11712494772101453,0.00691036955077936,0.037441245283389185,1.5106137283934344,0.06043739742650947,0.005002395828549069,0.0034211442869847243,0.0003466754165638733,0.003833198177736677,0.0010526491213793396,0.0041204123817791755
0.77,4.010094014252622,0.11712494772101453,0.007284782003613252,0.037441245283389185,1.5112181023676996,0.06043739742650947,0.0050199275068732825,0.0034851442869847245,0.0003660668864154536,0.003897198177736677,0.0010744085347242276,0.004184412381779175
0.78,4.011265263729832,0.11712494772101453,0.007659194456447144,0.037441245283389185,1.5118224763419648,0.06043739742650947,0.005038156214054892,0.003549144286984725,0.00038623779590258125,0.003961198177736677,0.0010970048305454713,0.004248412381779175
0.79,4.012436513207041,0.11712494772101453,0.008033606909281036,0.037441245283389185,1.51242685031623,0.06043739742650947,0.005057094750093899,0.003613144286984725,0.00040720094502525627,0.004025198177736677,0.001120450808843071,0.004312412381779175
0.8,4.020549440399737,0.1558286886563051,0.01847904135221396,0.06344506942299481,1.5137748407512355,0.06567099493613873,0.004360532977336153,0.002905595700177747,0.00019744525932191532,0.0025426729322909655,0.0008118926445279284,0.002794183868197688
0.81,4.0221077272863,0.1558286886563051,0.01911349204644391,0.06344506942299481,1.5144315507005968,0.06567099493613873,0.004374674999407904,0.002969595700177747,0.00020790908572724902,0.0026066729322909658,0.000824307471571431,0.002858183868197688
0.82,4.023666014172862,0.1558286886563051,0.019747942740673853,0.06344506942299481,1.515088260649958,0.06567099493613873,0.00438941094061969,0.0030335957001777457,0.0002188942467190408,0.0026706729322909643,0.000837293935388573,0.0029221838681976866
0.83,4.025224301059425,0.1558286886563051,0.020382393434903803,0.06344506942299481,1.5157449705993193,0.06567099493613873,0.004404753600971511,0.003097595700177746,0.0002304135422972909,0.0027346729322909645,0.0008508648359793548,0.002986183868197687
0.84,4.026782587945988,0.1558286886563051,0.021016844129133752,0.06344506942299481,1.5164016805486806,0.06567099493613873,0.004420715780463368,0.003161595700177746,0.00024247977246199919,0.002798672932290965,0.0008650329733437761,0.003050183868197687
0.85,4.02834087483255,0.1558286886563051,0.0216512948233637,0.06344506942299481,1.517058390498042,0.06567099493613873,0.004437310279095261,0.0032255957001777464,0.0002551057372131657,0.002862672932290965,0.000879811147481837,0.0031141838681976873
0.86,4.029899161719113,0.1558286886563051,0.02228574551759365,0.06344506942299481,1.5177151004474032,0.06567099493613873,0.004454549896867189,0.0032895957001777467,0.0002683042365507904,0.0029266729322909653,0.0008952121583935374,0.0031781838681976876
0.87,4.031457448605676,0.1558286886563051,0.0229201962118236,0.06344506942299481,1.5183718103967645,0.06567099493613873,0.004472447433779152,0.003353595700177747,0.0002820880704748733,0.0029906729322909656,0.0009112488060788773,0.003242183868197688
0.88,4.030948057482163,0.1576233404668906,0.037971454296949786,0.09914848936491122,1.5088234710412571,0.0425055325641035,0.004409669837742036,0.003406313913498273,0.00016469766830246155,0.002246441018251349,0.0007781721001735528,0.0025015836936647697
0.89,4.0325242908868315,0.1576233404668906,0.0389629391905989,0.09914848936491122,1.5092485263668982,0.0425055325641035,0.004428598511083981,0.003470313913498273,0.00017308280016959155,0.002310441018251349,0.0007887223808248445,0.00256558369366477
0.9,4.065945234222758,0.1929473344875055,0.040052837229752315,0.09935367620000154,1.5211949044972817,0.05077724614719262,0.003940270921858839,0.0028228992845487676,0.00018161312366009305,0.0023724834575235445,0.0007292393840574391,0.0025942642220859475
0.91,4.067874707567633,0.1929473344875055,0.04104637399175233,0.09935367620000154,1.5217026769587536,0.05077724614719262,0.003954951390629068,0.002886899284548768,0.000190919286573702,0.002436483457523545,0.0007402924605462555,0.0026582642220859477
0.92,4.069804180912508,0.1929473344875055,0.042039910753752345,0.09935367620000154,1.5222104494202255,0.05077724614719262,0.003970209239256207,0.002950899284548768,0.00020071274617881567,0.002500483457523545,0.000751877189879489,0.002722264222085948
0.93,4.0717336542573825,0.1929473344875055,0.04303344751575236,0.09935367620000154,1.5227182218816975,0.05077724614719262,0.003986057267740255,0.0030148992845487684,0.00021100630247543407,0.0025644834575235453,0.0007640063720571397,0.0027862642220859483
0.94,4.0736631276022575,0.1929473344875055,0.04402698427775237,0.09935367620000154,1.5232259943431694,0.05077724614719262,0.004002508276081213,0.003078899284548767,0.00022181275546355702,0.002628483457523544,0.0007766928070792074,0.0028502642220859468
0.95,4.075592600947132,0.1929473344875055,0.04502052103975238,0.09935367620000154,1.5237337668046413,0.05077724614719262,0.00401957506427908,0.003142899284548767,0.0002331449051431848,0.002692483457523544,0.0007899492949456926,0.002914264222085947
0.96,4.076374645621241,0.19242061968140042,0.05636914497973637,0.12502883001614104,1.5242326238452377,0.05167253503615982,0.003971709940103783,0.0031946741987176524,0.00014906739838319616,0.0021666292376129447,0.0006997917951627378,0.002394024761849492
0.97,4.078298851818055,0.19242061968140042,0.05761943327989778,0.12502883001614104,1.5247493491955992,0.05167253503615982,0.003989720426759804,0.0032586741987176526,0.0001566724013352395,0.002230629237612945,0.0007094242349568157,0.0024580247618494924
0.98,4.0802230580148695,0.19242061968140042,0.058869721580059195,0.12502883001614104,1.5252660745459607,0.05167253503615982,0.004008382648255568,0.003322674198717653,0.0001647235301348054,0.0022946292376129452,0.0007195482797032635,0.0025220247618494927
0.99,4.082147264211684,0.19242061968140042,0.06012000988022061,0.12502883001614104,1.5257827998963223,0.05167253503615982,0.004027709404591075,0.003386674198717653,0.00017323358478189393,0.0023586292376129455,0.0007301767294020812,0.002586024761849493
1.0,4.071702053303549,0.21103780880636874,0.06112801051750987,0.12451427841306846,1.5213117904489997,0.05484430137274251,0.0036130701325027934,0.002767910629805817,0.0001818561256129032,0.0024205374078264006,0.0006819703901356003,0.002621032135373892
1.01,4.073812431391613,0.21103780880636874,0.06237315330164056,0.12451427841306846,1.5218602334627271,0.05484430137274251,0.0036282247819822183,0.0028319106298058173,0.0001913049603823359,0.002484537407826401,0.0006931661972518541,0.002685032135373892
1.02,4.075922809479677,0.21103780880636874,0.06361829608577124,0.12451427841306846,1.5224086764764546,0.05484430137274251,0.0036439458135876044,0.0028959106298058175,0.0002012507026333339,0.002548537407826401,0.0007048990107951827,0.0027490321353738924
1.03,4.078033187567741,0.21103780880636874,0.06486343886990192,0.12451427841306846,1.522957119490182,0.05484430137274251,0.0036602460273189516,0.002959910629805818,0.0002117061523658972,0.0026125374078264014,0.0007171816307655861,0.0028130321353738927
1.04,4.078129846077966,0.21467469235745135,0.07465066079771743,0.1461308066651912,1.5095201910529095,0.021861420281182334,0.0036223716073103033,0.003012894885290318,0.0001408774298451161,0.002153603290770113,0.0006323415265111707,0.0023548352420977013
1.05,4.08027659300154,0.21467469235745135,0.07611196886436934,0.1461308066651912,1.5097388052557212,0.021861420281182334,0.0036396555758413133,0.003076894885290318,0.00014820178326104943,0.002217603290770113,0.0006413399993444977,0.0024188352420977015
1.06,4.082423339925114,0.21467469235745135,0.07757327693102126,0.1461308066651912,1.509957419458533,0.021861420281182334,0.0036575549233493813,0.0031408948852903185,0.0001559696573351368,0.0022816032907701134,0.0006508222392262441,0.0024828352420977018
1.07,4.0845700868486885,0.21467469235745135,0.07903458499767317,0.1461308066651912,1.5101760336613448,0.021861420281182334,0.003676082449834507,0.0032048948852903187,0.0001641938520673782,0.0023456032907701136,0.00066080104615641,0.002546835242097702
1.08,4.086716833772263,0.21467469235745135,0.08049589306432509,0.1461308066651912,1.5103946478641566,0.021861420281182334,0.0036952509552966913,0.003268894885290319,0.00017288716745777363,0.002409603290770114,0.0006712892201349955,0.0026108352420977023
1.09,4.088863580695837,0.21467469235745135,0.081957201130977,0.1461308066651912,1.5106132620669683,0.021861420281182334,0.0037150732397359335,0.0033328948852903192,0.00018206240350632306,0.002473603290770114,0.0006822995611620005,0.0026748352420977025
1.1,4.095153985564426,0.21859621296298404,0.08346099243585098,0.14617773277703586,1.5120800962585221,0.022111875044179538,0.0033530407761962664,0.0027318855496304625,0.00019129628782234832,0.0025351800178468275,0.000643686245912767,0.0027149655821028574
1.11,4.097339947694056,0.21859621296298404,0.08492276976362134,0.14617773277703586,1.5123012150089639,0.022111875044179538,0.0033687055172801597,0.002795885549630463,0.0002014532452886512,0.0025991800178468277,0.0006553666940441016,0.0027789655821028577
1.12,4.096771595698978,0.21476001944469508,0.09823274111266737,0.17684608679144695,1.5194670925872324,0.04190709932544051,0.003336782507955716,0.0028455708286429697,0.0001375410237595368,0.0021638718389693987,0.000591187520809871,0.0023497679998964326
1.13,4.098919195893425,0.21476001944469508,0.10000120198058181,0.17684608679144695,1.5198861635804868,0.04190709932544051,0.0033532610744418565,0.002909570828642967,0.0001448408977142761,0.002227871838969396,0.0006001997747437258,0.00241376799989643
1.14,4.1010667960878715,0.21476001944469508,0.10176966284849628,0.17684608679144695,1.5203052345737411,0.04190709932544051,0.003370321555093726,0.002973570828642967,0.00015258634603680944,0.002291871838969396,0.0006096947822775599,0.00247776799989643
1.15,4.103214396282318,0.21476001944469508,0.10353812371641076,0.17684608679144695,1.5207243055669954,0.04190709932544051,0.003387976749911324,0.0030375708286429675,0.00016079016872713668,0.0023558718389693964,0.0006196853434113734,0.0025417679998964303
1.16,4.105361996476765,0.21476001944469508,0.10530658458432524,0.17684608679144695,1.5211433765602498,0.04190709932544051,0.003406239458894651,0.0031015708286429677,0.00016946516578525777,0.0024198718389693966,0.0006301842581451662,0.0026057679998964306
1.17,4.107509596671212,0.21476001944469508,0.10707504545223971,0.17684608679144695,1.5215624475535041,0.04190709932544051,0.0034251224820437067,0.003165570828642968,0.00017862413721117277,0.002483871838969397,0.0006412043264789382,0.002669767999896431
1.18,4.109657196865659,0.21476001944469508,0.10884350632015419,0.17684608679144695,1.5219815185467584,0.04190709932544051,0.0034446386193584906,0.0032295708286429682,0.00018827988300488163,0.002547871838969397,0.0006527583484126896,0.002733767999896431
1.19,4.111804797060106,0.21476001944469508,0.11061196718806866,0.17684608679144695,1.5224005895400128,0.04190709932544051,0.003464800670839003,0.0032935708286429685,0.00019844520316638438,0.0026118718389693974,0.0006648591239464203,0.0027977679998964313
1.2,4.112043812852105,0.21459456193564974,0.12479827373441038,0.20957300865299863,1.5196680761880599,0.03530952823743053,0.003435578168711324,0.003337239477989917,0.00013737427895596583,0.002177662083998208,0.000598070636317344,0.0023719821543293808
1.21,4.121468567738606,0.23919071538225295,0.12720040991719608,0.21027283466947055,1.5224045926933265,0.04047711176975222,0.003117126330796616,0.00275643684667613,0.0001443215767782478,0.002239789201523586,0.0005631896259091369,0.0024102003754695894
1.22,4.123860474892428,0.23919071538225295,0.12930313826389078,0.21027283466947055,1.522809363811024,0.04047711176975222,0.003133481243054528,0.00282043684667613,0.00015214345551861562,0.002303789201523586,0.0005726280907190107,0.0024742003754695896
1.23,4.126252382046251,0.23919071538225295,0.13140586661058548,0.21027283466947055,1.5232141349287216,0.04047711176975222,0.003150400242681775,0.0028844368466761305,0.00016042609209928816,0.0023677892015235864,0.0005825613956039785,0.00253820037546959
1.24,4.128644289200073,0.23919071538225295,0.13350859495728018,0.21027283466947055,1.5236189060464191,0.04047711176975222,0.0031678961296783574,0.0029484368466761307,0.00016918228652026542,0.0024317892015235866,0.0005930023405640402,0.00260220037546959
1.25,4.131036196353896,0.23919071538225295,0.13561132330397488,0.21027283466947055,1.5240236771641167,0.04047711176975222,0.0031859817040442748,0.003012436846676131,0.00017842483878154742,0.002495789201523587,0.0006039637255991959,0.0026662003754695904
1.26,4.133428103507718,0.23919071538225295,0.13771405165066958,0.21027283466947055,1.5244284482818142,0.04047711176975222,0.0032046697657795277,0.003076436846676131,0.0001881665488831341,0.002559789201523587,0.0006154583507094454,0.0027302003754695906
1.27,4.135820010661541,0.23919071538225295,0.13981677999736428,0.21027283466947055,1.5248332193995118,0.04047711176975222,0.003223973114884116,0.0031404368466761315,0.0001984202168250255,0.0026237892015235874,0.0006274990158947887,0.002794200375469591
1.28,4.135767161685691,0.24072013219205418,0.15573724546663537,0.24713426912741515,1.5170150882630777,0.02113945523253752,0.0032001640403277972,0.003185563104176545,0.00013877478165655324,0.002187473988402813,0.0005598391976066837,0.002364231474852553
1.29,4.138174363007612,0.24072013219205418,0.15820858815790953,0.24713426912741515,1.5172264828154032,0.02113945523253752,0.0032204461621854574,0.0032495631041765454,0.00014628681301731577,0.002251473988402813,0.0005690976740528513,0.0024282314748525534
1.3,4.132141199504028,0.22652925968982324,0.16033421682878438,0.24646881136271184,1.514672522843521,0.018556320780994517,0.0029343026552641916,0.0026759713566297254,0.00015366155287823555,0.002313074533163932,0.0005398482684035868,0.0024692466821327652
1.31,4.1344064921009265,0.22652925968982324,0.1627989049424115,0.24646881136271184,1.514858086051331,0.018556320780994517,0.002950543278932644,0.0027399713566297257,0.00016206372773116626,0.002377074533163932,0.0005497028405925872,0.0025332466821327655
1.32,4.136671784697825,0.22652925968982324,0.16526359305603863,0.24646881136271184,1.515043649259141,0.018556320780994517,0.002967331896872422,0.002803971356629726,0.00017094131749072975,0.0024410745331639324,0.0005600640621180142,0.0025972466821327657
1.33,4.138937077294723,0.22652925968982324,0.16772828116966576,0.24646881136271184,1.515229212466951,0.018556320780994517,0.002984681309083526,0.002867971356629726,0.00018030712215692603,0.0025050745331639326,0.0005709447329798678,0.002661246682132766
1.34,4.141202369891621,0.22652925968982324,0.1701929692832929,0.24646881136271184,1.5154147756747611,0.018556320780994517,0.0030026043155659556,0.0029319713566297264,0.0001901739417297551,0.002569074533163933,0.0005823576531781479,0.0027252466821327662
1.35,4.143467662488519,0.22652925968982324,0.17265765739692002,0.24646881136271184,1.5156003388825712,0.018556320780994517,0.0030211137163197116,0.0029959713566297267,0.00020055457620921696,0.002633074533163933,0.0005943156227128546,0.0027892466821327665
1.36,4.142529521661205,0.2203406544206693,0.1673682635133848,0.22585834775851843,1.5282798189996059,0.053757838127685864,0.0030003238045754094,0.0030384169901609384,0.00013958374699866993,0.0021854431953752316,0.0005381681711964244,0.002360197916418762
1.37,4.1447329282054115,0.2203406544206693,0.16962684699096997,0.22585834775851843,1.5288173973808827,0.053757838127685864,0.003019662995298225,0.0031024169901609387,0.00014714422992343656,0.002249443195375232,0.0005476348661847352,0.0024241979164187624
1.38,4.146936334749618,0.2203406544206693,0.17188543046855512,0.22585834775851843,1.5293549757621596,0.053757838127685864,0.0030396226694190728,0.003166416990160936,0.00015515460148727805,0.002313443195375229,0.0005575864007563294,0.0024881979164187596
1.39,4.149139741293825,0.2203406544206693,0.1741440139461403,0.22585834775851843,1.5298925541434365,0.053757838127685864,0.003060215626937953,0.003230416990160936,0.00016362766169019475,0.0023774431953752294,0.0005680355749112076,0.00255219791641876
1.4,4.151343147838032,0.2203406544206693,0.17640259742372547,0.22585834775851843,1.5304301325247134,0.053757838127685864,0.0030814546678548656,0.0032944169901609364,0.00017257621053218651,0.0024414431953752296,0.0005789951886493695,0.00261619791641876
1.41,4.172946721752522,0.23971793156308382,0.17935112609206355,0.22677208977327518,1.5378639979886084,0.058259274056249394,0.0028122239093409654,0.002726703906739544,0.00018133011395629018,0.0025029261016007733,0.0005539014699616907,0.002657879406048138
1.42,4.175343901068153,0.23971793156308382,0.1816188469897963,0.22677208977327518,1.538446590729171,0.058259274056249394,0.0028293190383711416,0.0027907039067395444,0.00019124292480566385,0.0025669261016007736,0.0005655224403247444,0.0027218794060481382
1.43,4.177741080383784,0.23971793156308382,0.18388656788752905,0.22677208977327518,1.5390291834697334,0.058259274056249394,0.002846972308182666,0.0028547039067395447,0.00020166912087535768,0.002630926101600774,0.0005776877865690076,0.0027858794060481385
1.44,4.180138259699415,0.23971793156308382,0.1861542887852618,0.22677208977327518,1.5396117762102959,0.058259274056249394,0.002865196518775538,0.002918703906739545,0.00021262150216537167,0.002694926101600774,0.0005904103086944805,0.0028498794060481387
1.45,4.182535439015046,0.23971793156308382,0.18842200968299455,0.22677208977327518,1.5401943689508584,0.058259274056249394,0.0028840044701497584,0.002982703906739545,0.00022411286867570583,0.0027589261016007743,0.000603702806701163,0.002913879406048139
1.46,4.184932618330677,0.23971793156308382,0.1906897305807273,0.22677208977327518,1.5407769616914209,0.058259274056249394,0.0029034089623053263,0.0030467039067395454,0.00023615602040636015,0.0028229261016007746,0.0006175780805890552,0.0029778794060481392
1.47,4.187329797646308,0.23971793156308382,0.19295745147846005,0.22677208977327518,1.5413595544319834,0.058259274056249394,0.0029234227952422425,0.0031107039067395457,0.0002487637573573346,0.002886926101600775,0.000632048930358157,0.0030418794060481395
1.48,4.189726976961939,0.23971793156308382,0.1952251723761928,0.22677208977327518,1.5419421471725459,0.058259274056249394,0.002944058768960506,0.003174703906739546,0.00026194887952862926,0.002950926101600775,0.0006471281560084685,0.0031058794060481397
1.49,4.19212415627757,0.23971793156308382,0.19749289327392555,0.22677208977327518,1.5425247399131083,0.058259274056249394,0.0029653296834601175,0.003238703906739546,0.00027572418692024407,0.0030149261016007753,0.0006628285575399895,0.00316987940604814
1.5,4.213658290903595,0.26536666414526117,0.20106955809595944,0.22922734662971142,1.5495323635569234,0.0632440676711181,0.0027110616063360598,0.0026671220467604545,0.00028897224485431507,0.0030738929647419378,0.0006454408431550926,0.0032150733567583986
1.51,4.216311957545048,0.26536666414526117,0.20336183156225657,0.22922734662971142,1.5501648042336345,0.0632440676711181,0.0027281637899817237,0.0027311220467604548,0.000303920473221763,0.003137892964741938,0.0006620583595468664,0.003279073356758399
1.52,4.218307702315001,0.26292457154772725,0.20134038216046657,0.2183949720151283,1.5577673656428184,0.08082375962651592,0.0027145827233612985,0.002770097113888566,0.00018224439873483508,0.0023360645316896846,0.0005412594286736524,0.002493926083632225
1.53,4.220936948030478,0.26292457154772725,0.20352433188061786,0.2183949720151283,1.5585756032390836,0.08082375962651592,0.0027324826356434186,0.0028340971138885664,0.0001914799192898174,0.002400064531689685,0.0005523459572990584,0.002557926083632225
1.54,4.223566193745955,0.26292457154772725,0.20570828160076915,0.2183949720151283,1.5593838408353489,0.08082375962651592,0.0027509493673483166,0.0028980971138885666,0.00020119545275113767,0.002464064531689685,0.0005639440711411907,0.0026219260836322254
1.55,4.226195439461432,0.26292457154772725,0.20789223132092044,0.2183949720151283,1.5601920784316141,0.08082375962651592,0.002769995718475992,0.002962097113888567,0.00021140379911879588,0.0025280645316896853,0.0005760665702000495,0.0026859260836322256
1.56,4.228824685176909,0.26292457154772725,0.21007618104107173,0.2183949720151283,1.5610003160278794,0.08082375962651592,0.0027896344890264452,0.003026097113888567,0.00022211775839279204,0.0025920645316896856,0.0005887262544756347,0.002749926083632226
1.57,4.231453930892386,0.26292457154772725,0.21226013076122302,0.2183949720151283,1.5618085536241446,0.08082375962651592,0.0028098784789996763,0.0030900971138885674,0.00023335013057312613,0.002656064531689686,0.0006019359239679465,0.002813926083632226
1.58,4.2340831766078635,0.26292457154772725,0.2144440804813743,0.2183949720151283,1.5626167912204099,0.08082375962651592,0.0028307404883956854,0.0031540971138885677,0.00024511371565979817,0.002720064531689686,0.0006157083786769847,0.0028779260836322264
1.59,4.2367124223233406,0.26292457154772725,0.2166280302015256,0.2183949720151283,1.563425028816675,0.08082375962651592,0.0028522333172144717,0.003218097113888568,0.0002574213136528081,0.0027840645316896864,0.0006300564186027493,0.0029419260836322267
1.6,4.236452620214978,0.25999594790524966,0.21762143987894123,0.21561940543771252,1.5603411675957575,0.0730642814815724,0.0025846812219474753,0.0026365573466237175,0.0001660853947363074,0.002216049050575837,0.0005053663432994201,0.002371759529525839
1.61,4.239052579694031,0.25999594790524966,0.21977763393331834,0.21561940543771252,1.5610718104105732,0.0730642814815724,0.0026017927634235044,0.0027005573466237177,0.0001743279897997781,0.002280049050575837,0.0005153940783033668,0.0024357595295258394
1.62,4.241652539173083,0.25999594790524966,0.22193382798769545,0.21561940543771252,1.561802453225389,0.0730642814815724,0.002619444416368858,0.002764557346623718,0.000183026594673364,0.0023440490505758373,0.0005259089652132187,0.0024997595295258397
1.63,4.244252498652136,0.25999594790524966,0.22409002204207254,0.21561940543771252,1.5625330960402046,0.0730642814815724,0.0026376489807835362,0.002828557346623715,0.00019219400935706484,0.0024080490505758345,0.0005369238040289755,0.002563759529525837
1.64,4.246852458131189,0.25999594790524966,0.22624621609644965,0.21561940543771252,1.5632637388550203,0.0730642814815724,0.00265641925666754,0.0028925573466237154,0.00020184303385088105,0.002472049050575835,0.0005484513947506377,0.002627759529525837
1.65,4.249452417610241,0.25999594790524966,0.22840241015082677,0.21561940543771252,1.563994381669836,0.0730642814815724,0.0026757680440208675,0.0029565573466237157,0.00021198646815481241,0.002536049050575835,0.0005605045373782052,0.0026917595295258374
1.66,4.252052377089294,0.25999594790524966,0.23055860420520388,0.21561940543771252,1.5647250244846518,0.0730642814815724,0.0026957081428435202,0.003020557346623716,0.00022263711226885895,0.0026000490505758353,0.0005730960319116778,0.0027557595295258377
1.67,4.254652336568347,0.25999594790524966,0.232714798259581,0.21561940543771252,1.5654556672994675,0.0730642814815724,0.002716252353135498,0.003084557346623716,0.00023380776619302067,0.0026640490505758356,0.0005862386783510556,0.002819759529525838
1.68,4.254350837492121,0.255067397624375,0.2491620281116135,0.2512709520243829,1.5717466002986014,0.0882752764151556,0.0027045274283536698,0.0031246536072420546,0.0001593942719769885,0.0021929806597245937,0.0005132186584427627,0.00236592359454147
1.69,4.256901511468365,0.255067397624375,0.2516747376318573,0.2512709520243829,1.5726293530627529,0.0882752764151556,0.002725947607811474,0.003188653607242055,0.0001672973589788477,0.002256980659724594,0.0005232868914889638,0.0024299235945414704
1.7,4.259452185444609,0.255067397624375,0.2541874471521012,0.2512709520243829,1.5735121058269044,0.0882752764151556,0.0027480055179907267,0.003252653607242055,0.00017565184211265186,0.0023209806597245942,0.0005338411092540732,0.0024939235945414706
1.71,4.251512686066746,0.24808105232672814,0.25610768697577757,0.2505775377505567,1.5706917833235943,0.08661563048892833,0.0025194563582182613,0.0026972629663700376,0.00018347939451615806,0.0023823411061815124,0.0005134952152081365,0.0025345309721183456
1.72,4.253993496590013,0.24808105232672814,0.25861346235328314,0.2505775377505567,1.5715579396284836,0.08661563048892833,0.002537334323933205,0.002761262966370038,0.00019274447731424562,0.0024463411061815127,0.0005246453917525204,0.002598530972118346
1.73,4.2564743071132805,0.24808105232672814,0.2611192377307887,0.2505775377505567,1.5724240959333728,0.08661563048892833,0.0025557645422414226,0.002825262966370038,0.0002024988283335695,0.002510341106181513,0.0005363152744913279,0.002662530972118346
1.74,4.258955117636548,0.24808105232672814,0.2636250131082943,0.2505775377505567,1.5732902522382621,0.08661563048892833,0.0025747598131429144,0.0028892629663700383,0.00021275524757412967,0.002574341106181513,0.0005485176634245591,0.0027265309721183463
1.75,4.261435928159815,0.24808105232672814,0.26613078848579985,0.2505775377505567,1.5741564085431514,0.08661563048892833,0.00259433293663768,0.0029532629663700386,0.00022352653503592614,0.0026383411061815134,0.000561265358552214,0.0027905309721183466
1.76,4.263351109385816,0.24644213018687938,0.26291833698055583,0.23617059394503473,1.5797303580380018,0.09869537504323973,0.0025864117560207094,0.002996734289759351,0.00015492460317904965,0.002194997641414642,0.0004948326301735094,0.002365048585973942
1.77,4.265815530687685,0.24644213018687938,0.2652800429200062,0.23617059394503473,1.580717311788434,0.09869537504323973,0.002606885229475482,0.0030607342897593513,0.0001626873564131793,0.0022589976414146423,0.0005047762477190119,0.002429048585973942
1.78,4.268279951989554,0.24644213018687938,0.2676417488594565,0.23617059394503473,1.5817042655388664,0.09869537504323973,0.002627970849788207,0.0031247342897593516,0.0001709019091755919,0.0023229976414146426,0.0005152056749817093,0.0024930485859739424
1.79,4.270744373291422,0.24644213018687938,0.27000345479890686,0.23617059394503473,1.5826912192892988,0.09869537504323973,0.0026496814169588837,0.003188734289759352,0.0001795810614662874,0.002386997641414643,0.0005261337119616015,0.0025570485859739427
1.8,4.27394875395482,0.2598881382743492,0.27211733086627393,0.23576792869485938,1.5836922548227936,0.10099339558180864,0.002433953368760597,0.0026327802129686626,0.00018769071838487325,0.002448183512158382,0.0005078357886583152,0.0025988728647398577
1.81,4.276547635337564,0.2598881382743492,0.2744750101532225,0.23576792869485938,1.5847021887786117,0.10099339558180864,0.0024515467467738712,0.002696780212968663,0.00019730573779547543,0.0025121835121583824,0.0005193976089941213,0.002662872864739858
1.82,4.279146516720307,0.2598881382743492,0.2768326894401711,0.23576792869485938,1.5857121227344297,0.10099339558180864,0.0024696794808297387,0.002760780212968663,0.0002074231939085093,0.0025761835121583827,0.0005314920039028754,0.0027268728647398583
1.83,4.281745398103051,0.2598881382743492,0.27919036872711966,0.23576792869485938,1.5867220566902478,0.10099339558180864,0.0024883643709282,0.0028247802129686634,0.00021805588672397483,0.002640183512158383,0.0005441317733845774,0.0027908728647398585
1.84,4.284502622246022,0.2615273563298409,0.27685430698936286,0.22375682524329973,1.5848868873536497,0.09391188735240533,0.0024825264863190004,0.002870993967913454,0.0001533593027638005,0.002207045928175994,0.0004780884594734854,0.002370484752486573
1.85,4.28711789580932,0.2615273563298409,0.27909187524179585,0.22375682524329973,1.5858260062271738,0.09391188735240533,0.002502126430904427,0.002934993967913454,0.0001611282350793399,0.002271045928175994,0.0004879518959305781,0.0024344847524865733
1.86,4.289733169372619,0.2615273563298409,0.28132944349422884,0.22375682524329973,1.586765125100698,0.09391188735240533,0.0025223133742834363,0.0029989939679134544,0.00016935137658051456,0.0023350459281759944,0.0004983022293381681,0.0024984847524865735
1.87,4.292348442935918,0.2615273563298409,0.2835670117466618,0.22375682524329973,1.5877042439742222,0.09391188735240533,0.002543100116456028,0.0030629939679134546,0.0001780415272673244,0.0023990459281759947,0.0005091522596962554,0.0025624847524865738
1.88,4.2949637164992165,0.2615273563298409,0.28580457999909475,0.22375682524329973,1.588643362847746,0.09391188735240533,0.002564499457422202,0.003126993967913452,0.00018721148713976926,0.002463045928175992,0.0005205147870048398,0.002626484752486571
1.89,4.297578990062515,0.2615273563298409,0.28804214825152774,0.22375682524329973,1.5895824817212703,0.09391188735240533,0.0025865241971819593,0.003190993967913452,0.00019687405619784947,0.002527045928175992,0.0005324026112639217,0.0026904847524865712
1.9,4.300194263625814,0.2615273563298409,0.2902797165039607,0.22375682524329973,1.5905216005947944,0.09391188735240533,0.0026091871357352995,0.0032549939679134524,0.00020704203444156492,0.0025910459281759924,0.000544828532473501,0.0027544847524865715
1.91,4.310910914207237,0.26996513511638587,0.2929222530113347,0.22407198006084433,1.5941954692397027,0.095568231124763,0.00239486319404496,0.002697714857713875,0.00021654232743685786,0.0026518995856584437,0.0005289877026400375,0.0027977028859756253
1.92,4.313632011974169,0.2700273805049445,0.2928440833673742,0.21805922857192492,1.5955868755505123,0.09670545971097856,0.002389811519187951,0.0027443696430005105,0.00015381463613343906,0.0022197157526630505,0.00046588446270764104,0.002377661859059512
1.93,4.316332285779219,0.2700273805049445,0.2950246756530935,0.21805922857192492,1.5965539301476221,0.09670545971097856,0.002408538139639451,0.0028083696430005107,0.0001616612296913633,0.0022837157526630508,0.0004757736907273769,0.0024416618590595122
1.94,4.319032559584269,0.2700273805049445,0.29720526793881274,0.21805922857192492,1.597520984744732,0.09670545971097856,0.0024278264340195518,0.002872369643000511,0.00016996456639982015,0.002347715752663051,0.0004861512511189247,0.0025056618590595125
1.95,4.321732833389318,0.2700273805049445,0.299385860224532,0.21805922857192492,1.598488039341842,0.09670545971097856,0.002447689202328252,0.002936369643000511,0.00017873744625880963,0.0024117157526630513,0.0004970299438822844,0.0025696618590595128
1.96,4.324433107194368,0.2700273805049445,0.30156645251025127,0.21805922857192492,1.5994550939389518,0.09670545971097856,0.002468139244565553,0.0030003696430005115,0.00018799266926833173,0.0024757157526630515,0.0005084225690174559,0.002633661859059513
1.97,4.327133380999418,0.2700273805049445,0.30374704479597053,0.21805922857192492,1.6004221485360617,0.09670545971097856,0.0024891893607314535,0.0030643696430005117,0.00019774303542838641,0.002539715752663052,0.0005203419265244394,0.0026976618590595133
1.98,4.329833654804467,0.2700273805049445,0.3059276370816898,0.21805922857192492,1.6013892031331716,0.09670545971097856,0.0025108523508259547,0.003128369643000512,0.0002080013447389737,0.002603715752663052,0.0005328008164032348,0.0027616618590595135
1.99,4.332533928609517,0.2700273805049445,0.30810822936740906,0.21805922857192492,1.6023562577302815,0.09670545971097856,0.0025331410148490556,0.0031923696430005122,0.0002187803972000936,0.0026677157526630523,0.000545812038653842,0.0028256618590595138
2.0,4.328859161241076,0.2674344853863292,0.30220023652324635,0.19771147487514973,1.5925500332220657,0.0737846190230401,0.002307178684721777,0.002619489944711341,0.00015458863685649697,0.0022256097775542787,0.00045226326802355995,0.0023763108355563532
2.01,4.33153350609494,0.2674344853863292,0.3041773512719978,0.19771147487514973,1.593287879412296,0.0737846190230401,0.0023251014262687616,0.002683489944711338,0.00016249738009066085,0.002289609777554276,0.0004620779234620495,0.0024403108355563505
2.02,4.334207850948803,0.2674344853863292,0.30615446602074936,0.19771147487514973,1.5940257256025263,0.0737846190230401,0.0023435608658046894,0.002747489944711341,0.00017086404528033594,0.0023536097775542788,0.0004723806410676507,0.0025043108355563533
2.03,4.336882195802667,0.2674344853863292,0.3081315807695008,0.19771147487514973,1.5947635717927566,0.0737846190230401,0.0023625698033295584,0.002811489944711338,0.00017970143242552152,0.002417609777554276,0.0004831842208403627,0.0025683108355563505
2.04,4.33955654065653,0.2674344853863292,0.3101086955182524,0.19771147487514973,1.595501417982987,0.0737846190230401,0.0023821410388433703,0.002875489944711341,0.00018902234152621834,0.002481609777554279,0.0004945014627801865,0.0026323108355563534
2.05,4.342230885510394,0.2674344853863292,0.3120858102670038,0.19771147487514973,1.5962392641732173,0.0737846190230401,0.002402287372346124,0.0029394899447113382,0.0001988395725824256,0.002545609777554276,0.0005063451668871212,0.0026963108355563506
2.06,4.344905230364257,0.2674344853863292,0.3140629250157554,0.19771147487514973,1.5969771103634476,0.0737846190230401,0.0024230216038378205,0.003003489944711341,0.00020916592559414414,0.002609609777554279,0.0005187281331611675,0.0027603108355563535
2.07,4.347579575218121,0.2674344853863292,0.31604003976450684,0.19771147487514973,1.597714956553678,0.0737846190230401,0.0024443565333184584,0.0030674899447113383,0.00022001420056137308,0.002673609777554276,0.0005316631616023245,0.0028243108355563507
2.08,4.350412018781571,0.27102496521346847,0.318100507906694,0.19801625350799412,1.590322787899288,0.05312655753107211,0.002442018496990428,0.0031102600826042243,0.00015739201117633136,0.002231879514175187,0.0004655745907340474,0.0023941735056623834
2.09,4.353122268433706,0.27102496521346847,0.32008067044177385,0.19801625350799412,1.5908540534745987,0.05312655753107211,0.0024643508775645646,0.0031742600826042216,0.00016540423732115385,0.002295879514175184,0.00047569337557424793,0.0024581735056623806
2.1,4.365670159022599,0.2603172937191667,0.3227181996193368,0.1979914640859677,1.5953477312634219,0.0522909607854942,0.0022677280465458237,0.0026218518000838886,0.00017267773890799335,0.002357220680161217,0.00045989035382787815,0.0025004986271256
2.11,4.368273331959791,0.2603172937191667,0.3246981142601964,0.1979914640859677,1.5958706408712768,0.0522909607854942,0.0022858885803810737,0.002685851800083886,0.0001815891771661886,0.002421220680161214,0.0004706212038577753,0.0025644986271255972
2.12,4.370876504896982,0.2603172937191667,0.32667802890105613,0.1979914640859677,1.5963935504791318,0.0522909607854942,0.0023045862845763416,0.0027498518000838887,0.00019098485956041652,0.002485220680161217,0.000481864953613098,0.0026284986271256
2.13,4.373479677834173,0.2603172937191667,0.32865794354191574,0.1979914640859677,1.5969164600869867,0.0522909607854942,0.0023238339591316252,0.002813851800083886,0.00020087758609067623,0.0025492206801612143,0.0004936344030938454,0.0026924986271255973
2.14,4.376082850771365,0.2603172937191667,0.33063785818277547,0.1979914640859677,1.5974393696948417,0.0522909607854942,0.0023436444040469263,0.0028778518000838887,0.00021128015675696865,0.002613220680161217,0.0005059423523000184,0.0027564986271256
2.15,4.378686023708556,0.2603172937191667,0.3326177728236351,0.1979914640859677,1.5979622793026966,0.0522909607854942,0.0023640304193222436,0.002941851800083886,0.00022220537155929283,0.0026772206801612144,0.0005188016012316159,0.0028204986271255974
2.16,4.3812891966457475,0.2603172937191667,0.3345976874644948,0.1979914640859677,1.5984851889105516,0.0522909607854942,0.0023850048049575785,0.003005851800083889,0.00023366603049764976,0.0027412206801612172,0.0005322249498886392,0.0028844986271256002
2.17,4.383892369582939,0.2603172937191667,0.3365776021053544,0.1979914640859677,1.5990080985184065,0.0522909607854942,0.002406580360952929,0.003069851800083886,0.0002456749335720384,0.0028052206801612144,0.000546225198271087,0.0029484986271255975
2.18,4.38649554252013,0.2603172937191667,0.33855751674621415,0.1979914640859677,1.5995310081262615,0.0522909607854942,0.0024287698873082975,0.003133851800083889,0.0002582448807824598,0.0028692206801612173,0.0005608151463789605,0.0030124986271256003
2.19,4.3890987154573216,0.2603172937191667,0.34053743138707376,0.1979914640859677,1.6000539177341164,0.0522909607854942,0.0024515861840236817,0.003197851800083886,0.0002713886721289129,0.0029332206801612145,0.0005760075942122585,0.0030764986271255975
2.2,4.388002564208885,0.2548664134649072,0.3422212939613303,0.19758716617752078,1.599377157175645,0.05129116204888626,0.002254147882285163,0.002636834203102296,0.0002835185266645914,0.0029923912023026482,0.0005665304212203808,0.0031222150725611743
2.21,4.390551228343534,0.2548664134649072,0.3441971656231054,0.19758716617752078,1.599890068796134,0.05129116204888626,0.002272675213102464,0.0027008342031022933,0.0002977986365195912,0.0030563912023026454,0.0005826161773381765,0.0031862150725611715
2.22,4.393099892478183,0.2548664134649072,0.3461730372848807,0.19758716617752078,1.6004029804166229,0.05129116204888626,0.0022917427107603866,0.002764834203102296,0.0003126900246150522,0.0031203912023026483,0.0005993391764704851,0.0032502150725611744
2.23,4.395648556612832,0.2548664134649072,0.34814890894665584,0.19758716617752078,1.6009158920371118,0.05129116204888626,0.0023113631752589288,0.0028288342031022934,0.0003282054909509731,0.0031843912023026455,0.0006167122186173051,0.0033142150725611716
2.24,4.398486037162494,0.2608652303329494,0.34231246171606633,0.17854863506750537,1.5869718677053173,0.01682893841431398,0.0023099591438313968,0.002867871231250467,0.00020170031740856452,0.002387686017079629,0.0004838644996000905,0.0025295765953194534
2.25,4.401094689465823,0.2608652303329494,0.3440979480667413,0.17854863506750537,1.5871401570894603,0.01682893841431398,0.002330514070840339,0.002931871231250464,0.00021140959107345442,0.002451686017079626,0.0004953812764562196,0.0025935765953194506
2.26,4.403703341769152,0.2608652303329494,0.3458834344174163,0.17854863506750537,1.5873084464736034,0.01682893841431398,0.0023516553720955313,0.0029958712312504613,0.00022160920194176024,0.0025156860170796234,0.0005074167686314126,0.002657576595319448
2.27,4.406311994072482,0.2608652303329494,0.3476689207680914,0.17854863506750537,1.5874767358577464,0.01682893841431398,0.0023733958475969747,0.003059871231250464,0.00023231195001348245,0.002579686017079626,0.00051998377612567,0.0027215765953194507
2.28,4.408920646375811,0.2608652303329494,0.3494544071187664,0.17854863506750537,1.5876450252418894,0.01682893841431398,0.002395748297344667,0.0031238712312504613,0.0002435306352886201,0.0026436860170796234,0.0005330950989389908,0.002785576595319448
2.29,4.411529298679141,0.2608652303329494,0.3512398934694415,0.17854863506750537,1.5878133146260325,0.01682893841431398,0.0024187255213386103,0.003187871231250464,0.0002552780577671742,0.0027076860170796263,0.0005467635370713761,0.002849576595319451
2.3,4.41413795098247,0.2608652303329494,0.3530253798201165,0.17854863506750537,1.5879816040101755,0.01682893841431398,0.002442340319578803,0.0032518712312504614,0.00026756701744914366,0.0027716860170796235,0.0005610018905228246,0.002913576595319448
2.31,4.419769541223698,0.26222158276840707,0.35441043526959526,0.1772141288784261,1.5889598271977599,0.01660977457683248,0.002242941378026745,0.00269380067417211,0.0002787629211253136,0.0028315175654895983,0.0005507392423636564,0.0029584746837231944
2.32,4.420113157168628,0.25668284504382494,0.36863825290690444,0.20744050219533605,1.5988064780305271,0.0406397768724945,0.002239691176899348,0.002736590881078572,0.00018584927743237943,0.0022709578365613207,0.00045957838178512097,0.002414127830327973
2.33,4.422679985619066,0.25668284504382494,0.3707126579288578,0.20744050219533605,1.599212875799252,0.0406397768724945,0.0022591632460777526,0.002800590881078575,0.00019457806089770327,0.0023349578365613236,0.00047014195918336076,0.0024781278303279758
2.34,4.425246814069504,0.25668284504382494,0.37278706295081115,0.20744050219533605,1.599619273567977,0.0406397768724945,0.002279195433432372,0.0028645908810785723,0.00020377383593033898,0.002398957836561321,0.0004812011621476657,0.002542127830327973
2.35,4.427813642519942,0.25668284504382494,0.37486146797276454,0.20744050219533605,1.600025671336702,0.0406397768724945,0.0022998005389632077,0.002928590881078575,0.00021344940253028736,0.0024629578365613237,0.0004927687906780367,0.002606127830327976
2.36,4.43038047097038,0.25668284504382494,0.37693587299471787,0.20744050219533605,1.600432069105427,0.0406397768724945,0.0023209913626702585,0.0029925908810785723,0.00022361756069754757,0.002526957836561321,0.0005048576447744728,0.002670127830327973
2.37,4.4329472994208174,0.25668284504382494,0.37901027801667125,0.20744050219533605,1.600838466874152,0.0406397768724945,0.0023427807045535262,0.003056590881078575,0.0002342911104321205,0.0025909578365613238,0.000517480524436975,0.002734127830327976
2.38,4.435514127871255,0.25668284504382494,0.3810846830386246,0.20744050219533605,1.601244864642877,0.0406397768724945,0.0023651813646130082,0.0031205908810785724,0.00024548285173400526,0.002654957836561321,0.0005306502296655424,0.002798127830327973
2.39,4.438080956321693,0.25668284504382494,0.38315908806057797,0.20744050219533605,1.601651262411602,0.0406397768724945,0.002388206142848707,0.0031845908810785753,0.00025720558460320275,0.002718957836561324,0.0005443795604601759,0.002862127830327976
2.4,4.440927076096758,0.25927356950803576,0.37927410251107735,0.19300632297594905,1.5973956095060557,0.029628688047259363,0.0023885951871414988,0.0032261127329594355,0.0001779019717108788,0.002243941956330106,0.0004641724166458411,0.0024034213025273697
2.41,4.457120116008377,0.2690098789821439,0.38216677766956103,0.19361383746229693,1.602619267146913,0.03250313806151618,0.0021961775370495816,0.0026768134540426165,0.00018466905609557303,0.0023050707872887795,0.00044933745287571686,0.0024449430626560845
2.42,4.459810214798198,0.2690098789821439,0.38410291604418395,0.19361383746229693,1.6029442985275282,0.03250313806151618,0.0022152580262481455,0.0027408134540426138,0.00019341986974475914,0.0023690707872887767,0.0004598738539208964,0.0025089430626560817
2.43,4.462500313588019,0.2690098789821439,0.386039054418807,0.19361383746229693,1.6032693299081433,0.03250313806151618,0.002234886678137519,0.0028048134540426166,0.0002026444975514034,0.0024330707872887796,0.00047091204357860766,0.0025729430626560846
2.44,4.46519041237784,0.2690098789821439,0.3879751927934299,0.19361383746229693,1.6035943612887584,0.03250313806151618,0.0022550762927177,0.002868813454042614,0.000212355739515505,0.002497070787288777,0.0004824648218488496,0.002636943062656082
2.45,4.467880511167661,0.2690098789821439,0.38991133116805293,0.19361383746229693,1.6039193926693736,0.03250313806151618,0.00227583966998869,0.0029328134540426167,0.0002225663956370648,0.0025610707872887797,0.0004945449887316233,0.0027009430626560847
2.46,4.470570609957482,0.2690098789821439,0.39184746954267585,0.19361383746229693,1.6042444240499887,0.03250313806151618,0.002297189609950488,0.002996813454042614,0.0002332892659160819,0.002625070787288777,0.0005071653442269277,0.002764943062656082
2.47,4.473260708747303,0.2690098789821439,0.3937836079172989,0.19361383746229693,1.6045694554306038,0.03250313806151618,0.0023191389126030956,0.0030608134540426168,0.00024453715035255725,0.0026890707872887797,0.0005203386883347638,0.0028289430626560847
2.48,4.475860318449825,0.26846218352673523,0.3950137950771838,0.19186606964666553,1.6063891594621968,0.03616337661635488,0.002319355030820293,0.0031033203165745887,0.0001738650968191416,0.002251111864883175,0.00045022446825209903,0.002405532743119893
2.49,4.478544940285092,0.26846218352673523,0.3969324557736505,0.19186606964666553,1.6067507932283605,0.03616337661635488,0.002342264472282775,0.0031673203165745916,0.00018208415544596133,0.002315111864883178,0.0004604957374978477,0.002469532743119896
2.5,4.4790702334764525,0.2622269422548166,0.3988225466015904,0.1919117591447001,1.6063516838468874,0.0347934085831501,0.0021564922730783424,0.0026160368693180524,0.00018913691432311653,0.002376005371783001,0.00044702790763839957,0.0025124398128655457
2.51,4.4816925028990005,0.2622269422548166,0.40074166419303736,0.1919117591447001,1.6066996179327189,0.0347934085831501,0.0021751576505246385,0.0026800368693180496,0.0001982545152469845,0.0024400053717829983,0.00045792358914004794,0.002576439812865543
2.52,4.484314772321548,0.2622269422548166,0.4026607817844844,0.1919117591447001,1.6070475520185503,0.0347934085831501,0.0021943590353447995,0.0027440368693180525,0.00020786011724520953,0.002504005371783001,0.0004693345586042699,0.0026404398128655458
2.53,4.486937041744096,0.2622269422548166,0.40457989937593136,0.1919117591447001,1.6073954861043818,0.0347934085831501,0.002214109227538823,0.0028080368693180497,0.0002179665203177907,0.0025680053717829984,0.0004812736160310645,0.002704439812865543
2.54,4.489559311166644,0.2622269422548166,0.4064990169673784,0.1919117591447001,1.6077434201902132,0.0347934085831501,0.002234421027106711,0.0028720368693180526,0.0002285865244647289,0.0026320053717830013,0.0004937535614204327,0.002768439812865546
2.55,4.492181580589192,0.2622269422548166,0.40841813455882536,0.1919117591447001,1.6080913542760447,0.0347934085831501,0.002255307234048462,0.0029360368693180498,0.00023973292968602325,0.0026960053717829985,0.0005067871947723735,0.002832439812865543
2.56,4.493320687127316,0.25845933179269936,0.42002523745803555,0.21629454262794864,1.6131470865557778,0.047061674017842274,0.002254706195026902,0.002978760647671962,0.00017349788669020072,0.002267311866243747,0.00044099709340981373,0.002415601438745636
2.57,4.495905280445243,0.25845933179269936,0.422188182884315,0.21629454262794864,1.6136177032959562,0.047061674017842274,0.0022764914212780223,0.0030427606476719593,0.0001817694979325767,0.0023313118662437442,0.0004512658891109048,0.0024796014387456333
2.58,4.4984898737631696,0.25845933179269936,0.4243511283105945,0.21629454262794864,1.6140883200361347,0.047061674017842274,0.002298885199658678,0.003106760647671962,0.00019050737154820182,0.002395311866243747,0.0004620306050997455,0.002543601438745636
2.59,4.5010744670810965,0.25845933179269936,0.42651407373687394,0.21629454262794864,1.6145589367763131,0.047061674017842274,0.002321900330168867,0.0031707606476719594,0.0001997243075370753,0.0024593118662437443,0.0004733040413763348,0.0026076014387456333
2.6,4.482926403635891,0.22078692604284933,0.4269841392764723,0.2141888091602554,1.6088273897460796,0.041218507119029135,0.002137777965409453,0.002618153198274374,0.00020759759097863198,0.0025196640028013985,0.000461370275505857,0.002651445402194089
2.61,4.485134272896319,0.22078692604284933,0.42912602736807476,0.2141888091602554,1.6092395748172699,0.041218507119029135,0.002156532515540752,0.0026821531982743714,0.0002177646506460759,0.0025836640028013957,0.00047333176146904576,0.002715445402194086
2.62,4.487342142156748,0.22078692604284933,0.43126791545967735,0.2141888091602554,1.60965175988846,0.041218507119029135,0.0021758234963117065,0.0027461531982743742,0.0002284484431140806,0.0026476640028013985,0.00048583633651267386,0.002779445402194089
2.63,4.489550011417176,0.22078692604284933,0.43340980355127984,0.2141888091602554,1.6100639449596503,0.041218507119029135,0.0021956637077223153,0.0028101531982743714,0.00023966176838264506,0.0027116640028013957,0.0004988968006367403,0.002843445402194086
2.64,4.491170711405478,0.21849600770813815,0.4315149372317559,0.20398199253231022,1.6169398388670142,0.057664360457965066,0.00219580752762295,0.002854684055914228,0.0001731921146250463,0.002275769604587574,0.00043452593022673717,0.0024211702525304187
2.65,4.4933556714825595,0.21849600770813815,0.4335547571570789,0.20398199253231022,1.6175164824715937,0.057664360457965066,0.002216532162882296,0.002918684055914225,0.000181500058549241,0.002339769604587571,0.0004448357291051261,0.002485170252530416
2.66,4.495540631559641,0.21849600770813815,0.43559457708240207,0.20398199253231022,1.6180931260761735,0.057664360457965066,0.002237840534952826,0.002982684055914228,0.0001902759563943536,0.002403769604587574,0.00045564256203402156,0.002549170252530419
2.67,4.497725591636723,0.21849600770813815,0.4376343970077251,0.20398199253231022,1.618669769680753,0.057664360457965066,0.002259745443834538,0.003046684055914225,0.00019953260816038334,0.0024677696045875713,0.00046695922901342267,0.002613170252530416
2.68,4.499910551713804,0.21849600770813815,0.43967421693304826,0.20398199253231022,1.6192464132853328,0.057664360457965066,0.0022822596895274343,0.003110684055914228,0.000209282813847331,0.002531769604587574,0.0004787985300433303,0.002677170252530419
2.69,4.502095511790886,0.21849600770813815,0.4417140368583713,0.20398199253231022,1.6198230568899123,0.057664360457965066,0.0023053960720315118,0.003174684055914225,0.00021953937345519574,0.0025957696045875714,0.0004911732651237435,0.002741170252530416
2.7,4.510476651840377,0.22253740243279663,0.4444342197500808,0.20470111991542853,1.6227910848406586,0.05932680085409571,0.0021224080409150167,0.002620562759049998,0.00022835736189625848,0.0026557763498609383,0.0004806799079761908,0.0027855476148034475
2.71,4.512702025864705,0.22253740243279663,0.44648123094923503,0.20470111991542853,1.6233843528491996,0.05932680085409571,0.002141261771417587,0.0026845627590499953,0.00023961555009132686,0.0027197763498609355,0.0004937999403737286,0.0028495476148034447
2.72,4.514078941187412,0.2193374627267939,0.45255523444135903,0.21499503520422916,1.6301457753054853,0.07513774039769093,0.0021411544989970253,0.0027299808391656093,0.00017473163077548433,0.002283845189607155,0.0004299658230866237,0.002424867750111958
2.73,4.51627231581468,0.2193374627267939,0.4547051847934013,0.21499503520422916,1.6308971527094622,0.07513774039769093,0.0021608511700883432,0.0027939808391656065,0.00018312675557210776,0.0023478451896071523,0.00044033806697440006,0.0024888677501119553
2.74,4.518465690441948,0.2193374627267939,0.4568551351454436,0.21499503520422916,1.6316485301134391,0.07513774039769093,0.002181106637347495,0.0028579808391656094,0.00019199144940665303,0.002411845189607155,0.0004512080844121993,0.002552867750111958
2.75,4.520659065069216,0.2193374627267939,0.45900508549748587,0.21499503520422916,1.632399907517416,0.07513774039769093,0.002201933700774479,0.0029219808391656066,0.00020133851227911931,0.0024758451896071524,0.00046258867540002047,0.0026168677501119553
2.76,4.522852439696484,0.2193374627267939,0.4611550358495281,0.21499503520422916,1.633151284921393,0.07513774039769093,0.002223345160369296,0.002985980839165604,0.00021118074418950702,0.0025398451896071496,0.00047449263993786395,0.0026808677501119526
2.77,4.525045814323752,0.2193374627267939,0.46330498620157046,0.21499503520422916,1.6339026623253698,0.07513774039769093,0.002245353816131947,0.0030499808391656067,0.0002215309451378166,0.0026038451896071525,0.00048693277802573035,0.0027448677501119554
2.78,4.52723918895102,0.2193374627267939,0.4654549365536127,0.21499503520422916,1.6346540397293468,0.07513774039769093,0.0022679724680624304,0.003113980839165604,0.00023240191512404712,0.0026678451896071497,0.0004999218896636187,0.0028088677501119526
2.79,4.529432563578288,0.2193374627267939,0.46760488690565505,0.21499503520422916,1.6354054171333237,0.07513774039769093,0.002291213916160748,0.0031779808391656067,0.00024380645414819957,0.0027318451896071526,0.0005134727748515299,0.0028728677501119555
2.8,4.531625938205556,0.2193374627267939,0.4697548372576973,0.21499503520422916,1.6361567945373006,0.07513774039769093,0.0023150909604268974,0.003241980839165604,0.00025575736221027296,0.00279584518960715,0.0005275982335894629,0.0029368677501119527
2.81,4.525018569587723,0.19491342856266441,0.4634351383078013,0.19445232285328368,1.6319981643596557,0.06514965421489334,0.002110167521218468,0.002671085487518855,0.00018399162744961022,0.0023487826793128297,0.000434014539806541,0.002484857501976323
2.82,4.52696770387335,0.19491342856266441,0.4653796615363341,0.19445232285328368,1.6326496609018046,0.06514965421489334,0.0021294627701987133,0.002735085487518852,0.00019289153596596298,0.002412782679312827,0.00044484702897994166,0.00254885750197632
2.83,4.528916838158977,0.19491342856266441,0.467324184764867,0.19445232285328368,1.6333011574439535,0.06514965421489334,0.002149305036276463,0.002799085487518855,0.00020227400101817871,0.00247678267931283,0.0004561892896537381,0.002612857501976323
2.84,4.530865972444603,0.19491342856266441,0.46926870799339976,0.19445232285328368,1.6339526539861025,0.06514965421489334,0.0021697071194517153,0.002863085487518852,0.0002121518226062566,0.002540782679312827,0.00046805412182792923,0.0026768575019763203
2.85,4.53281510673023,0.19491342856266441,0.47121323122193265,0.19445232285328368,1.6346041505282514,0.06514965421489334,0.002190681819724472,0.002927085487518855,0.0002225378007301975,0.00260478267931283,0.0004804543255025162,0.002740857501976323
2.86,4.534764241015857,0.19491342856266441,0.47315775445046543,0.19445232285328368,1.6352556470704003,0.06514965421489334,0.0022122419370947323,0.002991085487518852,0.0002334447353900005,0.002668782679312827,0.0004934027006774979,0.0028048575019763203
2.87,4.536713375301484,0.19491342856266441,0.4751022776789983,0.19445232285328368,1.6359071436125492,0.06514965421489334,0.002234400271562497,0.003055085487518855,0.00024488542658566655,0.00273278267931283,0.0005069120473528754,0.002868857501976323
2.88,4.538662509587111,0.19491342856266441,0.4770468009075311,0.19445232285328368,1.636558640154698,0.06514965421489334,0.0022571696231277645,0.0031190854875188523,0.00025687267431719464,0.002796782679312827,0.0005209951655286475,0.0029328575019763204
2.89,4.5406116438727375,0.19491342856266441,0.478991324136064,0.19445232285328368,1.637210136696847,0.06514965421489334,0.0022805627917905366,0.003183085487518855,0.0002694192785845858,0.00286078267931283,0.0005356648552048156,0.0029968575019763233
2.9,4.542560778158364,0.19491342856266441,0.48093584736459677,0.19445232285328368,1.637861633238996,0.06514965421489334,0.0023045925775508117,0.0032470854875188524,0.000282538039387839,0.0029247826793128272,0.0005509339163813783,0.0030608575019763205
2.91,4.547160022266142,0.18592039396206395,0.4833878850042347,0.1947048406888997,1.640290126204277,0.06550143065728506,0.0021179437209714316,0.0026897247188564554,0.0002938751794206274,0.0029837149887873417,0.0005436306853838011,0.0031061464655700306
2.92,4.549019226205762,0.18592039396206395,0.48533493341112366,0.1947048406888997,1.64094514051085,0.06550143065728506,0.0021375409904487654,0.0027537247188564526,0.00030811580649860024,0.003047714988787339,0.0005597791038285332,0.003170146465570028
2.93,4.550878430145382,0.18592039396206395,0.4872819818180127,0.1947048406888997,1.6416001548174228,0.06550143065728506,0.0021576890048698714,0.0028177247188564554,0.0003229659765743312,0.0031117149887873417,0.00057656155156638,0.0032341464655700307
2.94,4.552737634085003,0.18592039396206395,0.48922903022490166,0.1947048406888997,1.6422551691239957,0.06550143065728506,0.002178400564234748,0.0028817247188564527,0.00033843848964781897,0.003175714988787339,0.00059399082859734,0.003298146465570028
2.95,4.554596838024623,0.18592039396206395,0.4911760786317907,0.1947048406888997,1.6429101834305686,0.06550143065728506,0.0021996884685433968,0.0029457247188564555,0.0003545461457190649,0.003239714988787342,0.0006120797349214149,0.0033621464655700308
2.96,4.556466245948372,0.19217332760510356,0.47402682036614974,0.14893182850221398,1.6320785758537868,0.03914038810725655,0.0022018181565359126,0.002982305130026477,0.00022228716996694232,0.002443016559023519,0.0004766262174389171,0.002579814292105223
2.97,4.558387979224423,0.19217332760510356,0.4755161386511719,0.14893182850221398,1.6324699797348594,0.03914038810725655,0.002224071084844875,0.00304630513002648,0.00023245751454575088,0.002507016559023522,0.000488801534550589,0.002643814292105226
2.98,4.560309712500474,0.19217332760510356,0.47700545693619406,0.14893182850221398,1.632861383615932,0.03914038810725655,0.002246933274179841,0.0031103051300264773,0.0002431292624363637,0.002571016559023519,0.0005015056145206814,0.002707814292105223
2.99,4.562231445776525,0.19217332760510356,0.47849477522121625,0.14893182850221398,1.6332527874970046,0.03914038810725655,0.002270417524540814,0.00317430513002648,0.0002543152136387817,0.002635016559023522,0.0005147512573491955,0.002771814292105226
3.0,4.564153179052576,0.19217332760510356,0.4799840935062384,0.14893182850221398,1.6336441913780773,0.03914038810725655,0.0022945366359277907,0.0032383051300264773,0.0002660281681530039,0.002699016559023519,0.00052855126303613,0.002835814292105223
3.01,4.566074912328626,0.19217332760510356,0.4814734117912605,0.14893182850221398,1.6340355952591499,0.03914038810725655,0.002319303408340773,0.0033023051300264746,0.00027828092597903076,0.0027630165590235164,0.0005429184315814856,0.0028998142921052203
3.02,4.567996645604677,0.19217332760510356,0.4829627300762827,0.14893182850221398,1.6344269991402225,0.03914038810725655,0.002344730641779762,0.0033663051300264774,0.00029108628711686286,0.0028270165590235192,0.0005578655629852628,0.002963814292105223
3.03,4.569918378880728,0.19217332760510356,0.48445204836130484,0.14893182850221398,1.634818403021295,0.03914038810725655,0.0023708311362447545,0.0034303051300264746,0.0003044570515664991,0.0028910165590235164,0.0005734054572474605,0.0030278142921052204
3.04,4.570481426024619,0.18755906748814619,0.483585373631258,0.14336850208199783,1.645492913722002,0.06365696107251281,0.0023724960246781727,0.0034594267087675384,0.00020623073057428462,0.0023239928426759897,0.00048035068976744894,0.002486294170922641
3.05,4.572357016699501,0.18755906748814619,0.48501905865207795,0.14336850208199783,1.6461294833327271,0.06365696107251281,0.0023995593308565174,0.0035234267087675356,0.00021538940254054977,0.002387992842675987,0.0004919533913871775,0.0025502941709226383
3.06,4.574232607374382,0.18755906748814619,0.486452743672898,0.14336850208199783,1.6467660529434522,0.06365696107251281,0.0024273273223766167,0.0035874267087675385,0.00022502567307535056,0.00245199284267599,0.0005040661518410911,0.002614294170922641
3.07,4.576108198049264,0.18755906748814619,0.48788642869371796,0.14336850208199783,1.6474026225541774,0.06365696107251281,0.0024558127992384683,0.0036514267087675357,0.00023515234217868613,0.002515992842675987,0.0005167017711291888,0.0026782941709226384
3.08,4.577983788724145,0.18755906748814619,0.489320113714538,0.14336850208199783,1.6480391921649025,0.06365696107251281,0.002485028561442075,0.0037154267087675386,0.00024578220985055734,0.00257999284267599,0.0005298730492514714,0.002742294170922641
3.09,4.579859379399027,0.18755906748814619,0.49075379873535796,0.14336850208199783,1.6486757617756276,0.06365696107251281,0.0025149874089874335,0.0037794267087675358,0.00025692807609096325,0.002643992842675987,0.000543592786207938,0.0028062941709226384
3.1,4.581734970073908,0.18755906748814619,0.492187483756178,0.14336850208199783,1.6493123313863527,0.06365696107251281,0.0025457021418745468,0.0038434267087675386,0.00026860274089990485,0.00270799284267599,0.0005578737819985899,0.0028702941709226413
3.11,4.58361056074879,0.18755906748814619,0.49362116877699797,0.14336850208199783,1.6499489009970778,0.06365696107251281,0.0025771855601034125,0.003907426708767536,0.00028081900427738115,0.002771992842675987,0.0005727288366234255,0.0029342941709226385
3.12,4.5844433496039,0.184058756443753,0.4968339333601626,0.14764381508272936,1.6562051497552919,0.07716359790719811,0.002579678885736914,0.00392978206320419,0.00019904424865157549,0.002295975087892992,0.0004957306756884553,0.0024846661593177642
3.13,4.5862839371683375,0.184058756443753,0.4983103715109899,0.14764381508272936,1.6569767857343638,0.07716359790719811,0.0026122105064680097,0.003993782063204187,0.0002078124604623519,0.002359975087892989,0.0005074109730636,0.0025486661593177615
3.14,4.588124524732775,0.184058756443753,0.4997868096618172,0.14764381508272936,1.6577484217134357,0.07716359790719811,0.0026455408836117476,0.00405778206320419,0.0002170526672907073,0.002423975087892992,0.0005196010036706089,0.0026126661593177643
3.15,4.589965112297213,0.184058756443753,0.5012632478126444,0.14764381508272936,1.6585200576925077,0.07716359790719811,0.002679682817168125,0.004121782063204188,0.0002267776691366409,0.0024879750878929892,0.0005323135675094808,0.0026766661593177615
3.16,4.59180569986165,0.184058756443753,0.5027396859634717,0.14764381508272936,1.6592916936715796,0.07716359790719811,0.0027146491071371446,0.004185782063204191,0.00023700026600015353,0.002551975087892992,0.0005455614645802167,0.0027406661593177644
3.17,4.593646287426088,0.184058756443753,0.504216124114299,0.14764381508272936,1.6600633296506515,0.07716359790719811,0.0027504525535188037,0.004249782063204188,0.0002477332578812443,0.0026159750878929893,0.0005593574948828156,0.0028046661593177616
3.18,4.5954868749905255,0.184058756443753,0.5056925622651263,0.14764381508272936,1.6608349656297234,0.07716359790719811,0.002787105956313105,0.004313782063204191,0.0002589894447799141,0.002679975087892992,0.0005737144584172788,0.0028686661593177645
3.19,4.597327462554963,0.184058756443753,0.5071690004159535,0.14764381508272936,1.6616066016087954,0.07716359790719811,0.0028246221155200455,0.004377782063204189,0.0002707816266961621,0.0027439750878929894,0.0005886451551836047,0.0029326661593177617
3.2,4.598593063950872,0.19419873894853376,0.4880577385368331,0.0984258817523593,1.6470074347616084,0.042528031683759036,0.0028299808777223737,0.0044017342451770245,0.00019456469022499173,0.002298167980863548,0.0005128034049773891,0.0025101135498194235
3.21,4.600535051340358,0.19419873894853376,0.48904199735435666,0.0984258817523593,1.647432715078446,0.042528031683759036,0.002868783024042081,0.004465734245177022,0.00020317102557881634,0.0023621679808635454,0.0005247102208224539,0.0025741135498194207
3.22,4.602477038729843,0.19419873894853376,0.4900262561718803,0.0984258817523593,1.6478579953952837,0.042528031683759036,0.0029084783172108257,0.004529734245177025,0.00021224979452881405,0.0024261679808635483,0.0005371318593774832,0.0026381135498194236
3.23,4.604419026119328,0.19419873894853376,0.49101051498940385,0.0984258817523593,1.6482832757121213,0.042528031683759036,0.002949079557228604,0.004593734245177022,0.00022181379707498404,0.0024901679808635455,0.0005500811206424756,0.002702113549819421
3.24,4.606361013508813,0.19419873894853376,0.49199477380692747,0.0984258817523593,1.648708556028959,0.042528031683759036,0.002990599544095419,0.0046577342451770256,0.00023187583321732718,0.0025541679808635484,0.0005635708046174326,0.0027661135498194237
3.25,4.608303000898299,0.19419873894853376,0.49297903262445103,0.0984258817523593,1.6491338363457966,0.042528031683759036,0.0030330510778112676,0.004721734245177023,0.00024244870295584258,0.0026181679808635456,0.0005776137113023528,0.002830113549819421
3.26,4.610244988287784,0.19419873894853376,0.4939632914419746,0.0984258817523593,1.6495591166626342,0.042528031683759036,0.003076446958376152,0.00478573424517702,0.00025354520629053065,0.002682167980863543,0.0005922226406972369,0.002894113549819418
3.27,4.612186975677269,0.19419873894853376,0.4949475502594982,0.0984258817523593,1.6499843969794719,0.042528031683759036,0.0031207999857900738,0.004849734245177023,0.00026517814322139197,0.0027461679808635456,0.0006074103928020856,0.002958113549819421
3.28,4.614128963066754,0.19419873894853376,0.4959318090770218,0.0984258817523593,1.6504096772963095,0.042528031683759036,0.0031661229600530288,0.0049137342451770205,0.00027736031374842545,0.002810167980863543,0.0006231897676168975,0.003022113549819418
3.29,4.616276489407877,0.19566237749378942,0.48881801865928465,0.07900469021738697,1.6509371192189877,0.042950261161044286,0.0031688725425037677,0.0049174512228663285,0.00020326890215236021,0.0023768708177919306,0.0005556598945847107,0.0026214221131310752
3.3,4.618233113182815,0.19566237749378942,0.4896080655614585,0.07900469021738697,1.651366621830598,0.042950261161044286,0.003215361581714872,0.004981451222866326,0.00021238721502694398,0.002440870817791928,0.0005687304449547291,0.0026854221131310725
3.31,4.620189736957753,0.19566237749378942,0.4903981124636324,0.07900469021738697,1.6517961244422084,0.042950261161044286,0.0032628469111705494,0.005045451222866323,0.0002219937020650861,0.002504870817791925,0.0005823380797473738,0.0027494221131310697
3.32,4.622146360732692,0.19566237749378942,0.4911881593658063,0.07900469021738697,1.6522256270538187,0.042950261161044286,0.0033113413308708,0.00510945122286632,0.0002321011632667866,0.0025688708177919223,0.0005964955989626446,0.002813422113131067
3.33,4.62410298450763,0.19566237749378942,0.49197820626798017,0.07900469021738697,1.652655129665429,0.042950261161044286,0.0033608576408156263,0.005173451222866323,0.00024272239863204595,0.002632870817791925,0.0006112158026005423,0.0028774221131310698
3.34,4.626059608282568,0.19566237749378942,0.49276825317015405,0.07900469021738697,1.6530846322770394,0.042950261161044286,0.0034114086410050237,0.005237451222866321,0.0002538702081608632,0.0026968708177919224,0.0006265114906610654,0.002941422113131067
3.35,4.628016232057506,0.19566237749378942,0.4935583000723279,0.07900469021738697,1.6535141348886497,0.042950261161044286,0.003463007131438996,0.005301451222866324,0.0002655573918532393,0.0027608708177919252,0.0006423954631442155,0.00300542211313107
3.36,4.630378508032981,0.19729637759409605,0.49591673446888895,0.08292042935231567,1.6511013772526075,0.03588817197048335,0.0034625811923324978,0.005292233491420863,0.00019824726448180424,0.002329458542918564,0.0005794642563012532,0.002605699721022352
3.37,4.6323514718089225,0.19729637759409605,0.49674593876241213,0.08292042935231567,1.6514602589723124,0.03588817197048335,0.0035152915626295187,0.005356233491420866,0.00020703817814476228,0.0023934585429185667,0.000592758662880571,0.002669699721022355
3.38,4.634324435584864,0.19729637759409605,0.49757514305593525,0.08292042935231567,1.6518191406920173,0.03588817197048335,0.003569073179624822,0.005420233491420863,0.00021630778351630365,0.002457458542918564,0.0006065870094040928,0.002733699721022352
3.39,4.636297399360805,0.19729637759409605,0.49840434734945843,0.08292042935231567,1.6521780224117222,0.03588817197048335,0.0036239388433184114,0.0054842334914208665,0.00022606888059642914,0.0025214585429185667,0.0006209620958718196,0.002797699721022355
3.4,4.638270363136746,0.19729637759409605,0.49923355164298155,0.08292042935231567,1.652536904131427,0.03588817197048335,0.0036799013537102826,0.005548233491420864,0.00023633426938513789,0.002585458542918564,0.0006358967222837502,0.002861699721022352
3.41,4.640243326912687,0.19729637759409605,0.5000627559365047,0.08292042935231567,1.652895785851132,0.03588817197048335,0.003736973510800438,0.005612233491420861,0.0002471167498824303,0.002649458542918561,0.0006514036886398853,0.0029256997210223494
3.42,4.642216290688628,0.19729637759409605,0.5008919602300279,0.08292042935231567,1.6532546675708368,0.03588817197048335,0.0037951681145888777,0.005676233491420858,0.00025842912208830644,0.0027134585429185584,0.0006674957949402248,0.0029896997210223466
3.43,4.644189254464569,0.19729637759409605,0.5017211645235511,0.08292042935231567,1.6536135492905417,0.03588817197048335,0.0038544979650756038,0.0057402334914208614,0.0002702841860027668,0.0027774585429185612,0.0006841858411847694,0.0030536997210223495
3.44,4.644749387630096,0.19405719473038238,0.5073085060174525,0.09498956798751193,1.6558060461258097,0.040910258416128234,0.0038462479079844373,0.005711240670373706,0.00020426695440460942,0.0023436148350648653,0.0006250952435631975,0.0026575948606594206
3.45,4.6466899595774,0.19405719473038238,0.5082584016973276,0.09498956798751193,1.656215148709971,0.040910258416128234,0.0039065067673663845,0.005775240670373709,0.00021325224075446184,0.002407614835064868,0.0006393234229405352,0.0027215948606594234
3.46,4.648630531524704,0.19405719473038238,0.5092082973772027,0.09498956798751193,1.6566242512941323,0.040910258416128234,0.003967920674882404,0.005839240670373706,0.00022271905007132683,0.0024716148350648654,0.0006540959212900041,0.0027855948606594206
3.47,4.650571103472008,0.19405719473038238,0.5101581930570779,0.09498956798751193,1.6570333538782935,0.040910258416128234,0.004030502430532501,0.005903240670373709,0.00023268018235520524,0.0025356148350648682,0.0006694255386116056,0.0028495948606594235
3.48,4.652511675419312,0.19405719473038238,0.511108088736953,0.09498956798751193,1.6574424564624548,0.040910258416128234,0.00409426483431667,0.005967240670373707,0.00024314843760609616,0.0025996148350648654,0.0006853250749053383,0.0029135948606594207
3.49,4.654452247366616,0.19405719473038238,0.5120579844168281,0.09498956798751193,1.657851559046616,0.040910258416128234,0.004159220686234917,0.00603124067037371,0.00025413661582400054,0.0026636148350648683,0.0007018073301712036,0.0029775948606594236
3.5,4.648922661123849,0.15822130941921542,0.5126728791756974,0.09357950530747187,1.6572174311791068,0.03627315743095774,0.003359127020237521,0.004152900828124283,0.0002569779091408019,0.0027161309904794816,0.0006279357063563326,0.0029516976902330136
3.51,4.650504874218041,0.15822130941921542,0.5136086742287721,0.09357950530747187,1.6575801627534164,0.03627315743095774,0.0034023691917120357,0.00421690082812428,0.00026885636045234613,0.002780130990479479,0.0006438894430225475,0.003015697690233011
3.52,4.6501674606672605,0.15456596815423768,0.5054490010055687,0.07088821318787414,1.6655726000873363,0.05626081326987906,0.0033954857566242,0.004230104809074824,0.0002001163668503895,0.0023367871590347024,0.0005834406225790581,0.0026057974581805633
3.53,4.651713120348803,0.15456596815423768,0.5061578831374474,0.07088821318787414,1.6661352082200351,0.05626081326987906,0.0034395989622972266,0.004294104809074821,0.00020901716834794724,0.0024007871590346996,0.0005968293314751667,0.0026697974581805606
3.54,4.653258780030345,0.15456596815423768,0.5068667652693262,0.07088821318787414,1.666697816352734,0.05626081326987906,0.0034845709889320697,0.004358104809074824,0.00021839812727731232,0.0024647871590347025,0.0006107519998629117,0.0027337974581805634
3.55,4.654804439711888,0.15456596815423768,0.5075756474012049,0.07088821318787414,1.6672604244854328,0.05626081326987906,0.003530414636528726,0.0044221048090748215,0.00022827204363848393,0.0025287871590346997,0.0006252214277422923,0.0027977974581805606
3.56,4.65635009939343,0.15456596815423768,0.5082845295330837,0.07088821318787414,1.6678230326181316,0.05626081326987906,0.0035771427050871993,0.004486104809074825,0.00023865171743146291,0.0025927871590347026,0.0006402504151133098,0.0028617974581805635
3.57,4.6578957590749726,0.15456596815423768,0.5089934116649624,0.07088821318787414,1.6683856407508304,0.05626081326987906,0.0036247679946074854,0.004550104809074822,0.00024954994865624834,0.0026567871590346998,0.0006558517619759627,0.0029257974581805607
3.58,4.659441418756515,0.15456596815423768,0.5097022937968412,0.07088821318787414,1.6689482488835292,0.05626081326987906,0.0036733033050895887,0.004614104809074825,0.00026097953731284124,0.0027207871590347026,0.0006720382683302525,0.0029897974581805636
3.59,4.660987078438057,0.15456596815423768,0.5104111759287199,0.07088821318787414,1.669510857016228,0.05626081326987906,0.0037227614365335044,0.0046781048090748225,0.00027295328340124056,0.0027847871590347,0.0006888227341761775,0.003053797458180561
3.6,4.655089777736559,0.12122107951312015,0.5103994086126963,0.06867505428061038,1.668598592390408,0.051157672609378854,0.003152557617086161,0.0034806452146107112,0.00027896743834712967,0.002840256117709183,0.000638426824386193,0.0030572276135044495
3.61,4.65630198853169,0.12122107951312015,0.5110861591555024,0.06867505428061038,1.6691101691165018,0.051157672609378854,0.00318804307685229,0.0035446452146107085,0.00029193270741882936,0.00290425611770918,0.0006552354101965697,0.0031212276135044468
3.62,4.657514199326822,0.12122107951312015,0.5117729096983085,0.06867505428061038,1.6696217458425955,0.051157672609378854,0.0032242374656613424,0.0036086452146107113,0.00030547882771407147,0.002968256117709183,0.0006726682415296481,0.0031852276135044496
3.63,4.658726410121953,0.12122107951312015,0.5124596602411146,0.06867505428061038,1.6701333225686892,0.051157672609378854,0.0032611535835133155,0.0036726452146107085,0.0003196185992328548,0.00303225611770918,0.0006907381183854266,0.003249227613504447
3.64,4.659938620917084,0.12122107951312015,0.5131464107839206,0.06867505428061038,1.6706448992947829,0.051157672609378854,0.0032988042304082127,0.0037366452146107114,0.00033436482197518065,0.003096256117709183,0.0007094578407639067,0.0033132276135044497
3.65,4.661150831712216,0.12122107951312015,0.5138331613267267,0.06867505428061038,1.6711564760208766,0.051157672609378854,0.00333720220634603,0.0038006452146107086,0.00034973029594104763,0.0031602561177091803,0.000728840208665087,0.003377227613504447
3.66,4.662363042507347,0.12122107951312015,0.5145199118695328,0.06867505428061038,1.6716680527469703,0.051157672609378854,0.0033763603113267713,0.0038646452146107115,0.0003657278211304572,0.003224256117709183,0.000748898022088969,0.0034412276135044498
3.67,4.663575253302478,0.12122107951312015,0.5152066624123389,0.06867505428061038,1.672179629473064,0.051157672609378854,0.0034162913453504333,0.003928645214610709,0.00038237019754340783,0.0032882561177091803,0.000769644081035551,0.003505227613504447
3.68,4.665159392225905,0.12862065795246208,0.5046970032056246,0.04238220620941096,1.6577386848395403,0.016881440609603622,0.0034097357636202275,0.003947920747229675,0.00024628422493674153,0.002490133802387448,0.000628388553727083,0.0027256782254961903
3.69,4.66644559880543,0.12862065795246208,0.5051208252677187,0.04238220620941096,1.6579074992456364,0.016881440609603622,0.0034506521449025546,0.004011920747229673,0.00025690268982083494,0.002554133802387445,0.0006431314211533794,0.0027896782254961876
3.7,4.657197469761314,0.11904333560324878,0.504154149176286,0.04082692507715977,1.6546495457100177,0.014694096698887858,0.0029977918586628453,0.0031125905286378598,0.000262630274394648,0.0026114794589587854,0.0006027271287759321,0.0028063403741951597
3.71,4.6583879031173465,0.11904333560324878,0.5045624184270576,0.04082692507715977,1.6547964866770066,0.014694096698887858,0.00302838208457806,0.003176590528637857,0.00027417608868556464,0.0026754794589587826,0.0006176471905179088,0.002870340374195157
3.72,4.659578336473379,0.11904333560324878,0.5049706876778293,0.04082692507715977,1.6549434276439956,0.014694096698887858,0.0030596076285990034,0.00324059052863786,0.0002862569988682736,0.0027394794589587854,0.0006331413203347252,0.00293434037419516
3.73,4.660768769829411,0.11904333560324878,0.5053789569286009,0.04082692507715977,1.6550903686109846,0.014694096698887858,0.003091481290725673,0.003304590528637857,0.00029888580494277377,0.0028034794589587827,0.0006492223182263799,0.002998340374195157
3.74,4.661959203185443,0.11904333560324878,0.5057872261793726,0.04082692507715977,1.6552373095779735,0.014694096698887858,0.0031240158709580712,0.00336859052863786,0.00031207530690906623,0.0028674794589587855,0.0006659029841928743,0.00306234037419516
3.75,4.663149636541475,0.11904333560324878,0.5061954954301442,0.04082692507715977,1.6553842505449625,0.014694096698887858,0.0031572241692961957,0.003432590528637857,0.00032583830476714984,0.0029314794589587827,0.0006831961182342071,0.003126340374195157
3.76,4.6643400698975075,0.11904333560324878,0.5066037646809158,0.04082692507715977,1.6555311915119515,0.014694096698887858,0.003191118985740048,0.0034965905286378544,0.0003401875985170252,0.00299547945895878,0.0007011145203503787,0.0031903403741951543
3.77,4.664852150122515,0.11696175933645347,0.5010843753524358,0.02726002048734749,1.6624621629804646,0.03030467701285234,0.0031839077336913275,0.0035286902510204767,0.00023283266484052048,0.002423346934540759,0.0005967133632445972,0.0026400275234502416
3.78,4.66602176771588,0.11696175933645347,0.5013569755573093,0.02726002048734749,1.6627652097505932,0.03030467701285234,0.0032186838102692765,0.003592690251020474,0.0002427566638166961,0.002487346934540756,0.0006104291974139872,0.002704027523450239
3.79,4.667191385309245,0.11696175933645347,0.5016295757621828,0.02726002048734749,1.6630682565207218,0.03030467701285234,0.003254178424897431,0.0036566902510204767,0.0002531781321797803,0.002551346934540759,0.0006246858370880678,0.0027680275234502416
3.8,4.66836100290261,0.11696175933645347,0.5019021759670563,0.02726002048734749,1.6633713032908504,0.03030467701285234,0.003290404377575788,0.003720690251020474,0.0002641098699297722,0.002615346934540756,0.0006394960822668379,0.002832027523450239
3.81,4.680994335634541,0.11652805376789135,0.5032455314889597,0.027200973302706793,1.668108930948792,0.03200019496555831,0.0028998283387891835,0.0029702206281663913,0.0002708023425466105,0.002673714242629496,0.00060578571792899,0.0028574264904163106
3.82,4.682159616172219,0.11652805376789135,0.5035175412219868,0.027200973302706793,1.6684289328984476,0.03200019496555831,0.002927628085124779,0.0030342206281663885,0.0002827023060795417,0.0027377142426294934,0.0006209423476674045,0.002921426490416308
3.83,4.683324896709898,0.11652805376789135,0.5037895509550139,0.027200973302706793,1.6687489348481033,0.03200019496555831,0.002956034675586009,0.0030982206281663914,0.0002951498124609994,0.002801714242629496,0.0006366832627039029,0.0029854264904163107
3.84,4.684040782877957,0.11424823652128621,0.5029248376222994,0.024485337748164696,1.6754451010313853,0.046951751355197045,0.00294931928005733,0.003138814095015445,0.0002102801564222996,0.002323762864731871,0.0005527388630485585,0.0025221902673914936
3.85,4.68518326524317,0.11424823652128621,0.5031696909997811,0.024485337748164696,1.6759146185449374,0.046951751355197045,0.0029785741967596076,0.0032028140950154478,0.0002192062776783999,0.0023877628647318737,0.0005650975831814275,0.0025861902673914965
3.86,4.686325747608382,0.11424823652128621,0.5034145443772627,0.024485337748164696,1.6763841360584895,0.046951751355197045,0.003008469676280887,0.003266814095015445,0.00022860995150744614,0.002451762864731871,0.0005779735413677741,0.0026501902673914937
3.87,4.687468229973596,0.11424823652128621,0.5036593977547444,0.024485337748164696,1.6768536535720415,0.046951751355197045,0.003039018518621171,0.003330814095015448,0.0002385039779094392,0.0025157628647318737,0.0005913795376075997,0.0027141902673914965
3.88,4.688610712338808,0.11424823652128621,0.503904251132226,0.024485337748164696,1.6773231710855936,0.046951751355197045,0.0030702335237804564,0.003394814095015445,0.0002489011568843782,0.002579762864731871,0.000605328371900903,0.0027781902673914938
3.89,4.689753194704021,0.11424823652128621,0.5041491045097077,0.024485337748164696,1.6777926885991457,0.046951751355197045,0.0031021274917587467,0.003458814095015448,0.000259814288432264,0.002643762864731874,0.0006198328442476853,0.0028421902673914966
3.9,4.690895677069234,0.11424823652128621,0.5043939578871893,0.024485337748164696,1.6782622061126977,0.046951751355197045,0.0031347132225560386,0.003522814095015445,0.0002712561725530957,0.002707762864731871,0.0006349057546479452,0.002906190267391494
3.91,4.679221096650474,0.104657017328374,0.5032303633849659,0.02346754339732841,1.6740380545610145,0.043650044678994006,0.0027924529590303815,0.0028524971686053266,0.0002789343574790197,0.0027664993620029146,0.0006069305325372615,0.0029380742577789962
3.92,4.680182025495575,0.10440529902897835,0.4999623805163,0.01507066940551213,1.6761724273306786,0.04774572855768265,0.0027863886524734133,0.002898280514203462,0.00020180001974270007,0.0023203824039599247,0.0005282720029806985,0.0025011491360222436
3.93,4.681226078485865,0.10440529902897835,0.5001130872103551,0.01507066940551213,1.6766498846162554,0.04774572855768265,0.0028120832316204975,0.002962280514203465,0.0002105011284007824,0.0023843824039599276,0.0005401023941370187,0.0025651491360222465
3.94,4.682270131476154,0.10440529902897835,0.5002637939044102,0.01507066940551213,1.6771273419018322,0.04774572855768265,0.0028383702668704214,0.003026280514203462,0.0002196791135396563,0.002448382403959925,0.0005524458151205427,0.0026291491360222437
3.95,4.683314184466444,0.10440529902897835,0.5004145005984654,0.01507066940551213,1.677604799187409,0.04774572855768265,0.0028652625582231872,0.003090280514203465,0.0002293467751593226,0.0025123824039599276,0.0005653150659312719,0.0026931491360222466
3.96,4.684358237456734,0.10440529902897835,0.5005652072925205,0.01507066940551213,1.6780822564729858,0.04774572855768265,0.0028927729056787924,0.003154280514203462,0.00023951691325978044,0.002576382403959925,0.0005787229465692048,0.002757149136022244
3.97,4.685402290447024,0.10440529902897835,0.5007159139865757,0.01507066940551213,1.6785597137585626,0.04774572855768265,0.0029209141092372396,0.003218280514203465,0.00025020232784103073,0.0026403824039599277,0.0005926822570343428,0.0028211491360222466
3.98,4.686446343437313,0.10440529902897835,0.5008666206806308,0.01507066940551213,1.6790371710441394,0.04774572855768265,0.0029496989688985262,0.003282280514203462,0.00026141581890307255,0.002704382403959925,0.0006072057973266846,0.002885149136022244
3.99,4.687490396427603,0.10440529902897835,0.501017327374686,0.01507066940551213,1.6795146283297162,0.04774572855768265,0.002979140284662655,0.003346280514203465,0.0002731701864459069,0.002768382403959928,0.0006223063674462315,0.0029491491360222467
4.0,4.6728266815333885,0.08809614958457726,0.4995962298605947,0.01395673525764414,1.6749180460673454,0.04454114769681297,0.0026775861811042185,0.0027210061461561013,0.0002815989177367249,0.0028271973239866917,0.0005992067426300693,0.0029857967571184116
4.01,4.673707643029235,0.08809614958457726,0.49973579721317113,0.01395673525764414,1.6753634575443135,0.04454114769681297,0.00270077074884075,0.0027850061461560985,0.00029439885009526726,0.002891197323986689,0.0006149138639439256,0.003049796757118409
4.02,4.674588604525081,0.08809614958457726,0.49987536456574755,0.01395673525764414,1.6758088690212816,0.04454114769681297,0.0027245123178065134,0.0028490061461560958,0.0003077770219186069,0.002955197323986686,0.0006312309446092056,0.003113796757118406
4.03,4.675469566020927,0.08809614958457726,0.500014931918324,0.01395673525764414,1.6762542804982496,0.04454114769681297,0.00274882368800151,0.0029130061461561042,0.0003217462332067451,0.0030191973239866946,0.0006481707846259107,0.0031777967571184145
4.04,4.676350527516773,0.08809614958457726,0.5001544992709005,0.01395673525764414,1.6766996919752177,0.04454114769681297,0.0027737176594257356,0.0029770061461561015,0.00033631928395967946,0.003083197323986692,0.0006657461839940379,0.0032417967571184117
4.05,4.677231489012619,0.08809614958457726,0.500294066623477,0.01395673525764414,1.6771451034521858,0.04454114769681297,0.002799207032079192,0.0030410061461560987,0.0003515089741774111,0.003147197323986689,0.0006839699427135889,0.003305796757118409
4.06,4.678112450508465,0.08809614958457726,0.5004336339760534,0.01395673525764414,1.677590514929154,0.04454114769681297,0.00282530460596188,0.003105006146156096,0.00036732810385994006,0.0032111973239866863,0.0007028548607845635,0.003369796757118406
4.07,4.678993412004311,0.08809614958457726,0.5005732013286299,0.01395673525764414,1.678035926406122,0.04454114769681297,0.0028520231810738013,0.0031690061461561044,0.0003837894730072678,0.0032751973239866948,0.0007224137382069635,0.0034337967571184146
4.08,4.679874373500157,0.08809614958457726,0.5007127686812064,0.01395673525764414,1.67848133788309,0.04454114769681297,0.002879375557414952,0.0032330061461561016,0.0004009058816193914,0.003339197323986692,0.0007426593749807855,0.003497796757118412
4.09,4.680755334996003,0.08809614958457726,0.5008523360337829,0.01395673525764414,1.6789267493600581,0.04454114769681297,0.0029073745349853333,0.003297006146156099,0.00041869012969631233,0.003403197323986689,0.0007636045711060311,0.003561796757118409
4.1,4.681636296491849,0.08809614958457726,0.5009919033863593,0.01395673525764414,1.6793721608370262,0.04454114769681297,0.0029360329137849456,0.003361006146156096,0.0004371550172380306,0.0034671973239866864,0.0007852621265827005,0.0036257967571184063
4.11,4.69205164167445,0.08356922294617057,0.5023226174821028,0.014305347694452367,1.6839943991678237,0.046092643487490016,0.002646616206989073,0.0027560798061896114,0.00045182511143887684,0.0035226847503745883,0.0007709914474771319,0.0036651198911155235
4.12,4.692887333903911,0.08356922294617057,0.5024656709590474,0.014305347694452367,1.6844553256026986,0.046092643487490016,0.0026693527565877437,0.0028200798061896086,0.00047158554689312996,0.0035866847503745855,0.0007935789982847954,0.0037291198911155207
4.13,4.693723026133373,0.08356922294617057,0.5026087244359919,0.014305347694452367,1.6849162520375736,0.046092643487490016,0.002692653322147652,0.002884079806189606,0.000492063319297458,0.0036506847503745827,0.0008169123730706819,0.003793119891115518
4.14,4.694558718362835,0.08356922294617057,0.5027517779129365,0.014305347694452367,1.6853771784724485,0.046092643487490016,0.002716530703668798,0.002948079806189603,0.0005132712286518609,0.00371468475037458,0.0008410043718347915,0.003857119891115515
4.15,4.6953944105922965,0.08356922294617057,0.502894831389881,0.014305347694452367,1.6858381049073234,0.046092643487490016,0.0027409977011511846,0.0030120798061896116,0.0005352220749563406,0.0037786847503745885,0.0008658677945771264,0.003921119891115524
4.16,4.696230102821758,0.08356922294617057,0.5030378848668255,0.014305347694452367,1.6862990313421984,0.046092643487490016,0.002766067114594807,0.003076079806189609,0.0005579286582108933,0.0038426847503745857,0.0008915154412976823,0.003985119891115521
4.17,4.69706579505122,0.08356922294617057,0.5031809383437701,0.014305347694452367,1.6867599577770733,0.046092643487490016,0.002791751743999667,0.003140079806189606,0.0005814037784155209,0.003906684750374583,0.0009179601119964612,0.0040491198911155185
4.18,4.6979014872806815,0.08356922294617057,0.5033239918207146,0.014305347694452367,1.6872208842119483,0.046092643487490016,0.002818064389365765,0.0032040798061896032,0.0006056602355702234,0.0039706847503745805,0.0009452146066734632,0.004113119891115516
4.19,4.698737179510143,0.08356922294617057,0.5034670452976592,0.014305347694452367,1.6876818106468232,0.046092643487490016,0.0028450178506931032,0.0032680798061896117,0.0006307108296750031,0.004034684750374589,0.0009732917253286908,0.004177119891115524
4.2,4.6927195158560355,0.08135355724310066,0.5029852066970316,0.01423970041153996,1.6842270503671009,0.04209770878002232,0.00257661345080363,0.0026754237658799633,0.0006505555787469255,0.004083778801895986,0.0009665712715713519,0.004213601609418718
4.21,4.693533051428466,0.08135355724310066,0.5031276037011471,0.01423970041153996,1.6846480274549012,0.04209770878002232,0.002598069960875961,0.0027394237658799605,0.0006770640793642494,0.004147778801895983,0.0009957902762041417,0.004277601609418715
4.22,4.694346587000897,0.08135355724310066,0.5032700007052625,0.01423970041153996,1.6850690045427015,0.04209770878002232,0.0026200743557014683,0.0028034237658799577,0.0007044021357419525,0.00421177880189598,0.001025864801158815,0.004341601609418712
4.23,4.695160122573328,0.08135355724310066,0.503412397709378,0.01423970041153996,1.6854899816305018,0.04209770878002232,0.002642639435280153,0.0028674237658799662,0.0007325825478800373,0.004275778801895989,0.001056807646435375,0.004405601609418721
4.24,4.695973658145759,0.08135355724310066,0.5035547947134934,0.01423970041153996,1.685910958718302,0.04209770878002232,0.0026657779996120123,0.0029314237658799635,0.0007616181157784988,0.004339778801895986,0.001088631612033816,0.004469601609418718
4.25,4.6967871937181895,0.08135355724310066,0.5036971917176088,0.01423970041153996,1.6863319358061024,0.04209770878002232,0.0026895028486970474,0.0029954237658799607,0.0007915216394373396,0.004403778801895983,0.0011213494979541408,0.004533601609418715
4.26,4.69760072929062,0.08135355724310066,0.5038395887217243,0.01423970041153996,1.6867529128939027,0.04209770878002232,0.0027138267825352587,0.003059423765879958,0.0008223059188565595,0.0044677788018959805,0.0011549741041963493,0.004597601609418712
4.27,4.698414264863051,0.08135355724310066,0.5039819857258397,0.01423970041153996,1.687173889981703,0.04209770878002232,0.002738762601126646,0.003123423765879955,0.0008539837540361584,0.004531778801895978,0.0011895182307604414,0.0046616016094187095
4.28,4.699227800435482,0.08135355724310066,0.5041243827299552,0.01423970041153996,1.6875948670695033,0.04209770878002232,0.002764323104471211,0.0031874237658799636,0.0008865679449761394,0.004595778801895986,0.0012249946776464204,0.004725601609418718
4.29,4.700041336007913,0.08135355724310066,0.5042667797340706,0.01423970041153996,1.6880158441573037,0.04209770878002232,0.00279052109256895,0.003251423765879961,0.0009200712916764968,0.0046597788018959835,0.00126141624485428,0.004789601609418715
4.3,4.705582913286251,0.10039094930569059,0.502920293150292,0.011650808902397248,1.687568606349321,0.0411587904346966,0.00253370377600454,0.002666119059366541,0.0009448846411792004,0.004698479794299266,0.0012607437053264534,0.004817700149193796
4.31,4.7065868227793075,0.10039094930569059,0.5030368012393159,0.011650808902397248,1.6879801942536679,0.0411587904346966,0.0025546333562207367,0.002730119059366538,0.0009799706537858427,0.0047624797942992635,0.0012984558168339763,0.004881700149193793
4.32,4.707590732272364,0.10039094930569059,0.5031533093283399,0.011650808902397248,1.6883917821580148,0.0411587904346966,0.0025761089602488085,0.0027941190593665467,0.0010160091623513479,0.004826479794299272,0.0013371442683713416,0.004945700149193801
4.33,4.708594641765421,0.10039094930569059,0.5032698174173639,0.011650808902397248,1.6888033700623617,0.0411587904346966,0.0025981433880887515,0.002858119059366544,0.0010530129668757098,0.004890479794299269,0.0013768218599385423,0.0050097001491937986
4.34,4.709598551258478,0.10039094930569059,0.5033863255063878,0.011650808902397248,1.6892149579667086,0.0411587904346966,0.002620749439740568,0.002922119059366541,0.0010909948673589315,0.0049544797942992665,0.0014175013915355816,0.005073700149193796
4.35,4.710602460751534,0.10039094930569059,0.5035028335954118,0.011650808902397248,1.6896265458710555,0.0411587904346966,0.0026439399152042575,0.0029861190593665383,0.001129967663801013,0.005018479794299264,0.0014591956631624593,0.005137700149193793
4.36,4.711606370244591,0.10039094930569059,0.5036193416844358,0.011650808902397248,1.6900381337754025,0.0411587904346966,0.0026677276144798224,0.003050119059366547,0.001169944156201958,0.005082479794299272,0.0015019174748191798,0.0052017001491938015
4.37,4.712610279737648,0.10039094930569059,0.5037358497734598,0.011650808902397248,1.6904497216797494,0.0411587904346966,0.0026921253375672585,0.003114119059366544,0.0012109371445617593,0.005146479794299269,0.0015456796265057352,0.005265700149193799
4.38,4.713614189230705,0.10039094930569059,0.5038523578624837,0.011650808902397248,1.6908613095840963,0.0411587904346966,0.0027171458844665684,0.0031781190593665413,0.0012529594288804204,0.005210479794299267,0.0015904949182221294,0.005329700149193796
4.39,4.714618098723761,0.10039094930569059,0.5039688659515077,0.011650808902397248,1.6912728974884432,0.0411587904346966,0.002742802055177751,0.0032421190593665385,0.0012960238091579413,0.005274479794299264,0.0016363761499683623,0.005393700149193793
4.4,4.716029549161777,0.08607389689018478,0.5050594754963794,0.012496697284215406,1.6942819858920617,0.04285559278529011,0.0024953647517272346,0.0026611548192904313,0.0013236346623963647,0.005297793926833231,0.0016387699840540325,0.005407454811463556
4.41,4.716890288130679,0.08607389689018478,0.5051844424692216,0.012496697284215406,1.6947105418199147,0.04285559278529011,0.002515918153257421,0.0027251548192904285,0.001368317092948584,0.005361793926833228,0.001685984565657876,0.005471454811463553
4.42,4.71775102709958,0.08607389689018478,0.5053094094420637,0.012496697284215406,1.6951390977477676,0.04285559278529011,0.002537016585751465,0.0027891548192904257,0.0014140718822861697,0.0054257939268332256,0.0017342934382240122,0.00553545481146355
4.43,4.718611766068482,0.08607389689018478,0.5054343764149059,0.012496697284215406,1.6955676536756206,0.04285559278529011,0.0025586728492093674,0.002853154819290423,0.001460911830409122,0.005489793926833223,0.001783709401752441,0.005599454811463548
4.44,4.719472505037383,0.08607389689018478,0.505559343387748,0.012496697284215406,1.6959962096034735,0.04285559278529011,0.00258089974363113,0.0029171548192904314,0.0015088497373174452,0.005553793926833231,0.001834245256243167,0.005663454811463556
4.45,4.720333244006285,0.08607389689018478,0.5056843103605901,0.012496697284215406,1.6964247655313265,0.04285559278529011,0.0026037100690167484,0.0029811548192904287,0.0015578984030111308,0.0056177939268332285,0.0018859138016961811,0.005727454811463553
4.46,4.721193982975186,0.08607389689018478,0.5058092773334323,0.012496697284215406,1.6968533214591794,0.04285559278529011,0.002627116625366225,0.003045154819290426,0.001608070627490183,0.005681793926833226,0.0019387278381114879,0.005791454811463551
4.47,4.722054721944088,0.08607389689018478,0.5059342443062744,0.012496697284215406,1.6972818773870324,0.04285559278529011,0.0026511322126795598,0.003109154819290423,0.0016593792107546016,0.005745793926833223,0.0019927001654890877,0.005855454811463548
4.48,4.722381352736196,0.0880266892739954,0.4560878681153496,-0.06579485523495919,1.6985056450530218,0.04489094812422818,0.002645362318425825,0.0031226588074158143,0.0004128371077854422,0.0026227215189887363,0.0007240477893399589,0.0027646505988129007
4.49,4.7232616196289365,0.0880266892739954,0.45542991956300005,-0.06579485523495919,1.6989545545342641,0.04489094812422818,0.002670195396721027,0.0031866588074158115,0.0004254471288506261,0.0026867215189887335,0.000739218053350005,0.002828650598812898
4.5,4.715025969024772,0.0724403394907301,0.45448371547591326,-0.06569305803535111,1.6969466963925646,0.042881061126196475,0.002436023070784558,0.002625284855253157,0.00043498279526642584,0.002745972555516906,0.0007222581686095708,0.002869642947672338
4.51,4.71575037241968,0.0724403394907301,0.4538267848955598,-0.06569305803535111,1.6973755070038266,0.042881061126196475,0.0024560021085277767,0.002689284855253154,0.0004486087896897854,0.0028099725555169033,0.0007380924642340313,0.0029336429476723353
4.52,4.7164747758145875,0.0724403394907301,0.4531698543152063,-0.06569305803535111,1.6978043176150885,0.042881061126196475,0.0024765190032420463,0.0027532848552531512,0.0004627967786242483,0.0028739725555169005,0.0007545134884480262,0.0029976429476723325
4.53,4.717199179209495,0.0724403394907301,0.45251292373485275,-0.06569305803535111,1.6982331282263505,0.042881061126196475,0.002497586554927368,0.0028172848552531597,0.00047755956206981594,0.002937972555516909,0.0007715340412515571,0.003061642947672341
4.54,4.717923582604403,0.0724403394907301,0.45185599315449926,-0.06569305803535111,1.6986619388376125,0.042881061126196475,0.002519217563583739,0.002881284855253157,0.0004929099400264856,0.0030019725555169062,0.000789166922644621,0.0031256429476723383
4.55,4.7186479859993105,0.0724403394907301,0.45119906257414577,-0.06569305803535111,1.6990907494488745,0.042881061126196475,0.0025414248292111603,0.002945284855253154,0.0005088607124942587,0.0030659725555169035,0.0008074249326272193,0.0031896429476723355
4.56,4.719372389394218,0.0724403394907301,0.4505421319937923,-0.06569305803535111,1.6995195600601365,0.042881061126196475,0.002564221151809632,0.0030092848552531514,0.0005254246794731351,0.0031299725555169007,0.0008263208711993522,0.0032536429476723327
4.57,4.719388655587864,0.0701878621605884,0.45768841108212144,-0.05292431981939243,1.7081258971072848,0.056203909964063645,0.00256024484659881,0.003055444086820432,0.00028423282590067704,0.002499538824724381,0.000589638597501763,0.0026465760170800183
4.58,4.72009053420947,0.0701878621605884,0.4571591678839275,-0.05292431981939243,1.7086879362069254,0.056203909964063645,0.002583946543674612,0.003119444086820429,0.0002935228518168133,0.0025635388247243784,0.0006015176898307323,0.0027105760170800155
4.59,4.720792412831076,0.0701878621605884,0.4566299246857336,-0.05292431981939243,1.709249975306566,0.056203909964063645,0.0026082721295677784,0.0031834440868204264,0.00030332558549789443,0.0026275388247243756,0.0006139388973631177,0.0027745760170800127
4.6,4.721494291452682,0.0701878621605884,0.4561006814875397,-0.05292431981939243,1.7098120144062066,0.056203909964063645,0.0026332344042783087,0.0032474440868204236,0.0003136538269439204,0.002691538824724373,0.000626915020098919,0.00283857601708001
4.61,4.729286123298778,0.06185452993492009,0.45639649445953945,-0.052980421760407494,1.713688635125947,0.05682308791448739,0.0024039185419988686,0.00268811856905964,0.00032163957055366657,0.002752145878943475,0.0006093237880949817,0.00288221715443447
4.62,4.729904668598127,0.06185452993492009,0.4558666902419354,-0.052980421760407494,1.7142568660050919,0.05682308791448739,0.002424076506563718,0.002752118569059637,0.00033300505184362183,0.002816145878943472,0.0006230051161236978,0.002946217154434467
4.63,4.730523213897476,0.06185452993492009,0.4553368860243313,-0.052980421760407494,1.7148250968842367,0.05682308791448739,0.002444784894842379,0.0028161185690596343,0.0003449337623093657,0.0028801458789434694,0.0006372756875833008,0.0030102171544344643
4.64,4.730587468486689,0.06609640626362673,0.4448955381933861,-0.07143269179436942,1.6992676551749024,0.02732451404379436,0.0024418143030622177,0.0028676710872621177,0.00022315620933485285,0.0024687794066751037,0.0005118547935754661,0.002606984289247012
4.65,4.731248432549326,0.06609640626362673,0.44418121127544236,-0.07143269179436942,1.6995409003153403,0.02732451404379436,0.0024634647253701223,0.002931671087262126,0.00023115211465971332,0.002532779406675112,0.0005222088641419726,0.0026709842892470204
4.66,4.731909396611962,0.06609640626362673,0.4434668843574987,-0.07143269179436942,1.6998141454557782,0.02732451404379436,0.0024857014818954774,0.0029956710872621234,0.00023965457586590808,0.0025967794066751094,0.0005330971315663276,0.0027349842892470176
4.67,4.732570360674598,0.06609640626362673,0.44275255743955505,-0.07143269179436942,1.7000873905962162,0.02732451404379436,0.0025085373726382847,0.0030596710872621206,0.00024867639295343783,0.0026607794066751066,0.0005445323958485318,0.002798984289247015
4.68,4.7332313247372335,0.06609640626362673,0.4420382305216114,-0.07143269179436942,1.700360635736654,0.02732451404379436,0.0025319851975985448,0.003123671087262118,0.0002582303659223026,0.002724779406675104,0.0005565274569885856,0.002862984289247012
4.69,4.73389228879987,0.06609640626362673,0.44132390360366763,-0.07143269179436942,1.700633880877092,0.02732451404379436,0.0025560577567762593,0.0031876710872621263,0.00026832929477250327,0.0027887794066751123,0.0005690951149864897,0.0029269842892470205
4.7,4.730104053465601,0.03896459188707495,0.44010795632518473,-0.07294238170218971,1.6999181592019381,0.023756027206676453,0.0023398277461894003,0.0026274984151034584,0.0002765561132044405,0.0028494684124713335,0.0005539781931778081,0.0029732152931280123
4.71,4.730493699384471,0.03896459188707495,0.43937853250816283,-0.07294238170218971,1.700155719474005,0.023756027206676453,0.0023592774116824363,0.0026914984151034556,0.00028773841108479354,0.0029134684124713307,0.0005673389394818088,0.0030372152931280095
4.72,4.7289571279092195,0.03365607350144492,0.4373053194841827,-0.07567217904889334,1.7154114535484577,0.05644791698345913,0.0023553118281933825,0.0027389125600214906,0.00020013261521081767,0.002524170633527086,0.00048573580161045683,0.002661560621386283
4.73,4.729293688644234,0.03365607350144492,0.43654859769369375,-0.07567217904889334,1.7159759327182924,0.05644791698345913,0.0023755729184469962,0.002802912560021499,0.00020820610484607424,0.0025881706335270944,0.0004962209251349686,0.0027255606213862915
4.74,4.729630249379249,0.03365607350144492,0.43579187590320484,-0.07567217904889334,1.716540411888127,0.05644791698345913,0.0023963945912126123,0.0028669125600214963,0.00021679722860803551,0.0026521706335270916,0.0005072511607837569,0.0027895606213862887
4.75,4.729966810114264,0.03365607350144492,0.4350351541127159,-0.07567217904889334,1.7171048910579614,0.05644791698345913,0.002417789646490233,0.0029309125600214935,0.0002259187864967022,0.002716170633527089,0.0005188393085568223,0.002853560621386286
4.76,4.7303033708492785,0.03365607350144492,0.434278432322227,-0.07567217904889334,1.7176693702277959,0.05644791698345913,0.002439770884279858,0.0029949125600214907,0.00023558357851207427,0.002780170633527086,0.000530998168454165,0.002917560621386283
4.77,4.730639931584293,0.03365607350144492,0.4335217105317381,-0.07567217904889334,1.7182338493976304,0.05644791698345913,0.002462351104581487,0.003058912560021488,0.00024580440465415173,0.0028441706335270833,0.0005437405404757848,0.0029815606213862804
4.78,4.730976492319308,0.03365607350144492,0.43276498874124913,-0.07567217904889334,1.718798328567465,0.05644791698345913,0.0024855431073951225,0.0031229125600214964,0.0002565940649229356,0.0029081706335270918,0.0005570792246216832,0.003045560621386289
4.79,4.731313053054323,0.03365607350144492,0.4320082669507602,-0.07567217904889334,1.7193628077372995,0.05644791698345913,0.0025093596927207606,0.0031869125600214937,0.0002679653593184239,0.002972170633527089,0.0005710270208918575,0.003109560621386286
4.8,4.731795369890741,0.035558253643152314,0.43395984391131087,-0.06926810178234544,1.7145290650157008,0.04398437769271926,0.002508203117703164,0.003229280118294074,0.00019246951927142844,0.0025561163158249684,0.0004943128430599229,0.002702991763238102
4.81,4.736233149694318,0.03963685257081066,0.4336470839679898,-0.06902030365283181,1.7165747811038645,0.04534758456605643,0.0022979579816710936,0.0026774631626054384,0.0001988422611118678,0.0026177000263329403,0.0004774419468667367,0.0027471440574179406
4.82,4.736629518220026,0.03963685257081066,0.4329568809314614,-0.06902030365283181,1.7170282569495252,0.04534758456605643,0.0023175823721408194,0.002741463162605447,0.00020776212173354385,0.002681700026332949,0.0004886476667154971,0.002811144057417949
4.83,4.737025886745734,0.03963685257081066,0.4322666778949331,-0.06902030365283181,1.7174817327951857,0.04534758456605643,0.002337755055243064,0.002805463162605444,0.0002172183223604857,0.002745700026332946,0.0005004156153757401,0.0028751440574179463
4.84,4.737422255271442,0.03963685257081066,0.43157647485840483,-0.06902030365283181,1.7179352086408461,0.04534758456605643,0.00235848883097783,0.0028694631626054413,0.00022722366299269411,0.0028097000263329432,0.0005127585928474666,0.0029391440574179435
4.85,4.73781862379715,0.03963685257081066,0.43088627182187655,-0.06902030365283181,1.7183886844865066,0.04534758456605643,0.002379796499345117,0.0029334631626054385,0.0002377909436301691,0.0028737000263329405,0.0005256893991306767,0.0030031440574179408
4.86,4.738214992322858,0.03963685257081066,0.43019606878534816,-0.06902030365283181,1.7188421603321673,0.04534758456605643,0.002401690860344927,0.002997463162605447,0.0002489329642729117,0.002937700026332949,0.0005392208342253717,0.0030671440574179492
4.87,4.738611360848566,0.03963685257081066,0.4295058657488199,-0.06902030365283181,1.7192956361778278,0.04534758456605643,0.002424184713977256,0.0030614631626054442,0.0002606625249209198,0.003001700026332946,0.000553365698131549,0.0031311440574179465
4.88,4.738521148973501,0.03750993226505252,0.4281557364750323,-0.07064783568401102,1.7245260781496674,0.057187267613859866,0.0024227202755404366,0.003102210436937111,0.0001887325855596604,0.002552687190860582,0.0004839134280930989,0.002696409967829225
4.89,4.738896248296151,0.03750993226505252,0.42744925811819223,-0.07064783568401102,1.725097950825806,0.057187267613859866,0.0024461459831840895,0.003166210436937108,0.00019746972039613337,0.0026166871908605794,0.0004952249635897076,0.0027604099678292223
4.9,4.750259952410347,0.037331689747976085,0.42743697655227125,-0.07134355084678792,1.729764424536123,0.05829530149195788,0.002245923586034851,0.0026143444923191067,0.00020479066934310096,0.002677881036644002,0.0004804711872967748,0.002804616046753548
4.91,4.750633269307826,0.037331689747976085,0.4267235410438034,-0.07134355084678792,1.7303473775510425,0.05829530149195788,0.002264940998279117,0.002678344492319104,0.0002145517333751691,0.0027418810366439993,0.0004925034524287574,0.002868616046753545
4.92,4.751006586205306,0.037331689747976085,0.4260101055353355,-0.07134355084678792,1.730930330565962,0.05829530149195788,0.0022844940794218473,0.002742344492319101,0.00022486117361456603,0.0028058810366439965,0.0005051094407700907,0.0029326160467535423
4.93,4.7513799031027855,0.037331689747976085,0.42529667002686766,-0.07134355084678792,1.7315132835808815,0.05829530149195788,0.002304595629463041,0.0028063444923190984,0.0002357317900612917,0.0028698810366439937,0.0005183019523207746,0.0029966160467535395
4.94,4.751753220000265,0.037331689747976085,0.42458323451839974,-0.07134355084678792,1.732096236595801,0.05829530149195788,0.002325258448402701,0.002870344492319107,0.0002471763827153472,0.0029338810366440022,0.0005320937870808106,0.003060616046753548
4.95,4.752126536897745,0.037331689747976085,0.4238697990099319,-0.07134355084678792,1.7326791896107205,0.05829530149195788,0.0023464953362408226,0.002934344492319104,0.0002592077515767305,0.0029978810366439995,0.0005464977450501959,0.0031246160467535452
4.96,4.7517906273982495,0.03849603303893133,0.41136587290223753,-0.10103042369739978,1.7319199912756218,0.05569605861267095,0.002345408318513067,0.0029778623174035873,0.00018692437511872416,0.0025243535418845095,0.00047532648184779727,0.0026649591298995587
4.97,4.7521755877286385,0.03849603303893133,0.41035556866526357,-0.10103042369739978,1.7324769518617484,0.05569605861267095,0.002367584559315776,0.0030418623174035845,0.00019584446311055121,0.0025883535418845067,0.00048674122019570884,0.002728959129899556
4.98,4.752560548059027,0.03849603303893133,0.4093452644282895,-0.10103042369739978,1.733033912447875,0.05569605861267095,0.002390369172581967,0.003105862317403593,0.00020528222181075603,0.002652353541884515,0.0004987017503696015,0.0027929591298995644
4.99,4.752945508389416,0.03849603303893133,0.40833496019131554,-0.10103042369739978,1.7335908730340017,0.05569605861267095,0.0024137749583116376,0.0031698623174035902,0.0002152504512193369,0.0027163535418845124,0.0005112208723694728,0.0028569591298995617
5.0,4.738986566535105,0.011215740315137033,0.4060846328898816,-0.10245180090840127,1.7296256907522443,0.0509866902516308,0.002217363672189976,0.002616854770358529,0.00022395535842603106,0.0027772266172265653,0.0004984839981293898,0.0029013118004035084
5.01,4.739098723938256,0.011215740315137033,0.40506011488079763,-0.10245180090840127,1.7301355576547606,0.0509866902516308,0.002236379217441564,0.0026808547703585264,0.00023498768759471774,0.0028412266172265625,0.0005117711777722464,0.0029653118004035056
5.02,4.739210881341408,0.011215740315137033,0.40403559687171364,-0.10245180090840127,1.7306454245572769,0.0509866902516308,0.0022559309336472235,0.0027448547703585236,0.00024658826208684973,0.0029052266172265597,0.0005256514197751837,0.003029311800403503
5.03,4.739323038744559,0.011215740315137033,0.40301107886262955,-0.10245180090840127,1.7311552914597932,0.0509866902516308,0.002276031620806956,0.002808854770358532,0.0002587698819024281,0.002969226617226568,0.0005401375241382031,0.0030933118004035113
5.04,4.739435196147711,0.011215740315137033,0.40198656085354556,-0.10245180090840127,1.7316651583623095,0.0509866902516308,0.002296694078920759,0.0028728547703585293,0.0002715453470414507,0.0030332266172265654,0.0005552422908613018,0.0031573118004035085
5.05,4.739547353550862,0.011215740315137033,0.4009620428444616,-0.10245180090840127,1.7321750252648258,0.0509866902516308,0.0023179311079886337,0.0029368547703585266,0.00028492745750391857,0.0030972266172265626,0.0005709785199444812,0.0032213118004035058
5.06,4.739659510954014,0.011215740315137033,0.3999375248353776,-0.10245180090840127,1.7326848921673421,0.0509866902516308,0.00233975550801058,0.0030008547703585238,0.00029892901328983177,0.00316122661722656,0.0005873590113877413,0.003285311800403503
5.07,4.739771668357165,0.011215740315137033,0.3989130068262935,-0.10245180090840127,1.7331947590698584,0.0509866902516308,0.0023621800789866,0.0030648547703585323,0.00031356281439919156,0.0032252266172265683,0.0006043965651910836,0.0033493118004035115
5.08,4.739883825760317,0.011215740315137033,0.3978884888172095,-0.10245180090840127,1.7337046259723747,0.0509866902516308,0.0023852176209166894,0.0031288547703585295,0.0003288416608319953,0.0032892266172265656,0.0006221039813545051,0.0034133118004035087
5.09,4.739995983163468,0.011215740315137033,0.3968639708081255,-0.10245180090840127,1.734214492874891,0.0509866902516308,0.002408880933800851,0.0031928547703585267,0.00034477835258824437,0.0033532266172265628,0.0006404940598780072,0.003477311800403506
5.1,4.74010814056662,0.011215740315137033,0.39583945279904154,-0.10245180090840127,1.7347243597774074,0.0509866902516308,0.002433182817639084,0.003256854770358524,0.00036138568966793874,0.00341722661722656,0.00065957960076159,0.003541311800403503
5.11,4.7442194141826555,-0.0006082276326583817,0.3956673114251683,-0.10184849352197801,1.7377896513858744,0.0514994550144677,0.00223101645026697,0.0026958751258595493,0.00037631441202050527,0.0034748804005639068,0.0006539183575129334,0.0035866966668760174
5.12,4.743390665901277,-0.004164039126645994,0.39895871844604575,-0.09150629069753512,1.7468577481610235,0.0719691912574759,0.0022293876261147197,0.0027325516039259524,0.00023313551574626762,0.0026074203852912243,0.0005132735549264341,0.0027418968363291554
5.13,4.74334902551001,-0.004164039126645994,0.3980436555390704,-0.09150629069753512,1.7475774400735982,0.0719691912574759,0.00224939249434615,0.0027965516039259496,0.0002439289966441798,0.0026714203852912215,0.0005264517659602075,0.0028058968363291526
5.14,4.743307385118744,-0.004164039126645994,0.39712859263209505,-0.09150629069753512,1.7482971319861729,0.0719691912574759,0.002269956672898366,0.002860551603925947,0.0002552567616191502,0.0027354203852912188,0.0005401911563612468,0.00286989683632915
5.15,4.743265744727477,-0.004164039126645994,0.39621352972511964,-0.09150629069753512,1.7490168238987476,0.0719691912574759,0.0022910929617713685,0.0029245516039259553,0.0002671316106711799,0.0027994203852912273,0.0005545045261295532,0.0029338968363291583
5.16,4.7432241043362104,-0.004164039126645994,0.3952984668181443,-0.09150629069753512,1.7497365158113223,0.0719691912574759,0.0023128141609651542,0.0029885516039259525,0.00027956634380026677,0.0028634203852912245,0.0005694046752651241,0.0029978968363291556
5.17,4.743182463944944,-0.004164039126645994,0.39438340391116894,-0.09150629069753512,1.750456207723897,0.0719691912574759,0.0023351330704797254,0.0030525516039259497,0.0002925737610064119,0.0029274203852912217,0.0005849044037679609,0.0030618968363291528
5.18,4.743140823553677,-0.004164039126645994,0.3934683410041936,-0.09150629069753512,1.7511758996364717,0.0719691912574759,0.0023580624903150817,0.003116551603925947,0.0003061666622896152,0.002991420385291219,0.0006010165116380635,0.00312589683632915
5.19,4.7430991831624105,-0.004164039126645994,0.3925532780972182,-0.09150629069753512,1.7518955915490464,0.0719691912574759,0.002381615220471225,0.0031805516039259555,0.0003203578476498781,0.0030554203852912274,0.0006177537988754334,0.0031898968363291585
5.2,4.7421463518646085,-0.028451654317954614,0.39930801286135165,-0.07447044167483617,1.75423416244044,0.07165118774105068,0.0021684358328058102,0.00260536605121525,0.00021126528607156138,0.002436854953333773,0.0004864966120034979,0.002575899366679891
5.21,4.741861835321429,-0.028451654317954614,0.3985633084446033,-0.07447044167483617,1.7549506743178505,0.07165118774105068,0.00218734898296346,0.002669366051215247,0.0002208278637973761,0.0025008549533337703,0.0004984117396760212,0.002639899366679888
5.22,4.7415773187782495,-0.028451654317954614,0.39781860402785496,-0.07447044167483617,1.7556671861952609,0.07165118774105068,0.002206796006331353,0.0027333660512152444,0.00023089061251385754,0.0025648549533337675,0.0005108548472218805,0.0027038993666798853
5.23,4.74129280223507,-0.028451654317954614,0.39707389961110656,-0.07447044167483617,1.7563836980726715,0.07165118774105068,0.002226789702909491,0.002797366051215253,0.00024146633222100664,0.002628854953333776,0.0005238387346410768,0.002767899366679894
5.24,4.7410082856918905,-0.028451654317954614,0.3963291951943582,-0.07447044167483617,1.7571002099500819,0.07165118774105068,0.00224734287269787,0.00286136605121525,0.00025256782291882156,0.002692854953333773,0.0005373762019336081,0.002831899366679891
5.25,4.740723769148711,-0.028451654317954614,0.3955844907776099,-0.07447044167483617,1.7578167218274923,0.07165118774105068,0.002268468315696492,0.0029253660512152473,0.00026420788460730323,0.0027568549533337704,0.0005514800490994753,0.0028958993666798882
5.26,4.7404392526055315,-0.028451654317954614,0.39483978636086153,-0.07447044167483617,1.7585332337049027,0.07165118774105068,0.002290178831905357,0.0029893660512152445,0.00027639931728645165,0.0028208549533337676,0.0005661630761386784,0.0029598993666798855
5.27,4.740154736062352,-0.028451654317954614,0.3940950819441132,-0.07447044167483617,1.759249745582313,0.07165118774105068,0.002312487221324465,0.0030533660512152417,0.0002891549209562668,0.002884854953333765,0.0005814380830512176,0.0030238993666798827
5.28,4.73885393880967,-0.02382549680733769,0.375938894505939,-0.11518006796627797,1.7488952336178754,0.04724559763576722,0.0023130652741327417,0.0030969859039900924,0.00019785662724285677,0.0023736246853084124,0.0004900554572424001,0.0025313368294982807
5.29,4.738615683841596,-0.02382549680733769,0.37478709382627623,-0.11518006796627797,1.749367689594233,0.04724559763576722,0.0023363722305963673,0.0031609859039900897,0.00020681749701426813,0.0024376246853084096,0.0005016538349180664,0.002595336829498278
5.3,4.738377428873522,-0.02382549680733769,0.3736352931466135,-0.11518006796627797,1.7498401455705905,0.04724559763576722,0.002360311384240791,0.003224985903990087,0.00021626589172274113,0.002501624685308407,0.0005137712799596324,0.002659336829498275
5.31,4.727875696277518,-0.04440519138839935,0.37193501897953957,-0.11554319449155678,1.7468180391380554,0.04292890444556558,0.002167951660694899,0.002675004694981038,0.00022465547388835392,0.0025629648388077876,0.0005003628643153535,0.002700924719040774
5.32,4.727431644363635,-0.04440519138839935,0.37077958703462394,-0.11554319449155678,1.7472473281825112,0.04292890444556558,0.00218746606372251,0.0027390046949810464,0.00023508619396146906,0.002626964838807796,0.0005131388641464408,0.0027649247190407824
5.33,4.726987592449751,-0.04440519138839935,0.3696241550897084,-0.11554319449155678,1.7476766172269669,0.04292890444556558,0.002207528267689115,0.0028030046949810436,0.00024604230700234485,0.0026909648388077933,0.0005264678489213352,0.0028289247190407796
5.34,4.726543540535867,-0.04440519138839935,0.3684687231447929,-0.11554319449155678,1.7481059062714226,0.04292890444556558,0.0022281510725947165,0.002867004694981041,0.00025753661301098214,0.0027549648388077905,0.0005403626186400377,0.002892924719040777
5.35,4.726099488621983,-0.04440519138839935,0.3673132911998774,-0.11554319449155678,1.7485351953158783,0.04292890444556558,0.002249347278439314,0.002931004694981038,0.000269581911987381,0.0028189648388077877,0.0005548359733025483,0.002956924719040774
5.36,4.725932028401973,-0.041253921013126624,0.36466947020794743,-0.11900123760656801,1.7409455827584484,0.02416274613518836,0.002250562050772964,0.0029761396668339128,0.00018887158683456135,0.0023515749789640977,0.00047344244179257775,0.0025053501433195077
5.37,4.725519489191841,-0.041253921013126624,0.3634794578318818,-0.11900123760656801,1.7411872102198003,0.02416274613518836,0.002272718140580628,0.00304013966683391,0.00019755285566676106,0.002415574978964095,0.0004846402194334833,0.002569350143319505
5.38,4.7251069499817095,-0.041253921013126624,0.36228944545581615,-0.11900123760656801,1.7414288376811522,0.02416274613518836,0.0022954822583216585,0.0031041396668339072,0.00020671723949475357,0.002479574978964092,0.0004963518671030528,0.002633350143319502
5.39,4.724694410771578,-0.041253921013126624,0.3610994330797505,-0.11900123760656801,1.7416704651425041,0.02416274613518836,0.0023188672039960562,0.0031681396668339044,0.00021637753831853888,0.0025435749789640893,0.0005085901848012862,0.0026973501433194993
5.4,4.730659365345401,-0.03406486660761493,0.3606796354566104,-0.11800331645055825,1.7442591045170333,0.026116968675088927,0.0021330212866029824,0.0026156663827646047,0.00022507300277006822,0.0026047006705364954,0.0004963379055122937,0.0027402820748005183
5.41,4.730318716679325,-0.03406486660761493,0.35949960229210487,-0.11800331645055825,1.7445202742037842,0.026116968675088927,0.002152064814578954,0.002679666382764602,0.0002357320609475835,0.0026687006705364926,0.0005092712724845633,0.0028042820748005156
5.42,4.729978068013249,-0.03406486660761493,0.3583195691275993,-0.11800331645055825,1.7447814438905351,0.026116968675088927,0.0021716442758314787,0.002743666382764599,0.00024692485925920603,0.00273270067053649,0.0005227654958717928,0.0028682820748005128
5.43,4.729637419347173,-0.03406486660761493,0.3571395359630938,-0.11800331645055825,1.745042613577286,0.026116968675088927,0.002191772470360556,0.0028076663827645964,0.0002586641977049359,0.002796700670536487,0.0005368333756739824,0.00293228207480051
5.44,4.728369823868928,-0.036318034700057705,0.3488362326647374,-0.13522484639080917,1.7513874034053962,0.04117469094986336,0.002191980670689247,0.0028521853039978565,0.00018312661143057298,0.0023478604071387687,0.0004653411670312224,0.0025022744819124102
5.45,4.728006643521927,-0.036318034700057705,0.3474839842008293,-0.13522484639080917,1.7517991503148949,0.04117469094986336,0.002212986904913019,0.0029161853039978538,0.0001917035417863169,0.002411860407138766,0.000476460769975453,0.0025662744819124074
5.46,4.7276434631749265,-0.036318034700057705,0.34613173573692124,-0.13522484639080917,1.7522108972243935,0.04117469094986336,0.002234576376197591,0.002980185303997851,0.00020076284422348856,0.002475860407138763,0.000488093627816066,0.0026302744819124047
5.47,4.727280282827926,-0.036318034700057705,0.34477948727301316,-0.13522484639080917,1.7526226441338921,0.04117469094986336,0.0022567618845429627,0.003044185303997848,0.00021031731874208794,0.0025398604071387603,0.0005002525405530615,0.002694274481912402
5.48,4.726917102480925,-0.036318034700057705,0.343427238809105,-0.13522484639080917,1.7530343910433908,0.04117469094986336,0.002279556229949136,0.0031081853039978567,0.00022037976534211598,0.002603860407138769,0.0005129503081864405,0.0027582744819124104
5.49,4.726553922133925,-0.036318034700057705,0.3420749903451969,-0.13522484639080917,1.7534461379528894,0.04117469094986336,0.0023029722124161068,0.003172185303997854,0.00023096298402357085,0.002667860407138766,0.0005261997307162011,0.0028222744819124076
5.5,4.69561589367971,-0.08832528755332716,0.3386844826158307,-0.1369394667315808,1.743958837613123,0.03164365796975587,0.0021186598661845782,0.0026183338298269797,0.00024067230640189403,0.002728686628252115,0.000515172202276435,0.0028655975223299593
5.51,4.694732640804177,-0.08832528755332716,0.3373150879485149,-0.1369394667315808,1.7442752741928205,0.03164365796975587,0.002137732437819699,0.002682333829826977,0.0002523030352792517,0.002792686628252112,0.0005291694188627159,0.0029295975223299566
5.52,4.693849387928644,-0.08832528755332716,0.3359456932811991,-0.1369394667315808,1.744591710772518,0.03164365796975587,0.002157341476220785,0.002746333829826974,0.0002644923014822598,0.0028566866282521094,0.0005437525549534627,0.0029935975223299538
5.53,4.6923042929234855,-0.08841425119160422,0.3241824040287549,-0.16175113714290215,1.7458983066836096,0.03451295951355481,0.002158072258199872,0.002792912114891613,0.0001869726103948846,0.0024069742124169452,0.0004687516465609303,0.002559700759201689
5.54,4.691420150411569,-0.08841425119160422,0.3225648926573259,-0.16175113714290215,1.7462434362787451,0.03451295951355481,0.002178570337516382,0.00285691211489161,0.00019596084170509304,0.0024709742124169425,0.0004802966030933071,0.0026237007592016864
5.55,4.690536007899653,-0.08841425119160422,0.3209473812858969,-0.16175113714290215,1.7465885658738807,0.03451295951355481,0.0021996397992558704,0.0029209121148916074,0.00020544326785778484,0.0025349742124169397,0.0004923662997775241,0.0026877007592016836
5.56,4.689651865387737,-0.08841425119160422,0.3193298699144679,-0.16175113714290215,1.7469336954690162,0.03451295951355481,0.002221293443418337,0.0029849121148916046,0.00021543268885296002,0.002598974212416937,0.0005049735366135816,0.002751700759201681
5.57,4.688767722875821,-0.08841425119160422,0.31771235854303875,-0.16175113714290215,1.7472788250641518,0.03451295951355481,0.0022435440700037837,0.003048912114891613,0.0002259419046906195,0.0026629742124169454,0.0005181311136014806,0.0028157007592016893
5.58,4.687883580363905,-0.08841425119160422,0.31609484717160974,-0.16175113714290215,1.7476239546592873,0.03451295951355481,0.0022664044790122067,0.0031129121148916103,0.00023698371537076143,0.0027269742124169426,0.0005318518307412186,0.0028797007592016866
5.59,4.686999437851989,-0.08841425119160422,0.3144773358001807,-0.16175113714290215,1.7479690842544229,0.03451295951355481,0.0022898874704436085,0.0031769121148916076,0.0002485709208933867,0.00279097421241694,0.000546148488032797,0.0029437007592016838
5.6,4.686115295340072,-0.08841425119160422,0.3128598244287517,-0.16175113714290215,1.7483142138495584,0.03451295951355481,0.0023140058442979883,0.003240912114891605,0.00026071632125849537,0.002854974212416937,0.0005610338854762157,0.003007700759201681
5.61,4.668363269214974,-0.11340506329598883,0.2937050468694649,-0.20236497508227003,1.7300155182569605,-0.002033785196370881,0.00210731119278917,0.0026712508516846733,0.00018293390754374063,0.002400905536104671,0.0004577259421817886,0.002546598187092491
5.62,4.667229218582015,-0.11340506329598883,0.29168139711864227,-0.20236497508227003,1.729995180404997,-0.002033785196370881,0.002126819296385221,0.0027352508516846705,0.0001918671939112665,0.0024649055361046683,0.00046906984224128986,0.002610598187092488
5.63,4.666095167949055,-0.11340506329598883,0.28965774736781963,-0.20236497508227003,1.7299748425530332,-0.002033785196370881,0.0021468744501516087,0.0027992508516846678,0.00020129346138601326,0.0025289055361046656,0.0004809358619382096,0.0026745981870924854
5.64,4.664961117316095,-0.11340506329598883,0.287634097616997,-0.20236497508227003,1.7299545047010696,-0.002033785196370881,0.002167489454088333,0.002863250851684665,0.00021122550996798095,0.0025929055361046628,0.0004933368012725478,0.0027385981870924826
5.65,4.663827066683136,-0.11340506329598883,0.2856104478661742,-0.20236497508227003,1.729934166849106,-0.002033785196370881,0.0021886771081953966,0.0029272508516846735,0.0002216761396571705,0.0026569055361046713,0.0005062854602443056,0.002802598187092491
5.66,4.662693016050176,-0.11340506329598883,0.28358679811535153,-0.20236497508227003,1.7299138289971423,-0.002033785196370881,0.002210450212472795,0.0029912508516846707,0.00023265815045358008,0.0027209055361046685,0.0005197946388534809,0.0028665981870924884
5.67,4.661558965417217,-0.11340506329598883,0.2815631483645289,-0.20236497508227003,1.7298934911451787,-0.002033785196370881,0.0022328215669205303,0.003055250851684668,0.00024418434235721055,0.0027849055361046657,0.0005338771371000746,0.0029305981870924856
5.68,4.66039672236811,-0.11207850251066435,0.2874662934623136,-0.18251247321006556,1.7253755092540024,-0.012949925903230377,0.002235187081123206,0.0030969639993310492,0.00017357011936223348,0.0023325871835802245,0.0004633065922478756,0.002494702920177305
5.69,4.659275937343003,-0.11207850251066435,0.28564116873021284,-0.18251247321006556,1.72524600999497,-0.012949925903230377,0.0022585317298246103,0.0031609639993310577,0.00018204062042412916,0.002396587183580233,0.00047443815894011995,0.0025587029201773136
5.7,4.652122171684119,-0.12185626287283066,0.28354580923364797,-0.182568384833771,1.7228844152341618,-0.01543463619107479,0.002079352582135661,0.002610879521548838,0.00019000847649706587,0.0024584206068987294,0.00046160143167238795,0.0026007369401959074
5.71,4.650903609055391,-0.12185626287283066,0.2817201253853103,-0.182568384833771,1.722730068872251,-0.01543463619107479,0.0020983974049406514,0.002674879521548835,0.00019942931861407535,0.0025224206068987266,0.00047336777186648315,0.0026647369401959047
5.72,4.649685046426662,-0.12185626287283066,0.2798944415369727,-0.182568384833771,1.7225757225103404,-0.01543463619107479,0.002117977203649952,0.0027388795215488324,0.00020935464485246456,0.002586420606898724,0.00048566705944861753,0.002728736940195902
5.73,4.648466483797934,-0.12185626287283066,0.27806875768863487,-0.182568384833771,1.7224213761484297,-0.01543463619107479,0.0021381047782635643,0.002802879521548841,0.00021979725521223444,0.0026504206068987323,0.0004985120944187922,0.0027927369401959104
5.74,4.647247921169206,-0.12185626287283066,0.2762430738402972,-0.182568384833771,1.722267029786519,-0.01543463619107479,0.002158792928781484,0.002866879521548838,0.00023076994969338315,0.0027144206068987296,0.0005119156767770049,0.0028567369401959076
5.75,4.646029358540478,-0.12185626287283066,0.2744173899919596,-0.182568384833771,1.7221126834246083,-0.01543463619107479,0.002180054455203714,0.0029308795215488353,0.00024228552829591156,0.0027784206068987268,0.0005258906065232569,0.002920736940195905
5.76,4.6448107959117495,-0.12185626287283066,0.27259170614362194,-0.182568384833771,1.7219583370626976,-0.01543463619107479,0.002201902157530254,0.0029948795215488325,0.0002543567910198197,0.002842420606898724,0.0005404496836575479,0.002984736940195902
5.77,4.643592233283021,-0.12185626287283066,0.2707660222952843,-0.182568384833771,1.721803990700787,-0.01543463619107479,0.0022243488357611032,0.0030588795215488298,0.00026699653786510757,0.0029064206068987212,0.0005556057081798782,0.0030487369401958992
5.78,4.642373670654293,-0.12185626287283066,0.2689403384469465,-0.182568384833771,1.7216496443388762,-0.01543463619107479,0.0022474072898962644,0.0031228795215488383,0.00028021756883177636,0.0029704206068987297,0.0005713714800902489,0.0031127369401959077
5.79,4.641155108025565,-0.12185626287283066,0.26711465459860884,-0.182568384833771,1.7214952979769655,-0.01543463619107479,0.002271090319935733,0.0031868795215488355,0.0002940326839198237,0.003034420606898727,0.0005877597993886575,0.003176736940195905
5.8,4.639936545396837,-0.12185626287283066,0.2652889707502712,-0.182568384833771,1.7213409516150548,-0.01543463619107479,0.002295410725879512,0.0032508795215488327,0.0003084546831292508,0.003098420606898724,0.0006047834660751052,0.003240736940195902
5.81,4.65159751447248,-0.1163376286130791,0.2643083496176491,-0.18234339576060954,1.7258449569786172,-0.01350988343126958,0.002108221090454856,0.0026917170149025446,0.00032208517615775885,0.003157710605593084,0.0005983366699229735,0.00328561376463133
5.82,4.650434138186349,-0.1163376286130791,0.2624849156600429,-0.18234339576060954,1.7257098581443044,-0.01350988343126958,0.002128045937976053,0.002755717014902553,0.0003377161339263215,0.0032217106055930926,0.0006162963169364084,0.0033496137646313387
5.83,4.649270761900218,-0.1163376286130791,0.26066148170243686,-0.18234339576060954,1.7255747593099917,-0.01350988343126958,0.002148421928900229,0.0028197170149025503,0.0003539914338160013,0.00328571060559309,0.0006349258867027679,0.003413613764631336
5.84,4.648010913390865,-0.11495255189768659,0.25079533531812515,-0.201366670123486,1.7222504152141433,-0.020723273513345613,0.002149898006504062,0.002856759636957741,0.00021526795061207321,0.0024773880288661045,0.0004965578499585146,0.002625808518222389
5.85,4.646861387871889,-0.11495255189768659,0.24878166861689033,-0.201366670123486,1.72204318247901,-0.020723273513345613,0.0021711590285294906,0.002920759636957738,0.00022541480958226663,0.0025413880288661017,0.0005091885967492684,0.002689808518222386
5.86,4.645711862352912,-0.11495255189768659,0.24676800191565534,-0.201366670123486,1.7218359497438764,-0.020723273513345613,0.0021930042024823123,0.0029847596369577466,0.00023606994615823422,0.00260538802886611,0.0005223573052436679,0.0027538085182223946
5.87,4.6445623368339355,-0.11495255189768659,0.24475433521442053,-0.201366670123486,1.721628717008743,-0.020723273513345613,0.0022154463283625236,0.0030487596369577438,0.0002472461603399741,0.0026693880288661074,0.0005360767754417106,0.002817808518222392
5.88,4.643412811314959,-0.11495255189768659,0.2427406685131857,-0.201366670123486,1.7214214842736095,-0.020723273513345613,0.0022384982061701268,0.003112759636957741,0.00025895625212748715,0.0027333880288661046,0.0005503598073433979,0.002881808518222389
5.89,4.642263285795982,-0.11495255189768659,0.2407270018119509,-0.201366670123486,1.721214251538476,-0.020723273513345613,0.002262172635905121,0.003176759636957738,0.0002712130215207734,0.002797388028866102,0.0005652192009487296,0.0029458085182223863
5.9,4.631377907499624,-0.13569695689495842,0.2386709180627655,-0.20083922253365008,1.7179654734007566,-0.024383185266184253,0.0020809810671567294,0.002620906302488467,0.0002828770668490345,0.0028576279222579676,0.000556498624432104,0.002989214581727899
5.91,4.6300209379306745,-0.13569695689495842,0.23666252583742903,-0.20083922253365008,1.7177216415480947,-0.024383185266184253,0.0021002710839246046,0.0026849063024884643,0.0002962313366043881,0.002921627922257965,0.0005721612546684951,0.003053214581727896
5.92,4.628271636451597,-0.1366948443206413,0.22975619692977436,-0.2122927995478872,1.7204210272282847,-0.017408402192772426,0.002101453601638046,0.0027291541435651304,0.00019253413151303767,0.0023438902873455627,0.0004711264361366963,0.002496182691867914
5.93,4.62690468800839,-0.1366948443206413,0.22763326893429553,-0.2122927995478872,1.720246943206357,-0.017408402192772426,0.0021215952136019026,0.0027931541435651276,0.0002015117604133325,0.00240789028734556,0.0004825985409190609,0.0025601826918679113
5.94,4.625537739565184,-0.1366948443206413,0.2255103409388165,-0.2122927995478872,1.7200728591844292,-0.017408402192772426,0.002142295456394474,0.002857154143565136,0.0002109709673710973,0.0024718902873455684,0.0004945826822398001,0.00262418269186792
5.95,4.624170791121977,-0.1366948443206413,0.22338741294333767,-0.2122927995478872,1.7198987751625014,-0.017408402192772426,0.0021635671300157568,0.0029211541435651333,0.0002209245523863304,0.0025358902873455656,0.0005070916600989118,0.002688182691867917
5.96,4.6228038426787705,-0.1366948443206413,0.22126448494785883,-0.2122927995478872,1.7197246911405737,-0.017408402192772426,0.0021854230344657524,0.0029851541435651305,0.00023138531545903253,0.002599890287345563,0.000520138274496397,0.0027521826918679142
5.97,4.621436894235564,-0.1366948443206413,0.21914155695238,-0.2122927995478872,1.719550607118646,-0.017408402192772426,0.002207875969744461,0.0030491541435651278,0.00024236605658920377,0.00266389028734556,0.0005337353254322558,0.0028161826918679115
5.98,4.620069945792357,-0.1366948443206413,0.217018628956901,-0.2122927995478872,1.7193765230967182,-0.017408402192772426,0.0022309387358518847,0.0031131541435651363,0.00025387957577684513,0.0027278902873455685,0.0005478956129064895,0.00288018269186792
5.99,4.618702997349151,-0.1366948443206413,0.21489570096142216,-0.2122927995478872,1.7192024390747904,-0.017408402192772426,0.0022546241327880195,0.0031771541435651335,0.0002659386730219546,0.0027918902873455657,0.0005626319369190955,0.002944182691867917
6.0,4.603405070427731,-0.16978832051765633,0.207940301771457,-0.2230030394457781,1.7238192386966817,-0.0016964875684933392,0.0020559398528320486,0.002603764479931829,0.00017845070279508163,0.0023016563433403085,0.00045668865025767075,0.0024568163626429947
6.01,4.601707187222554,-0.16978832051765633,0.20571027137699927,-0.2230030394457781,1.7238022738209968,-0.0016964875684933392,0.002075009525284003,0.002667764479931826,0.00018688206950235803,0.0023656563433403057,0.00046766901241249994,0.002520816362642992
6.02,4.6000093040173775,-0.16978832051765633,0.20348024098254153,-0.2230030394457781,1.723785308945312,-0.0016964875684933392,0.0020946127506319442,0.0027317644799318233,0.00019578656747830245,0.002429656343340303,0.00047915353783985773,0.002584816362642989
6.03,4.598311420812201,-0.16978832051765633,0.2012502105880836,-0.2230030394457781,1.723768344069627,-0.0016964875684933392,0.002114762328875873,0.0027957644799318318,0.0002051769967229158,0.0024936563433403114,0.0004911550265397452,0.0026488163626429977
6.04,4.596613537607024,-0.16978832051765633,0.19902018019362586,-0.2230030394457781,1.723751379193942,-0.0016964875684933392,0.0021354710600157874,0.002859764479931829,0.00021506615723619637,0.0025576563433403086,0.0005036862785121602,0.002712816362642995
6.05,4.594915654401848,-0.16978832051765633,0.19679014979916812,-0.2230030394457781,1.7237344143182571,-0.0016964875684933392,0.0021567517440516876,0.002923764479931826,0.00022546684901814497,0.002621656343340306,0.0005167600937571038,0.002776816362642992
6.06,4.593217771196671,-0.16978832051765633,0.19456011940471038,-0.2230030394457781,1.7237174494425722,-0.0016964875684933392,0.002178617180983574,0.0029877644799318234,0.0002363918720687616,0.002685656343340303,0.000530389272274576,0.0028408163626429893
6.07,4.5915198879914945,-0.16978832051765633,0.19233008901025245,-0.2230030394457781,1.7237004845668873,-0.0016964875684933392,0.002201080170811449,0.003051764479931832,0.00024785402638804734,0.0027496563433403115,0.000544586614064578,0.002904816362642998
6.08,4.589725130191661,-0.17040988610339722,0.1918876975643647,-0.21870557390810944,1.7249787108042027,0.0013826187087145757,0.002203828238402783,0.0030932075623272405,0.00017064919939811367,0.002297245590919068,0.0004701261342587637,0.0024724094442776785
6.09,4.588021031330626,-0.17040988610339722,0.18970064182528365,-0.21870557390810944,1.72499253699129,0.0013826187087145757,0.002227247575200625,0.0031572075623272377,0.00017888052492108888,0.002361245590919065,0.0004812787284911259,0.0025364094442776757
6.1,4.586316932469592,-0.17040988610339722,0.1875135860862026,-0.21870557390810944,1.7250063631783772,0.0013826187087145757,0.002251298353510933,0.003221207562327235,0.00018758409956224785,0.0024252455909190623,0.0004929386046123436,0.002600409444277673
6.11,4.578652949537187,-0.1934089400901036,0.18502768923590082,-0.21944593531492446,1.7232276819082348,-0.0027671781400708524,0.002069982798397446,0.002672169210766844,0.00019613974007763835,0.0024873923870749512,0.00047962952464659025,0.0026409497597362675
6.12,4.576718860136285,-0.1934089400901036,0.18283322988275164,-0.21944593531492446,1.723200010126834,-0.0027671781400708524,0.002089636269727706,0.002736169210766841,0.0002058099465182789,0.0025513923870749485,0.0004919115023246415,0.0027049497597362647
6.13,4.574784770735384,-0.1934089400901036,0.18063877052960245,-0.21944593531492446,1.7231723383454334,-0.0027671781400708524,0.0021098369749001193,0.0028001692107668384,0.0002159904314363344,0.0026153923870749457,0.0005047344699546398,0.002768949759736262
6.14,4.572850681334483,-0.1934089400901036,0.17844431117645326,-0.21944593531492446,1.7231446665640326,-0.0027671781400708524,0.002130597713914686,0.0028641692107668356,0.00022669399483180489,0.002679392387074943,0.0005181112275365854,0.002832949759736259
6.15,4.570916591933582,-0.1934089400901036,0.17624985182330388,-0.21944593531492446,1.723116994782632,-0.0027671781400708524,0.0021519312867714084,0.002928169210766844,0.00023793343670469136,0.0027433923870749514,0.0005320545750704795,0.0028969497597362676
6.16,4.569128783103114,-0.1899561821805168,0.17121623161728974,-0.2263276498103899,1.7146397367696984,-0.02296182541796869,0.0021548996626419127,0.002973056147353705,0.00016524111507967121,0.0023002369498440977,0.00045851492968481983,0.0024678409838916676
6.17,4.567229221281309,-0.1899561821805168,0.1689529551191859,-0.2263276498103899,1.7144101185155187,-0.02296182541796869,0.0021772031262361938,0.0030370561473537024,0.0001734011410939927,0.002364236949844095,0.0004694517248080847,0.002531840983891665
6.18,4.565329659459504,-0.1899561821805168,0.16668967862108205,-0.2263276498103899,1.714180500261339,-0.02296182541796869,0.0022001140010599455,0.0031010561473536996,0.00018203401449828297,0.002428236949844092,0.0004808948881281279,0.002595840983891662
6.19,4.563430097637699,-0.1899561821805168,0.16442640212297802,-0.2263276498103899,1.7139508820071594,-0.02296182541796869,0.00222364508711317,0.003165056147353708,0.0001911525352925429,0.0024922369498441006,0.0004928572196449504,0.0026598409838916705
6.2,4.562692075480127,-0.19664876827280836,0.16184654468859944,-0.22747382609612585,1.7146259994485678,-0.023030313443444365,0.0020471011625046213,0.0026132452499772834,0.00020018134736594166,0.002554077818740149,0.0004807324959985327,0.0027019173347036483
6.21,4.560725587797399,-0.19664876827280836,0.1595718064276382,-0.22747382609612585,1.7143956963141334,-0.023030313443444365,0.0020663038757147796,0.0026772452499772806,0.00021029201946077275,0.0026180778187401463,0.0004933633228376229,0.0027659173347036456
6.22,4.558759100114671,-0.19664876827280836,0.157297068166677,-0.22747382609612585,1.714165393179699,-0.023030313443444365,0.0020860420379749333,0.002741245249977278,0.00022092630711935185,0.0026820778187401435,0.0005065473331436538,0.0028299173347036428
6.23,4.556792612431942,-0.19664876827280836,0.15502232990571557,-0.22747382609612585,1.7139350900452646,-0.023030313443444365,0.002106328449285084,0.0028052452499772863,0.00023209701034167994,0.002746077818740152,0.0005202973269166267,0.0028939173347036513
6.24,4.55319113161057,-0.20169620063371596,0.14939392130631707,-0.23579546916626,1.724293979864356,0.003741686175092216,0.002107570298825577,0.0028475440001014068,0.0001619069172079132,0.0023027442075417583,0.00045542231485632236,0.0024711947836905984
6.25,4.551174169604233,-0.20169620063371596,0.1470359666146545,-0.23579546916626,1.724331396726107,0.003741686175092216,0.0021287099731373913,0.002911544000101404,0.00017006184878833307,0.0023667442075417555,0.0004664076322994931,0.0025351947836905957
6.26,4.549157207597896,-0.20169620063371596,0.14467801192299196,-0.23579546916626,1.7243688135878579,0.003741686175092216,0.0021504319562492256,0.002975544000101401,0.0001786901292102613,0.0024307442075417528,0.0004778999886994019,0.002599194783690593
6.27,4.547140245591559,-0.20169620063371596,0.1423200572313294,-0.23579546916626,1.7244062304496088,0.003741686175092216,0.00217274904816108,0.0030395440001013984,0.00018780455847369784,0.00249474420754175,0.0004899121840560488,0.00266319478369059
6.28,4.545123283585222,-0.20169620063371596,0.13996210253966665,-0.23579546916626,1.7244436473113598,0.003741686175092216,0.002195674048872957,0.003103544000101407,0.00019741793657864358,0.0025587442075417585,0.000502457018369435,0.0027271947836905986
6.29,4.543106321578885,-0.20169620063371596,0.1376041478480041,-0.23579546916626,1.7244810641731108,0.003741686175092216,0.0022192197583848516,0.003167544000101404,0.00020754306352509683,0.0026227442075417557,0.0005155472916395582,0.002791194783690596
6.3,4.541089359572548,-0.20169620063371596,0.13524619315634154,-0.23579546916626,1.7245184810348617,0.003741686175092216,0.002243398976696767,0.0032315440001014013,0.00021819273931305842,0.002686744207541753,0.0005291958038664194,0.002855194783690593
6.31,4.535954199963693,-0.2234042022125811,0.1325787134288253,-0.23685215473295979,1.7242664983392875,0.0011504587160440075,0.00206220637490829,0.002678906034766619,0.00022877765778213185,0.002748178062365688,0.0005182437424597088,0.002897354800936111
6.32,4.533330922293349,-0.22315641824366514,0.12362822837978674,-0.2533998268783943,1.7233149738521356,-0.0009178342356091227,0.0020640558123028,0.0027246464057339684,0.00015950225865950615,0.0023001429278153565,0.0004502291436921417,0.002464424180484118
6.33,4.531099358110912,-0.22315641824366514,0.12109423011100284,-0.2533998268783943,1.7233057955097795,-0.0009178342356091227,0.002084142021899728,0.0027886464057339656,0.00016765781518099225,0.0023641429278153537,0.00046115183449893873,0.002528424180484115
6.34,4.528867793928475,-0.22315641824366514,0.11856023184221895,-0.2533998268783943,1.7232966171674233,-0.0009178342356091227,0.002104785960777803,0.002852646405733963,0.0001762862002880414,0.002428142927815351,0.0004725802101418326,0.0025924241804841123
6.35,4.526636229746038,-0.22315641824366514,0.11602623357343506,-0.2533998268783943,1.7232874388250672,-0.0009178342356091227,0.002126000428937024,0.00291664640573396,0.00018540021398065357,0.002492142927815348,0.00048452707062082327,0.0026564241804841095
6.36,4.524404665563601,-0.22315641824366514,0.11349223530465094,-0.2533998268783943,1.723278260482711,-0.0009178342356091227,0.0021477982263773945,0.0029806464057339685,0.0001950126562588297,0.0025561429278153566,0.0004970052159359119,0.002720424180484118
6.37,4.522173101381164,-0.22315641824366514,0.11095823703586705,-0.2533998268783943,1.723269082140355,-0.0009178342356091227,0.0021701921530989095,0.0030446464057339658,0.00020513632712256802,0.002620142927815354,0.0005100274460870962,0.0027844241804841153
6.38,4.5199415371987275,-0.22315641824366514,0.10842423876708315,-0.2533998268783943,1.7232599037979988,-0.0009178342356091227,0.0021931950091015717,0.003108646405733963,0.0002157840265718694,0.002684142927815351,0.0005236065610743774,0.0028484241804841125
6.39,4.517709973016291,-0.22315641824366514,0.10589024049829926,-0.2533998268783943,1.7232507254556426,-0.0009178342356091227,0.0022168195943853804,0.00317264640573396,0.00022696855460673383,0.0027481429278153483,0.0005377553608977554,0.0029124241804841097
6.4,4.521287279430639,-0.2088498280213977,0.11641527983865121,-0.22046186396963768,1.7274328538491686,0.007673707392866459,0.0020232891951069134,0.002600525730576266,0.00015830417049606449,0.002293501786521615,0.0004469344165686966,0.0024563609947574104
6.41,4.519198781150425,-0.2088498280213977,0.11421066119895489,-0.22046186396963768,1.7275095909230973,0.007673707392866459,0.00204235340936365,0.002664525730576263,0.00016646938181248095,0.0023575017865216123,0.00045782722406362226,0.0025203609947574077
6.42,4.5171102828702105,-0.2088498280213977,0.11200604255925856,-0.22046186396963768,1.727586327997026,0.007673707392866459,0.0020619505287665023,0.0027285257305762604,0.0001751060934862017,0.0024215017865216095,0.0004692241037574994,0.002584360994757405
6.43,4.5150217845899965,-0.2088498280213977,0.10980142391956223,-0.22046186396963768,1.7276630650709548,0.007673707392866459,0.0020820933533154695,0.0027925257305762576,0.00018422710551722676,0.0024855017865216067,0.00048113785565032796,0.002648360994757402
6.44,4.512933286309782,-0.2088498280213977,0.1075968052798657,-0.22046186396963768,1.7277398021448835,0.007673707392866459,0.0021027946830105533,0.002856525730576266,0.00019384521790555699,0.0025495017865216152,0.0004935812797421091,0.0027123609947574106
6.45,4.510844788029568,-0.2088498280213977,0.10539218664016937,-0.22046186396963768,1.7278165392188123,0.007673707392866459,0.0021240673178517513,0.0029205257305762633,0.0002039732306511907,0.0026135017865216124,0.0005065671760328406,0.002776360994757408
6.46,4.508756289749354,-0.2088498280213977,0.10318756800047305,-0.22046186396963768,1.727893276292741,0.007673707392866459,0.0021459240578390643,0.0029845257305762605,0.00021462394375412871,0.0026775017865216097,0.0005201083445225236,0.002840360994757405
6.47,4.50666779146914,-0.2088498280213977,0.10098294936077672,-0.22046186396963768,1.7279700133666698,0.007673707392866459,0.0021683777029724923,0.0030485257305762578,0.000225810157214371,0.002741501786521607,0.0005342175852111581,0.0029043609947574022
6.48,4.504579293188926,-0.2088498280213977,0.0987783307210802,-0.22046186396963768,1.7280467504405985,0.007673707392866459,0.002191441053252038,0.0031125257305762663,0.00023754467103191866,0.0028055017865216154,0.0005489076980987453,0.0029683609947574107
6.49,4.502490794908712,-0.2088498280213977,0.09657371208138386,-0.22046186396963768,1.7281234875145273,0.007673707392866459,0.0022151269086776964,0.0031765257305762635,0.0002498402852067696,0.0028695017865216126,0.0005641914831852827,0.003032360994757408
6.5,4.502775070234461,-0.20529806463815753,0.09442986524995016,-0.22044057632781697,1.7291261740246495,0.008690986820915719,0.0020385475169046327,0.0026206965614729303,0.00026202998883979026,0.002929875157172978,0.0005553446086270308,0.003075267552615681
6.51,4.500722089588079,-0.20529806463815753,0.09222545948667203,-0.22044057632781697,1.7292130838928588,0.008690986820915719,0.0020578675451157703,0.0026846965614729275,0.0002754575152541733,0.002993875157172975,0.000571449880169145,0.0031392675526156783
6.52,4.498669108941697,-0.20529806463815753,0.0900210537233939,-0.22044057632781697,1.729299993761068,0.008690986820915719,0.0020777245126392023,0.0027486965614729247,0.00028948381669999094,0.0030578751571729724,0.0005881830052217823,0.0032032675526156755
6.53,4.496616128295315,-0.20529806463815753,0.08781664796011558,-0.22044057632781697,1.7293869036292773,0.008690986820915719,0.0020981312194749305,0.002812696561472933,0.00030412169317724447,0.003121875157172981,0.0006055567837849441,0.003267267552615684
6.54,4.494563147648933,-0.20529806463815753,0.08561224219683745,-0.22044057632781697,1.7294738134974865,0.008690986820915719,0.0021191004656229517,0.0028766965614729304,0.00031938394468593133,0.003185875157172978,0.0006235840158586276,0.0033312675526156812
6.55,4.492510167002552,-0.20529806463815753,0.08340783643355933,-0.22044057632781697,1.7295607233656958,0.008690986820915719,0.0021406450510832674,0.0029406965614729276,0.0003352833712260527,0.0032498751571729753,0.0006422775014428342,0.0033952675526156785
6.56,4.49045718635617,-0.20529806463815753,0.0812034306702812,-0.22044057632781697,1.729647633233905,0.008690986820915719,0.0021627777758558776,0.003004696561472925,0.0003518327727976086,0.0033138751571729725,0.0006616500405375639,0.0034592675526156757
6.57,4.487883335896905,-0.20496296032497635,0.10040922154007105,-0.17002125350177272,1.7274252136039248,0.0038288014722440544,0.0021656633667165286,0.0030361623829780414,0.0002096777078983303,0.002494397482179507,0.0005200462082126924,0.0026660533467757408
6.58,4.485833706293655,-0.20496296032497635,0.09870900900505336,-0.17002125350177272,1.7274635016186473,0.0038288014722440544,0.0021887098160509977,0.0031001623829780387,0.00021997290524962063,0.0025583974821795042,0.0005333222744556572,0.002730053346775738
6.59,4.483784076690405,-0.20496296032497635,0.09700879647003567,-0.17002125350177272,1.7275017896333698,0.0038288014722440544,0.0022123762978620625,0.003164162382978036,0.00023077978209734684,0.0026223974821795015,0.0005471443513679772,0.002794053346775735
6.6,4.481734447087155,-0.20496296032497635,0.09530858393501798,-0.17002125350177272,1.7275400776480923,0.0038288014722440544,0.002236675612149723,0.003228162382978033,0.0002421111384415089,0.0026863974821794987,0.0005615252389496523,0.0028580533467757324
6.61,4.467369946930188,-0.23019957869826005,0.09321062011649515,-0.17053913441681612,1.7234388479618183,-0.0012661528258596103,0.0020554123707636563,0.0026763874169996207,0.0002533613260963572,0.0027475632718558297,0.0005505083189765884,0.0028987339563006976
6.62,4.465067951143205,-0.23019957869826005,0.09150522877232703,-0.17053913441681612,1.7234261864335598,-0.0012661528258596103,0.002075261249894369,0.002740387416999618,0.0002657556272146345,0.002811563271855827,0.0005656089672414491,0.002962733956300695
6.63,4.462765955356223,-0.23019957869826005,0.0897998374281589,-0.17053913441681612,1.7234135249053013,-0.0012661528258596103,0.002095658206508482,0.002804387416999615,0.000278712240987283,0.002875563271855824,0.00058130216229757,0.003026733956300692
6.64,4.46046395956924,-0.23019957869826005,0.08809444608399078,-0.17053913441681612,1.7234008633770428,-0.0012661528258596103,0.0021166160406059947,0.0028683874169996124,0.0002922439674143026,0.0029395632718558213,0.000597600704144951,0.0030907339563006893
6.65,4.457803664122368,-0.23169021790045582,0.08584445503936718,-0.17180946928678723,1.7270294007673719,0.007137408809570619,0.0021190574641621455,0.00290859556912493,0.00018657150709490528,0.002359199722510952,0.0004955816086730969,0.0025359240425018247
6.66,4.455486761943363,-0.23169021790045582,0.08412636034649934,-0.17180946928678723,1.7271007748554676,0.007137408809570619,0.0021409046714912783,0.002972595569124927,0.00019567113458080978,0.002423199722510949,0.0005076780650448252,0.002599924042501822
6.67,4.453169859764358,-0.23169021790045582,0.0824082656536315,-0.17180946928678723,1.7271721489435634,0.007137408809570619,0.002163346397934236,0.0030365955691249243,0.00020525540201121647,0.0024871997225109463,0.000520294506225054,0.002663924042501819
6.68,4.4508529575853535,-0.23169021790045582,0.08069017096076367,-0.17180946928678723,1.7272435230316592,0.007137408809570619,0.0021863954434910185,0.0031005955691249215,0.0002153371093861253,0.0025511997225109435,0.0005334437322137831,0.0027279240425018164
6.69,4.448536055406349,-0.23169021790045582,0.07897207626789568,-0.17180946928678723,1.727314897119755,0.007137408809570619,0.002210064608161628,0.00316459556912493,0.00022592905670553728,0.002615199722510952,0.0005471385430110137,0.002791924042501825
6.7,4.446965577567924,-0.22666281124155066,0.0771857534661509,-0.1719330555214547,1.7277280731027533,0.008371556597757856,0.0020339423481762204,0.0026126579151183223,0.0002365048416450932,0.002676493297010365,0.0005354759729762897,0.0028324856163675478
6.71,4.444698949455509,-0.22666281124155066,0.0754664229109364,-0.1719330555214547,1.727811788668731,0.008371556597757856,0.002053258161101258,0.0026766579151183195,0.00024813324471481996,0.002740493297010362,0.0005498626323840495,0.002896485616367545
6.72,4.442424911808593,-0.22380180386585166,0.06883409527795592,-0.183680098186835,1.7200099211943585,-0.009967479564697238,0.002055681391678902,0.0027226951911941103,0.0001648905507534531,0.002255344724515895,0.0004659049628509345,0.0024282871809176085
6.73,4.440186893769934,-0.22380180386585166,0.06699729429608745,-0.183680098186835,1.7199102463987115,-0.009967479564697238,0.0020758873348392165,0.0027866951911941188,0.00017299513353020285,0.0023193447245159035,0.0004768573114866244,0.002492287180917617
6.74,4.4379488757312755,-0.22380180386585166,0.06516049331421914,-0.183680098186835,1.7198105716030645,-0.009967479564697238,0.002096650617037768,0.002850695191194116,0.00018156358525185507,0.0023833447245159007,0.0004883081175584968,0.002556287180917614
6.75,4.435710857692617,-0.22380180386585166,0.06332369233235083,-0.183680098186835,1.7197108968074175,-0.009967479564697238,0.0021179840382745583,0.002914695191194113,0.00019060870591841044,0.002447344724515898,0.0005002701810665527,0.0026202871809176114
6.76,4.433472839653958,-0.22380180386585166,0.06148689135048252,-0.183680098186835,1.7196112220117705,-0.009967479564697238,0.0021399003985495876,0.0029786951911941104,0.00020014329552986898,0.002511344724515895,0.0005127563020107922,0.0026842871809176086
6.77,4.431234821615299,-0.22380180386585166,0.05965009036861421,-0.183680098186835,1.7195115472161235,-0.009967479564697238,0.0021624124978628554,0.0030426951911941076,0.00021018015408623067,0.0025753447245158924,0.0005257792803912151,0.002748287180917606
6.78,4.4289968035766405,-0.22380180386585166,0.057813289386745736,-0.183680098186835,1.7194118724204766,-0.009967479564697238,0.0021855331362143644,0.003106695191194116,0.00022073208158749648,0.002639344724515901,0.0005393519162078227,0.0028122871809176143
6.79,4.426758785537982,-0.22380180386585166,0.05597648840487743,-0.183680098186835,1.7193121976248296,-0.009967479564697238,0.0022092751136041098,0.0031706951911941133,0.00023181187803366455,0.002703344724515898,0.0005534870094606126,0.0028762871809176116
6.8,4.424268947037148,-0.22266184142662562,0.04740543546346622,-0.2001519225249648,1.7161844167148566,-0.01695968279243185,0.0022128906856246663,0.0032087963083644346,0.00015735915563119956,0.0022518404952168404,0.0004809733925778912,0.002446357940631711
6.81,4.427301684806498,-0.2124413643380615,0.04561842858638684,-0.1997933268760757,1.7175613112830244,-0.015478303110521504,0.002035068987989567,0.0026636622472739095,0.00016502549135970462,0.0023145612366969512,0.0004652030413509934,0.002484064659131756
6.82,4.4251772711631165,-0.2124413643380615,0.04362049531762595,-0.1997933268760757,1.717406528251919,-0.015478303110521504,0.002054777733184355,0.002727662247273918,0.0001733886498293326,0.0023785612366969597,0.0004763750758042606,0.0025480646591317644
6.83,4.423052857519736,-0.2124413643380615,0.04162256204886523,-0.1997933268760757,1.7172517452208138,-0.015478303110521504,0.0020750320108285964,0.002791662247273915,0.00018222752054629926,0.002442561236696957,0.0004880567231893532,0.0026120646591317616
6.84,4.420928443876356,-0.2124413643380615,0.03962462878010452,-0.1997933268760757,1.7170969621897085,-0.015478303110521504,0.0020958446209222922,0.0028556622472739124,0.0001915549035106053,0.002506561236696954,0.000500260783506272,0.002676064659131759
6.85,4.418804030232976,-0.2124413643380615,0.0376266955113438,-0.1997933268760757,1.7169421791586033,-0.015478303110521504,0.002117228363465443,0.0029196622472739096,0.0002013835987222507,0.0025705612366969514,0.0005130000567550171,0.002740064659131756
6.86,4.416679616589595,-0.2124413643380615,0.03562876224258291,-0.1997933268760757,1.716787396127498,-0.015478303110521504,0.002139196038458051,0.002983662247273918,0.0002117264061812364,0.00263456123669696,0.0005262873429355899,0.0028040646591317646
6.87,4.4145552029462145,-0.2124413643380615,0.0336308289738222,-0.1997933268760757,1.7166326130963927,-0.015478303110521504,0.002161760445900111,0.0030476622472739153,0.00022259612588756058,0.002698561236696957,0.0005401354420479878,0.002868064659131762
6.88,4.4099375822204445,-0.21810959407709285,0.020918506086819843,-0.22653861101794975,1.7255793788485365,0.008248046225719095,0.0021634786122163574,0.003084241270391081,0.00015294154311617483,0.002257270021184063,0.00047632190903856364,0.0024513831772467543
6.89,4.407756486279673,-0.21810959407709285,0.018653119976640393,-0.22653861101794975,1.7256618593107937,0.008248046225719095,0.002186936699642363,0.0031482412703910784,0.00016080537598200793,0.0023212700211840604,0.00048744878777898096,0.0025153831772467515
6.9,4.398004216980232,-0.23006162668222901,0.016607799456305465,-0.22574202822807676,1.7230044387270553,0.005518761536020671,0.002014160102028188,0.0026020063352533524,0.00016889190385757432,0.0023836615533971302,0.00047252236126446383,0.0025537327404519692
6.91,4.39570360071341,-0.23006162668222901,0.014350379174024746,-0.22574202822807676,1.7230596263424156,0.005518761536020671,0.0020333322487312098,0.0026660063352533497,0.00017768551364647265,0.0024476615533971274,0.0004842046793279475,0.0026177327404519665
6.92,4.393402984446587,-0.23006162668222901,0.012092958891744027,-0.22574202822807676,1.7231148139577759,0.005518761536020671,0.0020530375967012823,0.002730006335253347,0.0001869686557460504,0.0025116615533971247,0.0004964105439395215,0.0026817327404519637
6.93,4.391102368179765,-0.23006162668222901,0.009835538609463308,-0.22574202822807676,1.7231700015731362,0.005518761536020671,0.0020732889459384053,0.002794006335253344,0.00019675413015630752,0.002575661553397122,0.0005091527550991859,0.002745732740451961
6.94,4.3888017519129425,-0.23006162668222901,0.007578118327182387,-0.22574202822807676,1.7232251891884964,0.005518761536020671,0.002094099096442581,0.0028580063352533526,0.000207054736877245,0.0026396615533971304,0.0005224441128069419,0.0028097327404519694
6.95,4.38650113564612,-0.23006162668222901,0.005320698044901668,-0.22574202822807676,1.7232803768038567,0.005518761536020671,0.002115480848213805,0.00292200633525335,0.00021788327590886099,0.0027036615533971276,0.000536297417062787,0.0028737327404519666
6.96,4.384256439888319,-0.22975135552158132,0.003236494834397962,-0.22530043795350976,1.7227062608761063,0.0039352829417021165,0.002118750688032932,0.002962798606229206,0.00015023607659359916,0.002257874995548182,0.0004703195810301584,0.0024471163731458094
6.97,4.381958926333104,-0.22975135552158132,0.0009834904548629126,-0.22530043795350976,1.7227456137055233,0.0039352829417021165,0.00214106178382016,0.0030267986062292034,0.00015809397062582477,0.0023218749955481793,0.00048135625639033583,0.0025111163731458067
6.98,4.379661412777888,-0.22975135552158132,-0.0012695139246723373,-0.22530043795350976,1.7227849665349402,0.0039352829417021165,0.002163978239328636,0.003090798606229212,0.00016641623965716078,0.002385874995548188,0.0004928951550251435,0.002575116373145815
6.99,4.377363899222672,-0.22975135552158132,-0.003522518304207387,-0.22530043795350976,1.722824319364357,0.0039352829417021165,0.002187512854558356,0.003154798606229209,0.00017521568368760566,0.002449874995548185,0.0005049490769345792,0.0026391163731458124
7.0,4.379173428585903,-0.22264629167048425,-0.005748976130993507,-0.22532237552331996,1.7245287516445067,0.006001441592910791,0.0020142510650474036,0.002606286794254562,0.00018422612880919704,0.0025118994348766162,0.0004910587715304459,0.0026785510452423974
7.01,4.376946965669199,-0.22264629167048425,-0.00800219988622666,-0.22532237552331996,1.7245887660604358,0.006001441592910791,0.002033478176846596,0.0026702867942545593,0.00019400391833769448,0.0025758994348766134,0.0005037275696790936,0.0027425510452423947
7.02,4.374720502752495,-0.22264629167048425,-0.010255423641459812,-0.22532237552331996,1.7246487804763648,0.006001441592910791,0.0020532393460046395,0.0027342867942545565,0.0002042968877531672,0.0026398994348766107,0.0005169448780367897,0.002806551045242392
7.03,4.372494039835789,-0.22264629167048425,-0.012508647396693164,-0.22532237552331996,1.724708794892294,0.006001441592910791,0.0020735473725215356,0.002798286794254565,0.00021511783705561625,0.002703899434876619,0.0005307234966035355,0.0028705510452424004
7.04,4.370000545842785,-0.21895004984621538,-0.02108432678941755,-0.2415146275929658,1.7154501501696047,-0.01693206874692149,0.0020765497091694398,0.002842175416651041,0.00014872278778018741,0.0022555800250229113,0.0004624406865973745,0.002435912339311943
7.05,4.3678110453443235,-0.21895004984621538,-0.023499473065347155,-0.2415146275929658,1.7152808294821356,-0.01693206874692149,0.0020977907604350344,0.0029061754166510383,0.00015659513562244054,0.0023195800250229086,0.00047331244080363387,0.00249991233931194
7.06,4.365621544845862,-0.21895004984621538,-0.02591461934127676,-0.2415146275929658,1.7151115087946665,-0.01693206874692149,0.0021196130467839593,0.0029701754166510355,0.00016493139946969826,0.0023835800250229058,0.0004846841774777556,0.0025639123393119373
7.07,4.363432044347399,-0.21895004984621538,-0.02832976561720658,-0.2415146275929658,1.7149421881071971,-0.01693206874692149,0.0021420293682162164,0.003034175416651044,0.0001737443793219613,0.0024475800250229143,0.0004965686966197408,0.0026279123393119458
7.08,4.361242543848937,-0.21895004984621538,-0.030744911893136186,-0.2415146275929658,1.714772867419728,-0.01693206874692149,0.0021650525247318016,0.0030981754166510412,0.00018304687517922816,0.0025115800250229115,0.0005089787982295873,0.002691912339311943
7.09,4.3590530433504755,-0.21895004984621538,-0.033160058169065795,-0.2415146275929658,1.714603546732259,-0.01693206874692149,0.002188695316330717,0.0031621754166510385,0.00019285168704149958,0.0025755800250229087,0.0005219272823072963,0.00275591233931194
7.1,4.356863542852014,-0.21895004984621538,-0.0355752044449954,-0.2415146275929658,1.7144342260447898,-0.01693206874692149,0.0022129705430129626,0.0032261754166510357,0.00020317161490877557,0.002639580025022906,0.0005354269488528676,0.0028199123393119374
7.11,4.347623028181205,-0.24885445987555005,-0.037996304905048114,-0.24159982350507048,1.712599038186974,-0.02133830277442615,0.002034081346019555,0.002675056110185755,0.0002136625728899745,0.0027011329524988716,0.000522913046650038,0.002860694134928306
7.12,4.3440381638486345,-0.24766170252189776,-0.05231648377464333,-0.27234414307836086,1.7072256868878781,-0.03346225882137657,0.0020360942877661486,0.0027191504180052875,0.0001476551615492165,0.0022485990324262253,0.00045618466012028444,0.002422579926954544
7.13,4.341561546823415,-0.24766170252189776,-0.05503992520542688,-0.27234414307836086,1.7068910642996644,-0.03346225882137657,0.0020562734232945114,0.0027831504180052848,0.00015552808514649892,0.0023125990324262225,0.00046692911762983425,0.0024865799269545414
7.14,4.339084929798196,-0.24766170252189776,-0.05776336663621043,-0.27234414307836086,1.7065564417114507,-0.03346225882137657,0.0020770091889064754,0.002847150418005282,0.00016386352855026658,0.0023765990324262198,0.0004781708911247749,0.0025505799269545386
7.15,4.336608312772977,-0.24766170252189776,-0.06048680806699422,-0.27234414307836086,1.706221819123237,-0.03346225882137657,0.0020983143846020425,0.0029111504180052905,0.00017267429176052028,0.0024405990324262283,0.0004899227806051075,0.002614579926954547
7.16,4.334131695747758,-0.24766170252189776,-0.06321024949777777,-0.27234414307836086,1.7058871965350233,-0.03346225882137657,0.0021202018103812087,0.0029751504180052877,0.00018197317477725844,0.0025045990324262255,0.00050219758607083,0.0026785799269545443
7.17,4.331655078722539,-0.24766170252189776,-0.06593369092856133,-0.27234414307836086,1.7055525739468096,-0.03346225882137657,0.002142684266243976,0.003039150418005285,0.0001917729776004818,0.0025685990324262227,0.0005150081075219435,0.0027425799269545415
7.18,4.32917846169732,-0.24766170252189776,-0.06865713235934488,-0.27234414307836086,1.7052179513585959,-0.03346225882137657,0.002165774552190344,0.003103150418005282,0.0002020865002301904,0.00263259903242622,0.0005283671449584478,0.0028065799269545388
7.19,4.326701844672101,-0.24766170252189776,-0.07138057379012867,-0.27234414307836086,1.7048833287703822,-0.03346225882137657,0.0021894854682203155,0.0031671504180052906,0.0002129265426663852,0.0026965990324262284,0.0005422874983803442,0.0028705799269545472
7.2,4.332823599757935,-0.23380650132045025,-0.07384832739072537,-0.271733048656159,1.707550137623704,-0.03060677769489773,0.0020151315003684154,0.0026142868047962804,0.00022387448100187846,0.0027575720927051467,0.0005308310528697932,0.0029121350138064696
7.21,4.330485534744731,-0.23380650132045025,-0.0765656578772869,-0.271733048656159,1.7072440698467548,-0.03060677769489773,0.002034487285655427,0.0026782868047962776,0.00023578287515588572,0.002821572092705144,0.0005454847429066429,0.002976135013806467
7.22,4.328147469731526,-0.23380650132045025,-0.07928298836384844,-0.271733048656159,1.7069380020698057,-0.03060677769489773,0.0020543787283033976,0.002742286804796275,0.000248255583728434,0.002885572092705141,0.0005607336599462539,0.003040135013806464
7.23,4.3258094047183215,-0.23380650132045025,-0.0820003188504102,-0.271733048656159,1.7066319342928566,-0.03060677769489773,0.0020748186283123297,0.0028062868047962833,0.0002613054067195244,0.0029495720927051497,0.0005765906039886275,0.0031041350138064725
7.24,4.323471339705117,-0.23380650132045025,-0.08471764933697173,-0.271733048656159,1.7063258665159076,-0.03060677769489773,0.002095819785682219,0.0028702868047962805,0.00027494514412915476,0.003013572092705147,0.0005930683750337611,0.0031681350138064697
7.25,4.321133274691912,-0.23380650132045025,-0.08743497982353327,-0.271733048656159,1.7060197987389585,-0.03060677769489773,0.0021173950004130674,0.0029342868047962777,0.0002891875959573261,0.003077572092705144,0.000610179773081656,0.003232135013806467
7.26,4.318795209678708,-0.23380650132045025,-0.0901523103100948,-0.271733048656159,1.7057137309620094,-0.03060677769489773,0.002139557072504875,0.002998286804796275,0.0003040455622040385,0.0031415720927051413,0.0006279375981323121,0.003296135013806464
7.27,4.316457144665503,-0.23380650132045025,-0.09286964079665633,-0.271733048656159,1.7054076631850603,-0.03060677769489773,0.0021623188019576425,0.003062286804796272,0.00031953184286929185,0.0032055720927051386,0.0006463546501857295,0.0033601350138064614
7.28,4.312800661981701,-0.23892999587199287,-0.08571596992597125,-0.24755746307947119,1.716113179146612,-0.003630262714346369,0.002164315588715817,0.00308465630776113,0.00018735939025892287,0.0023792377248235625,0.0005202533109280942,0.002570449644686684
7.29,4.310411362022981,-0.23892999587199287,-0.08819154455676591,-0.24755746307947119,1.7160768765194685,-0.003630262714346369,0.0021879182024568808,0.003148656307761127,0.00019678430503382996,0.0024432377248235597,0.0005329438350327394,0.0026344496446866813
7.3,4.308022062064261,-0.23892999587199287,-0.09066711918756057,-0.24755746307947119,1.716040573892325,-0.003630262714346369,0.002212150547459497,0.0032126563077611242,0.00020669786735370174,0.002507237724823557,0.0005461612490663219,0.0026984496446866785
7.31,4.315376722080983,-0.23399852741502694,-0.0931423736019371,-0.24758623743118802,1.7193710614817943,-0.002755647255826891,0.002033409406313866,0.002666016890665135,0.00021670341092222656,0.002568863650876983,0.0005321816865497103,0.002736099010863734
7.32,4.313036736806833,-0.23399852741502694,-0.09561823597624915,-0.24758623743118802,1.719343505009236,-0.002755647255826891,0.002053226341079003,0.0027300168906651437,0.00022761272037362566,0.0026328636508769917,0.0005460106289960702,0.0028000990108637425
7.33,4.310696751532682,-0.23399852741502694,-0.09809409835056097,-0.24758623743118802,1.7193159485366778,-0.002755647255826891,0.0020735892792222714,0.002794016890665141,0.0002390486025551992,0.002696863650876989,0.0005603995912446016,0.0028640990108637398
7.34,4.308356766258532,-0.23399852741502694,-0.1005699607248728,-0.24758623743118802,1.7192883920641195,-0.002755647255826891,0.0020945110207436727,0.002858016890665138,0.00025102385746694815,0.002760863650876986,0.0005753613732953058,0.002928099010863737
7.35,4.306016780984382,-0.23399852741502694,-0.10304582309918463,-0.24758623743118802,1.7192608355915613,-0.002755647255826891,0.002116004365643207,0.0029220168906651353,0.00026355128510887244,0.0028248636508769833,0.0005909087751481827,0.002992099010863734
7.36,4.303039680328865,-0.2362492032414046,-0.10864822538317277,-0.25515227719951145,1.7235748028742224,0.007767083988666237,0.002118458308395843,0.0029578969370778014,0.00016751484389729106,0.002250426876907973,0.0004985624833544861,0.0024459151080635714
7.37,4.300677188296452,-0.2362492032414046,-0.11119974815516784,-0.25515227719951145,1.723652473714109,0.007767083988666237,0.0021408314642161284,0.0030218969370777986,0.00017584208841069297,0.0023144268769079704,0.0005101539072592181,0.0025099151080635687
7.38,4.298314696264038,-0.2362492032414046,-0.1137512709271629,-0.25515227719951145,1.7237301445539956,0.007767083988666237,0.0021638089994238294,0.003085896937077796,0.00018463221829947643,0.0023784268769079676,0.0005222473141855629,0.002573915108063566
7.39,4.295952204231624,-0.2362492032414046,-0.11630279369915797,-0.25515227719951145,1.7238078153938823,0.007767083988666237,0.002187403714018946,0.003149896937077793,0.00019389803356364147,0.002442426876907965,0.0005348555041335203,0.002637915108063563
7.4,4.294767540832102,-0.24480817253696682,-0.11902859287498271,-0.25557249785974434,1.7248220872542883,0.007211621244494329,0.0020136142320433927,0.002602848745674605,0.00020323115472407408,0.0025040352476984533,0.0005202751383065823,0.0026755142681860063
7.41,4.292319459106732,-0.24480817253696682,-0.1215843178535801,-0.25557249785974434,1.7248942034667332,0.007211621244494329,0.002032890316348759,0.0026668487456746022,0.00021346647543693143,0.0025680352476984505,0.00053346956735747,0.0027395142681860035
7.42,4.289871377381362,-0.24480817253696682,-0.1241400428321775,-0.25557249785974434,1.724966319679178,0.007211621244494329,0.00205269977040326,0.0027308487456745995,0.00022421540319932846,0.0026320352476984477,0.0005472118992619949,0.0028035142681860008
7.43,4.287423295655993,-0.24480817253696682,-0.12669576781077488,-0.25557249785974434,1.7250384358916229,0.007211621244494329,0.002073055394206896,0.0027948487456745967,0.00023549073801126517,0.002696035247698445,0.0005615149340201569,0.002867514268185998
7.44,4.283284682165932,-0.24110726945464445,-0.14380939908768653,-0.2912191092024652,1.7114182285077595,-0.024051334106122126,0.0020751664082392087,0.0028381146875595693,0.00015652940834895294,0.0022159356791617503,0.0004789748136223376,0.0024016380684992113
7.45,4.280873609471385,-0.24110726945464445,-0.14672159017971112,-0.2912191092024652,1.7111777151666983,-0.024051334106122126,0.002096443942369655,0.0029021146875595665,0.00016439673621892375,0.0022799356791617475,0.0004898820304371456,0.0024656380684992085
7.46,4.278462536776838,-0.24110726945464445,-0.1496337812717357,-0.2912191092024652,1.710937201825637,-0.024051334106122126,0.002118301899437613,0.0029661146875595637,0.00017272005122472687,0.0023439356791617448,0.0005012823748656535,0.0025296380684992057
7.47,4.2760514640822915,-0.24110726945464445,-0.1525459723637603,-0.2912191092024652,1.7106966884845758,-0.024051334106122126,0.0021407530794430828,0.003030114687559561,0.00018151215336636233,0.002407935679161742,0.0005131886469078613,0.002593638068499203
7.48,4.273640391387745,-0.24110726945464445,-0.15545816345578514,-0.2912191092024652,1.7104561751435146,-0.024051334106122126,0.0021638102823860667,0.0030941146875595694,0.00019078584264383097,0.0024719356791617505,0.0005256136465637698,0.0026576380684992114
7.49,4.271229318693198,-0.24110726945464445,-0.15837035454780973,-0.2912191092024652,1.7102156618024533,-0.024051334106122126,0.0021874863082665605,0.0031581146875595666,0.00020055391905713111,0.0025359356791617477,0.0005385701738333772,0.0027216380684992087
7.5,4.268818245998651,-0.24110726945464445,-0.16128254563983432,-0.2912191092024652,1.709975148461392,-0.024051334106122126,0.002211793957084566,0.003222114687559564,0.0002108291826062636,0.002599935679161745,0.0005520710287166844,0.002785638068499206
7.51,4.2664071733041045,-0.24110726945464445,-0.16419473673185891,-0.2912191092024652,1.7097346351203309,-0.024051334106122126,0.002236746028840084,0.003286114687559561,0.00022162443329122844,0.002663935679161742,0.0005661290112136914,0.002849638068499203
7.52,4.263996100609558,-0.24110726945464445,-0.1671069278238835,-0.2912191092024652,1.7094941217792696,-0.024051334106122126,0.0022623553235331132,0.0033501146875595583,0.00023295247111202559,0.0027279356791617393,0.0005807569213243982,0.0029136380684992003
7.53,4.261835605038811,-0.23929591405380343,-0.17118451103949053,-0.2940601829415472,1.7055232869040908,-0.03296671003249835,0.0022670815957933237,0.0033837593552601317,0.00015837730198824096,0.002278031932019411,0.0005077540164263744,0.002487039003751305
7.54,4.259442645898273,-0.23929591405380343,-0.17412511286890595,-0.2940601829415472,1.7051936198037658,-0.03296671003249835,0.002293718142889732,0.003447759355260129,0.0001665424605901513,0.0023420319320194083,0.0005193962892375527,0.0025510390037513024
7.55,4.2570496867577345,-0.23929591405380343,-0.17706571469832136,-0.2940601829415472,1.7048639527034408,-0.03296671003249835,0.0023210442418571922,0.003511759355260126,0.00017517602557846548,0.0024060319320194055,0.0005315487698494813,0.0026150390037512996
7.56,4.2546567276171965,-0.23929591405380343,-0.18000631652773677,-0.2940601829415472,1.7045342856031158,-0.03296671003249835,0.002349072692695705,0.0035757593552601234,0.00018429079695318353,0.0024700319320194028,0.0005442242582621602,0.002679039003751297
7.57,4.252263768476658,-0.23929591405380343,-0.18294691835715243,-0.2940601829415472,1.7042046185027908,-0.03296671003249835,0.002377816295405272,0.003639759355260132,0.00019389957471430632,0.0025340319320194113,0.0005574355544755904,0.0027430390037513053
7.58,4.24987080933612,-0.23929591405380343,-0.18588752018656785,-0.2940601829415472,1.7038749514024658,-0.03296671003249835,0.0024072878499858882,0.003703759355260129,0.00020401515886183213,0.0025980319320194085,0.0005711954584897697,0.0028070390037513025
7.59,4.247477850195582,-0.23929591405380343,-0.18882812201598326,-0.2940601829415472,1.7035452843021408,-0.03296671003249835,0.0024375001564375565,0.0037677593552601263,0.00021465034939576182,0.0026620319320194057,0.0005855167703046993,0.0028710390037512998
7.6,4.245084891055044,-0.23929591405380343,-0.19176872384539867,-0.2940601829415472,1.7032156172018158,-0.03296671003249835,0.002468466014760277,0.0038317593552601235,0.00022581794631609535,0.002726031932019403,0.0006004122899203791,0.002935039003751297
7.61,4.244912352618746,-0.25063638227460017,-0.19180749006024542,-0.28667183087509784,1.7078925078309901,-0.025056349939985435,0.002201863402388218,0.0030260132850312258,0.00015505134429936757,0.0022813310650175544,0.000498774484202797,0.00248543709856855
7.62,4.242405988796,-0.25063638227460017,-0.19467420836899632,-0.28667183087509784,1.7076419443315902,-0.025056349939985435,0.0022258047389635983,0.003090013285031223,0.00016317574333622758,0.0023453310650175517,0.0005102787682696038,0.0025494370985685473
7.63,4.239899624973255,-0.25063638227460017,-0.19754092667774723,-0.28667183087509784,1.7073913808321903,-0.025056349939985435,0.0022503640781959848,0.00315401328503122,0.00017176920858609108,0.002409331065017549,0.0005222929397561243,0.0026134370985685445
7.64,4.237393261150509,-0.25063638227460017,-0.20040764498649813,-0.28667183087509784,1.7071408173327904,-0.025056349939985435,0.0022755542200853774,0.0032180132850312174,0.00018084454004895807,0.002473331065017546,0.0005348297986623585,0.0026774370985685417
7.65,4.234886897327763,-0.25063638227460017,-0.2032743632952493,-0.28667183087509784,1.7068902538333905,-0.025056349939985435,0.0023013879646317788,0.003282013285031226,0.00019041453772482942,0.0025373310650175546,0.0005479021449883075,0.0027414370985685502
7.66,4.232380533505017,-0.25063638227460017,-0.20614108160400021,-0.28667183087509784,1.7066396903339907,-0.025056349939985435,0.0023278781118351837,0.003346013285031223,0.00020049200161370345,0.002601331065017552,0.0005615227787339691,0.0028054370985685475
7.67,4.2298741696822715,-0.25063638227460017,-0.20900779991275112,-0.28667183087509784,1.7063891268345908,-0.025056349939985435,0.002355037461695595,0.0034100132850312203,0.00021108973171558095,0.002665331065017549,0.0005757044998993444,0.0028694370985685447
7.68,4.227499038846325,-0.24263796868356396,-0.21287605199208073,-0.289346505095251,1.6904411992803918,-0.06403389759387779,0.002359845326875505,0.0034434328912322804,0.00014661282093710536,0.002221238830547851,0.0005076999174403994,0.002442771295930698
7.69,4.22507265915949,-0.24263796868356396,-0.21576951704303343,-0.289346505095251,1.689800860304453,-0.06403389759387779,0.002388084192932445,0.003507432891232289,0.00015431891637355757,0.0022852388305478594,0.000519015260428046,0.0025067712959307067
7.7,4.226952950165539,-0.23701915674991136,-0.21898243877644916,-0.28998522823136136,1.6905488155174837,-0.06321640915280746,0.00216677489061261,0.0028280200570717216,0.00016181576222484853,0.002346718871201813,0.0004961767361902979,0.0025362820125537956
7.71,4.22458275859804,-0.23701915674991136,-0.2218822910587627,-0.28998522823136136,1.6899166514259556,-0.06321640915280746,0.002189206563163421,0.002892020057071719,0.0001704234519845391,0.0024107188712018104,0.0005078849158090149,0.002600282012553793
7.72,4.2222125670305415,-0.23701915674991136,-0.22478214334107624,-0.28998522823136136,1.6892844873344275,-0.06321640915280746,0.002212216639725646,0.002956020057071716,0.00017951328551847,0.0024747188712018076,0.0005201131518302425,0.00266428201255379
7.73,4.219842375463042,-0.23701915674991136,-0.22768199562339006,-0.28998522823136136,1.6886523232428994,-0.06321640915280746,0.002235817920299288,0.0030200200570717245,0.0001890980628266421,0.002538718871201816,0.0005328742442539821,0.0027282820125537986
7.74,4.217472183895543,-0.23701915674991136,-0.2305818479057036,-0.28998522823136136,1.6880201591513713,-0.06321640915280746,0.002260023204884342,0.0030840200570717217,0.00019919058390905373,0.0026027188712018133,0.0005461809930802313,0.0027922820125537958
7.75,4.215101992328044,-0.23701915674991136,-0.23348170018801714,-0.28998522823136136,1.6873879950598432,-0.06321640915280746,0.0022848452934808106,0.003148020057071719,0.0002098036487657057,0.0026667188712018106,0.0005600461983089912,0.002856282012553793
7.76,4.212789887943999,-0.23595756337913068,-0.2263902887946082,-0.2638461781948653,1.686422973353828,-0.06384143907521728,0.0022883804450804946,0.003182198033963378,0.00014582665510255618,0.002216786688501845,0.0004983389098506176,0.002431042249385742
7.77,4.210430312310208,-0.23595756337913068,-0.2290287505765568,-0.2638461781948653,1.685784558963076,-0.06384143907521728,0.0023141521671280483,0.003246198033963375,0.0001535383330786603,0.0022807866885018423,0.0005095035261524696,0.0024950422493857393
7.78,4.208070736676416,-0.23595756337913068,-0.23166721235850563,-0.2638461781948653,1.6851461445723237,-0.06384143907521728,0.002340573128782397,0.0033101980339633836,0.00016170616839246549,0.0023447866885018508,0.0005211671509041997,0.002559042249385748
7.79,4.2057111610426245,-0.23595756337913068,-0.23430567414045422,-0.2638461781948653,1.6845077301815716,-0.06384143907521728,0.0023676561300435355,0.003374198033963381,0.00017034296104397032,0.002408786688501848,0.0005333425841058061,0.002623042249385745
7.8,4.203351585408833,-0.23595756337913068,-0.23694413592240282,-0.2638461781948653,1.6838693157908196,-0.06384143907521728,0.002395413970911467,0.003438198033963378,0.0001794615110331755,0.002472786688501845,0.0005460426257572896,0.0026870422493857423
7.81,4.186104796453925,-0.2534369018033068,-0.2386908641872213,-0.2623993783515206,1.677575536616213,-0.06851527701435989,0.0021769564832517375,0.0028080994775889065,0.00018828754733512442,0.002534050399303657,0.0005254664379415639,0.002719765107887257
7.82,4.1835704274358925,-0.2534369018033068,-0.24131485797073668,-0.2623993783515206,1.6768903838460694,-0.06851527701435989,0.0021992036485349387,0.002872099477588915,0.0001983798498928359,0.0025980503993036654,0.0005386686264707688,0.0027837651078872656
7.83,4.18103605841786,-0.2534369018033068,-0.24393885175425184,-0.2623993783515206,1.6762052310759257,-0.06851527701435989,0.0022220252337136555,0.002936099477588912,0.0002089917625304072,0.0026620503993036626,0.0005524275680215499,0.002847765107887263
7.84,4.1735618360576465,-0.2632362279237684,-0.228924019817966,-0.21618112182949376,1.6925888979609076,-0.020944039100143835,0.0022217141277417916,0.0029687084971213185,0.0001445656383285856,0.002204280764760818,0.0004975289441002115,0.0024240727869500153
7.85,4.170929473778409,-0.2632362279237684,-0.2310858310362609,-0.21618112182949376,1.6923794575699063,-0.020944039100143835,0.002245323546447469,0.0030327084971213157,0.00015223201222618768,0.002268280764760815,0.0005087723120005989,0.0024880727869500126
7.86,4.168297111499171,-0.2632362279237684,-0.233247642254556,-0.21618112182949376,1.692170017178905,-0.020944039100143835,0.002269539506852573,0.0030967084971213242,0.00016035204227674263,0.0023322807647608236,0.0005205132944583772,0.002552072786950021
7.87,4.165664749219933,-0.2632362279237684,-0.2354094534728509,-0.21618112182949376,1.6919605767879036,-0.020944039100143835,0.002294374808957099,0.0031607084971213215,0.00016893852848024902,0.002396280764760821,0.0005327646914735445,0.0026160727869500183
7.88,4.163032386940695,-0.2632362279237684,-0.23757126469114578,-0.21618112182949376,1.6917511363969022,-0.020944039100143835,0.0023198422527610494,0.0032247084971213187,0.00017800427083670758,0.002460280764760818,0.0005455393030461017,0.0026800727869500155
7.89,4.160400024661457,-0.2632362279237684,-0.23973307590944068,-0.21618112182949376,1.6915416960059009,-0.020944039100143835,0.002345954638264424,0.003288708497121316,0.00018756206934611826,0.0025242807647608153,0.000558849929176049,0.0027440727869500127
7.9,4.160678485987174,-0.26063645306054867,-0.24196353720596167,-0.216145794979463,1.6922403683539502,-0.020763217989426427,0.002141303724320743,0.0026900329973366926,0.0001968105464435686,0.002585380062308426,0.0005398309840475906,0.0027776814830742925
7.91,4.158072121456568,-0.26063645306054867,-0.24412499515575625,-0.216145794979463,1.692032736174056,-0.020763217989426427,0.0021623318726290285,0.00275403299733669,0.00020736205750567586,0.0026493800623084234,0.000553681871860412,0.0028416814830742898
7.92,4.155465756925962,-0.26063645306054867,-0.24628645310555083,-0.216145794979463,1.6918251039941616,-0.020763217989426427,0.002183910827536781,0.002818032997336687,0.0002184434445802448,0.0027133800623084206,0.0005681010959698482,0.002905681483074287
7.93,4.1528593923953565,-0.26063645306054867,-0.24844791105534542,-0.216145794979463,1.6916174718142674,-0.020763217989426427,0.002206053389044001,0.0028820329973366842,0.00023006750766727538,0.002777380062308418,0.0005831014563758991,0.002969681483074284
7.94,4.150253027864751,-0.26063645306054867,-0.2506093690051402,-0.216145794979463,1.691409839634373,-0.020763217989426427,0.00222877235715069,0.0029460329973366927,0.00024224704676676872,0.0028413800623084263,0.0005986957530785664,0.0030336814830742927
7.95,4.147646663334145,-0.26063645306054867,-0.2527708269549348,-0.216145794979463,1.6912022074544788,-0.020763217989426427,0.002252080531856845,0.00301003299733669,0.00025499486187872267,0.0029053800623084236,0.0006148967860778472,0.00309768148307429
7.96,4.145040298803539,-0.26063645306054867,-0.2549322849047294,-0.216145794979463,1.6909945752745845,-0.020763217989426427,0.002275990713162467,0.003074032997336687,0.0002683237530031383,0.0029693800623084208,0.0006317173553737428,0.003161681483074287
7.97,4.142433934272933,-0.26063645306054867,-0.257093742854524,-0.216145794979463,1.6907869430946902,-0.020763217989426427,0.0023005157010675564,0.0031380329973366844,0.0002822465201400156,0.003033380062308418,0.0006491702609662531,0.0032256814830742843
7.98,4.1398275697423275,-0.26063645306054867,-0.2592552008043188,-0.216145794979463,1.690579310914796,-0.020763217989426427,0.0023256682955721153,0.003202032997336693,0.0002967759632893558,0.0030973800623084265,0.0006672683028553799,0.003289681483074293
7.99,4.137221205211722,-0.26063645306054867,-0.2614166587541134,-0.216145794979463,1.6903716787349017,-0.020763217989426427,0.0023514612966761394,0.00326603299733669,0.00031192488245115646,0.0031613800623084237,0.00068602428104112,0.00335368148307429
8.0,4.132044216238919,-0.25888413320158077,-0.25230821676655724,-0.18836433561242696,1.6794202780372207,-0.04466423303374041,0.002129562551112253,0.0026467657244458845,0.00018183390374666852,0.0023235567021588316,0.0005214494042958083,0.0025154324360328138
8.01,4.129455374906903,-0.25888413320158077,-0.25419186012268147,-0.18836433561242696,1.6789736357068834,-0.04466423303374041,0.002150151551979725,0.0027107657244458817,0.00019092072168814929,0.002387556702158829,0.0005336930025212441,0.002579432436032811
8.02,4.126866533574887,-0.25888413320158077,-0.2560755034788057,-0.18836433561242696,1.678526993376546,-0.04466423303374041,0.0021712827059920865,0.002774765724445879,0.0002004850509700618,0.002451556702158826,0.0005464524872338864,0.002643432436032808
8.03,4.124277692242871,-0.25888413320158077,-0.25795914683492993,-0.18836433561242696,1.6780803510462088,-0.04466423303374041,0.002192968813149337,0.002838765724445876,0.00021053969159240605,0.0025155567021588232,0.0005597406584337352,0.0027074324360328054
8.04,4.121688850910855,-0.25888413320158077,-0.25984279019105416,-0.18836433561242696,1.6776337087158715,-0.04466423303374041,0.002215222673451477,0.0029027657244458734,0.00022109744355518205,0.0025795567021588204,0.0005735703161207907,0.0027714324360328026
8.05,4.1191000095788395,-0.25888413320158077,-0.2617264335471787,-0.18836433561242696,1.677187066385534,-0.04466423303374041,0.0022380570868985104,0.0029667657244458936,0.0002321711068583918,0.0026435567021588407,0.0005879542602950553,0.002835432436032823
8.06,4.116511168246824,-0.25888413320158077,-0.26361007690330296,-0.18836433561242696,1.6767404240551966,-0.04466423303374041,0.0022614848534904283,0.003030765724445891,0.0002437734815020314,0.002707556702158838,0.0006029052909565239,0.00289943243603282
8.07,4.113922326914808,-0.25888413320158077,-0.2654937202594272,-0.18836433561242696,1.6762937817248593,-0.04466423303374041,0.002285518773227236,0.003094765724445888,0.00025591736748610273,0.002771556702158835,0.0006184362081051991,0.0029634324360328173
8.08,4.108802538247023,-0.25949131524451374,-0.2849745348217078,-0.23191613675598216,1.6696628455386373,-0.05782784961429022,0.002285985927484413,0.0031261433011108967,0.0001648880920551275,0.0022014412243890474,0.0005249370878170217,0.002414593446684886
8.09,4.106207625094577,-0.25949131524451374,-0.2872936961892676,-0.23191613675598216,1.6690845670424945,-0.05782784961429022,0.0023109238579468927,0.003190143301110894,0.00017296132914268304,0.0022654412243890447,0.0005364743082106088,0.0024785934466848834
8.1,4.100048429904622,-0.26709970073556993,-0.28948033744525115,-0.23177367270184396,1.6675363462385329,-0.058701473188007634,0.002116474700106494,0.002626967362480066,0.00018040464979092598,0.002326485238372144,0.0005161539889529551,0.0025118705985603647
8.11,4.097377432897266,-0.26709970073556993,-0.29179807417226955,-0.23177367270184396,1.6669493315066528,-0.058701473188007634,0.002136695999685852,0.002690967362480063,0.00018936281749010078,0.0023904852383721414,0.0005281348489021142,0.002575870598560362
8.12,4.09470643588991,-0.26709970073556993,-0.29411581089928795,-0.23177367270184396,1.6663623167747728,-0.058701473188007634,0.002157455492737706,0.0027549673624800604,0.00019879908223695,0.0024544852383721386,0.0005406308829709852,0.002639870598560359
8.13,4.092035438882554,-0.26709970073556993,-0.29643354762630675,-0.23177367270184396,1.6657753020428925,-0.058701473188007634,0.00217876597926206,0.0028189673624800806,0.0002087262440314754,0.002518485238372159,0.0005536548911595707,0.0027038705985603794
8.14,4.089364441875198,-0.26709970073556993,-0.29875128435332515,-0.23177367270184396,1.6651882873110124,-0.058701473188007634,0.0022006402592589062,0.002882967362480078,0.0002191571028736735,0.002582485238372156,0.000567219673467866,0.0027678705985603766
8.15,4.0866934448678425,-0.26709970073556993,-0.30106902108034356,-0.23177367270184396,1.6646012725791324,-0.058701473188007634,0.0022230911327282485,0.002946967362480075,0.000230104458763546,0.0026464852383721532,0.0005813380298958734,0.002831870598560374
8.16,4.0842579012508615,-0.2651960693082182,-0.3028542818645904,-0.2304671485412505,1.6600745062200204,-0.0683213552206009,0.00222558081656497,0.002985218589770915,0.00015444724686909168,0.002166491963412973,0.0005048211030885692,0.002371770788371464
8.17,4.08160594055778,-0.2651960693082182,-0.30515895335000287,-0.2304671485412505,1.6593912926678145,-0.0683213552206009,0.002248957920611018,0.003049218589770912,0.00016205809023248945,0.0022304919634129703,0.0005157088244377991,0.0024357707883714613
8.18,4.078953979864698,-0.2651960693082182,-0.30746362483541534,-0.2304671485412505,1.6587080791156086,-0.0683213552206009,0.00227294486837502,0.0031132185897709093,0.00017011503198856979,0.0022944919634129675,0.0005270836999447032,0.0024997707883714585
8.19,4.076302019171616,-0.2651960693082182,-0.3097682963208278,-0.2304671485412505,1.6580248655634027,-0.0683213552206009,0.0022975544598569765,0.0031772185897709065,0.0001786308721373327,0.0023584919634129647,0.0005389585296092816,0.0025637707883714557
8.2,4.073650058478535,-0.2651960693082182,-0.3120729678062403,-0.2304671485412505,1.6573416520111968,-0.0683213552206009,0.002322799495056887,0.0032412185897709037,0.00018761841067877817,0.002422491963412962,0.0005513461134315343,0.002627770788371453
8.21,4.058147759038508,-0.2754299678450809,-0.3133811345392886,-0.22924192915244868,1.6513092975356167,-0.07220515665591383,0.0021263030940192134,0.002683043512149606,0.00019583142054884037,0.0024833348570139978,0.0005321448085830855,0.0026633965406117873
8.22,4.055393459360058,-0.2754299678450809,-0.3156735538308131,-0.22924192915244868,1.6505872459690576,-0.07220515665591383,0.0021468248375855394,0.0027470435121496033,0.00020576319775709128,0.002547334857013995,0.0005450586801753441,0.0027273965406117845
8.23,4.052639159681608,-0.2754299678450809,-0.31796597312233754,-0.22924192915244868,1.6498651944024985,-0.07220515665591383,0.0021678959898542953,0.0028110435121496006,0.000216204441936745,0.002611334857013992,0.000558518031075725,0.0027913965406117817
8.24,4.046510467609248,-0.28172492576988567,-0.3023075328975378,-0.18364486736636093,1.6623045541817227,-0.036699870741631474,0.00216813421538986,0.002847977363575171,0.00014732343750336092,0.002158677633736453,0.0004972122737117682,0.002368335924795731
8.25,4.043693218351549,-0.28172492576988567,-0.30414398157120137,-0.18364486736636093,1.6619375554743063,-0.036699870741631474,0.0021900197452042656,0.0029119773635751683,0.00015470919648496957,0.00222267763373645,0.000507974735585158,0.002432335924795728
8.26,4.040875969093849,-0.28172492576988567,-0.30598043024486493,-0.18364486736636093,1.66157055676689,-0.036699870741631474,0.002212487670491386,0.0029759773635751655,0.00016253949099332552,0.0022866776337364474,0.0005192236646435069,0.0024963359247957254
8.27,4.03805871983615,-0.28172492576988567,-0.3078168789185285,-0.18364486736636093,1.6612035580594735,-0.036699870741631474,0.0022355507912512214,0.0030399773635751627,0.0001708271210284287,0.0023506776337364446,0.0005309718608868148,0.0025603359247957226
8.28,4.035241470578451,-0.28172492576988567,-0.30965332759219205,-0.18364486736636093,1.660836559352057,-0.036699870741631474,0.002259221907483772,0.00310397736357516,0.00017958488659027919,0.002414677633736442,0.0005432321243150819,0.00262433592479572
8.29,4.032424221320752,-0.28172492576988567,-0.3114897762658556,-0.18364486736636093,1.6604695606446407,-0.036699870741631474,0.002283513819189038,0.003167977363575157,0.0001888255876788769,0.002478677633736439,0.0005560172549283082,0.002688335924795717
8.3,4.032625828750817,-0.2835062992351238,-0.3132569717131091,-0.18298471770556063,1.661611304469376,-0.03607322235833777,0.0020953753543668627,0.00261353986096112,0.0001973218354591087,0.002539540154698489,0.0005378624294052764,0.0027246896798353063
8.31,4.029790765758466,-0.2835062992351238,-0.3150868188901647,-0.18298471770556063,1.6612505722457926,-0.03607322235833777,0.002115128981166327,0.002677539860961117,0.00020753082662655737,0.0026035401546984863,0.0005512086936645184,0.0027886896798353035
8.32,4.026784943163003,-0.28383760347684295,-0.3191827443748443,-0.18891902308402586,1.6608707414209662,-0.03604214778013905,0.002116633639985978,0.0027186465509742553,0.00014450298453070058,0.0021622665783426857,0.00048804348596454743,0.002363545719209034
8.33,4.023946567128235,-0.28383760347684295,-0.3210719346056845,-0.18891902308402586,1.6605103199431648,-0.03604214778013905,0.002137234565734166,0.0027826465509742525,0.00015185582574928053,0.002226266578342683,0.0004986355445683937,0.002427545719209031
8.34,4.021108191093466,-0.28383760347684295,-0.3229611248365247,-0.18891902308402586,1.6601498984653633,-0.03604214778013905,0.002158392020792549,0.0028466465509742497,0.000159653920283529,0.00229026657834268,0.0005097131123160819,0.0024915457192090282
8.35,4.018269815058698,-0.28383760347684295,-0.32485031506736495,-0.18891902308402586,1.6597894769875619,-0.03604214778013905,0.0021801188051611266,0.002910646550974247,0.000167910068133446,0.0023542665783426774,0.0005212889892076117,0.0025555457192090254
8.36,4.01543143902393,-0.28383760347684295,-0.32673950529820517,-0.18891902308402586,1.6594290555097604,-0.03604214778013905,0.002202427718839899,0.002974646550974244,0.0001766370692990315,0.0024182665783426746,0.0005333759752429834,0.0026195457192090227
8.37,4.012593062989161,-0.28383760347684295,-0.3286286955290454,-0.18891902308402586,1.659068634031959,-0.03604214778013905,0.002225331561828866,0.0030386465509742414,0.0001858477237802855,0.002482266578342672,0.0005459868704221968,0.00268354571920902
8.38,4.009754686954392,-0.28383760347684295,-0.33051788575988594,-0.18891902308402586,1.6587082125541575,-0.03604214778013905,0.0022488431341280324,0.0031026465509742616,0.0001955548315772098,0.002546266578342692,0.0005591344747452545,0.00274754571920904
8.39,4.006916310919624,-0.28383760347684295,-0.33240707599072616,-0.18891902308402586,1.658347791076356,-0.03604214778013905,0.0022729752357373897,0.003166646550974259,0.00020577119268980096,0.0026102665783426893,0.0005728315882121516,0.0028115457192090373
8.4,3.9952561301455782,-0.29813213502246416,-0.3386555810057326,-0.20139262314936346,1.6575017513945531,-0.03184874459434563,0.0020684506367604147,0.002590396986054058,0.00014348253014207106,0.00216188768441276,0.0004818160197947162,0.00235664332869271
8.41,3.9922748087953535,-0.29813213502246416,-0.3406695072372262,-0.20139262314936346,1.6571832639486097,-0.03184874459434563,0.0020878501896264517,0.002654396986054055,0.00015084764566951158,0.002225887684412757,0.0004923169044120504,0.0024206433286927073
8.42,3.9892934874451287,-0.29813213502246416,-0.3426834334687198,-0.20139262314936346,1.6568647765026663,-0.03184874459434563,0.0021077806218897,0.0027183969860540523,0.0001586579387338346,0.0022898876844127543,0.0005033019176951231,0.0024846433286927045
8.43,3.986312166094904,-0.29813213502246416,-0.3446973597002134,-0.20139262314936346,1.6565462890567229,-0.03184874459434563,0.0021282547335501585,0.0027823969860540495,0.00016692620933504018,0.0023538876844127516,0.0005147838596439343,0.0025486433286927017
8.44,3.983330844744679,-0.29813213502246416,-0.346711285931707,-0.20139262314936346,1.6562278016107794,-0.03184874459434563,0.0021492853246078284,0.0028463969860540467,0.00017566525747312827,0.0024178876844127488,0.000526775530258484,0.002612643328692699
8.45,3.9803495233944544,-0.29813213502246416,-0.3487252121632006,-0.20139262314936346,1.655909314164836,-0.03184874459434563,0.0021708851950627086,0.002910396986054044,0.00018488788314809888,0.002481887684412746,0.0005392897295387723,0.002676643328692696
8.46,3.977368202044229,-0.29813213502246416,-0.35073913839469456,-0.20139262314936346,1.6555908267188926,-0.03184874459434563,0.0021930671449148036,0.002974396986054064,0.0001946068863599538,0.002545887684412766,0.0005523392574848014,0.0027406433286927163
8.47,3.9743868806940044,-0.29813213502246416,-0.35275306462618816,-0.20139262314936346,1.6552723392729491,-0.03184874459434563,0.0022158439741641056,0.0030383969860540614,0.0002048350671086896,0.0026098876844127634,0.0005659369140965668,0.0028046433286927136
8.48,3.969806298264377,-0.3039297956369914,-0.35695157050200477,-0.2073260331502315,1.6633625265801117,-0.008949565110498513,0.002217013295518993,0.00306774892175669,0.0001447104441452193,0.0021593146027280826,0.0005104885295943316,0.0023805352423387537
8.49,3.966767000308007,-0.3039297956369914,-0.35902483083350706,-0.2073260331502315,1.6632730309290067,-0.008949565110498513,0.002240643285151053,0.003131748921756687,0.00015212615796278599,0.00222331460272808,0.0005215441629542926,0.002444535242338751
8.5,3.9591681490214032,-0.3060507698253614,-0.36055357600879634,-0.20656245459213016,1.6612640857859826,-0.00998302879445104,0.0020602558121520236,0.002590448925847296,0.0001584484461210261,0.002284098921541802,0.000501120654738777,0.002477410431857511
8.51,3.9561076413231495,-0.3060507698253614,-0.3626192005547176,-0.20656245459213016,1.6611642554980381,-0.00998302879445104,0.0020795407231865505,0.002654448925847293,0.00016672505383026116,0.0023480989215417993,0.0005126064392943559,0.002541410431857508
8.52,3.953047133624896,-0.3060507698253614,-0.3646848251006388,-0.20656245459213016,1.6610644252100937,-0.00998302879445104,0.0020993565240062465,0.0027184489258472904,0.00017547128132380452,0.0024120989215417965,0.0005246005059363063,0.0026054104318575053
8.53,3.949986625926642,-0.3060507698253614,-0.36675044964656006,-0.20656245459213016,1.6609645949221492,-0.00998302879445104,0.0021197160146111125,0.0027824489258472876,0.00018469992860165624,0.0024760989215417938,0.0005371156546646281,0.0026694104318575025
8.54,3.9469261182283883,-0.3060507698253614,-0.3688160741924813,-0.20656245459213016,1.6608647646342047,-0.00998302879445104,0.0021406319950011475,0.002846448925847285,0.0001944237956638163,0.002540098921541791,0.0005501646854793214,0.0027334104318574998
8.55,3.943865610530134,-0.3060507698253614,-0.37088169873840293,-0.20656245459213016,1.6607649343462603,-0.00998302879445104,0.002162117265176356,0.002910448925847305,0.00020465568251028655,0.002604098921541811,0.0005637603983803887,0.00279741043185752
8.56,3.940146776403237,-0.30651134135988084,-0.37950667920338593,-0.22442799622992488,1.6589637371609132,-0.014055492078801142,0.0021639016631735883,0.002944410493811237,0.00014535784166825434,0.0021501105190812626,0.0005038822507515852,0.0023618868128925377
8.57,3.9370816629896384,-0.30651134135988084,-0.38175095916568513,-0.22442799622992488,1.6588231822401251,-0.014055492078801142,0.002186275001044454,0.003008410493811234,0.00015278449787796183,0.0022141105190812598,0.0005147697792532102,0.002425886812892535
8.58,3.9340165495760395,-0.30651134135988084,-0.38399523912798433,-0.22442799622992488,1.6586826273193371,-0.014055492078801142,0.0022092500210140827,0.0030724104938112313,0.00016065397619148558,0.002278110519081257,0.0005261424851174139,0.002489886812892532
8.59,3.9309514361624407,-0.30651134135988084,-0.38623951909028353,-0.22442799622992488,1.6585420723985491,-0.014055492078801142,0.002232839523082473,0.0031364104938112285,0.00016897907660882555,0.0023421105190812542,0.000538013168344196,0.0025538868128925293
8.6,3.9266309987625143,-0.32947366823418917,-0.3885649582608043,-0.22394674399983314,1.6584790727957623,-0.0179206087149244,0.0020534108942217503,0.0025936944594670093,0.0001759914498578343,0.0024023657697133864,0.0005187119289738423,0.0025883343419476055
8.61,3.9233362620801726,-0.32947366823418917,-0.3908044257008026,-0.22394674399983314,1.658299866708613,-0.0179206087149244,0.002072665001114875,0.0026576944594670065,0.00018521849197591832,0.0024663657697133836,0.0005310731085043247,0.0026523343419476027
8.62,3.920041525397831,-0.32947366823418917,-0.3930438931408009,-0.22394674399983314,1.6581206606214638,-0.0179206087149244,0.002092450646899894,0.0027216944594670037,0.00019493880724794503,0.002530365769713381,0.0005439647549031966,0.0027163343419476
8.63,3.9167467887154883,-0.32947366823418917,-0.3952833605807996,-0.22394674399983314,1.6579414545343145,-0.0179206087149244,0.0021127806315768094,0.002785694459467024,0.00020516519567391624,0.002594365769713401,0.0005573996681704603,0.00278033434194762
8.64,3.9134520520331466,-0.32947366823418917,-0.3975228280207979,-0.22394674399983314,1.6577622484471652,-0.0179206087149244,0.0021336677551456146,0.002849694459467021,0.00021591045725382835,0.0026583657697133983,0.0005713906483061113,0.0028443343419476174
8.65,3.910157315350805,-0.32947366823418917,-0.3997622954607962,-0.22394674399983314,1.657583042360016,-0.0179206087149244,0.0021551248176063134,0.0029136944594670183,0.00022718739198768312,0.0027223657697133955,0.0005859504953101518,0.0029083343419476146
8.66,3.906862578668463,-0.32947366823418917,-0.40200176290079453,-0.22394674399983314,1.6574038362728667,-0.0179206087149244,0.0021771646189589055,0.0029776944594670156,0.00023900879987548052,0.0027863657697133927,0.0006010920091825818,0.002972334341947612
8.67,3.9035678419861215,-0.32947366823418917,-0.40424123034079285,-0.22394674399983314,1.6572246301857174,-0.0179206087149244,0.002199799959203391,0.0030416944594670128,0.0002513874809172206,0.00285036576971339,0.0006168279899234012,0.003036334341947609
8.68,3.90027310530378,-0.32947366823418917,-0.40648069778079116,-0.22394674399983314,1.6570454240985681,-0.0179206087149244,0.00222304363833977,0.00310569445946701,0.0002643362351129033,0.002914365769713387,0.0006331712375326101,0.0031003343419476062
8.69,3.896978368621438,-0.32947366823418917,-0.40872016522078947,-0.22394674399983314,1.6568662180114189,-0.0179206087149244,0.0022469084563680425,0.0031696944594670072,0.0002778678624625287,0.0029783657697133844,0.0006501345520102085,0.0031643343419476035
8.7,3.8936836319390964,-0.32947366823418917,-0.4109596326607878,-0.22394674399983314,1.6566870119242696,-0.0179206087149244,0.0022714072132882083,0.0032336944594670044,0.00029199516296609675,0.0030423657697133816,0.0006677307333561965,0.0032283343419476007
8.71,3.890711046277227,-0.33477979376585726,-0.41331216152654093,-0.2239333535878701,1.6564984354690158,-0.019526948169403747,0.002084050004258506,0.0026796855201484926,0.00030446175163058813,0.003100587369860255,0.0006547727034607995,0.0032677104260493456
8.72,3.8864968007511584,-0.33518685803599735,-0.3953589285398321,-0.17248328182549433,1.661437764864462,-0.00557166842038981,0.0020850204568031434,0.002703835802352772,0.00017944623992158687,0.002255533446293505,0.0005335685930034063,0.0024577519179126623
8.73,3.8831449321707985,-0.33518685803599735,-0.39708376135808704,-0.17248328182549433,1.6613820481802581,-0.00557166842038981,0.002105240133094931,0.002767835802352769,0.00018813895581871565,0.002319533446293502,0.0005456171188316889,0.0025217519179126595
8.74,3.8797930635904385,-0.33518685803599735,-0.39880859417634196,-0.17248328182549433,1.6613263314960542,-0.00557166842038981,0.002126013376547189,0.0028318358023527663,0.00019729557840510308,0.0023835334462934993,0.0005581699950435541,0.0025857519179126568
8.75,3.8764411950100786,-0.33518685803599735,-0.4005334269945969,-0.17248328182549433,1.6612706148118503,-0.00557166842038981,0.002147352987159918,0.0028958358023527635,0.00020692890768074922,0.0024475334462934965,0.0005712400216390018,0.002649751917912654
8.76,3.8730893264297186,-0.33518685803599735,-0.4022582598128518,-0.17248328182549433,1.6612148981276464,-0.00557166842038981,0.0021692717649331172,0.0029598358023527607,0.000217051743645654,0.0025115334462934937,0.0005848399986180319,0.002713751917912651
8.77,3.8697374578493586,-0.33518685803599735,-0.4039830926311067,-0.17248328182549433,1.6611591814434425,-0.00557166842038981,0.002191782509866787,0.003023835802352758,0.00022767688629981748,0.002575533446293491,0.0005989827259806446,0.0027777519179126484
8.78,3.8663855892689987,-0.33518685803599735,-0.40570792544936163,-0.17248328182549433,1.6611034647592386,-0.00557166842038981,0.0022148980219609273,0.003087835802352755,0.00023881713564323964,0.002639533446293488,0.0006136810037268397,0.0028417519179126456
8.79,3.8630337206886387,-0.33518685803599735,-0.40743275826761655,-0.17248328182549433,1.6610477480750347,-0.00557166842038981,0.002238631101215538,0.0031518358023527523,0.00025048529167592045,0.0027035334462934854,0.0006289476318566174,0.002905751917912643
8.8,3.860946901415605,-0.33874953085122234,-0.41366834544774816,-0.18347609694056333,1.6561738204189111,-0.019796363071670566,0.0020400025021283523,0.0025777942301475785,0.000162162638393374,0.002130881505831339,0.0005091924646291447,0.0023315439462734885
8.81,3.857559406107093,-0.33874953085122234,-0.41550310641715377,-0.18347609694056333,1.6559758567881944,-0.019796363071670566,0.0020591292443892543,0.0026417942301475757,0.0001698201581068941,0.002194881505831336,0.0005200582241273017,0.0023955439462734858
8.82,3.854171910798581,-0.33874953085122234,-0.41733786738655937,-0.18347609694056333,1.6557778931574776,-0.019796363071670566,0.0020787843454961857,0.002705794230147573,0.00017791665412158046,0.0022588815058313333,0.0005314030924147133,0.002459543946273483
8.83,3.850784415490069,-0.33874953085122234,-0.41917262835596497,-0.18347609694056333,1.6555799295267608,-0.019796363071670566,0.0020989806054491464,0.00276979423014757,0.00018646492643743307,0.0023228815058313305,0.0005432398694913796,0.00252354394627348
8.84,3.847396920181557,-0.33874953085122234,-0.4210073893253706,-0.18347609694056333,1.655381965896044,-0.019796363071670566,0.0021197308242481365,0.0028337942301475674,0.00019547777505445193,0.0023868815058313278,0.0005555813553573005,0.0025875439462734774
8.85,3.844009424873045,-0.33874953085122234,-0.4228421502947762,-0.18347609694056333,1.6551840022653272,-0.019796363071670566,0.002141047801893156,0.0028977942301475646,0.00020496799997263702,0.002450881505831325,0.0005684403500124762,0.0026515439462734746
8.86,3.840621929564533,-0.33874953085122234,-0.4246769112641818,-0.18347609694056333,1.6549860386346105,-0.019796363071670566,0.002162944338384205,0.002961794230147562,0.00021494840119198834,0.002514881505831322,0.0005818296534569065,0.002715543946273472
8.87,3.837234434256021,-0.33874953085122234,-0.4265116722335874,-0.18347609694056333,1.6547880750038937,-0.019796363071670566,0.0021854332337212837,0.003025794230147559,0.0002254317787125059,0.0025788815058313194,0.0005957620656905914,0.002779543946273469
8.88,3.8341177545546143,-0.33189419973806383,-0.4168431906564038,-0.15419116966297297,1.6444184582129002,-0.04452598182873313,0.002189064799147416,0.0030598424850276115,0.00015356013362863738,0.0021003916491556503,0.0005229601402107567,0.0023256539926139216
8.89,3.8307988125572336,-0.33189419973806383,-0.4183851023530335,-0.15419116966297297,1.6439731983946129,-0.04452598182873313,0.0022125383282457388,0.0031238424850276087,0.00016079571090493763,0.0021643916491556475,0.0005337662977790997,0.002389653992613919
8.9,3.8350531095079274,-0.3181962199828528,-0.42058704419352816,-0.15493472229416513,1.6464159046747555,-0.041402302805913616,0.0020355633425272308,0.002585363732444947,0.0001663060942109926,0.002224809166003793,0.0005121684468854169,0.002421609802289284
8.91,3.831871147308099,-0.3181962199828528,-0.4221363914164698,-0.15493472229416513,1.6460018816466964,-0.041402302805913616,0.002054742828222466,0.002649363732444944,0.00017436947896125036,0.0022888091660037903,0.0005233695171086339,0.002485609802289281
8.92,3.8286891851082707,-0.3181962199828528,-0.42368573863941145,-0.15493472229416513,1.6455878586186372,-0.041402302805913616,0.0020744521866641902,0.0027133637324449414,0.0001828906255447089,0.0023528091660037875,0.0005350677092923088,0.0025496098022892784
8.93,3.8255072229084424,-0.3181962199828528,-0.4252350858623531,-0.15493472229416513,1.645173835590578,-0.041402302805913616,0.0020947042178524034,0.0027773637324449386,0.00019188233396136815,0.0024168091660037847,0.0005472758234364414,0.0026136098022892756
8.94,3.822325260708614,-0.3181962199828528,-0.42678443308529473,-0.15493472229416513,1.644759812562519,-0.041402302805913616,0.0021155117217871054,0.002841363732444936,0.00020135740421122815,0.002480809166003782,0.0005600066595410319,0.002677609802289273
8.95,3.8191432985087856,-0.3181962199828528,-0.4283337803082364,-0.15493472229416513,1.6443457895344598,-0.041402302805913616,0.0021368874984682967,0.002905363732444933,0.00021132863629428887,0.002544809166003779,0.0005732730176060801,0.00274160980228927
8.96,3.8156247767798237,-0.3185924953897086,-0.4339814634649377,-0.16579668755298113,1.6430336305863602,-0.04353943508409313,0.0021390161493232657,0.0029380167182477715,0.00014934313738241753,0.0021016615930423374,0.0005120992622149271,0.0023207379750116437
8.97,3.812438851825927,-0.3185924953897086,-0.4356394303404675,-0.16579668755298113,1.6425982362355194,-0.04353943508409313,0.0021612671971646845,0.0030020167182477687,0.00015646316353416505,0.0021656615930423346,0.0005226682757106906,0.002384737975011641
8.98,3.80925292687203,-0.3185924953897086,-0.43729739721599725,-0.16579668755298113,1.6421628418846785,-0.04353943508409313,0.002184118648349753,0.003066016718247766,0.000164016322004521,0.002229661593042332,0.0005337142368014565,0.002448737975011638
8.99,3.8060670019181333,-0.3185924953897086,-0.438955364091527,-0.16579668755298113,1.6417274475338377,-0.04353943508409313,0.002207583302878471,0.003130016718247763,0.00017201541279348543,0.002293661593042329,0.0005452499454872247,0.0025127379750116354
9.0,3.808755697059634,-0.29801243269328226,-0.44117205188718595,-0.166975898076906,1.6429342773350584,-0.0404011162935854,0.002031095731136765,0.0025895664449576234,0.00017810075988909015,0.0023536703067378786,0.0005246488215586753,0.0025463906756314934
9.01,3.8057755727327014,-0.29801243269328226,-0.442841810867955,-0.166975898076906,1.6425302661721226,-0.0404011162935854,0.0020502664463596045,0.0026535664449576207,0.0001869741913221082,0.002417670306737876,0.0005366445254486961,0.0026103906756314906
9.02,3.8027954484057687,-0.29801243269328226,-0.44451156984872403,-0.166975898076906,1.6421262550091869,-0.0404011162935854,0.002069967874871435,0.002717566444957618,0.0001963311568164738,0.002481670306737873,0.0005491623074738432,0.002674390675631488
9.03,3.799815324078836,-0.29801243269328226,-0.4461813288294931,-0.166975898076906,1.641722243846251,-0.0404011162935854,0.0020902128166722577,0.002781566444957615,0.00020618445637218694,0.0025456703067378702,0.0005622149676341165,0.002738390675631485
9.04,3.796835199751903,-0.29801243269328226,-0.4478510878102621,-0.166975898076906,1.6413182326833153,-0.0404011162935854,0.0021110140717620716,0.0028455664449576123,0.00021654688998924763,0.0026096703067378674,0.0005758153059295161,0.0028023906756314823
9.05,3.793599856617318,-0.29939823499325713,-0.4484702857805611,-0.16420219183504908,1.643674292710111,-0.0332107634333595,0.0021133664578262767,0.002879663703127768,0.00015446015423179144,0.002169932416767503,0.0005162590446523955,0.002385663516811968
9.06,3.7906058742673854,-0.29939823499325713,-0.45011230769891153,-0.16420219183504908,1.6433421850757772,-0.0332107634333595,0.0021350307464934517,0.0029436637031277652,0.00016199743257052726,0.0022339324167675004,0.000527234344493506,0.002449663516811965
9.07,3.787611891917453,-0.29939823499325713,-0.451754329617262,-0.16420219183504908,1.6430100774414436,-0.0332107634333595,0.0021572837679012524,0.0030076637031277624,0.00016998149739261655,0.0022979324167674976,0.0005386995770379788,0.0025136635168119623
9.08,3.7846179095675203,-0.29939823499325713,-0.4533963515356124,-0.16420219183504908,1.64267796980711,-0.0332107634333595,0.0021801383220496785,0.0030716637031277597,0.0001784251486980593,0.002361932416767495,0.000550667542285814,0.0025776635168119596
9.09,3.7816239272175878,-0.29939823499325713,-0.45503837345396286,-0.16420219183504908,1.6423458621727762,-0.0332107634333595,0.00220360720893873,0.003135663703127757,0.00018734118648685555,0.002425932416767492,0.0005631510402370115,0.0026416635168119568
9.1,3.7789358250179417,-0.30375494946600684,-0.45688548907887744,-0.164443254388124,1.6423273259559588,-0.033730536466132166,0.002027419425732076,0.002593388496474177,0.00019419287165230387,0.0024856165164598046,0.0005436066637669519,0.002676427024730112
9.11,3.7758982755232817,-0.30375494946600684,-0.45852992162275863,-0.164443254388124,1.6419900205912974,-0.033730536466132166,0.0020465915575022813,0.0026573884964741744,0.00020403247679002406,0.0025496165164598018,0.0005566109928195618,0.002740427024730109
9.12,3.7728607260286218,-0.30375494946600684,-0.4601743541666398,-0.164443254388124,1.641652715226636,-0.033730536466132166,0.002066295166971782,0.0027213884964741716,0.00021438200523103622,0.002613616516459799,0.0005701634072771178,0.0028044270247301064
9.13,3.7699551219451677,-0.2983926466609652,-0.4608056513959746,-0.1620101243321018,1.6308475368773316,-0.06052777224542076,0.0020692109463118697,0.0027605791611241483,0.00015387487273012102,0.0021688068068641854,0.0005056563283851013,0.0023732889110224214
9.14,3.766971195478558,-0.2983926466609652,-0.4624257526392956,-0.1620101243321018,1.6302422591548775,-0.06052777224542076,0.0020898287360542602,0.0028245791611241455,0.000161423748263319,0.0022328068068641826,0.0005163992511236139,0.0024372889110224187
9.15,3.7639872690119485,-0.2983926466609652,-0.46404585388261654,-0.1620101243321018,1.6296369814324234,-0.06052777224542076,0.0021110114416288753,0.0028885791611241427,0.00016941918515788978,0.00229680680686418,0.0005276296316443311,0.002501288911022416
9.16,3.761003342545339,-0.2983926466609652,-0.4656659551259375,-0.1620101243321018,1.6290317037099693,-0.06052777224542076,0.0021327718630357153,0.00295257916112414,0.00017787398341383338,0.002360806806864177,0.0005393602699472527,0.002565288911022413
9.17,3.7580194160787292,-0.2983926466609652,-0.46728605636925846,-0.1620101243321018,1.6284264259875152,-0.06052777224542076,0.0021551228002747802,0.003016579161124137,0.0001868009430311498,0.0024248068068641743,0.0005516039660323788,0.0026292889110224103
9.18,3.7550354896121196,-0.2983926466609652,-0.4689061576125794,-0.1620101243321018,1.627821148265061,-0.06052777224542076,0.00217807705334607,0.0030805791611241344,0.00019621286400983901,0.0024888068068641715,0.0005643735198997093,0.0026932889110224075
9.19,3.75205156314551,-0.2983926466609652,-0.4705262588559004,-0.1620101243321018,1.627215870542607,-0.06052777224542076,0.002201647422249584,0.0031445791611241316,0.00020612254634990105,0.0025528068068641687,0.0005776817315492443,0.0027572889110224048
9.2,3.7490676366789004,-0.2983926466609652,-0.47214636009922134,-0.1620101243321018,1.6266105928201529,-0.06052777224542076,0.0022258467069853232,0.003208579161124129,0.0002165427900513359,0.002616806806864166,0.0005915414009809837,0.002821288911022402
9.21,3.7542649456442105,-0.29164393141240236,-0.46917171128321017,-0.14784503609608304,1.637695686203482,-0.03598694394712519,0.002026555350402806,0.002635578451232962,0.0001535257732327555,0.0021620194866225056,0.0005038946232290816,0.0023687586886866766
9.22,3.7513485063300864,-0.29164393141240236,-0.47065016164417095,-0.14784503609608304,1.6373358167640106,-0.03598694394712519,0.002046063055591338,0.002699578451232959,0.0001610676371886059,0.002226019486622503,0.0005146822441641165,0.002432758688686674
9.23,3.7484320670159623,-0.29164393141240236,-0.47212861200513173,-0.14784503609608304,1.6369759473245393,-0.03598694394712519,0.002066110676470116,0.0027635784512329564,0.00016905470504178076,0.0022900194866225,0.0005259564168368886,0.002496758688686671
9.24,3.745515627701838,-0.29164393141240236,-0.4736070623660925,-0.14784503609608304,1.636616077885068,-0.03598694394712519,0.0020867110130391403,0.0028275784512329536,0.00017749977679228012,0.0023540194866224972,0.0005377299412473981,0.0025607586886866682
9.25,3.742599188387714,-0.29164393141240236,-0.4750855127270533,-0.14784503609608304,1.6362562084455967,-0.03598694394712519,0.0021078768652984118,0.002891578451232951,0.00018641565244010397,0.0024180194866224945,0.0005500156173956449,0.0026247586886866655
9.26,3.73968274907359,-0.29164393141240236,-0.4765639630880141,-0.14784503609608304,1.6358963390061254,-0.03598694394712519,0.0021296210332479295,0.002955578451232948,0.00019581513198525227,0.0024820194866224917,0.000562826245281629,0.0026887586886866627
9.27,3.736766309759466,-0.29164393141240236,-0.47804241344897486,-0.14784503609608304,1.635536469566654,-0.03598694394712519,0.0021519563168876936,0.0030195784512329453,0.00020571101542772507,0.002546019486622489,0.0005761746249053504,0.00275275868868666
9.28,3.732853295479255,-0.28157076686824095,-0.48001076376256874,-0.1501248752958251,1.6159013086849443,-0.08616153889866227,0.002155530196803276,0.0030535477582481737,0.00014965826558677306,0.002092394474297744,0.0005121372488456728,0.0023109492630682136
9.29,3.7300375878105725,-0.28157076686824095,-0.48151201251552694,-0.1501248752958251,1.6150396932959576,-0.08616153889866227,0.002178896229414304,0.003117547758248171,0.00015682904133481053,0.002156394474297741,0.0005226350640788364,0.0023749492630682108
9.3,3.7155796691739558,-0.30130720828752394,-0.48150623793583125,-0.14803314309755505,1.6093585404246604,-0.09159792773231308,0.002005710809627424,0.00258129107406352,0.00016152847336107628,0.002215911162103314,0.0005009285689981188,0.0024071442840238855
9.31,3.7125665970910804,-0.30130720828752394,-0.4829865693668068,-0.14803314309755505,1.6084425611473374,-0.09159792773231308,0.002024825394970217,0.002645291074063517,0.00016950903049639692,0.002279911162103311,0.0005118240561797754,0.0024711442840238827
9.32,3.709553525008205,-0.30130720828752394,-0.4844669007977823,-0.14803314309755505,1.6075265818700144,-0.09159792773231308,0.002044469038527823,0.0027092910740635144,0.0001779455698641382,0.0023439111621033084,0.0005232137722182367,0.00253514428402388
9.33,3.7065404529253296,-0.30130720828752394,-0.48594723222875785,-0.14803314309755505,1.6066106025926914,-0.09159792773231308,0.0020646545403002416,0.0027732910740635116,0.00018685089146430015,0.0024079111621033056,0.0005351105171135029,0.002599144284023877
9.34,3.7035273808424543,-0.30130720828752394,-0.4874275636597334,-0.14803314309755505,1.6056946233153684,-0.09159792773231308,0.002085394700287473,0.002837291074063509,0.00019623779529688272,0.002471911162103303,0.0005475270908655738,0.0026631442840238744
9.35,3.700514308759579,-0.30130720828752394,-0.4889078950907089,-0.14803314309755505,1.6047786440380454,-0.09159792773231308,0.002106702318489517,0.002901291074063506,0.00020611908136188592,0.0025359111621033,0.0005604762934744494,0.0027271442840238716
9.36,3.6975012366767035,-0.30130720828752394,-0.49038822652168446,-0.14803314309755505,1.6038626647607224,-0.09159792773231308,0.0021285901949063737,0.0029652910740635033,0.00021650754965930977,0.0025999111621032973,0.0005739709249401297,0.002791144284023869
9.37,3.694488164593828,-0.30130720828752394,-0.49186855795266,-0.14803314309755505,1.6029466854833994,-0.09159792773231308,0.0021510711295380427,0.0030292910740635005,0.00022741600018915425,0.0026639111621032945,0.0005880237852626149,0.002855144284023866
9.38,3.6914750925109523,-0.30130720828752394,-0.49334888938363575,-0.14803314309755505,1.6020307062060761,-0.09159792773231308,0.002174157922384529,0.0030932910740635207,0.00023885723295142145,0.0027279111621033147,0.0006026476744419074,0.0029191442840238863
9.39,3.688462020428077,-0.30130720828752394,-0.4948292208146113,-0.14803314309755505,1.6011147269287531,-0.09159792773231308,0.0021978633734458237,0.003157291074063518,0.00025084404794610733,0.002791911162103312,0.0006178553924780021,0.0029831442840238835
9.4,3.6744092750008117,-0.3225122906053511,-0.4954935332852052,-0.14762944431527888,1.5964851567673015,-0.09507279858826778,0.00202103748338065,0.002607555940772882,0.000260232641447433,0.002850246984498691,0.0006022644152664544,0.0030218511757074537
9.41,3.6711841520947583,-0.3225122906053511,-0.49696982772835796,-0.14762944431527888,1.5955344287814188,-0.09507279858826778,0.0020403830644124083,0.0026715559407728792,0.0002732750354134665,0.0029142469844986884,0.0006181798382578135,0.003085851175707451
9.42,3.667959029188705,-0.3225122906053511,-0.49844612217151074,-0.14762944431527888,1.5945837007955361,-0.09507279858826778,0.0020602629566323213,0.0027355559407728765,0.00028690027877639973,0.0029782469844986856,0.000634712431484314,0.003149851175707448
9.43,3.6647339062826516,-0.3225122906053511,-0.4999224166146635,-0.14762944431527888,1.5936329728096534,-0.09507279858826778,0.002080689960040389,0.0027995559407728737,0.00030112117153623265,0.003042246984498683,0.0006518749949459561,0.0032138511757074453
9.44,3.6616060180547496,-0.3203300682073343,-0.487844302481924,-0.11226900361341424,1.5927360891222129,-0.0944011341781201,0.002083111723674449,0.002817202779784912,0.00018063726084680985,0.002187240649312619,0.0005326325317940067,0.0023930278034037236
9.45,3.6584027173726765,-0.3203300682073343,-0.48896699251805814,-0.11226900361341424,1.5917920777804317,-0.0944011341781201,0.002104360090122225,0.002881202779784909,0.0001889473893640422,0.002251240649312616,0.0005440948498635363,0.002457027803403721
9.46,3.6551994166906026,-0.3203300682073343,-0.49008968255419244,-0.11226900361341424,1.5908480664386504,-0.0944011341781201,0.0021261846971259613,0.0029452027797849294,0.00019770776601113862,0.0023152406493126363,0.0005560485734937488,0.002521027803403741
9.47,3.6519961160085295,-0.3203300682073343,-0.4912123725903266,-0.11226900361341424,1.5899040550968693,-0.0944011341781201,0.002148598344685651,0.0030092027797849266,0.00020693119078809606,0.0023792406493126335,0.0005685065026846399,0.0025850278034037382
9.48,3.6487928153264564,-0.3203300682073343,-0.4923350626264607,-0.11226900361341424,1.5889600437550881,-0.0944011341781201,0.0021716138328012977,0.003073202779784924,0.000216630463694916,0.0024432406493126307,0.0005814814374362117,0.0026490278034037354
9.49,3.6455895146443833,-0.3203300682073343,-0.49345775266259484,-0.11226900361341424,1.588016032413307,-0.0944011341781201,0.0021952439614729012,0.003137202779784921,0.00022681838473159844,0.002507240649312628,0.0005949861777484643,0.0027130278034037327
9.5,3.646118098243756,-0.31068696773576127,-0.49481319599540297,-0.11245546243274018,1.5880773169583093,-0.09325751850295495,0.0020189535173850896,0.0025941069337424697,0.00023426947011925448,0.0025661105042998674,0.000576478399089283,0.0027479488066086888
9.51,3.6430112285663987,-0.31068696773576127,-0.49593775061973033,-0.11245546243274018,1.5871447417732798,-0.09325751850295495,0.0020382537076985337,0.002658106933742467,0.0002454011489638184,0.0026301105042998646,0.0005905385056053598,0.002811948806608686
9.52,3.638632649613626,-0.31187464891418326,-0.48129502120224776,-0.07185264683534973,1.5922093522785457,-0.07663333937167571,0.0020399436907651627,0.002690897007105788,0.00016146055254015167,0.0020627292265710606,0.000512244738205533,0.00227864066798804
9.53,3.635513903124484,-0.31187464891418326,-0.48201354767060123,-0.07185264683534973,1.591443018884829,-0.07663333937167571,0.0020600498993958343,0.0027548970071057852,0.00016868442992881217,0.002126729226571058,0.0005227251672710037,0.0023426406679880373
9.54,3.6323951566353423,-0.31187464891418326,-0.4827320741389547,-0.07185264683534973,1.5906766854911123,-0.07663333937167571,0.0020807070874279267,0.0028188970071057824,0.00017633365316278686,0.002190729226571055,0.0005336741244700721,0.0024066406679880345
9.55,3.6292764101462,-0.31187464891418326,-0.4834506006073083,-0.07185264683534973,1.5899103520973954,-0.07663333937167571,0.0021019280548614442,0.0028828970071058026,0.00018442102224207723,0.0022547292265710753,0.0005451044098027402,0.0024706406679880547
9.56,3.6261576636570583,-0.31187464891418326,-0.4841691270756618,-0.07185264683534973,1.5891440187036787,-0.07663333937167571,0.0021237256016963793,0.0029468970071058,0.00019295933716668038,0.0023187292265710725,0.0005570288232690039,0.002534640667988052
9.57,3.6230389171679165,-0.31187464891418326,-0.48488765354401525,-0.07185264683534973,1.588377685309962,-0.07663333937167571,0.0021461125279327352,0.003010897007105797,0.00020196139793659775,0.0023827292265710697,0.0005694601648688651,0.002598640667988049
9.58,3.6199201706787747,-0.31187464891418326,-0.4856061800123687,-0.07185264683534973,1.5876113519162454,-0.07663333937167571,0.0021691016335705126,0.0030748970071057943,0.0002114400045518293,0.002446729226571067,0.000582411234602324,0.0026626406679880464
9.59,3.616801424189633,-0.31187464891418326,-0.4863247064807222,-0.07185264683534973,1.5868450185225287,-0.07663333937167571,0.002192705718609711,0.0031388970071057915,0.00022140795701237507,0.002510729226571064,0.0005958948324693806,0.0027266406679880436
9.6,3.613962643156635,-0.30962737018702774,-0.48728159691017225,-0.07255396895928513,1.5822235569286338,-0.08656959211435437,0.002196606004285424,0.003165861276684109,0.0001554225254852953,0.002040316501155842,0.0005300043013566832,0.002282412395625398
9.61,3.6223826484085095,-0.29924413284681944,-0.4895501344974325,-0.07391014800911506,1.5863956655710734,-0.08279494224680961,0.002019300326331104,0.0026347273856673504,0.00015903208322616604,0.0020998932061872554,0.0005058212062338655,0.0023103787463838923
9.62,3.619390207080041,-0.29924413284681944,-0.49028923597752366,-0.07391014800911506,1.5855677161486053,-0.08279494224680961,0.002038905319223509,0.0026987273856673476,0.00016627842065346723,0.0021638932061872527,0.000516232077716949,0.0023743787463838895
9.63,3.6163977657515725,-0.29924413284681944,-0.4910283374576149,-0.07391014800911506,1.584739766726137,-0.08279494224680961,0.0020590500575930508,0.002762727385667368,0.00017395753672200725,0.002227893206187273,0.0005271178249493111,0.0024383787463839097
9.64,3.613405324423104,-0.29924413284681944,-0.4917674389377061,-0.07391014800911506,1.5839118173036688,-0.08279494224680961,0.0020797473414397227,0.002826727385667365,0.00018208223143178337,0.00229189320618727,0.0005384912479309482,0.002502378746383907
9.65,3.610412883094636,-0.29924413284681944,-0.49250654041779723,-0.07391014800911506,1.5830838678812007,-0.08279494224680961,0.002101009970763528,0.0028907273856673622,0.00019066530478279695,0.0023558932061872673,0.0005503651466618619,0.002566378746383904
9.66,3.6074204417661675,-0.29924413284681944,-0.4932456418978884,-0.07391014800911506,1.5822559184587326,-0.08279494224680961,0.002122850745564467,0.0029547273856673595,0.00019971955677504797,0.0024198932061872645,0.0005627523211420524,0.0026303787463839014
9.67,3.604428000437699,-0.29924413284681944,-0.49398474337797954,-0.07391014800911506,1.5814279690362645,-0.08279494224680961,0.002145282465842539,0.0030187273856673567,0.0002092577874085364,0.0024838932061872617,0.0005756655713715197,0.0026943787463838986
9.68,3.599925302707911,-0.3046213122392548,-0.491386847392785,-0.06495027853005736,1.5893250175083744,-0.05871977889240728,0.0021474133027169972,0.003044319978603838,0.00015033811082340766,0.0020424008868743125,0.0005233532480188556,0.0022848724405895794
9.69,3.5968790895855185,-0.3046213122392548,-0.49203635017808556,-0.06495027853005736,1.5887378197194504,-0.05871977889240728,0.0021706889971845143,0.003108319978603835,0.00015710343203999204,0.0021064008868743097,0.0005338428453905926,0.0023488724405895767
9.7,3.593832876463126,-0.3046213122392548,-0.49268585296338613,-0.06495027853005736,1.5881506219305264,-0.05871977889240728,0.002194586355647752,0.0031723199786038324,0.0001642900334339513,0.002170400886874307,0.0005448022172504474,0.002412872440589574
9.71,3.592748547850104,-0.2822648012795857,-0.49346314204482045,-0.06629550320281176,1.5876017998332936,-0.05512153946546603,0.002017528596126915,0.002639172235173128,0.0001685574193181779,0.002229978921706163,0.0005214285495234057,0.002442170183281769
9.72,3.589925899837308,-0.2822648012795857,-0.49412609707684857,-0.06629550320281176,1.587050584438639,-0.05512153946546603,0.0020371082458734775,0.002703172235173125,0.00017655638471864629,0.00229397892170616,0.0005327500495883871,0.0025061701832817663
9.73,3.587103251824512,-0.2822648012795857,-0.4947890521088767,-0.06629550320281176,1.5864993690439841,-0.05512153946546603,0.002057228530067075,0.0027671722351731223,0.0001850141459034559,0.0023579789217061573,0.0005445727836900249,0.0025701701832817636
9.74,3.584280603811716,-0.2822648012795857,-0.4954520071409048,-0.06629550320281176,1.5859481536493294,-0.05512153946546603,0.0020779022487077067,0.0028311722351731195,0.00019394350287260675,0.0024219789217061545,0.000556909551828319,0.0026341701832817608
9.75,3.58145795579892,-0.2822648012795857,-0.49611496217293294,-0.06629550320281176,1.5853969382546746,-0.05512153946546603,0.002099142201795373,0.0028951722351731168,0.00020335725562609878,0.0024859789217061517,0.0005697731540032693,0.002698170183281758
9.76,3.578548393167754,-0.2754633062263777,-0.48844137068081817,-0.043603003156022696,1.5752736074052445,-0.08000999837386022,0.0021030985524062074,0.002930316563318867,0.00014675803817030855,0.0020441882735532145,0.0005106656390078403,0.002274236620399904
9.77,3.57579376010549,-0.2754633062263777,-0.4888774007123784,-0.043603003156022696,1.574473507421506,-0.08000999837386022,0.002125320324677741,0.002994316563318864,0.00015346586473658408,0.0021081882735532118,0.0005208692864161458,0.002338236620399901
9.78,3.5730391270432262,-0.2754633062263777,-0.4893134307439386,-0.043603003156022696,1.5736734074377674,-0.08000999837386022,0.0021481409602619383,0.0030583165633188613,0.00016059532895757025,0.002172188273553209,0.0005315405811485311,0.0024022366203998984
9.79,3.5702844939809624,-0.2754633062263777,-0.48974946077549886,-0.043603003156022696,1.5728733074540289,-0.08000999837386022,0.002171573259158799,0.0031223165633188586,0.00016815923083326703,0.002236188273553206,0.0005426923232049965,0.0024662366203998956
9.8,3.570669918553336,-0.2705607257744994,-0.4907081517386502,-0.04438521978713938,1.5735978284444483,-0.07804791630358514,0.001998514248094819,0.0025843438515531056,0.00017288172470544052,0.002295850527149179,0.0005207165392777361,0.0024983854498476466
9.81,3.567964311295591,-0.2705607257744994,-0.4911520039365216,-0.04438521978713938,1.5728173492814124,-0.07804791630358514,0.002017678568419135,0.002648343851553103,0.00018128701733956238,0.002359850527149176,0.000532289639843249,0.002562385449847644
9.82,3.565258704037846,-0.2705607257744994,-0.491595856134393,-0.04438521978713938,1.5720368701183765,-0.07804791630358514,0.0020373725575137617,0.0027123438515531,0.00019016428007911405,0.0024238505271491732,0.0005443752174987313,0.002626385449847641
9.83,3.5625530967801007,-0.2705607257744994,-0.4920397083322644,-0.04438521978713938,1.5712563909553405,-0.07804791630358514,0.0020576090153786994,0.0027763438515530973,0.00019952631292409554,0.0024878505271491705,0.0005569860722441832,0.0026903854498476383
9.84,3.5596250551040423,-0.26986260663546224,-0.4849499393876016,-0.02320087248781762,1.5713947819911454,-0.07500074725010807,0.002060735063679718,0.0028095991369411944,0.00014438160354335083,0.0020408668817823296,0.0005039636762901983,0.0022669424547965638
9.85,3.556926429037688,-0.26986260663546224,-0.4851819481124798,-0.02320087248781762,1.5706447745186443,-0.07500074725010807,0.0020818515818947993,0.0028735991369411916,0.0001510609374140133,0.002104866881782327,0.0005140838281296553,0.002330942454796561
9.86,3.5542278029713334,-0.26986260663546224,-0.48541395683735794,-0.02320087248781762,1.5698947670461432,-0.07500074725010807,0.002103542819937269,0.002937599136941189,0.00015816124466103222,0.002168866881782324,0.0005246701684600716,0.0023949424547965582
9.87,3.551529176904979,-0.26986260663546224,-0.4856459655622361,-0.02320087248781762,1.569144759573642,-0.07500074725010807,0.0021258215778071268,0.003001599136941186,0.00016569532528440756,0.0022328668817823212,0.0005357354972814472,0.0024589424547965554
9.88,3.548830550838624,-0.26986260663546224,-0.4858779742871143,-0.02320087248781762,1.568394752101141,-0.07500074725010807,0.002148700655504377,0.0030655991369412062,0.00017367597928414082,0.0022968668817823414,0.0005472926145937842,0.0025229424547965756
9.89,3.54613192477227,-0.26986260663546224,-0.4861099830119925,-0.02320087248781762,1.56764474462864,-0.07500074725010807,0.002172192853029011,0.0031295991369412034,0.00018211600666022913,0.0023608668817823386,0.0005593543203970784,0.002586942454796573
9.9,3.5420071380925178,-0.2711923033134352,-0.4862025090428828,-0.02319691638387128,1.5662946514887766,-0.07540030989339518,0.0019987418110442327,0.002589170263769884,0.000187747274605485,0.0024205022637784454,0.0005385084711192856,0.002620409879172434
9.91,3.5392952150593833,-0.2711923033134352,-0.48643447820672153,-0.02319691638387128,1.5655406483898426,-0.07540030989339518,0.0020179480062011575,0.002653170263769881,0.00019707973908948437,0.0024845022637784426,0.0005510522015773582,0.002684409879172431
9.92,3.536240033602459,-0.2725652763234488,-0.48240788906877063,-0.01104857408834477,1.5682370018008964,-0.06547374081428424,0.0020205232210255375,0.002687291319685226,0.00014278032030549397,0.002031737293694388,0.0004993333696715744,0.0022554878820345288
9.93,3.5335143808392244,-0.2725652763234488,-0.4825183748096541,-0.01104857408834477,1.5675822643927535,-0.06547374081428424,0.0020405567927952125,0.002751291319685223,0.0001494323815692322,0.002095737293694385,0.0005094001294135225,0.002319487882034526
9.94,3.53078872807599,-0.2725652763234488,-0.48262886055053755,-0.01104857408834477,1.5669275269846106,-0.06547374081428424,0.0020611406228288245,0.0028152913196852203,0.00015650359029170926,0.0021597372936943823,0.0005199307867318774,0.002383487882034523
9.95,3.5280630753127555,-0.2725652763234488,-0.482739346291421,-0.01104857408834477,1.5662727895764677,-0.06547374081428424,0.002082287511126374,0.0028792913196852175,0.00016400674647292515,0.0022237372936943795,0.0005309381416266392,0.0024474878820345204
9.96,3.5253374225495206,-0.2725652763234488,-0.48284983203230447,-0.01104857408834477,1.5656180521683247,-0.06547374081428424,0.0021040102576878636,0.0029432913196852377,0.00017195465011288138,0.0022877372936943997,0.00054243499409781,0.0025114878820345406
9.97,3.522611769786286,-0.2725652763234488,-0.48296031777318793,-0.01104857408834477,1.5649633147601818,-0.06547374081428424,0.002126321662513287,0.003007291319685235,0.0001803601012115751,0.002351737293694397,0.0005544341441453856,0.002575487882034538
9.98,3.5198861170230518,-0.2725652763234488,-0.4830708035140714,-0.01104857408834477,1.5643085773520389,-0.06547374081428424,0.002149234525602647,0.003071291319685232,0.00018923589976900767,0.002415737293694394,0.0005669483917693682,0.002639487882034535
9.99,3.5171604642598173,-0.2725652763234488,-0.48318128925495485,-0.01104857408834477,1.563653839943896,-0.06547374081428424,0.0021727616469559446,0.0031352913196852294,0.0001985948457851791,0.0024797372936943914,0.0005799905369697577,0.0027034878820345323
10.0,3.508301509143965,-0.2856712313709608,-0.4925555080790072,-0.038796372078358815,1.55064665743044,-0.09719089318768434,0.001982128562266957,0.0025675100809302623,0.00014328166247521562,0.0020216331318274176,0.0004886072329141624,0.002231222432627683
10.01,3.5054447968302553,-0.2856712313709608,-0.4929434717997908,-0.038796372078358815,1.5496747484985631,-0.09719089318768434,0.0020011804242903394,0.0026315100809302596,0.00014995564263865546,0.002085633131827415,0.0004983824281604982,0.00229522243262768
10.02,3.5025880845165456,-0.2856712313709608,-0.4933314355205744,-0.038796372078358815,1.5487028395666862,-0.09719089318768434,0.002020758588329908,0.0026955100809302568,0.00015704674942846074,0.002149633131827412,0.0005086166678933595,0.0023592224326276774
10.03,3.499731372202836,-0.2856712313709608,-0.493719399241358,-0.038796372078358815,1.5477309306348093,-0.09719089318768434,0.002040875854385662,0.002759510080930254,0.0001645677828446315,0.0022136331318274092,0.0005193227521127462,0.0024232224326276746
10.04,3.496874659889126,-0.2856712313709608,-0.4941073629621416,-0.038796372078358815,1.5467590217029323,-0.09719089318768434,0.0020615450224576027,0.002823510080930251,0.00017253154288716772,0.0022776331318274065,0.0005305134808186585,0.002487222432627672
10.05,3.494017947575416,-0.2856712313709608,-0.49449532668292523,-0.038796372078358815,1.5457871127710554,-0.09719089318768434,0.002082778892545733,0.0028875100809302714,0.00018095082955607095,0.0023416331318274267,0.0005422016540110984,0.002551222432627692
10.06,3.491161235261706,-0.2856712313709608,-0.4948832904037088,-0.038796372078358815,1.5448152038391785,-0.09719089318768434,0.0021045902646500457,0.0029515100809302686,0.00018983844285133818,0.002405633131827424,0.0005544000716900618,0.0026152224326276893
10.07,3.4883045229479963,-0.2856712313709608,-0.4952712541244924,-0.038796372078358815,1.5438432949073015,-0.09719089318768434,0.0021269919387705443,0.003015510080930266,0.00019920718277297085,0.002469633131827421,0.0005671215338555507,0.0026792224326276865
10.08,3.4854478106342865,-0.2856712313709608,-0.495659217845276,-0.038796372078358815,1.5428713859754246,-0.09719089318768434,0.002149996714907229,0.003079510080930263,0.000209069849320969,0.0025336331318274183,0.000580378840507565,0.0027432224326276837
10.09,3.482591098320577,-0.2856712313709608,-0.4960471815660596,-0.038796372078358815,1.5418994770435477,-0.09719089318768434,0.0021736173930600993,0.0031435100809302603,0.0002194392424953326,0.0025976331318274155,0.0005941847916461049,0.002807222432627681
10.1,3.479734386006867,-0.2856712313709608,-0.4964351452868432,-0.038796372078358815,1.5409275681116708,-0.09719089318768434,0.002197866773229156,0.0032075100809302575,0.00023032816229606168,0.0026616331318274128,0.0006085521872711703,0.002871222432627678
10.11,3.4737309760731754,-0.28013840217034275,-0.49589585506571443,-0.03776098579908599,1.5384038584288098,-0.09647263396545715,0.0020186393747815526,0.0026623489985734055,0.00023810125322203248,0.002720392987819573,0.0005901771835706418,0.002907445052500019
10.12,3.4709295920514722,-0.28013840217034275,-0.4962734649237053,-0.03776098579908599,1.5374391320891552,-0.09647263396545715,0.0020384689321879877,0.0027263489985734028,0.00024999266660259093,0.00278439298781957,0.0006051662911774247,0.002971445052500016
10.13,3.468128208029768,-0.28013840217034275,-0.4966510747816962,-0.03776098579908599,1.5364744057495003,-0.09647263396545715,0.0020588437593941416,0.002790348998573423,0.0002624409585807155,0.0028483929878195904,0.0006207496877947106,0.0030354450525000363
10.14,3.465326824008065,-0.28013840217034275,-0.497028684639687,-0.03776098579908599,1.5355096794098457,-0.09647263396545715,0.002079776656400006,0.00285434899857342,0.00027545892915640185,0.0029123929878195876,0.0006369401734224936,0.0030994450525000336
10.15,3.462525439986362,-0.28013840217034275,-0.49740629449767787,-0.03776098579908599,1.5345449530701911,-0.09647263396545715,0.0021012804232055857,0.0029183489985734174,0.00028905937832965204,0.002976392987819585,0.0006537505480607767,0.0031634450525000308
10.16,3.4578273757645626,-0.28794068010041796,-0.5030795319158211,-0.051992817651055095,1.5441639331678603,-0.06805892548680144,0.002102385718111107,0.002924130841343872,0.00017632333123504163,0.0021215059772351787,0.0005455098768516857,0.002350115670919707
10.17,3.4549479689635585,-0.28794068010041796,-0.5035994600923317,-0.051992817651055095,1.5434833439129922,-0.06805892548680144,0.0021246200795283555,0.002988130841343869,0.0001842106198103994,0.002185505977235176,0.0005569294587821996,0.002414115670919704
10.18,3.4520685621625544,-0.28794068010041796,-0.5041193882688423,-0.051992817651055095,1.5428027546581242,-0.06805892548680144,0.0021474520671138733,0.0030521308413438662,0.00019253500958120418,0.002249505977235173,0.0005688318638468973,0.0024781156709197012
10.19,3.4491891553615504,-0.28794068010041796,-0.5046393164453529,-0.051992817651055095,1.5421221654032562,-0.06805892548680144,0.0021708944808676595,0.0031161308413438634,0.00020130930054745597,0.0023135059772351704,0.000581229892045779,0.0025421156709196984
10.2,3.4463097485605463,-0.28794068010041796,-0.5051592446218635,-0.051992817651055095,1.5414415761483882,-0.06805892548680144,0.0021949601207897143,0.0031801308413438607,0.00021054629270915478,0.0023775059772351676,0.0005941363433788446,0.0026061156709196957
10.21,3.44534231118236,-0.27351512677618767,-0.5059947316349249,-0.053343629080400135,1.5410577357599091,-0.06557455310684311,0.002016766964534751,0.0026441592423201428,0.0002163535773477466,0.0024361169800378893,0.0005725438827823034,0.0026367577615433327
10.22,3.442607159914598,-0.27351512677618767,-0.5065281679257289,-0.053343629080400135,1.5404019902288406,-0.06557455310684311,0.002036472138332026,0.00270815924232014,0.00022647350775728125,0.0025001169800378865,0.000585900421476962,0.00270075776154333
10.23,3.4398720086468364,-0.27351512677618767,-0.5070616042165328,-0.053343629080400135,1.539746244697772,-0.06557455310684311,0.0020567189439777652,0.002772159242320137,0.00023709346156282343,0.0025641169800378837,0.0005997971117239294,0.002764757761543327
10.24,3.436822491846958,-0.2749046503207171,-0.5108046490823109,-0.06188764488247135,1.5403287138706099,-0.0623056227280814,0.0020593875628274936,0.002800603185326629,0.0001603644878448441,0.00200482612405312,0.0005240401633344387,0.002235426811881739
10.25,3.434073445343751,-0.2749046503207171,-0.5114235255311357,-0.06188764488247135,1.539705657643329,-0.0623056227280814,0.002080470503055224,0.0028646031853266263,0.00016728600600163525,0.0020688261240531173,0.000534425339831785,0.002299426811881736
10.26,3.4313243988405437,-0.2749046503207171,-0.5120424019799604,-0.06188764488247135,1.5390826014160481,-0.0623056227280814,0.0021021263639200193,0.0029286031853266235,0.00017462128938323699,0.0021328261240531146,0.0005452704016915078,0.0023634268118817334
10.27,3.4285753523373366,-0.2749046503207171,-0.5126612784287852,-0.06188764488247135,1.5384595451887673,-0.0623056227280814,0.00212436794542188,0.0029926031853266207,0.00018238313798964932,0.0021968261240531118,0.0005565881489136068,0.0024274268118817306
10.28,3.4258263058341294,-0.2749046503207171,-0.5132801548776099,-0.06188764488247135,1.5378364889614864,-0.0623056227280814,0.002147208047560806,0.003056603185326618,0.00019058435182087226,0.002260826124053109,0.0005683913814980822,0.002491426811881728
10.29,3.423077259330922,-0.2749046503207171,-0.5138990313264347,-0.06188764488247135,1.5372134327342055,-0.0623056227280814,0.002170659470336797,0.003120603185326615,0.00019923773087690582,0.0023248261240531062,0.0005806928994449338,0.002555426811881725
10.3,3.4190184937548675,-0.2716863252636173,-0.5143177722862773,-0.06205581780191858,1.5356891219099587,-0.062490205077851475,0.001997245513261965,0.002583138951116006,0.00020435943357838965,0.0023833845637016163,0.0005587945430541815,0.0025866331373473658
10.31,3.4163016305022316,-0.2716863252636173,-0.5149383304642965,-0.06205581780191858,1.5350642198591802,-0.062490205077851475,0.0020164248214343847,0.002647138951116003,0.00021387321854280994,0.0024473845637016135,0.0005715331489202851,0.002650633137347363
10.32,3.4135164327699643,-0.2705441038956735,-0.5092410212135949,-0.044984146043603304,1.5342703057155826,-0.06257455271494913,0.0020193136864946146,0.002682596839209525,0.00015060503282953596,0.0019787442072226624,0.0005099882831136126,0.0022079136002923143
10.33,3.4108109917310077,-0.2705441038956735,-0.509690862674031,-0.044984146043603304,1.5336445601884332,-0.06257455271494913,0.0020393465539963627,0.002746596839209522,0.0001571121621235038,0.0020427442072226596,0.0005199121716946395,0.0022719136002923115
10.34,3.408105550692051,-0.2705441038956735,-0.510140704134467,-0.044984146043603304,1.5330188146612838,-0.06257455271494913,0.0020599287408659523,0.0028105968392095194,0.00016402784025891615,0.002106744207222657,0.0005302904429957247,0.0023359136002923087
10.35,3.4054001096530944,-0.2705441038956735,-0.510590545594903,-0.044984146043603304,1.5323930691341343,-0.06257455271494913,0.0020810730471033843,0.0028745968392095166,0.00017136486723577302,0.002170744207222654,0.0005411358970168684,0.002399913600292306
10.36,3.4026946686141377,-0.2705441038956735,-0.511040387055339,-0.044984146043603304,1.5317673236069849,-0.06257455271494913,0.0021027922727086578,0.002938596839209514,0.0001791360430540744,0.0022347442072226512,0.0005524613337580706,0.002463913600292303
10.37,3.399989227575181,-0.2705441038956735,-0.5114902285157751,-0.044984146043603304,1.5311415780798354,-0.06257455271494913,0.002125099217681773,0.003002596839209511,0.0001873541677138203,0.0022987442072226485,0.0005642795532193312,0.0025279136002923004
10.38,3.397283786536224,-0.2705441038956735,-0.5119400699762112,-0.044984146043603304,1.5305158325526858,-0.06257455271494913,0.002148006682022734,0.0030665968392095313,0.0001960320412150123,0.0023627442072226687,0.0005766033554006525,0.0025919136002923206
10.39,3.3945783454972673,-0.2705441038956735,-0.5123899114366472,-0.044984146043603304,1.5298900870255363,-0.06257455271494913,0.002171527465731533,0.0031305968392095285,0.00020518246355764728,0.002426744207222666,0.0005894455403020301,0.002655913600292318
10.4,3.3959200363723943,-0.26088523748715503,-0.4882581898603081,0.024537547638270416,1.531108534496368,-0.05958401030528289,0.001979204112323696,0.0025646378575802957,0.00014187155188631048,0.0019760040651987804,0.0005003807925519629,0.002206511566873464
10.41,3.3933111839975227,-0.26088523748715503,-0.4880128143839254,0.024537547638270416,1.5305126943933152,-0.05958401030528289,0.0019982489766970915,0.002628637857580293,0.00014813223797588432,0.0020400040651987776,0.0005101190202414015,0.002270511566873461
10.42,3.3907023316226512,-0.26088523748715503,-0.4877674389075427,0.024537547638270416,1.5299168542902624,-0.05958401030528289,0.002017819568642003,0.00269263785758029,0.00015480092487849787,0.002104004065198775,0.0005203113502442148,0.0023345115668734584
10.43,3.3880934792477797,-0.26088523748715503,-0.48752206343116,0.024537547638270416,1.5293210141872096,-0.05958401030528289,0.0020379286881584305,0.0027566378575802873,0.00016189041259415113,0.002168004065198772,0.0005309705825604028,0.0023985115668734556
10.44,3.385484626872908,-0.26088523748715503,-0.4872766879547773,0.024537547638270416,1.5287251740841568,-0.05958401030528289,0.002058589135246374,0.0028206378575802845,0.00016941350112284416,0.0022320040651987692,0.0005421095171899655,0.002462511566873453
10.45,3.3828757744980367,-0.26088523748715503,-0.4870313124783946,0.024537547638270416,1.528129333981104,-0.05958401030528289,0.0020798137099058336,0.0028846378575802818,0.0001773829904645769,0.0022960040651987665,0.0005537409541329028,0.00252651156687345
10.46,3.3802669221231647,-0.26088523748715503,-0.48678593700201184,0.024537547638270416,1.527533493878051,-0.05958401030528289,0.002101615212136813,0.002948637857580302,0.00018581168061935095,0.0023600040651987867,0.000565877693389217,0.0025905115668734702
10.47,3.377658069748293,-0.26088523748715503,-0.48654056152562913,0.024537547638270416,1.5269376537749981,-0.05958401030528289,0.002124006441939305,0.003012637857580299,0.00019471237158716324,0.002424004065198784,0.0005785325349589038,0.0026545115668734675
10.48,3.3712289048951263,-0.2720707328311539,-0.49588928460163045,-0.003522679422401878,1.536045816854634,-0.030040973917088383,0.0021245437420248808,0.0030308803201150986,0.0001440623320225694,0.001986042870056536,0.000533637445616577,0.002249200096494969
10.49,3.3685081975668147,-0.2720707328311539,-0.4959245113958545,-0.003522679422401878,1.5357454071154633,-0.030040973917088383,0.0021476974366310053,0.003094880320115096,0.0001504306239803124,0.002050042870056533,0.0005440906874647265,0.002313200096494966
10.5,3.3633466939809114,-0.2867554128573355,-0.4958823939558152,-0.003020675690019301,1.5348256611258289,-0.03270941209962932,0.0019779507757527164,0.002566247835747575,0.00015341162097164474,0.002109354586247192,0.0005189822762894084,0.002339295169757922
10.51,3.360479139852338,-0.2867554128573355,-0.49591260071271537,-0.003020675690019301,1.5344985670048326,-0.03270941209962932,0.0019969241772484652,0.0026302478357475723,0.00016053952157416354,0.0021733545862471894,0.000529718946747338,0.0024032951697579193
10.52,3.3576115857237645,-0.2867554128573355,-0.49594280746961555,-0.003020675690019301,1.5341714728838363,-0.03270941209962932,0.0020164236283113637,0.0026942478357475695,0.00016810209309393179,0.0022373545862471866,0.0005409362762392191,0.0024672951697579165
10.53,3.354744031595191,-0.2867554128573355,-0.49597301422651574,-0.003020675690019301,1.53384437876284,-0.03270941209962932,0.0020364619289414115,0.0027582478357475668,0.00017611213553094947,0.002301354586247184,0.0005526470647650518,0.0025312951697579137
10.54,3.3518764774666177,-0.2867554128573355,-0.4960032209834159,-0.003020675690019301,1.5335172846418437,-0.03270941209962932,0.0020570518791386085,0.002822247835747564,0.00018458244888521654,0.002365354586247181,0.0005648641123248361,0.002595295169757911
10.55,3.349008923338044,-0.2867554128573355,-0.4960334277403161,-0.003020675690019301,1.5331901905208474,-0.03270941209962932,0.0020782062789029593,0.002886247835747584,0.00019352583315673466,0.0024293545862472013,0.0005776002189185742,0.002659295169757931
10.56,3.3463243097492352,-0.28185734069611285,-0.4958027693137047,-0.0025863685480576734,1.5252508361085353,-0.053881935744192325,0.0020823081580997214,0.0029163488315506786,0.00014218189863540167,0.0019811368783841264,0.0005237892188550302,0.0022307114178459716
10.57,3.343505736342274,-0.28185734069611285,-0.4958286329991853,-0.0025863685480576734,1.5247120167510935,-0.053881935744192325,0.002104412703559022,0.002980348831550676,0.0001485374233553199,0.0020451368783841236,0.0005339810309856977,0.002294711417845969
10.58,3.340687162935313,-0.28185734069611285,-0.49585449668466586,-0.0025863685480576734,1.5241731973936516,-0.053881935744192325,0.0021271133187846336,0.003044348831550673,0.00015530197545091494,0.002109136878384121,0.0005446317853999344,0.002358711417845966
10.59,3.337868589528352,-0.28185734069611285,-0.49588036037014643,-0.0025863685480576734,1.5236343780362098,-0.053881935744192325,0.002150422803776555,0.0031083488315506703,0.0001624883549221868,0.002173136878384118,0.0005557542820977402,0.0024227114178459633
10.6,3.335050016121391,-0.28185734069611285,-0.495906224055627,-0.0025863685480576734,1.523095558678768,-0.053881935744192325,0.002174353958534786,0.0031723488315506675,0.00017010936176913545,0.0022371368783841153,0.0005673613210791153,0.0024867114178459605
10.61,3.328849004954343,-0.27580796750143516,-0.4953236329618079,-0.0026625056818533692,1.5208568156098796,-0.0530749924319429,0.0019986920774387757,0.002639075533775806,0.00017425272973820743,0.002296350574990386,0.0005431818028145376,0.0025155252834720104
10.62,3.326090925279329,-0.27580796750143516,-0.4953502580186265,-0.0026625056818533692,1.5203260656855602,-0.0530749924319429,0.0020183045909520363,0.002703075533775803,0.00018270634517466485,0.002360350574990383,0.0005551619665895466,0.0025795252834720076
10.63,3.3233328456043143,-0.27580796750143516,-0.49537688307544503,-0.0026625056818533692,1.5197953157612407,-0.0530749924319429,0.0020384577195720556,0.0027670755337758234,0.00019163203072612196,0.0024243505749904034,0.0005676580354212522,0.002643525283472028
10.64,3.319647699652134,-0.27095131715711335,-0.48260143308277476,0.03425481168715275,1.5142519596422874,-0.06542000370141966,0.0020417167161383048,0.0027994446130559683,0.0001385307790730937,0.001967130083510482,0.0005155021541281343,0.002211426751066711
10.65,3.316938186480563,-0.27095131715711335,-0.48225888496590325,0.03425481168715275,1.5135977596052732,-0.06542000370141966,0.0020627948654188166,0.0028634446130559655,0.00014478394794237333,0.0020311300835104793,0.0005254911044485881,0.002275426751066708
10.66,3.314228673308992,-0.27095131715711335,-0.48191633684903173,0.03425481168715275,1.512943559568259,-0.06542000370141966,0.0020844457036219397,0.0029274446130559627,0.00015144334282835505,0.0020951300835104765,0.0005359351401192553,0.0023394267510667053
10.67,3.311519160137421,-0.27095131715711335,-0.4815737887321602,0.03425481168715275,1.5122893595312448,-0.06542000370141966,0.002106682030747674,0.00299144461305596,0.00015852176373103881,0.0021591300835104737,0.0005468470611401358,0.0024034267510667025
10.68,3.3088096469658503,-0.27095131715711335,-0.4812312406152887,0.03425481168715275,1.5116351594942306,-0.06542000370141966,0.0021295166467960192,0.003055444613055957,0.00016603201065042467,0.002223130083510471,0.0005582396675112295,0.0024674267510666997
10.69,3.3061001337942795,-0.27095131715711335,-0.4808886924984172,0.03425481168715275,1.5109809594572163,-0.06542000370141966,0.0021529623517669754,0.0031194446130559544,0.00017398688358651263,0.002287130083510468,0.0005701257592325366,0.002531426751066697
10.7,3.3033906206227086,-0.27095131715711335,-0.4805461443815457,0.03425481168715275,1.5103267594202021,-0.06542000370141966,0.0021770319456605428,0.0031834446130559516,0.00018239918253930263,0.0023511300835104654,0.0005825181363040571,0.002595426751066694
10.71,3.30512825244326,-0.26864386955301767,-0.48051563389688995,0.03488647419474322,1.5118483765330186,-0.06390592722084346,0.0020004041481683954,0.002646331312312412,0.00018752521233176132,0.0024106818062972586,0.0005594297509952231,0.0026261162038604935
10.72,3.2983232210527365,-0.26061601404558477,-0.45805356458841207,0.09803901431683135,1.4993132186619738,-0.09187480217742808,0.0020018256878694173,0.0026837404196079773,0.00013327926981450292,0.0019504941264545323,0.0005040731518956134,0.0021877304100751988
10.73,3.295717060912281,-0.26061601404558477,-0.45707317444524376,0.09803901431683135,1.4983944706401995,-0.09187480217742808,0.0020219496902548753,0.0027477404196079745,0.00013937586244125037,0.0020144941264545295,0.0005137612437291825,0.002251730410075196
10.74,3.293110900771825,-0.26061601404558477,-0.45609278430207545,0.09803901431683135,1.4974757226184252,-0.09187480217742808,0.002042623240724255,0.0028117404196079717,0.00014587535389328873,0.0020784941264545267,0.0005238996816447665,0.002315730410075193
10.75,3.2905047406313694,-0.26061601404558477,-0.45511239415890714,0.09803901431683135,1.496556974596651,-0.09187480217742808,0.0020638591392775564,0.002875740419607969,0.000152790544170618,0.002142494126454524,0.0005345012656423657,0.0023797304100751904
10.76,3.2878985804909138,-0.26061601404558477,-0.45413200401573883,0.09803901431683135,1.4956382265748767,-0.09187480217742808,0.002085670185914779,0.002939740419607966,0.00016013423327323814,0.002206494126454521,0.0005455787957219799,0.0024437304100751876
10.77,3.285292420350458,-0.26061601404558477,-0.4531516138725705,0.09803901431683135,1.4947194785531024,-0.09187480217742808,0.0021080691806359235,0.0030037404196079634,0.00016791922120114916,0.0022704941264545184,0.000557145071883609,0.002507730410075185
10.78,3.2826862602100024,-0.26061601404558477,-0.4521712237294022,0.09803901431683135,1.4938007305313281,-0.09187480217742808,0.0021310689234409893,0.0030677404196079606,0.00017615830795435108,0.0023344941264545156,0.0005692128941272531,0.002571730410075182
10.79,3.2800801000695468,-0.26061601404558477,-0.4511908335862339,0.09803901431683135,1.4928819825095538,-0.09187480217742808,0.0021546822143299767,0.003131740419607958,0.00018486429353284386,0.002398494126454513,0.0005817950624529122,0.0026357304100751793
10.8,3.279437708376502,-0.25482645418668676,-0.4504844080521192,0.09750180625241361,1.4927378777357272,-0.09046581202016682,0.0019820398743767165,0.0025903301318944564,0.00019070837557150629,0.0024585176759084585,0.0005601123956587252,0.0026686286594503174
10.81,3.2768894438346354,-0.25482645418668676,-0.4495093899895951,0.09750180625241361,1.4918332196155255,-0.09046581202016682,0.0020013449584469697,0.0026543301318944536,0.000200329127398618,0.0025225176759084557,0.0005731796757970383,0.0027326286594503146
10.82,3.274341179292769,-0.25482645418668676,-0.448534371927071,0.09750180625241361,1.4909285614953238,-0.09046581202016682,0.002021180908543602,0.002718330131894451,0.00021045438276091143,0.002586517675908453,0.0005867934816672414,0.002796628659450312
10.83,3.271792914750902,-0.25482645418668676,-0.4475593538645469,0.09750180625241361,1.4900239033751221,-0.09046581202016682,0.002041560524666613,0.002782330131894448,0.0002210969416583865,0.00265051767590845,0.0006009666132693346,0.002860628659450309
10.84,3.2692446502090355,-0.25482645418668676,-0.44658433580202284,0.09750180625241361,1.4891192452549205,-0.09046581202016682,0.002062496606816003,0.0028463301318944452,0.0002322696040910432,0.0027145176759084473,0.0006157118706033178,0.0029246286594503063
10.85,3.266696385667169,-0.25482645418668676,-0.44560931773949874,0.09750180625241361,1.4882145871347188,-0.09046581202016682,0.0020840019549917717,0.0029103301318944425,0.00024398517005888158,0.0027785176759084445,0.0006310420536691909,0.0029886286594503035
10.86,3.2641481211253023,-0.25482645418668676,-0.44463429967697465,0.09750180625241361,1.487309929014517,-0.09046581202016682,0.0021060893691939196,0.0029743301318944397,0.00025625643956190164,0.0028425176759084418,0.0006469699624669542,0.0030526286594503007
10.87,3.2615998565834357,-0.25482645418668676,-0.44365928161445056,0.09750180625241361,1.4864052708943154,-0.09046581202016682,0.002128771649422446,0.003038330131894437,0.0002690962126001034,0.002906517675908439,0.0006635083969966074,0.003116628659450298
10.88,3.2593721664738773,-0.25238670234397387,-0.44124663442936224,0.10137083368847322,1.482098566183827,-0.09954332546522424,0.002132726739283341,0.0030421888329684858,0.000159596906774463,0.0020422751010609396,0.0005540058149735509,0.002294944089853516
10.89,3.2568482994504375,-0.25238670234397387,-0.44023292609247755,0.10137083368847322,1.4811031329291748,-0.09954332546522424,0.00215628482103819,0.003106188832968483,0.0001667704383846201,0.002106275101060937,0.0005650811805595692,0.002358944089853513
10.9,3.264453984127269,-0.25141463357448335,-0.4409077535650285,0.10028492959116297,1.484941935385024,-0.09764528169405798,0.001983704278610522,0.0025731176819905163,0.00017103469555468457,0.002166315063659587,0.0005406226665467226,0.002386374618535748
10.91,3.261939837791524,-0.25141463357448335,-0.4399049042691169,0.10028492959116297,1.4839654825680835,-0.09764528169405798,0.0020029822464443874,0.0026371176819905136,0.00017900485400567019,0.002230315063659584,0.0005520184725208515,0.002450374618535745
10.92,3.259425691455779,-0.25141463357448335,-0.4389020549732053,0.10028492959116297,1.482989029751143,-0.09764528169405798,0.0020227876378146503,0.0027011176819905108,0.00018742107546938766,0.0022943150636595814,0.0005639043534186875,0.0025143746185357424
10.93,3.256911545120034,-0.25141463357448335,-0.4378992056772937,0.10028492959116297,1.4820125769342025,-0.09764528169405798,0.0020431332527213117,0.002765117681990508,0.00019629615994583706,0.0023583150636595786,0.0005762931092402307,0.0025783746185357396
10.94,3.254397398784289,-0.25141463357448335,-0.4368963563813821,0.10028492959116297,1.481036124117262,-0.09764528169405798,0.002064031891164371,0.0028291176819905052,0.00020564290743501837,0.002422315063659576,0.000589197539985481,0.002642374618535737
10.95,3.251883252448544,-0.25141463357448335,-0.4358935070854705,0.10028492959116297,1.4800596713003216,-0.09764528169405798,0.0020854963531438285,0.0028931176819905024,0.00021547411793693155,0.002486315063659573,0.0006026304456544384,0.002706374618535734
10.96,3.24753546023833,-0.25705942832307865,-0.44592359679748583,0.06989201238007108,1.4835495579209024,-0.08483486939350958,0.0020875863628087325,0.0029148496020826114,0.0001444587156819144,0.0019338193175996695,0.0005346385858061457,0.0021916766736877432
10.97,3.2449648659550996,-0.25705942832307865,-0.44522467667368515,0.06989201238007108,1.4827012092269674,-0.08483486939350958,0.002109854039242717,0.0029788496020826086,0.00015076314692373614,0.0019978193175996667,0.0005448174762559036,0.0022556766736877404
10.98,3.242394271671869,-0.25705942832307865,-0.44452575654988447,0.06989201238007108,1.4818528605330323,-0.08483486939350958,0.0021327174855971186,0.003042849602082606,0.00015746714202907776,0.002061819317599664,0.000555447502040399,0.0023196766736877377
10.99,3.2398236773886384,-0.25705942832307865,-0.4438268364260838,0.06989201238007108,1.4810045118390973,-0.08483486939350958,0.002156189501871936,0.003106849602082603,0.00016458350099793933,0.002125819317599661,0.0005665414631596319,0.002383676673687735
11.0,3.2467111142525704,-0.24886222145592113,-0.4442935300612271,0.06938191097854458,1.4841753928868289,-0.08252147596297552,0.0019839828004581707,0.0025737233430864048,0.0001686887381623805,0.0021855954235821835,0.00054178112603739,0.002411302597629761
11.01,3.2442224920380114,-0.24886222145592113,-0.4435997109514417,0.06938191097854458,1.4833501781271992,-0.08252147596297552,0.002003192460237237,0.002637723343086402,0.00017660484119588944,0.0022495954235821807,0.0005532010360387027,0.002475302597629758
11.02,3.2417338698234524,-0.24886222145592113,-0.44290589184165624,0.06938191097854458,1.4825249633675694,-0.08252147596297552,0.002022929664684921,0.002701723343086399,0.0001849708633141148,0.002313595423582178,0.0005651160065595415,0.0025393025976297554
11.03,3.2392452476088933,-0.24886222145592113,-0.4422120727318708,0.06938191097854458,1.4816997486079397,-0.08252147596297552,0.002043207213801222,0.0027657233430863964,0.00019379960451705656,0.002377595423582175,0.000577538837599906,0.0026033025976297526
11.04,3.2367566253943343,-0.24886222145592113,-0.44151825362208535,0.06938191097854458,1.48087453384831,-0.08252147596297552,0.0020640379075861403,0.0028297233430863936,0.00020310386480471476,0.0024415954235821723,0.0005904823291597966,0.00266730259762975
11.05,3.2334632692145595,-0.24117343840345323,-0.4322005360871078,0.09197689580765692,1.467099962534275,-0.11487789810838761,0.0020680497051401773,0.0028670301308983104,0.00013973769964173544,0.0019771339432161656,0.0005232189020055644,0.002224205506837883
11.06,3.231051534830525,-0.24117343840345323,-0.43128076712903124,0.09197689580765692,1.4659511835531913,-0.11487789810838761,0.002089878374240446,0.0029310301308983077,0.0001460526629194859,0.002041133943216163,0.0005332042733150158,0.00228820550683788
11.07,3.2286398004464907,-0.24117343840345323,-0.4303609981709547,0.09197689580765692,1.4648024045721075,-0.11487789810838761,0.002112293249366894,0.002995030130898305,0.0001527758529858796,0.00210513394321616,0.0005436472857258348,0.0023522055068378772
11.08,3.2262280660624563,-0.24117343840345323,-0.42944122921287814,0.09197689580765692,1.4636536255910237,-0.11487789810838761,0.0021353071305195218,0.003059030130898302,0.00015992006984091647,0.0021691339432161573,0.0005545607392380212,0.0024162055068378744
11.09,3.223816331678422,-0.24117343840345323,-0.4285214602548016,0.09197689580765692,1.46250484660994,-0.11487789810838761,0.0021589328176983293,0.0031230301308982993,0.00016749811348459659,0.0022331339432161545,0.0005659574338515753,0.0024802055068378717
11.1,3.2214045972943874,-0.24117343840345323,-0.42760169129672504,0.09197689580765692,1.4613560676288562,-0.11487789810838761,0.0021831831109033165,0.0031870301308982965,0.0001755227839169199,0.0022971339432161517,0.0005778501695664969,0.002544205506837869
11.11,3.2256963762288904,-0.22392640625900903,-0.4274423345765511,0.09082667882013942,1.4625830359455319,-0.11148214956193161,0.002005112921547891,0.00264837228242861,0.00018070726554134212,0.0023572738545101562,0.0005541240046047514,0.002575224571137282
11.12,3.2234571121663005,-0.22392640625900903,-0.42653406778834974,0.09082667882013942,1.4614682144499125,-0.11148214956193161,0.0020249602015652147,0.002712372282428607,0.000189605509403835,0.0024212738545101534,0.0005664382397711525,0.0026392245711372793
11.13,3.2208180838494394,-0.21805201764260446,-0.420483725505488,0.1046383126637279,1.4504944772401334,-0.13714866643048357,0.002028778138799796,0.002751358402024243,0.00013329441689910741,0.0019807502867074714,0.000506376551210714,0.002216598989830348
11.14,3.2186375636730133,-0.21805201764260446,-0.4194373423788508,0.1046383126637279,1.4491229905758285,-0.13714866643048357,0.002049580257448513,0.0028153584020242403,0.00013948885961933365,0.0020447502867074687,0.0005160031183325861,0.0022805989898303453
11.15,3.2164570434965873,-0.21805201764260446,-0.41839095925221353,0.1046383126637279,1.4477515039115236,-0.13714866643048357,0.0020709454477776347,0.0028793584020242375,0.00014609225239690135,0.002108750286707466,0.0005260858052524243,0.0023445989898303425
11.16,3.2142765233201613,-0.21805201764260446,-0.4173445761255763,0.1046383126637279,1.4463800172472188,-0.13714866643048357,0.0020928865097871612,0.0029433584020242347,0.00015311739523181053,0.002172750286707463,0.0005366374119702286,0.0024085989898303397
11.17,3.2120960031437353,-0.21805201764260446,-0.41629819299893905,0.1046383126637279,1.445008530582914,-0.13714866643048357,0.002115416243477093,0.003007358402024232,0.00016057708812406118,0.0022367502867074603,0.0005476707384859989,0.002472598989830337
11.18,3.2099154829673093,-0.21805201764260446,-0.4152518098723018,0.1046383126637279,1.443637043918609,-0.13714866643048357,0.002138547448847429,0.003071358402024229,0.0001684841310736533,0.0023007502867074575,0.0005591985847997352,0.002536598989830334
11.19,3.2077349627908833,-0.21805201764260446,-0.4142054267456646,0.1046383126637279,1.4422655572543042,-0.13714866643048357,0.00216229292589817,0.0031353584020242264,0.00017685132408058692,0.0023647502867074548,0.0005712337509114376,0.0026005989898303314
11.2,3.2055544426144573,-0.21805201764260446,-0.41315904361902733,0.1046383126637279,1.4408940705899993,-0.13714866643048357,0.002186665474629316,0.0031993584020242236,0.00018569146714486197,0.002428750286707452,0.000583789036821106,0.0026645989898303286
11.21,3.21997217096751,-0.1983162099575057,-0.4106254582338809,0.11328992762679119,1.4503610595589191,-0.12071510424404831,0.0019912609525717215,0.0026291243138776826,0.00012945718467311513,0.001986315687471713,0.0004986002439822338,0.0022196522963559037
11.22,3.217989008867935,-0.1983162099575057,-0.40949255895761305,0.11328992762679119,1.4491539085164786,-0.12071510424404831,0.0020109753932134986,0.00269312431387768,0.0001356397563004756,0.0020503156874717102,0.0005081991679365635,0.002283652296355901
11.23,3.21600584676836,-0.1983162099575057,-0.4083596596813452,0.11328992762679119,1.4479467574740381,-0.12071510424404831,0.002031228458718051,0.002757124313877677,0.0001422323910653304,0.0021143156874717075,0.0005182548223501644,0.002347652296355898
11.24,3.2140226846687847,-0.1983162099575057,-0.4072267604050773,0.11328992762679119,1.4467396064315976,-0.12071510424404831,0.002052032949085379,0.0028211243138776742,0.00014924788896767953,0.0021783156874717047,0.0005287800072230364,0.0024116522963558954
11.25,3.2120395225692095,-0.1983162099575057,-0.40609386112880946,0.11328992762679119,1.445532455389157,-0.12071510424404831,0.0020734016643154823,0.0028851243138776714,0.00015669905000752297,0.002242315687471702,0.0005397875225551795,0.0024756522963558926
11.26,3.2100563604696344,-0.1983162099575057,-0.4049609618525416,0.11328992762679119,1.4443253043467166,-0.12071510424404831,0.0020953474044083614,0.0029491243138776687,0.00016459867418486073,0.002306315687471699,0.0005512901683465938,0.00253965229635589
11.27,3.208073198370059,-0.1983162099575057,-0.40382806257627374,0.11328992762679119,1.443118153304276,-0.12071510424404831,0.002117882969364016,0.003013124313877666,0.0001729595614996928,0.0023703156874716963,0.0005633007445972793,0.002603652296355887
11.28,3.2042420048470244,-0.2049013373248549,-0.41146779592195926,0.08683386132768413,1.4472704494219288,-0.10401509355518178,0.0021208685797705833,0.003035783905559728,0.00012547185402489994,0.001924389671161651,0.0005186600892425578,0.0021880104760460587
11.29,3.2021929914737757,-0.2049013373248549,-0.4105994573086824,0.08683386132768413,1.446230298486377,-0.10401509355518178,0.0021442585381737734,0.0030997839055597253,0.00013135991590496017,0.0019883896711616485,0.0005284396489207534,0.002252010476046056
11.3,3.2179939594196734,-0.16521285198517724,-0.41180421946570084,0.08408795971304435,1.4521883474460937,-0.09489026045954403,0.0019738735462683592,0.0025690912971946546,0.00013463489144322532,0.0020488006073234085,0.0005029649899273877,0.0022789087709268628
11.31,3.2163418308998217,-0.16521285198517724,-0.4109633398685704,0.08408795971304435,1.4512394448414982,-0.09489026045954403,0.0019930304022336164,0.002633091297194652,0.0001412773742974752,0.0021128006073234057,0.0005130222380581844,0.00234290877092686
11.32,3.21468970237997,-0.16521285198517724,-0.41012246027144,0.08408795971304435,1.4502905422369028,-0.09489026045954403,0.002012713876458313,0.002697091297194649,0.00014834241727318978,0.002176800607323403,0.0005235480679431665,0.002406908770926857
11.33,3.2130375738601185,-0.16521285198517724,-0.4092815806743096,0.08408795971304435,1.4493416396323073,-0.09489026045954403,0.002032936768942448,0.0027610912971946463,0.000155842820370369,0.0022408006073234,0.000534555279582334,0.0024709087709268544
11.34,3.211385445340267,-0.16521285198517724,-0.40844070107717917,0.08408795971304435,1.4483927370277119,-0.09489026045954403,0.002053711879686022,0.0028250912971946435,0.00016379138358901287,0.0023048006073233974,0.0005460566729756868,0.0025349087709268516
11.35,3.209733316820415,-0.16521285198517724,-0.40759982148004875,0.08408795971304435,1.4474438344231164,-0.09489026045954403,0.002075052008689035,0.0028890912971946407,0.00017220090692912141,0.0023688006073233946,0.000558065048123225,0.002598908770926849
11.36,3.2077522124396607,-0.15934565263830786,-0.40499918556410947,0.08882630407278629,1.43727762376797,-0.12076012251313079,0.0020794398106992102,0.0029234578054119368,0.00012349043119170536,0.0019179669638146732,0.0005046463040281645,0.0021662679116797806
11.37,3.2061587559132776,-0.15934565263830786,-0.4041109225233816,0.08882630407278629,1.4360700225428389,-0.12076012251313079,0.0021017889543432497,0.002987457805411934,0.00012937187272469246,0.0019819669638146704,0.0005141043773829012,0.002230267911679778
11.38,3.204565299386894,-0.15934565263830786,-0.4032226594826536,0.08882630407278629,1.4348624213177075,-0.12076012251313079,0.0021247355895483754,0.003051457805411954,0.00013564970765044362,0.0020459669638146906,0.0005240085043199756,0.002294267911679798
11.39,3.202971842860511,-0.15934565263830786,-0.40233439644192576,0.08882630407278629,1.4336548200925763,-0.12076012251313079,0.0021482925163145796,0.0031154578054119514,0.00014233673596895664,0.002109966963814688,0.0005343714848393843,0.0023582679116797953
11.4,3.202115164914573,-0.17172153062870124,-0.40156184549840307,0.08974279260279021,1.433239357748226,-0.12265603822741644,0.0019767762774088784,0.002579392082288512,0.00014654355973592217,0.002170480213987005,0.000510385691165907,0.0023884671184829817
11.41,3.2003979496082864,-0.17172153062870124,-0.4006644175723752,0.08974279260279021,1.432012797365952,-0.12265603822741644,0.0019960515768691605,0.0026433920822885094,0.00015403618922125694,0.0022344802139870022,0.000521106771278708,0.002452467118482979
11.42,3.1986807343019996,-0.17172153062870124,-0.3997669896463473,0.08974279260279021,1.430786236983678,-0.12265603822741644,0.0020158555547459002,0.0027073920822885066,0.0001619757147493891,0.0022984802139869994,0.0005323183448152056,0.002516467118482976
11.43,3.196963518995713,-0.17172153062870124,-0.39886956172031945,0.08974279260279021,1.4295596766014038,-0.12265603822741644,0.0020362010110390977,0.002771392082288504,0.0001703749363203186,0.0023624802139869967,0.0005440332117753998,0.0025804671184829733
11.44,3.193537068779386,-0.17806747870499784,-0.3944628189036036,0.10021214821991578,1.4373885048658364,-0.09477109394143338,0.0020386713976068755,0.00280034092986396,0.0001211724386162861,0.0019067008954470302,0.0005004529977514753,0.0021569115447040246
11.45,3.191756393992336,-0.17806747870499784,-0.39346069742140444,0.10021214821991578,1.436440793926422,-0.09477109394143338,0.0020598342388320253,0.002864340929863957,0.0001270086246878446,0.0019707008954470274,0.0005099370344839369,0.002220911544704022
11.46,3.1899757192052856,-0.17806747870499784,-0.39245857593920513,0.10021214821991578,1.4354930829870076,-0.09477109394143338,0.0020815699482431517,0.0029283409298639772,0.00013323895093849365,0.0020347008954470476,0.000519865253525341,0.002284911544704042
11.47,3.1881950444182356,-0.17806747870499784,-0.391456454457006,0.10021214821991578,1.4345453720475934,-0.09477109394143338,0.0021038913258402472,0.0029923409298639745,0.000139876217368231,0.002098700895447045,0.0005302504548756842,0.0023489115447040392
11.48,3.1864143696311857,-0.17806747870499784,-0.39045433297480686,0.10021214821991578,1.433597661108179,-0.09477109394143338,0.0021268111716233155,0.0030563409298639717,0.0001469332239770578,0.002162700895447042,0.0005411054385349683,0.0024129115447040364
11.49,3.184633694844136,-0.17806747870499784,-0.3894522114926077,0.10021214821991578,1.4326499501687648,-0.09477109394143338,0.002150342285592357,0.003120340929863969,0.00015442277076497393,0.0022267008954470393,0.0005524430045031931,0.0024769115447040337
11.5,3.1874136289989825,-0.16302694548946867,-0.3889020518469917,0.09932833108621132,1.433339045498955,-0.09153356353922573,0.0019787391235884418,0.002582779719811461,0.00015960084646683765,0.0022872982606505837,0.0005295321876069776,0.002507839785435133
11.51,3.1857833595440876,-0.16302694548946867,-0.38790876853612966,0.09932833108621132,1.4324237098635628,-0.09153356353922573,0.001997990612774653,0.0026467797198114584,0.00016794581737605957,0.002351298260650581,0.0005412785252296523,0.0025718397854351304
11.52,3.184153090089193,-0.16302694548946867,-0.3869154852252676,0.09932833108621132,1.4315083742281707,-0.09153356353922573,0.0020177714579048267,0.0027107797198114556,0.00017676104793741158,0.002415298260650578,0.0005535392308094139,0.0026358397854351276
11.53,3.182522820634298,-0.16302694548946867,-0.3859222019144055,0.09932833108621132,1.4305930385927785,-0.09153356353922573,0.0020380944589789628,0.002774779719811453,0.00018605933815089368,0.0024792982606505753,0.0005663271043462627,0.002699839785435125
11.54,3.180892551179403,-0.16302694548946867,-0.38492891860354345,0.09932833108621132,1.4296777029573864,-0.09153356353922573,0.002058972415997061,0.00283877971981145,0.00019585348801650588,0.0025432982606505726,0.0005796549458401983,0.002763839785435122
11.55,3.179262281724508,-0.16302694548946867,-0.38393563529268115,0.09932833108621132,1.428762367321994,-0.09153356353922573,0.0020804181289591256,0.0029027797198114703,0.00020615629753425004,0.0026072982606505928,0.0005935355552912236,0.0028278397854351422
11.56,3.1776320122696133,-0.16302694548946867,-0.3829423519818191,0.09932833108621132,1.4278470316866019,-0.09153356353922573,0.0021024443978651486,0.0029667797198114675,0.0002169805667041225,0.00267129826065059,0.0006079817326993333,0.0028918397854351395
11.57,3.1760017428147185,-0.16302694548946867,-0.381949068670957,0.09932833108621132,1.4269316960512097,-0.09153356353922573,0.002125064022715134,0.0030307797198114647,0.00022833909552612508,0.002735298260650587,0.0006230062780645301,0.0029558397854351367
11.58,3.1743714733598236,-0.16302694548946867,-0.38095578536009495,0.09932833108621132,1.4260163604158176,-0.09153356353922573,0.002148289803509081,0.003094779719811462,0.00024024468400025775,0.0027992982606505844,0.0006386219913868139,0.003019839785435134
11.59,3.1727412039049288,-0.16302694548946867,-0.3799625020492329,0.09932833108621132,1.4251010247804254,-0.09153356353922573,0.002172134540246991,0.003158779719811459,0.0002527101321265205,0.0028632982606505816,0.0006548416726661847,0.003083839785435131
11.6,3.1699521445810417,-0.16564991263431741,-0.3695106060356553,0.125682457054777,1.4294220870484688,-0.07623966514377585,0.0021754695113080443,0.00315995515904624,0.00014511468638292576,0.0019987350802786706,0.0005520668344603945,0.002269478715631405
11.61,3.1678970946718334,-0.15336230969333312,-0.3681350100721147,0.12491148881791826,1.4281465424240902,-0.0738106790729861,0.0019991525567302397,0.0026303540006474392,0.00014935760859100704,0.0020597661038728337,0.0005263486594448932,0.0022940393078738405
11.62,3.1663634715749,-0.15336230969333312,-0.36688589518393555,0.12491148881791826,1.4274084356333603,-0.0738106790729861,0.0020188988980459756,0.0026943540006474365,0.00015656982984123404,0.002123766103872831,0.0005371184455859572,0.0023580393078738377
11.63,3.1648298484779667,-0.15336230969333312,-0.3656367802957562,0.12491148881791826,1.4266703288426303,-0.0738106790729861,0.0020391841101618444,0.0027583540006474567,0.00016420680431223698,0.002187766103872851,0.0005483598395885981,0.002422039307873858
11.64,3.1632962253810333,-0.15336230969333312,-0.36438766540757705,0.12491148881791826,1.4259322220519004,-0.0738106790729861,0.0020600209930778392,0.002822354000647454,0.00017228133200401316,0.0022517661038728484,0.0005600856414528118,0.002486039307873855
11.65,3.1617626022841,-0.15336230969333312,-0.3631385505193979,0.12491148881791826,1.4251941152611705,-0.0738106790729861,0.0020814223467939636,0.002886354000647451,0.00018080621291656387,0.0023157661038728456,0.0005723086511786002,0.0025500393078738523
11.66,3.1602289791871665,-0.15336230969333312,-0.3618894356312188,0.12491148881791826,1.4244560084704405,-0.0738106790729861,0.002103400971310217,0.0029503540006474483,0.00018979424704988914,0.002379766103872843,0.0005850416687659633,0.0026140393078738495
11.67,3.158695356090233,-0.15336230969333312,-0.36064032074303964,0.12491148881791826,1.4237179016797106,-0.0738106790729861,0.002125969666626601,0.0030143540006474455,0.00019925823440398896,0.00244376610387284,0.0005982974942149012,0.0026780393078738468
11.68,3.155434283785416,-0.15322718503876212,-0.3455739795931968,0.1627343388922487,1.4236372453323545,-0.06996995975861695,0.0021290814814923105,0.0030398830816682613,0.00012618818505971902,0.0018883497644185513,0.0005291920675442644,0.0021614836947081504
11.69,3.1539020119350285,-0.15322718503876212,-0.34394663620427435,0.1627343388922487,1.4229375457347684,-0.06996995975861695,0.00215258859054026,0.0031038830816682585,0.00013205035706891576,0.0019523497644185486,0.0005391573302820276,0.0022254836947081477
11.7,3.152369740084641,-0.15322718503876212,-0.3423192928153519,0.1627343388922487,1.4222378461371823,-0.06996995975861695,0.0021767164762045424,0.0031678830816682557,0.00013830299903099617,0.002016349764418546,0.0005495676897587325,0.002289483694708145
11.71,3.1595652337749147,-0.14236601213623967,-0.34151495862920017,0.16241640717048353,1.4253206214256726,-0.06666585074991581,0.0020001353803478436,0.002635637337699813,0.0001426836041328037,0.002077886654392648,0.0005237150230987449,0.0023152023713884674
11.72,3.1581415736535523,-0.14236601213623967,-0.3398907945574954,0.16241640717048353,1.4246539629181734,-0.06666585074991581,0.0020199045848792894,0.0026996373376998103,0.00014972116490721067,0.002141886654392645,0.0005343966107367029,0.0023792023713884647
11.73,3.15671791353219,-0.14236601213623967,-0.3382666304857906,0.16241640717048353,1.4239873044106741,-0.06666585074991581,0.0020402137168782754,0.0027636373376998076,0.00015718710301249617,0.0022058866543926423,0.0005455540388489385,0.002443202371388462
11.74,3.1552942534108275,-0.14236601213623967,-0.3366424664140858,0.16241640717048353,1.4233206459031749,-0.06666585074991581,0.002061075576344801,0.002827637337699805,0.00016509421844866016,0.0022698866543926395,0.0005572001074354517,0.002507202371388459
11.75,3.153870593289465,-0.14236601213623967,-0.335018302342381,0.16241640717048353,1.4226539873956756,-0.06666585074991581,0.002082502963278867,0.002891637337699802,0.00017345531121570266,0.0023338866543926367,0.0005693476164962426,0.0025712023713884563
11.76,3.151260877724707,-0.14322517891226041,-0.324120373949309,0.18845437188397324,1.4238909968334812,-0.06010173251844861,0.0020856471215164566,0.002922939771243275,0.00011528850981955883,0.0018728354404013556,0.0005148927323628333,0.002141819578876928
11.77,3.149828625935584,-0.14322517891226041,-0.3222358302304693,0.18845437188397324,1.4232899795082967,-0.06010173251844861,0.0021079853485268707,0.002986939771243272,0.00012079730595005028,0.0019368354404013528,0.0005244618396388595,0.002205819578876925
11.78,3.1483963741464613,-0.14322517891226041,-0.32035128651162964,0.18845437188397324,1.4226889621831122,-0.06010173251844861,0.0021309209634915336,0.0030509397712432692,0.000126693469168622,0.0020008354404013502,0.000534472110830661,0.0022698195788769223
11.79,3.1469641223573386,-0.14322517891226041,-0.31846674279278997,0.18845437188397324,1.4220879448579278,-0.06010173251844861,0.002154466766410445,0.0031149397712432665,0.00013298979947527396,0.0020648354404013474,0.0005449363459382379,0.0023338195788769195
11.8,3.1569478771386192,-0.11523545823909634,-0.31759595194852985,0.18715618505270484,1.4258329049047722,-0.053965263007421584,0.001982434776513175,0.002579059232540199,0.0001377349023319972,0.0021265954480102667,0.0005200887000402021,0.0023619423440524303
11.81,3.1557955225562284,-0.11523545823909634,-0.31572439009800285,0.18715618505270484,1.425293252274698,-0.053965263007421584,0.0020016988600375977,0.0026430592325401964,0.0001448416151956454,0.002190595448010264,0.0005308696873979232,0.0024259423440524275
11.82,3.1546431679738376,-0.11523545823909634,-0.31385282824747585,0.18715618505270484,1.4247535996446237,-0.053965263007421584,0.002021491555408528,0.0027070592325401936,0.00015238644714889562,0.002254595448010261,0.0005421358632244548,0.0024899423440524248
11.83,3.1534908133914468,-0.11523545823909634,-0.31198126639694884,0.18715618505270484,1.4242139470145494,-0.053965263007421584,0.002041825662625967,0.002771059232540191,0.00016038219819174788,0.0023185954480102583,0.000553900027519797,0.002553942344052422
11.84,3.151047236474497,-0.10749638431224304,-0.30668471729887864,0.1962554402163923,1.409600895725542,-0.09163112505067389,0.0020452218047178235,0.0028111282608845123,0.00010916908929670425,0.0018817646157006328,0.0004958536317020777,0.002131450886421732
11.85,3.149972272631375,-0.10749638431224304,-0.3047221628967148,0.1962554402163923,1.4086845844750353,-0.09163112505067389,0.0020665642573038843,0.0028751282608845095,0.0001146028293531614,0.00194576461570063,0.0005049657665428207,0.0021954508864217293
11.86,3.1488973087882526,-0.10749638431224304,-0.3027596084945509,0.1962554402163923,1.4077682732245287,-0.09163112505067389,0.0020884817355421217,0.0029391282608845068,0.00012042572233275863,0.0020097646157006275,0.0005145169915608479,0.0022594508864217265
11.87,3.1478223449451304,-0.10749638431224304,-0.30079705409238705,0.1962554402163923,1.406851961974022,-0.09163112505067389,0.0021109870394325357,0.003003128260884504,0.00012665056823549597,0.0020737646157006247,0.0005245201067561595,0.0023234508864217237
11.88,3.1467473811020077,-0.10749638431224304,-0.2988344996902228,0.1962554402163923,1.4059356507235152,-0.09163112505067389,0.0021340929689751312,0.003067128260884524,0.00013329016706137466,0.002137764615700645,0.0005349879121287573,0.002387450886421744
11.89,3.1456724172588855,-0.10749638431224304,-0.29687194528805894,0.1962554402163923,1.4050193394730086,-0.09163112505067389,0.0021578123241698995,0.0031311282608845214,0.00014035731881039228,0.002201764615700642,0.0005459332076786377,0.002451450886421741
11.9,3.171161926522211,-0.07365533899215676,-0.2973351979088568,0.19499324760923523,1.4151986901127283,-0.08273571612476592,0.001984739934986103,0.002589683488086646,0.00014609479006949132,0.002263491636950992,0.0005227780624495671,0.002483589967391246
11.91,3.1704253731322893,-0.07365533899215676,-0.2953852654327645,0.19499324760923523,1.4143713329514807,-0.08273571612476592,0.0020041278102690455,0.002653683488086643,0.00015402917905361303,0.002327491636950989,0.0005341355280409199,0.0025475899673912433
11.92,3.168958302309545,-0.07723084940029355,-0.3005467913019195,0.1737170992232272,1.4173671578020341,-0.0712453449708905,0.0020071696656972678,0.002688629006630711,0.00010689380301625827,0.0018932445724427545,0.00048812776834344284,0.0021378605888901087
11.93,3.168185993815542,-0.07723084940029355,-0.2988096203096873,0.1737170992232272,1.4166547043523252,-0.0712453449708905,0.0020273914012152094,0.002752629006630708,0.00011239949330305638,0.001957244572442752,0.0004972238542348839,0.002201860588890106
11.94,3.1674136853215393,-0.07723084940029355,-0.297072449317455,0.1737170992232272,1.4159422509026163,-0.0712453449708905,0.002048163662534477,0.0028166290066307053,0.00011829663250434303,0.002021244572442749,0.000506760312244103,0.002265860588890103
11.95,3.1666413768275365,-0.07723084940029355,-0.29533527832522277,0.1737170992232272,1.4152297974529073,-0.0712453449708905,0.002069499249655071,0.0028806290066307025,0.0001245980206201182,0.0020852445724427464,0.0005167499423711,0.0023298605888901003
11.96,3.1658690683335333,-0.07723084940029355,-0.29359810733299024,0.1737170992232272,1.4145173440031984,-0.0712453449708905,0.002091410962576995,0.0029446290066307227,0.00013131645765038314,0.0021492445724427666,0.000527205544615877,0.0023938605888901205
11.97,3.1650967598395305,-0.07723084940029355,-0.291860936340758,0.1737170992232272,1.4138048905534895,-0.0712453449708905,0.002113911601300241,0.00300862900663072,0.00013846474359513545,0.002213244572442764,0.0005381399189784302,0.0024578605888901177
11.98,3.1643244513455278,-0.07723084940029355,-0.29012376534852574,0.1737170992232272,1.4130924371037805,-0.0712453449708905,0.0021370139658248135,0.003072629006630717,0.0001460556784543763,0.002277244572442761,0.0005495658654587613,0.002521860588890115
11.99,3.163552142851525,-0.07723084940029355,-0.2883865943562935,0.1737170992232272,1.4123799836540716,-0.0712453449708905,0.002160730856150712,0.0031366290066307144,0.0001541020622281057,0.0023412445724427583,0.0005614961840568704,0.002585860588890112
12.0,3.1621068652328743,-0.09325607095535968,-0.28829722202776115,0.1695713489311756,1.4188004240205099,-0.053053878596888746,0.0019709385948210563,0.0025655069782859904,0.00010490089368500683,0.0018934944002143754,0.0004834621802868715,0.0021363135470012576
12.01,3.1611743045233207,-0.09325607095535968,-0.2866015085384494,0.1695713489311756,1.418269885234541,-0.053053878596888746,0.0019900822357634008,0.0026295069782859876,0.00011044354734804072,0.0019574944002143727,0.0004925917172780589,0.002200313547001255
12.02,3.160241743813767,-0.09325607095535968,-0.28490579504913766,0.1695713489311756,1.4177393464485721,-0.053053878596888746,0.0020097517781014025,0.002693506978285985,0.00011637769989111746,0.00202149440021437,0.0005021613169786466,0.002264313547001252
12.03,3.1593091831042135,-0.09325607095535968,-0.2832100815598259,0.1695713489311756,1.4172088076626033,-0.053053878596888746,0.0020299600218350615,0.002757506978285982,0.00012271615131423706,0.002085494400214367,0.0005121837793886344,0.0023283135470012492
12.04,3.15837662239466,-0.09325607095535968,-0.28151436807051416,0.1695713489311756,1.4166782688766344,-0.053053878596888746,0.0020507197669643773,0.0028215069782859792,0.00012947170161739952,0.0021494944002143643,0.0005226719045080226,0.0023923135470012465
12.05,3.1574440616851063,-0.09325607095535968,-0.27981865458120214,0.1695713489311756,1.4161477300906655,-0.053053878596888746,0.0020720438134893544,0.0028855069782859994,0.00013665715080060615,0.0022134944002143845,0.0005336384923368128,0.0024563135470012667
12.06,3.1565115009755527,-0.09325607095535968,-0.2781229410918904,0.1695713489311756,1.4156171913046967,-0.053053878596888746,0.002093944961409985,0.0029495069782859967,0.0001442852988638544,0.0022774944002143817,0.0005450963428750015,0.002520313547001264
12.07,3.155578940265999,-0.09325607095535968,-0.27642722760257865,0.1695713489311756,1.4150866525187278,-0.053053878596888746,0.0021164360107262725,0.003013506978285994,0.00015236894580714552,0.002341494400214379,0.0005570582561225904,0.002584313547001261
12.08,3.1546463795564454,-0.09325607095535968,-0.2747315141132669,0.1695713489311756,1.414556113732759,-0.053053878596888746,0.0021395297614382174,0.003077506978285991,0.0001609208916304795,0.002405494400214376,0.0005695370320795795,0.0026483135470012583
12.09,3.153713818846892,-0.09325607095535968,-0.27303580062395516,0.1695713489311756,1.41402557494679,-0.053053878596888746,0.0021632390135458194,0.0031415069782859883,0.0001699539363338563,0.0024694944002143734,0.0005825454707459689,0.0027123135470012555
