scenario,seed,method,t_s,sensor,dimension,nis,accepted
static_line,42,v15_position_adapter,0.1,radar_xyz,3,1.7294307267755469,True
static_line,42,v15_position_adapter,0.2,radar_xyz,3,0.3056099361356275,True
static_line,42,v15_position_adapter,0.30000000000000004,radar_xyz,3,0.40439955964554786,True
static_line,42,v15_position_adapter,0.4,radar_xyz,3,1.6280276600992358,True
static_line,42,v15_position_adapter,0.5,radar_xyz,3,2.607208839362373,True
static_line,42,v15_position_adapter,0.6000000000000001,radar_xyz,3,2.344446228875172,True
static_line,42,v15_position_adapter,0.7000000000000001,radar_xyz,3,1.644330582572262,True
static_line,42,v15_position_adapter,0.8,radar_xyz,3,0.8518146143058584,True
static_line,42,v15_position_adapter,0.9,radar_xyz,3,1.328597474465226,True
static_line,42,v15_position_adapter,1.0,radar_xyz,3,2.0545674980979673,True
static_line,42,v15_position_adapter,1.1,radar_xyz,3,1.7404660626136146,True
static_line,42,v15_position_adapter,1.2000000000000002,radar_xyz,3,0.026646965202292615,True
static_line,42,v15_position_adapter,1.3,radar_xyz,3,3.295031402344387,True
static_line,42,v15_position_adapter,1.4000000000000001,radar_xyz,3,0.7934006908521448,True
static_line,42,v15_position_adapter,1.5,radar_xyz,3,1.8521297703185764,True
static_line,42,v15_position_adapter,1.6,radar_xyz,3,1.7920321117621276,True
static_line,42,v15_position_adapter,1.7000000000000002,radar_xyz,3,0.8269027577743014,True
static_line,42,v15_position_adapter,1.8,radar_xyz,3,2.0656026675249497,True
static_line,42,v15_position_adapter,1.9000000000000001,radar_xyz,3,0.14391696864245204,True
static_line,42,v15_position_adapter,2.0,radar_xyz,3,2.120306667878127,True
static_line,42,v15_position_adapter,2.1,radar_xyz,3,3.9378533403279428,True
static_line,42,v15_position_adapter,2.2,radar_xyz,3,2.3865617134506936,True
static_line,42,v15_position_adapter,2.3000000000000003,radar_xyz,3,2.8144724284731466,True
static_line,42,v15_position_adapter,2.4000000000000004,radar_xyz,3,2.702622633215001,True
static_line,42,v15_position_adapter,2.5,radar_xyz,3,1.715918422954178,True
static_line,42,v15_position_adapter,2.6,radar_xyz,3,0.573576411034197,True
static_line,42,v15_position_adapter,2.7,radar_xyz,3,4.215444248416069,True
static_line,42,v15_position_adapter,2.8000000000000003,radar_xyz,3,2.111689106424568,True
static_line,42,v15_position_adapter,2.9000000000000004,radar_xyz,3,6.697897849642613,True
static_line,42,v15_position_adapter,3.0,radar_xyz,3,3.168848247037711,True
static_line,42,v15_position_adapter,3.1,radar_xyz,3,4.047734310561532,True
static_line,42,v15_position_adapter,3.2,radar_xyz,3,1.8355001087247564,True
static_line,42,v15_position_adapter,3.3000000000000003,radar_xyz,3,2.2552491115429323,True
static_line,42,v15_position_adapter,3.4000000000000004,radar_xyz,3,5.299021518513449,True
static_line,42,v15_position_adapter,3.5,radar_xyz,3,2.206339642616994,True
static_line,42,v15_position_adapter,3.6,radar_xyz,3,0.8778962906786776,True
static_line,42,v15_position_adapter,3.7,radar_xyz,3,0.3004899922678059,True
static_line,42,v15_position_adapter,3.8000000000000003,radar_xyz,3,1.904481898983454,True
static_line,42,v15_position_adapter,3.9000000000000004,radar_xyz,3,2.2187598538102726,True
static_line,42,v15_position_adapter,4.0,radar_xyz,3,2.0178629566472086,True
static_line,42,v15_position_adapter,4.1000000000000005,radar_xyz,3,13.702947261204503,True
static_line,42,v15_position_adapter,4.2,radar_xyz,3,6.509809997551463,True
static_line,42,v15_position_adapter,4.3,radar_xyz,3,0.0059616101051165535,True
static_line,42,v15_position_adapter,4.4,radar_xyz,3,0.7553371754470918,True
static_line,42,v15_position_adapter,4.5,radar_xyz,3,4.811102888861028,True
static_line,42,v15_position_adapter,4.6000000000000005,radar_xyz,3,1.6127945686629528,True
static_line,42,v15_position_adapter,4.7,radar_xyz,3,2.9899331122800583,True
static_line,42,v15_position_adapter,4.800000000000001,radar_xyz,3,0.15186450599821874,True
static_line,42,v15_position_adapter,4.9,radar_xyz,3,0.3770750170450156,True
static_line,42,v15_position_adapter,5.0,radar_xyz,3,2.939493769442134,True
static_line,42,v15_position_adapter,5.1000000000000005,radar_xyz,3,2.9755146807428403,True
static_line,42,v15_position_adapter,5.2,radar_xyz,3,1.8481397718812866,True
static_line,42,v15_position_adapter,5.300000000000001,radar_xyz,3,0.20943978058638374,True
static_line,42,v15_position_adapter,5.4,radar_xyz,3,4.543942884002068,True
static_line,42,v15_position_adapter,5.5,radar_xyz,3,1.8307284076818773,True
static_line,42,v15_position_adapter,5.6000000000000005,radar_xyz,3,5.123560435863034,True
static_line,42,v15_position_adapter,5.7,radar_xyz,3,5.676523217398696,True
static_line,42,v15_position_adapter,5.800000000000001,radar_xyz,3,5.21618966228785,True
static_line,42,v15_position_adapter,5.9,radar_xyz,3,1.0252753954745923,True
static_line,42,v15_position_adapter,6.0,radar_xyz,3,1.047178350246091,True
static_line,42,v15_position_adapter,6.1000000000000005,radar_xyz,3,1.739013115621578,True
static_line,42,v15_position_adapter,6.2,radar_xyz,3,5.87068005262972,True
static_line,42,v15_position_adapter,6.300000000000001,radar_xyz,3,2.704480055075432,True
static_line,42,v15_position_adapter,6.4,radar_xyz,3,3.2590104343678385,True
static_line,42,v15_position_adapter,6.5,radar_xyz,3,4.170342509892756,True
static_line,42,v15_position_adapter,6.6000000000000005,radar_xyz,3,3.745800024265499,True
static_line,42,v15_position_adapter,6.7,radar_xyz,3,1.7751358598023042,True
static_line,42,v15_position_adapter,6.800000000000001,radar_xyz,3,10.682018153951569,True
static_line,42,v15_position_adapter,6.9,radar_xyz,3,2.945929268116569,True
static_line,42,v15_position_adapter,7.0,radar_xyz,3,3.113240483934904,True
static_line,42,v15_position_adapter,7.1000000000000005,radar_xyz,3,3.0340441360498143,True
static_line,42,v15_position_adapter,7.2,radar_xyz,3,1.5285022138291584,True
static_line,42,v15_position_adapter,7.300000000000001,radar_xyz,3,0.47570434862108574,True
static_line,42,v15_position_adapter,7.4,radar_xyz,3,1.2700852565563192,True
static_line,42,v15_position_adapter,7.5,radar_xyz,3,7.162350054593918,True
static_line,42,v15_position_adapter,7.6000000000000005,radar_xyz,3,1.2561356413794926,True
static_line,42,v15_position_adapter,7.7,radar_xyz,3,4.706297939330947,True
static_line,42,v15_position_adapter,7.800000000000001,radar_xyz,3,1.6670663219945345,True
static_line,42,v15_position_adapter,7.9,radar_xyz,3,1.8198441595296027,True
static_line,42,v15_position_adapter,8.0,radar_xyz,3,0.641128238712236,True
static_line,42,v15_position_adapter,8.1,radar_xyz,3,2.588341322037547,True
static_line,42,v15_position_adapter,8.200000000000001,radar_xyz,3,0.9004519815836693,True
static_line,42,v15_position_adapter,8.3,radar_xyz,3,4.6129412516573485,True
static_line,42,v15_position_adapter,8.4,radar_xyz,3,7.30860583564893,True
static_line,42,v15_position_adapter,8.5,radar_xyz,3,0.534868437076248,True
static_line,42,v15_position_adapter,8.6,radar_xyz,3,5.731152645893513,True
static_line,42,v15_position_adapter,8.700000000000001,radar_xyz,3,5.691176869816439,True
static_line,42,v15_position_adapter,8.8,radar_xyz,3,3.308128973141705,True
static_line,42,v15_position_adapter,8.9,radar_xyz,3,3.4329998938208814,True
static_line,42,v15_position_adapter,9.0,radar_xyz,3,1.2121304506778443,True
static_line,42,v15_position_adapter,9.1,radar_xyz,3,1.100983221644157,True
static_line,42,v15_position_adapter,9.200000000000001,radar_xyz,3,1.222937160826592,True
static_line,42,v15_position_adapter,9.3,radar_xyz,3,0.7719384550578248,True
static_line,42,v15_position_adapter,9.4,radar_xyz,3,2.4308616957385203,True
static_line,42,v15_position_adapter,9.5,radar_xyz,3,2.10728491679575,True
static_line,42,v15_position_adapter,9.600000000000001,radar_xyz,3,2.636955826411612,True
static_line,42,v15_position_adapter,9.700000000000001,radar_xyz,3,3.8962620310781415,True
static_line,42,v15_position_adapter,9.8,radar_xyz,3,1.4861755625437538,True
static_line,42,v15_position_adapter,9.9,radar_xyz,3,1.8929403992916642,True
static_line,42,v15_position_adapter,10.0,radar_xyz,3,3.3295973177321376,True
static_line,42,v15_position_adapter,10.100000000000001,radar_xyz,3,2.666513893396684,True
static_line,42,v15_position_adapter,10.200000000000001,radar_xyz,3,4.322361131392691,True
static_line,42,v15_position_adapter,10.3,radar_xyz,3,0.16620658100153732,True
static_line,42,v15_position_adapter,10.4,radar_xyz,3,2.0060492753736816,True
static_line,42,v15_position_adapter,10.5,radar_xyz,3,6.251102244069292,True
static_line,42,v15_position_adapter,10.600000000000001,radar_xyz,3,1.9526616144914568,True
static_line,42,v15_position_adapter,10.700000000000001,radar_xyz,3,1.9614556482097154,True
static_line,42,v15_position_adapter,10.8,radar_xyz,3,4.60357252066884,True
static_line,42,v15_position_adapter,10.9,radar_xyz,3,0.835367071994718,True
static_line,42,v15_position_adapter,11.0,radar_xyz,3,5.277698293035714,True
static_line,42,v15_position_adapter,11.100000000000001,radar_xyz,3,6.738234953196875,True
static_line,42,v15_position_adapter,11.200000000000001,radar_xyz,3,1.9248234359138516,True
static_line,42,v15_position_adapter,11.3,radar_xyz,3,2.4812980769658837,True
static_line,42,v15_position_adapter,11.4,radar_xyz,3,3.0697558852538616,True
static_line,42,v15_position_adapter,11.5,radar_xyz,3,5.087098277212151,True
static_line,42,v15_position_adapter,11.600000000000001,radar_xyz,3,4.724817323857169,True
static_line,42,v15_position_adapter,11.700000000000001,radar_xyz,3,0.7624688256655402,True
static_line,42,v15_position_adapter,11.8,radar_xyz,3,2.0746075650382436,True
static_line,42,v15_position_adapter,11.9,radar_xyz,3,4.371858446305703,True
static_line,42,v15_position_adapter,12.0,radar_xyz,3,5.909747095023217,True
static_line,42,v2_radar,0.1,radar,4,1.7443990623723375,True
static_line,42,v2_radar,0.2,radar,4,0.7622937597374433,True
static_line,42,v2_radar,0.30000000000000004,radar,4,0.7007065770872017,True
static_line,42,v2_radar,0.4,radar,4,1.8379860073337888,True
static_line,42,v2_radar,0.5,radar,4,3.4686232883828634,True
static_line,42,v2_radar,0.6000000000000001,radar,4,1.70999280457617,True
static_line,42,v2_radar,0.7000000000000001,radar,4,1.7460432621652262,True
static_line,42,v2_radar,0.8,radar,4,0.7549497667608416,True
static_line,42,v2_radar,0.9,radar,4,1.6986370956488859,True
static_line,42,v2_radar,1.0,radar,4,3.485918442426851,True
static_line,42,v2_radar,1.1,radar,4,1.7115645482311534,True
static_line,42,v2_radar,1.2000000000000002,radar,4,1.0819391095763635,True
static_line,42,v2_radar,1.3,radar,4,2.0664363337032094,True
static_line,42,v2_radar,1.4000000000000001,radar,4,1.855987875123349,True
static_line,42,v2_radar,1.5,radar,4,0.9036259242814056,True
static_line,42,v2_radar,1.6,radar,4,3.081286061143311,True
static_line,42,v2_radar,1.7000000000000002,radar,4,1.4862863493589935,True
static_line,42,v2_radar,1.8,radar,4,2.9929688786635134,True
static_line,42,v2_radar,1.9000000000000001,radar,4,0.21522987255893228,True
static_line,42,v2_radar,2.0,radar,4,2.4850867481639547,True
static_line,42,v2_radar,2.1,radar,4,4.837114867597425,True
static_line,42,v2_radar,2.2,radar,4,3.0667202307334263,True
static_line,42,v2_radar,2.3000000000000003,radar,4,9.346284193220463,True
static_line,42,v2_radar,2.4000000000000004,radar,4,2.674653305865232,True
static_line,42,v2_radar,2.5,radar,4,2.1024399369148288,True
static_line,42,v2_radar,2.6,radar,4,1.3744785888247917,True
static_line,42,v2_radar,2.7,radar,4,6.857897053138761,True
static_line,42,v2_radar,2.8000000000000003,radar,4,1.250799162569882,True
static_line,42,v2_radar,2.9000000000000004,radar,4,5.788156699856983,True
static_line,42,v2_radar,3.0,radar,4,3.5395788050806196,True
static_line,42,v2_radar,3.1,radar,4,4.787022102254739,True
static_line,42,v2_radar,3.2,radar,4,3.419711309140711,True
static_line,42,v2_radar,3.3000000000000003,radar,4,2.4796360090069403,True
static_line,42,v2_radar,3.4000000000000004,radar,4,6.49086679469534,True
static_line,42,v2_radar,3.5,radar,4,2.038646952046602,True
static_line,42,v2_radar,3.6,radar,4,2.438818427085733,True
static_line,42,v2_radar,3.7,radar,4,1.3231764835361557,True
static_line,42,v2_radar,3.8000000000000003,radar,4,2.083841378082263,True
static_line,42,v2_radar,3.9000000000000004,radar,4,2.509666075613028,True
static_line,42,v2_radar,4.0,radar,4,2.5151743643280637,True
static_line,42,v2_radar,4.1000000000000005,radar,4,16.455410212652193,False
static_line,42,v2_radar,4.2,radar,4,5.803543714763113,True
static_line,42,v2_radar,4.3,radar,4,0.7229496120782876,True
static_line,42,v2_radar,4.4,radar,4,3.2629482110388106,True
static_line,42,v2_radar,4.5,radar,4,4.563824200874762,True
static_line,42,v2_radar,4.6000000000000005,radar,4,3.373827928344236,True
static_line,42,v2_radar,4.7,radar,4,3.018968208603217,True
static_line,42,v2_radar,4.800000000000001,radar,4,0.044523990187582504,True
static_line,42,v2_radar,4.9,radar,4,0.5658598391380509,True
static_line,42,v2_radar,5.0,radar,4,5.452151202876419,True
static_line,42,v2_radar,5.1000000000000005,radar,4,4.227656487919769,True
static_line,42,v2_radar,5.2,radar,4,3.5432077920797598,True
static_line,42,v2_radar,5.300000000000001,radar,4,2.255987429844718,True
static_line,42,v2_radar,5.4,radar,4,7.425973927143616,True
static_line,42,v2_radar,5.5,radar,4,3.441777873629901,True
static_line,42,v2_radar,5.6000000000000005,radar,4,2.2758625953846208,True
static_line,42,v2_radar,5.7,radar,4,5.14690294701065,True
static_line,42,v2_radar,5.800000000000001,radar,4,5.263915066690404,True
static_line,42,v2_radar,5.9,radar,4,1.0968156623124374,True
static_line,42,v2_radar,6.0,radar,4,1.1583126184476984,True
static_line,42,v2_radar,6.1000000000000005,radar,4,2.9503830313901105,True
static_line,42,v2_radar,6.2,radar,4,5.684009841547437,True
static_line,42,v2_radar,6.300000000000001,radar,4,2.9254280288415058,True
static_line,42,v2_radar,6.4,radar,4,3.81980302037732,True
static_line,42,v2_radar,6.5,radar,4,7.124215981836414,True
static_line,42,v2_radar,6.6000000000000005,radar,4,2.015203210877062,True
static_line,42,v2_radar,6.7,radar,4,0.9607223102041823,True
static_line,42,v2_radar,6.800000000000001,radar,4,13.270548003262935,True
static_line,42,v2_radar,6.9,radar,4,3.3859455354737733,True
static_line,42,v2_radar,7.0,radar,4,2.6487635954569066,True
static_line,42,v2_radar,7.1000000000000005,radar,4,4.631110674132468,True
static_line,42,v2_radar,7.2,radar,4,4.311371946067013,True
static_line,42,v2_radar,7.300000000000001,radar,4,1.23719467252033,True
static_line,42,v2_radar,7.4,radar,4,2.0613676506905154,True
static_line,42,v2_radar,7.5,radar,4,7.848191852844103,True
static_line,42,v2_radar,7.6000000000000005,radar,4,1.7449320603056744,True
static_line,42,v2_radar,7.7,radar,4,5.171194153428883,True
static_line,42,v2_radar,7.800000000000001,radar,4,2.3063350230257664,True
static_line,42,v2_radar,7.9,radar,4,2.629537783236338,True
static_line,42,v2_radar,8.0,radar,4,2.527550644484755,True
static_line,42,v2_radar,8.1,radar,4,2.064822778847819,True
static_line,42,v2_radar,8.200000000000001,radar,4,0.8625950954472223,True
static_line,42,v2_radar,8.3,radar,4,6.495281464083718,True
static_line,42,v2_radar,8.4,radar,4,10.099485214323655,True
static_line,42,v2_radar,8.5,radar,4,1.599472604594668,True
static_line,42,v2_radar,8.6,radar,4,3.100802077622581,True
static_line,42,v2_radar,8.700000000000001,radar,4,4.628901961210297,True
static_line,42,v2_radar,8.8,radar,4,4.731551461152635,True
static_line,42,v2_radar,8.9,radar,4,3.5225977403678095,True
static_line,42,v2_radar,9.0,radar,4,2.749389581277074,True
static_line,42,v2_radar,9.1,radar,4,0.9070497211405486,True
static_line,42,v2_radar,9.200000000000001,radar,4,4.100559156171803,True
static_line,42,v2_radar,9.3,radar,4,2.227060100252487,True
static_line,42,v2_radar,9.4,radar,4,2.8230655644810754,True
static_line,42,v2_radar,9.5,radar,4,2.1379147079534975,True
static_line,42,v2_radar,9.600000000000001,radar,4,3.4782132581961323,True
static_line,42,v2_radar,9.700000000000001,radar,4,5.283371945718389,True
static_line,42,v2_radar,9.8,radar,4,3.1347580844046936,True
static_line,42,v2_radar,9.9,radar,4,2.0803269899750405,True
static_line,42,v2_radar,10.0,radar,4,3.6784697916397757,True
static_line,42,v2_radar,10.100000000000001,radar,4,3.4327013925080796,True
static_line,42,v2_radar,10.200000000000001,radar,4,3.829294216013047,True
static_line,42,v2_radar,10.3,radar,4,0.7480721687740929,True
static_line,42,v2_radar,10.4,radar,4,2.8624548163625456,True
static_line,42,v2_radar,10.5,radar,4,8.950151436650554,True
static_line,42,v2_radar,10.600000000000001,radar,4,4.643792517805726,True
static_line,42,v2_radar,10.700000000000001,radar,4,3.8103918525798806,True
static_line,42,v2_radar,10.8,radar,4,4.228964443695493,True
static_line,42,v2_radar,10.9,radar,4,1.0354276044144926,True
static_line,42,v2_radar,11.0,radar,4,3.90661875867933,True
static_line,42,v2_radar,11.100000000000001,radar,4,7.773448276858798,True
static_line,42,v2_radar,11.200000000000001,radar,4,3.272241035449788,True
static_line,42,v2_radar,11.3,radar,4,2.026075862526344,True
static_line,42,v2_radar,11.4,radar,4,3.1887029429468585,True
static_line,42,v2_radar,11.5,radar,4,4.748993425923225,True
static_line,42,v2_radar,11.600000000000001,radar,4,6.215818731299565,True
static_line,42,v2_radar,11.700000000000001,radar,4,1.511368272062626,True
static_line,42,v2_radar,11.8,radar,4,1.8659334876600318,True
static_line,42,v2_radar,11.9,radar,4,4.798096106088717,True
static_line,42,v2_radar,12.0,radar,4,6.76841344036237,True
static_line,42,v2_range_rate_camera,0.0,camera,2,0.6071402291747785,True
static_line,42,v2_range_rate_camera,0.1,radar,2,0.019958079714463634,True
static_line,42,v2_range_rate_camera,0.1,camera,2,1.4907637933546503,True
static_line,42,v2_range_rate_camera,0.2,radar,2,0.37989576664520713,True
static_line,42,v2_range_rate_camera,0.2,camera,2,3.6856125161080486,True
static_line,42,v2_range_rate_camera,0.30000000000000004,radar,2,0.5933083508387608,True
static_line,42,v2_range_rate_camera,0.30000000000000004,camera,2,0.2316515947521234,True
static_line,42,v2_range_rate_camera,0.4,radar,2,0.6987276735144645,True
static_line,42,v2_range_rate_camera,0.4,camera,2,1.628067474341468,True
static_line,42,v2_range_rate_camera,0.5,radar,2,3.1676820593831905,True
static_line,42,v2_range_rate_camera,0.5,camera,2,0.7175590930563087,True
static_line,42,v2_range_rate_camera,0.6000000000000001,radar,2,0.47575507514069176,True
static_line,42,v2_range_rate_camera,0.6000000000000001,camera,2,0.5301606853294603,True
static_line,42,v2_range_rate_camera,0.7000000000000001,radar,2,1.2651058574786864,True
static_line,42,v2_range_rate_camera,0.7000000000000001,camera,2,0.6457164727531134,True
static_line,42,v2_range_rate_camera,0.8,radar,2,0.1726247299180264,True
static_line,42,v2_range_rate_camera,0.8,camera,2,5.424195866878478,True
static_line,42,v2_range_rate_camera,0.9,radar,2,0.6771491062636515,True
static_line,42,v2_range_rate_camera,0.9,camera,2,0.6847226983978986,True
static_line,42,v2_range_rate_camera,1.0,radar,2,3.1199865455286435,True
static_line,42,v2_range_rate_camera,1.0,camera,2,0.8722617298033759,True
static_line,42,v2_range_rate_camera,1.1,radar,2,0.08908395379378067,True
static_line,42,v2_range_rate_camera,1.1,camera,2,3.298762130823234,True
static_line,42,v2_range_rate_camera,1.2000000000000002,radar,2,1.043211699499192,True
static_line,42,v2_range_rate_camera,1.2000000000000002,camera,2,0.07467727169991865,True
static_line,42,v2_range_rate_camera,1.3,radar,2,0.6030127283785709,True
static_line,42,v2_range_rate_camera,1.3,camera,2,0.17958072941847925,True
static_line,42,v2_range_rate_camera,1.4000000000000001,radar,2,1.3323336478031418,True
static_line,42,v2_range_rate_camera,1.4000000000000001,camera,2,1.1996754958223856,True
static_line,42,v2_range_rate_camera,1.5,radar,2,0.6535763242494428,True
static_line,42,v2_range_rate_camera,1.5,camera,2,2.477646654049549,True
static_line,42,v2_range_rate_camera,1.6,radar,2,1.767676994397031,True
static_line,42,v2_range_rate_camera,1.6,camera,2,2.7740545265525007,True
static_line,42,v2_range_rate_camera,1.7000000000000002,radar,2,0.7589637265372817,True
static_line,42,v2_range_rate_camera,1.7000000000000002,camera,2,0.113580555667404,True
static_line,42,v2_range_rate_camera,1.8,radar,2,2.6349538175408864,True
static_line,42,v2_range_rate_camera,1.8,camera,2,1.1749964925280632,True
static_line,42,v2_range_rate_camera,1.9000000000000001,radar,2,0.1474648157061763,True
static_line,42,v2_range_rate_camera,1.9000000000000001,camera,2,3.9318852661954407,True
static_line,42,v2_range_rate_camera,2.0,radar,2,0.889316563372251,True
static_line,42,v2_range_rate_camera,2.0,camera,2,0.8303600574941522,True
static_line,42,v2_range_rate_camera,2.1,radar,2,3.3887630806013678,True
static_line,42,v2_range_rate_camera,2.1,camera,2,1.5021371006237496,True
static_line,42,v2_range_rate_camera,2.2,radar,2,0.7948470795605383,True
static_line,42,v2_range_rate_camera,2.2,camera,2,1.6421496490843006,True
static_line,42,v2_range_rate_camera,2.3000000000000003,radar,2,8.342711649271617,True
static_line,42,v2_range_rate_camera,2.3000000000000003,camera,2,4.297693710584704,True
static_line,42,v2_range_rate_camera,2.4000000000000004,radar,2,2.514798735363085,True
static_line,42,v2_range_rate_camera,2.4000000000000004,camera,2,1.79929333751243,True
static_line,42,v2_range_rate_camera,2.5,radar,2,0.8408456914173262,True
static_line,42,v2_range_rate_camera,2.5,camera,2,1.4654169783265525,True
static_line,42,v2_range_rate_camera,2.6,radar,2,0.8534692485760155,True
static_line,42,v2_range_rate_camera,2.6,camera,2,2.564071368896801,True
static_line,42,v2_range_rate_camera,2.7,radar,2,4.844773375786701,True
static_line,42,v2_range_rate_camera,2.7,camera,2,1.1266647529551193,True
static_line,42,v2_range_rate_camera,2.8000000000000003,radar,2,0.09366368081605436,True
static_line,42,v2_range_rate_camera,2.8000000000000003,camera,2,2.015034787688753,True
static_line,42,v2_range_rate_camera,2.9000000000000004,radar,2,1.860277197739967,True
static_line,42,v2_range_rate_camera,2.9000000000000004,camera,2,0.19474624285887557,True
static_line,42,v2_range_rate_camera,3.0,radar,2,1.527373750671343,True
static_line,42,v2_range_rate_camera,3.0,camera,2,1.8180351130804562,True
static_line,42,v2_range_rate_camera,3.1,radar,2,0.8064721734183108,True
static_line,42,v2_range_rate_camera,3.1,camera,2,1.9313066463291046,True
static_line,42,v2_range_rate_camera,3.2,radar,2,2.038798112227288,True
static_line,42,v2_range_rate_camera,3.2,camera,2,0.402900089915425,True
static_line,42,v2_range_rate_camera,3.3000000000000003,radar,2,0.24002046661109844,True
static_line,42,v2_range_rate_camera,3.3000000000000003,camera,2,0.7371179007017816,True
static_line,42,v2_range_rate_camera,3.4000000000000004,radar,2,4.327937961271889,True
static_line,42,v2_range_rate_camera,3.4000000000000004,camera,2,1.815248313109885,True
static_line,42,v2_range_rate_camera,3.5,radar,2,1.6069696014114825,True
static_line,42,v2_range_rate_camera,3.5,camera,2,0.6911395962653135,True
static_line,42,v2_range_rate_camera,3.6,radar,2,2.0567119314030995,True
static_line,42,v2_range_rate_camera,3.6,camera,2,0.026139386151106142,True
static_line,42,v2_range_rate_camera,3.7,radar,2,1.0482576166842419,True
static_line,42,v2_range_rate_camera,3.7,camera,2,6.269704060120699,True
static_line,42,v2_range_rate_camera,3.8000000000000003,radar,2,0.6886913168373354,True
static_line,42,v2_range_rate_camera,3.8000000000000003,camera,2,0.23687065814868175,True
static_line,42,v2_range_rate_camera,3.9000000000000004,radar,2,0.41851014723038843,True
static_line,42,v2_range_rate_camera,3.9000000000000004,camera,2,4.286115323410238,True
static_line,42,v2_range_rate_camera,4.0,radar,2,0.5983941758574258,True
static_line,42,v2_range_rate_camera,4.0,camera,2,5.019443913414083,True
static_line,42,v2_range_rate_camera,4.1000000000000005,radar,2,2.748572623046529,True
static_line,42,v2_range_rate_camera,4.1000000000000005,camera,2,1.3188114183895907,True
static_line,42,v2_range_rate_camera,4.2,radar,2,4.9715700166357415,True
static_line,42,v2_range_rate_camera,4.2,camera,2,0.027547005501613916,True
static_line,42,v2_range_rate_camera,4.3,radar,2,0.6152586010220243,True
static_line,42,v2_range_rate_camera,4.3,camera,2,0.046472491361505774,True
static_line,42,v2_range_rate_camera,4.4,radar,2,1.7589808958699633,True
static_line,42,v2_range_rate_camera,4.4,camera,2,0.27597004800013264,True
static_line,42,v2_range_rate_camera,4.5,radar,2,0.4106589072587743,True
static_line,42,v2_range_rate_camera,4.5,camera,2,1.6256494533092187,True
static_line,42,v2_range_rate_camera,4.6000000000000005,radar,2,1.1418977783981514,True
static_line,42,v2_range_rate_camera,4.6000000000000005,camera,2,1.6147293338398172,True
static_line,42,v2_range_rate_camera,4.7,radar,2,1.5586748532949803,True
static_line,42,v2_range_rate_camera,4.7,camera,2,0.7350753633635596,True
static_line,42,v2_range_rate_camera,4.800000000000001,radar,2,0.046082184992940256,True
static_line,42,v2_range_rate_camera,4.800000000000001,camera,2,2.819501046077482,True
static_line,42,v2_range_rate_camera,4.9,radar,2,0.03210437441338682,True
static_line,42,v2_range_rate_camera,4.9,camera,2,7.0511253786371615,True
static_line,42,v2_range_rate_camera,5.0,radar,2,4.482400827027463,True
static_line,42,v2_range_rate_camera,5.0,camera,2,0.02064107218253593,True
static_line,42,v2_range_rate_camera,5.1000000000000005,radar,2,1.8715257591497696,True
static_line,42,v2_range_rate_camera,5.1000000000000005,camera,2,2.7512349131186746,True
static_line,42,v2_range_rate_camera,5.2,radar,2,2.9243417337450275,True
static_line,42,v2_range_rate_camera,5.2,camera,2,0.06590617300293064,True
static_line,42,v2_range_rate_camera,5.300000000000001,radar,2,1.9791844031116825,True
static_line,42,v2_range_rate_camera,5.300000000000001,camera,2,1.5977842292583162,True
static_line,42,v2_range_rate_camera,5.4,radar,2,3.277793703204561,True
static_line,42,v2_range_rate_camera,5.4,camera,2,2.2298222472780083,True
static_line,42,v2_range_rate_camera,5.5,radar,2,1.5209346986162626,True
static_line,42,v2_range_rate_camera,5.5,camera,2,0.8936907595157532,True
static_line,42,v2_range_rate_camera,5.6000000000000005,radar,2,1.0148382812187853,True
static_line,42,v2_range_rate_camera,5.6000000000000005,camera,2,3.180906868781471,True
static_line,42,v2_range_rate_camera,5.7,radar,2,0.057765875785363574,True
static_line,42,v2_range_rate_camera,5.7,camera,2,0.6018274717801102,True
static_line,42,v2_range_rate_camera,5.800000000000001,radar,2,4.060874323905808,True
static_line,42,v2_range_rate_camera,5.800000000000001,camera,2,0.4407802165067829,True
static_line,42,v2_range_rate_camera,5.9,radar,2,0.7962414526492899,True
static_line,42,v2_range_rate_camera,5.9,camera,2,0.42764480995726356,True
static_line,42,v2_range_rate_camera,6.0,radar,2,0.25688944414323894,True
static_line,42,v2_range_rate_camera,6.0,camera,2,1.3158381920402331,True
static_line,42,v2_range_rate_camera,6.1000000000000005,radar,2,1.6687738388801407,True
static_line,42,v2_range_rate_camera,6.1000000000000005,camera,2,0.4537186627798451,True
static_line,42,v2_range_rate_camera,6.2,radar,2,0.8999460372756012,True
static_line,42,v2_range_rate_camera,6.2,camera,2,7.055263573013693,True
static_line,42,v2_range_rate_camera,6.300000000000001,radar,2,1.9072362473545006,True
static_line,42,v2_range_rate_camera,6.300000000000001,camera,2,2.0073284676619134,True
static_line,42,v2_range_rate_camera,6.4,radar,2,3.7551437887539216,True
static_line,42,v2_range_rate_camera,6.4,camera,2,1.1194584208365563,True
static_line,42,v2_range_rate_camera,6.5,radar,2,6.1539636117586225,True
static_line,42,v2_range_rate_camera,6.5,camera,2,1.8706905477724627,True
static_line,42,v2_range_rate_camera,6.6000000000000005,radar,2,0.5579917456580964,True
static_line,42,v2_range_rate_camera,6.6000000000000005,camera,2,0.7487107083049778,True
static_line,42,v2_range_rate_camera,6.7,radar,2,0.5736275624740484,True
static_line,42,v2_range_rate_camera,6.7,camera,2,1.1227711982499398,True
static_line,42,v2_range_rate_camera,6.800000000000001,radar,2,4.547718418290375,True
static_line,42,v2_range_rate_camera,6.800000000000001,camera,2,0.6810377478664653,True
static_line,42,v2_range_rate_camera,6.9,radar,2,0.5602396026903596,True
static_line,42,v2_range_rate_camera,6.9,camera,2,0.48024114367919424,True
static_line,42,v2_range_rate_camera,7.0,radar,2,0.16970681651473493,True
static_line,42,v2_range_rate_camera,7.0,camera,2,1.5591736232085485,True
static_line,42,v2_range_rate_camera,7.1000000000000005,radar,2,2.820848194225221,True
static_line,42,v2_range_rate_camera,7.1000000000000005,camera,2,0.21541618974476456,True
static_line,42,v2_range_rate_camera,7.2,radar,2,2.8384821203259163,True
static_line,42,v2_range_rate_camera,7.2,camera,2,1.7996950809259211,True
static_line,42,v2_range_rate_camera,7.300000000000001,radar,2,0.9212889107078954,True
static_line,42,v2_range_rate_camera,7.300000000000001,camera,2,2.0465673792058396,True
static_line,42,v2_range_rate_camera,7.4,radar,2,0.8303858882014619,True
static_line,42,v2_range_rate_camera,7.4,camera,2,1.273352859386761,True
static_line,42,v2_range_rate_camera,7.5,radar,2,0.6451550695944297,True
static_line,42,v2_range_rate_camera,7.5,camera,2,0.13057412280642094,True
static_line,42,v2_range_rate_camera,7.6000000000000005,radar,2,1.7048754380135327,True
static_line,42,v2_range_rate_camera,7.6000000000000005,camera,2,0.9126952862888422,True
static_line,42,v2_range_rate_camera,7.7,radar,2,2.757575517355537,True
static_line,42,v2_range_rate_camera,7.7,camera,2,3.1299315364893845,True
static_line,42,v2_range_rate_camera,7.800000000000001,radar,2,2.1402991264462887,True
static_line,42,v2_range_rate_camera,7.800000000000001,camera,2,0.3439884391878719,True
static_line,42,v2_range_rate_camera,7.9,radar,2,1.058489488856436,True
static_line,42,v2_range_rate_camera,7.9,camera,2,2.5491076256345475,True
static_line,42,v2_range_rate_camera,8.0,radar,2,1.8603881454114863,True
static_line,42,v2_range_rate_camera,8.0,camera,2,1.8978338637826198,True
static_line,42,v2_range_rate_camera,8.1,radar,2,0.3843515285914243,True
static_line,42,v2_range_rate_camera,8.1,camera,2,0.993118577460698,True
static_line,42,v2_range_rate_camera,8.200000000000001,radar,2,0.014890139067612091,True
static_line,42,v2_range_rate_camera,8.200000000000001,camera,2,4.092063354622952,True
static_line,42,v2_range_rate_camera,8.3,radar,2,4.50067867544765,True
static_line,42,v2_range_rate_camera,8.3,camera,2,1.9606070993163407,True
static_line,42,v2_range_rate_camera,8.4,radar,2,6.396111376916556,True
static_line,42,v2_range_rate_camera,8.4,camera,2,0.7879022286966338,True
static_line,42,v2_range_rate_camera,8.5,radar,2,1.0533255225070965,True
static_line,42,v2_range_rate_camera,8.5,camera,2,1.848249872559384,True
static_line,42,v2_range_rate_camera,8.6,radar,2,1.622366531088982,True
static_line,42,v2_range_rate_camera,8.6,camera,2,0.7216846371441223,True
static_line,42,v2_range_rate_camera,8.700000000000001,radar,2,3.513142109814475,True
static_line,42,v2_range_rate_camera,8.700000000000001,camera,2,2.741799817830785,True
static_line,42,v2_range_rate_camera,8.8,radar,2,1.7671150029073368,True
static_line,42,v2_range_rate_camera,8.8,camera,2,0.8407557774533203,True
static_line,42,v2_range_rate_camera,8.9,radar,2,1.462548092649964,True
static_line,42,v2_range_rate_camera,8.9,camera,2,4.196465725606175,True
static_line,42,v2_range_rate_camera,9.0,radar,2,2.427964859019512,True
static_line,42,v2_range_rate_camera,9.0,camera,2,0.3932881698466473,True
static_line,42,v2_range_rate_camera,9.1,radar,2,0.7424334116299155,True
static_line,42,v2_range_rate_camera,9.1,camera,2,1.4161611313849591,True
static_line,42,v2_range_rate_camera,9.200000000000001,radar,2,3.459638249553582,True
static_line,42,v2_range_rate_camera,9.200000000000001,camera,2,0.8073111948799828,True
static_line,42,v2_range_rate_camera,9.3,radar,2,2.0594357478326404,True
static_line,42,v2_range_rate_camera,9.3,camera,2,0.2827456137965874,True
static_line,42,v2_range_rate_camera,9.4,radar,2,1.9862924529673622,True
static_line,42,v2_range_rate_camera,9.4,camera,2,0.8539292408014341,True
static_line,42,v2_range_rate_camera,9.5,radar,2,1.2511604402370617,True
static_line,42,v2_range_rate_camera,9.5,camera,2,0.7781126845667097,True
static_line,42,v2_range_rate_camera,9.600000000000001,radar,2,3.2280452207591783,True
static_line,42,v2_range_rate_camera,9.600000000000001,camera,2,4.470336138249681,True
static_line,42,v2_range_rate_camera,9.700000000000001,radar,2,1.491356335832922,True
static_line,42,v2_range_rate_camera,9.700000000000001,camera,2,0.1029480529531632,True
static_line,42,v2_range_rate_camera,9.8,radar,2,1.660515006443292,True
static_line,42,v2_range_rate_camera,9.8,camera,2,5.675442200962503,True
static_line,42,v2_range_rate_camera,9.9,radar,2,1.7821436548298168,True
static_line,42,v2_range_rate_camera,9.9,camera,2,0.07093304377094466,True
static_line,42,v2_range_rate_camera,10.0,radar,2,0.7576984878124096,True
static_line,42,v2_range_rate_camera,10.0,camera,2,3.8266910883966427,True
static_line,42,v2_range_rate_camera,10.100000000000001,radar,2,1.1287069352167056,True
static_line,42,v2_range_rate_camera,10.100000000000001,camera,2,1.374041433865789,True
static_line,42,v2_range_rate_camera,10.200000000000001,radar,2,1.575928112531657,True
static_line,42,v2_range_rate_camera,10.200000000000001,camera,2,1.0611803374566195,True
static_line,42,v2_range_rate_camera,10.3,radar,2,0.7367058863134,True
static_line,42,v2_range_rate_camera,10.3,camera,2,0.3238135469878121,True
static_line,42,v2_range_rate_camera,10.4,radar,2,1.30986716752487,True
static_line,42,v2_range_rate_camera,10.4,camera,2,4.334768237011302,True
static_line,42,v2_range_rate_camera,10.5,radar,2,4.965385693253981,True
static_line,42,v2_range_rate_camera,10.5,camera,2,0.3799925257407591,True
static_line,42,v2_range_rate_camera,10.600000000000001,radar,2,3.0744360212289785,True
static_line,42,v2_range_rate_camera,10.600000000000001,camera,2,2.223556687530161,True
static_line,42,v2_range_rate_camera,10.700000000000001,radar,2,3.825363988322605,True
static_line,42,v2_range_rate_camera,10.700000000000001,camera,2,3.0597876622045637,True
static_line,42,v2_range_rate_camera,10.8,radar,2,0.1287706989159605,True
static_line,42,v2_range_rate_camera,10.8,camera,2,2.5762381160583154,True
static_line,42,v2_range_rate_camera,10.9,radar,2,0.26425566408930257,True
static_line,42,v2_range_rate_camera,10.9,camera,2,0.48663725776407035,True
static_line,42,v2_range_rate_camera,11.0,radar,2,3.3292526829194653,True
static_line,42,v2_range_rate_camera,11.0,camera,2,1.4042872265465756,True
static_line,42,v2_range_rate_camera,11.100000000000001,radar,2,2.852765486759053,True
static_line,42,v2_range_rate_camera,11.100000000000001,camera,2,1.338418922024329,True
static_line,42,v2_range_rate_camera,11.200000000000001,radar,2,1.3519919645408096,True
static_line,42,v2_range_rate_camera,11.200000000000001,camera,2,2.0198812920180043,True
static_line,42,v2_range_rate_camera,11.3,radar,2,0.36083290517693056,True
static_line,42,v2_range_rate_camera,11.3,camera,2,0.2555393573583252,True
static_line,42,v2_range_rate_camera,11.4,radar,2,0.1031045648491863,True
static_line,42,v2_range_rate_camera,11.4,camera,2,3.126736560784981,True
static_line,42,v2_range_rate_camera,11.5,radar,2,0.21792037918208726,True
static_line,42,v2_range_rate_camera,11.5,camera,2,2.1714409530197503,True
static_line,42,v2_range_rate_camera,11.600000000000001,radar,2,4.54247066711081,True
static_line,42,v2_range_rate_camera,11.600000000000001,camera,2,0.5975806813315951,True
static_line,42,v2_range_rate_camera,11.700000000000001,radar,2,0.6974384175872609,True
static_line,42,v2_range_rate_camera,11.700000000000001,camera,2,1.6575973450196468,True
static_line,42,v2_range_rate_camera,11.8,radar,2,0.42955615683937315,True
static_line,42,v2_range_rate_camera,11.8,camera,2,0.4173990419777913,True
static_line,42,v2_range_rate_camera,11.9,radar,2,0.8841947109425169,True
static_line,42,v2_range_rate_camera,11.9,camera,2,0.9787614968383525,True
static_line,42,v2_range_rate_camera,12.0,radar,2,1.2798027829944496,True
static_line,42,v2_range_rate_camera,12.0,camera,2,1.939040602610377,True
static_line,42,v2_full,0.0,camera,2,0.6071402291747785,True
static_line,42,v2_full,0.1,radar,4,1.1565948809313942,True
static_line,42,v2_full,0.1,camera,2,0.9506783761972069,True
static_line,42,v2_full,0.2,radar,4,1.6765547070527245,True
static_line,42,v2_full,0.2,camera,2,3.920272832202128,True
static_line,42,v2_full,0.30000000000000004,radar,4,1.0575416106671602,True
static_line,42,v2_full,0.30000000000000004,camera,2,0.21316855028243598,True
static_line,42,v2_full,0.4,radar,4,1.9324720209147503,True
static_line,42,v2_full,0.4,camera,2,1.0562928662672388,True
static_line,42,v2_full,0.5,radar,4,3.699714411039867,True
static_line,42,v2_full,0.5,camera,2,0.5494683010728488,True
static_line,42,v2_full,0.6000000000000001,radar,4,1.4056956100816356,True
static_line,42,v2_full,0.6000000000000001,camera,2,0.5484788928639408,True
static_line,42,v2_full,0.7000000000000001,radar,4,1.6177470072981293,True
static_line,42,v2_full,0.7000000000000001,camera,2,0.5492758469030972,True
static_line,42,v2_full,0.8,radar,4,1.1041890921372857,True
static_line,42,v2_full,0.8,camera,2,5.081873274699349,True
static_line,42,v2_full,0.9,radar,4,3.095977420935886,True
static_line,42,v2_full,0.9,camera,2,0.9653803573959702,True
static_line,42,v2_full,1.0,radar,4,3.5641774569672116,True
static_line,42,v2_full,1.0,camera,2,0.8968896631226059,True
static_line,42,v2_full,1.1,radar,4,0.7763805602060961,True
static_line,42,v2_full,1.1,camera,2,2.737769635501489,True
static_line,42,v2_full,1.2000000000000002,radar,4,1.4890435998664522,True
static_line,42,v2_full,1.2000000000000002,camera,2,0.15921021566937157,True
static_line,42,v2_full,1.3,radar,4,1.129342665958162,True
static_line,42,v2_full,1.3,camera,2,0.21279102405790531,True
static_line,42,v2_full,1.4000000000000001,radar,4,1.7527941448062327,True
static_line,42,v2_full,1.4000000000000001,camera,2,1.215915146215046,True
static_line,42,v2_full,1.5,radar,4,0.889061174568385,True
static_line,42,v2_full,1.5,camera,2,2.6592507963273113,True
static_line,42,v2_full,1.6,radar,4,2.8230016806437606,True
static_line,42,v2_full,1.6,camera,2,2.450732912115256,True
static_line,42,v2_full,1.7000000000000002,radar,4,1.9968912171290483,True
static_line,42,v2_full,1.7000000000000002,camera,2,0.23483553697662313,True
static_line,42,v2_full,1.8,radar,4,2.7477191702782693,True
static_line,42,v2_full,1.8,camera,2,1.2630839299741206,True
static_line,42,v2_full,1.9000000000000001,radar,4,0.15721781897797948,True
static_line,42,v2_full,1.9000000000000001,camera,2,3.78111345319945,True
static_line,42,v2_full,2.0,radar,4,2.5363657286925783,True
static_line,42,v2_full,2.0,camera,2,0.9761432699147432,True
static_line,42,v2_full,2.1,radar,4,4.560375064393082,True
static_line,42,v2_full,2.1,camera,2,1.5839937141469356,True
static_line,42,v2_full,2.2,radar,4,3.873097011243822,True
static_line,42,v2_full,2.2,camera,2,1.4578536642303976,True
static_line,42,v2_full,2.3000000000000003,radar,4,9.631378171232308,True
static_line,42,v2_full,2.3000000000000003,camera,2,4.669816955610082,True
static_line,42,v2_full,2.4000000000000004,radar,4,3.0524575650906978,True
static_line,42,v2_full,2.4000000000000004,camera,2,1.4151344219524418,True
static_line,42,v2_full,2.5,radar,4,3.611900592481056,True
static_line,42,v2_full,2.5,camera,2,1.346636566173894,True
static_line,42,v2_full,2.6,radar,4,2.0291382213014595,True
static_line,42,v2_full,2.6,camera,2,3.482415129782743,True
static_line,42,v2_full,2.7,radar,4,6.108042676336045,True
static_line,42,v2_full,2.7,camera,2,0.9895368116914725,True
static_line,42,v2_full,2.8000000000000003,radar,4,0.7428760236628471,True
static_line,42,v2_full,2.8000000000000003,camera,2,2.362426036656106,True
static_line,42,v2_full,2.9000000000000004,radar,4,4.286791815180408,True
static_line,42,v2_full,2.9000000000000004,camera,2,0.1658721825043023,True
static_line,42,v2_full,3.0,radar,4,2.9148251879069464,True
static_line,42,v2_full,3.0,camera,2,2.0774124245708014,True
static_line,42,v2_full,3.1,radar,4,5.537192487595084,True
static_line,42,v2_full,3.1,camera,2,1.542567798156133,True
static_line,42,v2_full,3.2,radar,4,3.5172558461635224,True
static_line,42,v2_full,3.2,camera,2,0.3861359962091588,True
static_line,42,v2_full,3.3000000000000003,radar,4,2.5174416387886542,True
static_line,42,v2_full,3.3000000000000003,camera,2,1.0087832702515915,True
static_line,42,v2_full,3.4000000000000004,radar,4,6.170174865303125,True
static_line,42,v2_full,3.4000000000000004,camera,2,2.1035169291535163,True
static_line,42,v2_full,3.5,radar,4,1.8456264390774932,True
static_line,42,v2_full,3.5,camera,2,0.7348393879738243,True
static_line,42,v2_full,3.6,radar,4,2.471166241070555,True
static_line,42,v2_full,3.6,camera,2,0.059589390579113596,True
static_line,42,v2_full,3.7,radar,4,1.1401454866549303,True
static_line,42,v2_full,3.7,camera,2,6.132503254888214,True
static_line,42,v2_full,3.8000000000000003,radar,4,2.356947002307851,True
static_line,42,v2_full,3.8000000000000003,camera,2,0.36919729343597774,True
static_line,42,v2_full,3.9000000000000004,radar,4,4.022311429607908,True
static_line,42,v2_full,3.9000000000000004,camera,2,5.473830453513442,True
static_line,42,v2_full,4.0,radar,4,5.149217902976697,True
static_line,42,v2_full,4.0,camera,2,4.276157229918881,True
static_line,42,v2_full,4.1000000000000005,radar,4,14.174666995581322,False
static_line,42,v2_full,4.1000000000000005,camera,2,1.906764983044378,True
static_line,42,v2_full,4.2,radar,4,4.427061226057189,True
static_line,42,v2_full,4.2,camera,2,0.0858235842397372,True
static_line,42,v2_full,4.3,radar,4,0.31164280955146395,True
static_line,42,v2_full,4.3,camera,2,0.12412387123629506,True
static_line,42,v2_full,4.4,radar,4,2.3004017935312544,True
static_line,42,v2_full,4.4,camera,2,0.3055691192803607,True
static_line,42,v2_full,4.5,radar,4,4.359883634775524,True
static_line,42,v2_full,4.5,camera,2,1.876684693431134,True
static_line,42,v2_full,4.6000000000000005,radar,4,2.9097534700492473,True
static_line,42,v2_full,4.6000000000000005,camera,2,1.2106903560942028,True
static_line,42,v2_full,4.7,radar,4,3.015292810864138,True
static_line,42,v2_full,4.7,camera,2,0.8046053976452422,True
static_line,42,v2_full,4.800000000000001,radar,4,0.05005010224091693,True
static_line,42,v2_full,4.800000000000001,camera,2,2.752954149120881,True
static_line,42,v2_full,4.9,radar,4,0.6817942831277806,True
static_line,42,v2_full,4.9,camera,2,6.697425736669411,True
static_line,42,v2_full,5.0,radar,4,5.466904605496207,True
static_line,42,v2_full,5.0,camera,2,0.07686467454872305,True
static_line,42,v2_full,5.1000000000000005,radar,4,4.5125269009703715,True
static_line,42,v2_full,5.1000000000000005,camera,2,3.3654093663498377,True
static_line,42,v2_full,5.2,radar,4,3.8558391321925694,True
static_line,42,v2_full,5.2,camera,2,0.03661184103227587,True
static_line,42,v2_full,5.300000000000001,radar,4,2.6699075450188983,True
static_line,42,v2_full,5.300000000000001,camera,2,2.1008285909912443,True
static_line,42,v2_full,5.4,radar,4,5.474616362802982,True
static_line,42,v2_full,5.4,camera,2,2.1851723216345573,True
static_line,42,v2_full,5.5,radar,4,3.0942349328631473,True
static_line,42,v2_full,5.5,camera,2,1.0494795814693012,True
static_line,42,v2_full,5.6000000000000005,radar,4,2.543174580627828,True
static_line,42,v2_full,5.6000000000000005,camera,2,3.1131376677147227,True
static_line,42,v2_full,5.7,radar,4,6.004130257006932,True
static_line,42,v2_full,5.7,camera,2,0.5924961274184873,True
static_line,42,v2_full,5.800000000000001,radar,4,4.831779398017899,True
static_line,42,v2_full,5.800000000000001,camera,2,0.5268255921704712,True
static_line,42,v2_full,5.9,radar,4,0.9644591965835331,True
static_line,42,v2_full,5.9,camera,2,0.48342374483779893,True
static_line,42,v2_full,6.0,radar,4,1.6905049294773755,True
static_line,42,v2_full,6.0,camera,2,1.4562342130014612,True
static_line,42,v2_full,6.1000000000000005,radar,4,2.662891049632166,True
static_line,42,v2_full,6.1000000000000005,camera,2,0.6266807794280199,True
static_line,42,v2_full,6.2,radar,4,7.428155884711002,True
static_line,42,v2_full,6.2,camera,2,6.073135649193319,True
static_line,42,v2_full,6.300000000000001,radar,4,3.5475605730762916,True
static_line,42,v2_full,6.300000000000001,camera,2,1.4507044347357538,True
static_line,42,v2_full,6.4,radar,4,3.9120556137832274,True
static_line,42,v2_full,6.4,camera,2,1.0473396657869893,True
static_line,42,v2_full,6.5,radar,4,6.4766643416546605,True
static_line,42,v2_full,6.5,camera,2,2.2533706239172373,True
static_line,42,v2_full,6.6000000000000005,radar,4,1.6241329329604495,True
static_line,42,v2_full,6.6000000000000005,camera,2,0.8301452856291032,True
static_line,42,v2_full,6.7,radar,4,1.001879632521138,True
static_line,42,v2_full,6.7,camera,2,1.1241489876658135,True
static_line,42,v2_full,6.800000000000001,radar,4,11.890883206586363,True
static_line,42,v2_full,6.800000000000001,camera,2,0.6971240628010427,True
static_line,42,v2_full,6.9,radar,4,3.7075877170955924,True
static_line,42,v2_full,6.9,camera,2,0.43651550947285267,True
static_line,42,v2_full,7.0,radar,4,2.2470526982460433,True
static_line,42,v2_full,7.0,camera,2,1.956782335966283,True
static_line,42,v2_full,7.1000000000000005,radar,4,5.182713074782696,True
static_line,42,v2_full,7.1000000000000005,camera,2,0.49779656339558126,True
static_line,42,v2_full,7.2,radar,4,3.6943347793359522,True
static_line,42,v2_full,7.2,camera,2,2.0427617315297075,True
static_line,42,v2_full,7.300000000000001,radar,4,1.1401751152356752,True
static_line,42,v2_full,7.300000000000001,camera,2,1.7975936052721722,True
static_line,42,v2_full,7.4,radar,4,1.8705608682985135,True
static_line,42,v2_full,7.4,camera,2,1.4550000665234937,True
static_line,42,v2_full,7.5,radar,4,9.183759574413347,True
static_line,42,v2_full,7.5,camera,2,0.018902759243325233,True
static_line,42,v2_full,7.6000000000000005,radar,4,1.8408657729483708,True
static_line,42,v2_full,7.6000000000000005,camera,2,0.7657882242082462,True
static_line,42,v2_full,7.7,radar,4,4.092085163263262,True
static_line,42,v2_full,7.7,camera,2,3.208685439878381,True
static_line,42,v2_full,7.800000000000001,radar,4,2.3907077321013888,True
static_line,42,v2_full,7.800000000000001,camera,2,0.2709128701771745,True
static_line,42,v2_full,7.9,radar,4,3.245188387520005,True
static_line,42,v2_full,7.9,camera,2,2.3760551847313534,True
static_line,42,v2_full,8.0,radar,4,2.5571072830067876,True
static_line,42,v2_full,8.0,camera,2,1.8745301284041909,True
static_line,42,v2_full,8.1,radar,4,1.790862872689096,True
static_line,42,v2_full,8.1,camera,2,0.9287687541784796,True
static_line,42,v2_full,8.200000000000001,radar,4,1.1289561444879774,True
static_line,42,v2_full,8.200000000000001,camera,2,4.126786347869669,True
static_line,42,v2_full,8.3,radar,4,6.874759765249764,True
static_line,42,v2_full,8.3,camera,2,1.5690412563445588,True
static_line,42,v2_full,8.4,radar,4,11.312209448643658,True
static_line,42,v2_full,8.4,camera,2,1.1866412800009218,True
static_line,42,v2_full,8.5,radar,4,1.0948088028005483,True
static_line,42,v2_full,8.5,camera,2,2.544269677370754,True
static_line,42,v2_full,8.6,radar,4,4.7590205318508945,True
static_line,42,v2_full,8.6,camera,2,0.30366552272562497,True
static_line,42,v2_full,8.700000000000001,radar,4,5.290812701203971,True
static_line,42,v2_full,8.700000000000001,camera,2,3.949306045247719,True
static_line,42,v2_full,8.8,radar,4,2.8961932897454736,True
static_line,42,v2_full,8.8,camera,2,0.5993612221086976,True
static_line,42,v2_full,8.9,radar,4,3.035206903189956,True
static_line,42,v2_full,8.9,camera,2,4.0127034838295454,True
static_line,42,v2_full,9.0,radar,4,2.4806346243099062,True
static_line,42,v2_full,9.0,camera,2,0.3822329089164588,True
static_line,42,v2_full,9.1,radar,4,1.3708503893599695,True
static_line,42,v2_full,9.1,camera,2,1.5695562050896315,True
static_line,42,v2_full,9.200000000000001,radar,4,3.587086409847655,True
static_line,42,v2_full,9.200000000000001,camera,2,0.7979695063125313,True
static_line,42,v2_full,9.3,radar,4,2.1632241918702086,True
static_line,42,v2_full,9.3,camera,2,0.2487158263251523,True
static_line,42,v2_full,9.4,radar,4,2.595532506502188,True
static_line,42,v2_full,9.4,camera,2,0.730824981833454,True
static_line,42,v2_full,9.5,radar,4,2.217324101861226,True
static_line,42,v2_full,9.5,camera,2,0.9957567847482225,True
static_line,42,v2_full,9.600000000000001,radar,4,3.326320095369645,True
static_line,42,v2_full,9.600000000000001,camera,2,4.756379308970946,True
static_line,42,v2_full,9.700000000000001,radar,4,5.073541245312956,True
static_line,42,v2_full,9.700000000000001,camera,2,0.15044539979034108,True
static_line,42,v2_full,9.8,radar,4,3.822890566192869,True
static_line,42,v2_full,9.8,camera,2,4.9756008893231485,True
static_line,42,v2_full,9.9,radar,4,2.31936589667862,True
static_line,42,v2_full,9.9,camera,2,0.019401819613965664,True
static_line,42,v2_full,10.0,radar,4,3.4041958214224737,True
static_line,42,v2_full,10.0,camera,2,3.8285383104603574,True
static_line,42,v2_full,10.100000000000001,radar,4,4.0944172201880304,True
static_line,42,v2_full,10.100000000000001,camera,2,1.7467658602418654,True
static_line,42,v2_full,10.200000000000001,radar,4,4.08976734971814,True
static_line,42,v2_full,10.200000000000001,camera,2,0.6593147568744382,True
static_line,42,v2_full,10.3,radar,4,0.8818958348336121,True
static_line,42,v2_full,10.3,camera,2,0.3487474454983315,True
static_line,42,v2_full,10.4,radar,4,3.2305783465725413,True
static_line,42,v2_full,10.4,camera,2,4.556801983835719,True
static_line,42,v2_full,10.5,radar,4,9.539275053986474,True
static_line,42,v2_full,10.5,camera,2,0.2768786672412915,True
static_line,42,v2_full,10.600000000000001,radar,4,3.52319724902889,True
static_line,42,v2_full,10.600000000000001,camera,2,2.2385960776988636,True
static_line,42,v2_full,10.700000000000001,radar,4,4.1357007249064575,True
static_line,42,v2_full,10.700000000000001,camera,2,2.9951991013291757,True
static_line,42,v2_full,10.8,radar,4,3.2687369876579426,True
static_line,42,v2_full,10.8,camera,2,3.202791100007163,True
static_line,42,v2_full,10.9,radar,4,0.8532466250718458,True
static_line,42,v2_full,10.9,camera,2,0.5483113654110883,True
static_line,42,v2_full,11.0,radar,4,3.9705375747098905,True
static_line,42,v2_full,11.0,camera,2,1.5016299172812264,True
static_line,42,v2_full,11.100000000000001,radar,4,10.38621457117941,True
static_line,42,v2_full,11.100000000000001,camera,2,0.8436363456005588,True
static_line,42,v2_full,11.200000000000001,radar,4,2.520693624141469,True
static_line,42,v2_full,11.200000000000001,camera,2,2.037980494463099,True
static_line,42,v2_full,11.3,radar,4,2.146472371693789,True
static_line,42,v2_full,11.3,camera,2,0.18033133793899453,True
static_line,42,v2_full,11.4,radar,4,3.559207138087445,True
static_line,42,v2_full,11.4,camera,2,2.2441824430896005,True
static_line,42,v2_full,11.5,radar,4,6.6483823133249516,True
static_line,42,v2_full,11.5,camera,2,1.5487345535622767,True
static_line,42,v2_full,11.600000000000001,radar,4,5.458118526334086,True
static_line,42,v2_full,11.600000000000001,camera,2,0.7592586979240757,True
static_line,42,v2_full,11.700000000000001,radar,4,2.966717778813671,True
static_line,42,v2_full,11.700000000000001,camera,2,1.1354399320133015,True
static_line,42,v2_full,11.8,radar,4,0.9752636169428526,True
static_line,42,v2_full,11.8,camera,2,0.31367719366744024,True
static_line,42,v2_full,11.9,radar,4,4.387724099692589,True
static_line,42,v2_full,11.9,camera,2,0.8490146347306627,True
static_line,42,v2_full,12.0,radar,4,9.4008886301973,True
static_line,42,v2_full,12.0,camera,2,1.9511139957956927,True
static_line,42,frozen_ego_fault,0.0,camera,2,0.6071402291747785,True
static_line,42,frozen_ego_fault,0.1,radar,4,1.1565948809313942,True
static_line,42,frozen_ego_fault,0.1,camera,2,0.9506783761972069,True
static_line,42,frozen_ego_fault,0.2,radar,4,1.6765547070527245,True
static_line,42,frozen_ego_fault,0.2,camera,2,3.920272832202128,True
static_line,42,frozen_ego_fault,0.30000000000000004,radar,4,1.0575416106671602,True
static_line,42,frozen_ego_fault,0.30000000000000004,camera,2,0.21316855028243598,True
static_line,42,frozen_ego_fault,0.4,radar,4,1.9324720209147503,True
static_line,42,frozen_ego_fault,0.4,camera,2,1.0562928662672388,True
static_line,42,frozen_ego_fault,0.5,radar,4,3.699714411039867,True
static_line,42,frozen_ego_fault,0.5,camera,2,0.5494683010728488,True
static_line,42,frozen_ego_fault,0.6000000000000001,radar,4,1.4056956100816356,True
static_line,42,frozen_ego_fault,0.6000000000000001,camera,2,0.5484788928639408,True
static_line,42,frozen_ego_fault,0.7000000000000001,radar,4,1.6177470072981293,True
static_line,42,frozen_ego_fault,0.7000000000000001,camera,2,0.5492758469030972,True
static_line,42,frozen_ego_fault,0.8,radar,4,1.1041890921372857,True
static_line,42,frozen_ego_fault,0.8,camera,2,5.081873274699349,True
static_line,42,frozen_ego_fault,0.9,radar,4,3.095977420935886,True
static_line,42,frozen_ego_fault,0.9,camera,2,0.9653803573959702,True
static_line,42,frozen_ego_fault,1.0,radar,4,3.5641774569672116,True
static_line,42,frozen_ego_fault,1.0,camera,2,0.8968896631226059,True
static_line,42,frozen_ego_fault,1.1,radar,4,0.7763805602060961,True
static_line,42,frozen_ego_fault,1.1,camera,2,2.737769635501489,True
static_line,42,frozen_ego_fault,1.2000000000000002,radar,4,1.4890435998664522,True
static_line,42,frozen_ego_fault,1.2000000000000002,camera,2,0.15921021566937157,True
static_line,42,frozen_ego_fault,1.3,radar,4,1.129342665958162,True
static_line,42,frozen_ego_fault,1.3,camera,2,0.21279102405790531,True
static_line,42,frozen_ego_fault,1.4000000000000001,radar,4,1.7527941448062327,True
static_line,42,frozen_ego_fault,1.4000000000000001,camera,2,1.215915146215046,True
static_line,42,frozen_ego_fault,1.5,radar,4,0.889061174568385,True
static_line,42,frozen_ego_fault,1.5,camera,2,2.6592507963273113,True
static_line,42,frozen_ego_fault,1.6,radar,4,2.8230016806437606,True
static_line,42,frozen_ego_fault,1.6,camera,2,2.450732912115256,True
static_line,42,frozen_ego_fault,1.7000000000000002,radar,4,1.9968912171290483,True
static_line,42,frozen_ego_fault,1.7000000000000002,camera,2,0.23483553697662313,True
static_line,42,frozen_ego_fault,1.8,radar,4,2.7477191702782693,True
static_line,42,frozen_ego_fault,1.8,camera,2,1.2630839299741206,True
static_line,42,frozen_ego_fault,1.9000000000000001,radar,4,0.15721781897797948,True
static_line,42,frozen_ego_fault,1.9000000000000001,camera,2,3.78111345319945,True
static_line,42,frozen_ego_fault,2.0,radar,4,2.5363657286925783,True
static_line,42,frozen_ego_fault,2.0,camera,2,0.9761432699147432,True
static_line,42,frozen_ego_fault,2.1,radar,4,4.560375064393082,True
static_line,42,frozen_ego_fault,2.1,camera,2,1.5839937141469356,True
static_line,42,frozen_ego_fault,2.2,radar,4,3.873097011243822,True
static_line,42,frozen_ego_fault,2.2,camera,2,1.4578536642303976,True
static_line,42,frozen_ego_fault,2.3000000000000003,radar,4,9.631378171232308,True
static_line,42,frozen_ego_fault,2.3000000000000003,camera,2,4.669816955610082,True
static_line,42,frozen_ego_fault,2.4000000000000004,radar,4,3.0524575650906978,True
static_line,42,frozen_ego_fault,2.4000000000000004,camera,2,1.4151344219524418,True
static_line,42,frozen_ego_fault,2.5,radar,4,3.611900592481056,True
static_line,42,frozen_ego_fault,2.5,camera,2,1.346636566173894,True
static_line,42,frozen_ego_fault,2.6,radar,4,2.0291382213014595,True
static_line,42,frozen_ego_fault,2.6,camera,2,3.482415129782743,True
static_line,42,frozen_ego_fault,2.7,radar,4,6.108042676336045,True
static_line,42,frozen_ego_fault,2.7,camera,2,0.9895368116914725,True
static_line,42,frozen_ego_fault,2.8000000000000003,radar,4,0.7428760236628471,True
static_line,42,frozen_ego_fault,2.8000000000000003,camera,2,2.362426036656106,True
static_line,42,frozen_ego_fault,2.9000000000000004,radar,4,4.286791815180408,True
static_line,42,frozen_ego_fault,2.9000000000000004,camera,2,0.1658721825043023,True
static_line,42,frozen_ego_fault,3.0,radar,4,2.9148251879069464,True
static_line,42,frozen_ego_fault,3.0,camera,2,2.0774124245708014,True
static_line,42,frozen_ego_fault,3.1,radar,4,5.537192487595084,True
static_line,42,frozen_ego_fault,3.1,camera,2,1.542567798156133,True
static_line,42,frozen_ego_fault,3.2,radar,4,3.5172558461635224,True
static_line,42,frozen_ego_fault,3.2,camera,2,0.3861359962091588,True
static_line,42,frozen_ego_fault,3.3000000000000003,radar,4,2.5174416387886542,True
static_line,42,frozen_ego_fault,3.3000000000000003,camera,2,1.0087832702515915,True
static_line,42,frozen_ego_fault,3.4000000000000004,radar,4,6.170174865303125,True
static_line,42,frozen_ego_fault,3.4000000000000004,camera,2,2.1035169291535163,True
static_line,42,frozen_ego_fault,3.5,radar,4,1.8456264390774932,True
static_line,42,frozen_ego_fault,3.5,camera,2,0.7348393879738243,True
static_line,42,frozen_ego_fault,3.6,radar,4,2.471166241070555,True
static_line,42,frozen_ego_fault,3.6,camera,2,0.059589390579113596,True
static_line,42,frozen_ego_fault,3.7,radar,4,1.1401454866549303,True
static_line,42,frozen_ego_fault,3.7,camera,2,6.132503254888214,True
static_line,42,frozen_ego_fault,3.8000000000000003,radar,4,2.356947002307851,True
static_line,42,frozen_ego_fault,3.8000000000000003,camera,2,0.36919729343597774,True
static_line,42,frozen_ego_fault,3.9000000000000004,radar,4,4.022311429607908,True
static_line,42,frozen_ego_fault,3.9000000000000004,camera,2,5.473830453513442,True
static_line,42,frozen_ego_fault,4.0,radar,4,5.149217902976697,True
static_line,42,frozen_ego_fault,4.0,camera,2,4.276157229918881,True
static_line,42,frozen_ego_fault,4.1000000000000005,radar,4,14.174666995581322,False
static_line,42,frozen_ego_fault,4.1000000000000005,camera,2,1.906764983044378,True
static_line,42,frozen_ego_fault,4.2,radar,4,4.427061226057189,True
static_line,42,frozen_ego_fault,4.2,camera,2,0.0858235842397372,True
static_line,42,frozen_ego_fault,4.3,radar,4,0.31164280955146395,True
static_line,42,frozen_ego_fault,4.3,camera,2,0.12412387123629506,True
static_line,42,frozen_ego_fault,4.4,radar,4,2.3004017935312544,True
static_line,42,frozen_ego_fault,4.4,camera,2,0.3055691192803607,True
static_line,42,frozen_ego_fault,4.5,radar,4,4.359883634775524,True
static_line,42,frozen_ego_fault,4.5,camera,2,1.876684693431134,True
static_line,42,frozen_ego_fault,4.6000000000000005,radar,4,2.9097534700492473,True
static_line,42,frozen_ego_fault,4.6000000000000005,camera,2,1.2106903560942028,True
static_line,42,frozen_ego_fault,4.7,radar,4,3.015292810864138,True
static_line,42,frozen_ego_fault,4.7,camera,2,0.8046053976452422,True
static_line,42,frozen_ego_fault,4.800000000000001,radar,4,0.05005010224091693,True
static_line,42,frozen_ego_fault,4.800000000000001,camera,2,2.752954149120881,True
static_line,42,frozen_ego_fault,4.9,radar,4,0.6817942831277806,True
static_line,42,frozen_ego_fault,4.9,camera,2,6.697425736669411,True
static_line,42,frozen_ego_fault,5.0,radar,4,5.466904605496207,True
static_line,42,frozen_ego_fault,5.0,camera,2,0.07686467454872305,True
static_line,42,frozen_ego_fault,5.1000000000000005,radar,4,4.5125269009703715,True
static_line,42,frozen_ego_fault,5.1000000000000005,camera,2,3.3654093663498377,True
static_line,42,frozen_ego_fault,5.2,radar,4,3.8558391321925694,True
static_line,42,frozen_ego_fault,5.2,camera,2,0.03661184103227587,True
static_line,42,frozen_ego_fault,5.300000000000001,radar,4,2.6699075450188983,True
static_line,42,frozen_ego_fault,5.300000000000001,camera,2,2.1008285909912443,True
static_line,42,frozen_ego_fault,5.4,radar,4,5.474616362802982,True
static_line,42,frozen_ego_fault,5.4,camera,2,2.1851723216345573,True
static_line,42,frozen_ego_fault,5.5,radar,4,3.0942349328631473,True
static_line,42,frozen_ego_fault,5.5,camera,2,1.0494795814693012,True
static_line,42,frozen_ego_fault,5.6000000000000005,radar,4,2.543174580627828,True
static_line,42,frozen_ego_fault,5.6000000000000005,camera,2,3.1131376677147227,True
static_line,42,frozen_ego_fault,5.7,radar,4,6.004130257006932,True
static_line,42,frozen_ego_fault,5.7,camera,2,0.5924961274184873,True
static_line,42,frozen_ego_fault,5.800000000000001,radar,4,4.831779398017899,True
static_line,42,frozen_ego_fault,5.800000000000001,camera,2,0.5268255921704712,True
static_line,42,frozen_ego_fault,5.9,radar,4,0.9644591965835331,True
static_line,42,frozen_ego_fault,5.9,camera,2,0.48342374483779893,True
static_line,42,frozen_ego_fault,6.0,radar,4,1.6905049294773755,True
static_line,42,frozen_ego_fault,6.0,camera,2,1.4562342130014612,True
static_line,42,frozen_ego_fault,6.1000000000000005,radar,4,2.662891049632166,True
static_line,42,frozen_ego_fault,6.1000000000000005,camera,2,0.6266807794280199,True
static_line,42,frozen_ego_fault,6.2,radar,4,7.428155884711002,True
static_line,42,frozen_ego_fault,6.2,camera,2,6.073135649193319,True
static_line,42,frozen_ego_fault,6.300000000000001,radar,4,3.5475605730762916,True
static_line,42,frozen_ego_fault,6.300000000000001,camera,2,1.4507044347357538,True
static_line,42,frozen_ego_fault,6.4,radar,4,3.9120556137832274,True
static_line,42,frozen_ego_fault,6.4,camera,2,1.0473396657869893,True
static_line,42,frozen_ego_fault,6.5,radar,4,6.4766643416546605,True
static_line,42,frozen_ego_fault,6.5,camera,2,2.2533706239172373,True
static_line,42,frozen_ego_fault,6.6000000000000005,radar,4,1.6241329329604495,True
static_line,42,frozen_ego_fault,6.6000000000000005,camera,2,0.8301452856291032,True
static_line,42,frozen_ego_fault,6.7,radar,4,1.001879632521138,True
static_line,42,frozen_ego_fault,6.7,camera,2,1.1241489876658135,True
static_line,42,frozen_ego_fault,6.800000000000001,radar,4,11.890883206586363,True
static_line,42,frozen_ego_fault,6.800000000000001,camera,2,0.6971240628010427,True
static_line,42,frozen_ego_fault,6.9,radar,4,3.7075877170955924,True
static_line,42,frozen_ego_fault,6.9,camera,2,0.43651550947285267,True
static_line,42,frozen_ego_fault,7.0,radar,4,2.2470526982460433,True
static_line,42,frozen_ego_fault,7.0,camera,2,1.956782335966283,True
static_line,42,frozen_ego_fault,7.1000000000000005,radar,4,5.182713074782696,True
static_line,42,frozen_ego_fault,7.1000000000000005,camera,2,0.49779656339558126,True
static_line,42,frozen_ego_fault,7.2,radar,4,3.6943347793359522,True
static_line,42,frozen_ego_fault,7.2,camera,2,2.0427617315297075,True
static_line,42,frozen_ego_fault,7.300000000000001,radar,4,1.1401751152356752,True
static_line,42,frozen_ego_fault,7.300000000000001,camera,2,1.7975936052721722,True
static_line,42,frozen_ego_fault,7.4,radar,4,1.8705608682985135,True
static_line,42,frozen_ego_fault,7.4,camera,2,1.4550000665234937,True
static_line,42,frozen_ego_fault,7.5,radar,4,9.183759574413347,True
static_line,42,frozen_ego_fault,7.5,camera,2,0.018902759243325233,True
static_line,42,frozen_ego_fault,7.6000000000000005,radar,4,1.8408657729483708,True
static_line,42,frozen_ego_fault,7.6000000000000005,camera,2,0.7657882242082462,True
static_line,42,frozen_ego_fault,7.7,radar,4,4.092085163263262,True
static_line,42,frozen_ego_fault,7.7,camera,2,3.208685439878381,True
static_line,42,frozen_ego_fault,7.800000000000001,radar,4,2.3907077321013888,True
static_line,42,frozen_ego_fault,7.800000000000001,camera,2,0.2709128701771745,True
static_line,42,frozen_ego_fault,7.9,radar,4,3.245188387520005,True
static_line,42,frozen_ego_fault,7.9,camera,2,2.3760551847313534,True
static_line,42,frozen_ego_fault,8.0,radar,4,2.5571072830067876,True
static_line,42,frozen_ego_fault,8.0,camera,2,1.8745301284041909,True
static_line,42,frozen_ego_fault,8.1,radar,4,1.790862872689096,True
static_line,42,frozen_ego_fault,8.1,camera,2,0.9287687541784796,True
static_line,42,frozen_ego_fault,8.200000000000001,radar,4,1.1289561444879774,True
static_line,42,frozen_ego_fault,8.200000000000001,camera,2,4.126786347869669,True
static_line,42,frozen_ego_fault,8.3,radar,4,6.874759765249764,True
static_line,42,frozen_ego_fault,8.3,camera,2,1.5690412563445588,True
static_line,42,frozen_ego_fault,8.4,radar,4,11.312209448643658,True
static_line,42,frozen_ego_fault,8.4,camera,2,1.1866412800009218,True
static_line,42,frozen_ego_fault,8.5,radar,4,1.0948088028005483,True
static_line,42,frozen_ego_fault,8.5,camera,2,2.544269677370754,True
static_line,42,frozen_ego_fault,8.6,radar,4,4.7590205318508945,True
static_line,42,frozen_ego_fault,8.6,camera,2,0.30366552272562497,True
static_line,42,frozen_ego_fault,8.700000000000001,radar,4,5.290812701203971,True
static_line,42,frozen_ego_fault,8.700000000000001,camera,2,3.949306045247719,True
static_line,42,frozen_ego_fault,8.8,radar,4,2.8961932897454736,True
static_line,42,frozen_ego_fault,8.8,camera,2,0.5993612221086976,True
static_line,42,frozen_ego_fault,8.9,radar,4,3.035206903189956,True
static_line,42,frozen_ego_fault,8.9,camera,2,4.0127034838295454,True
static_line,42,frozen_ego_fault,9.0,radar,4,2.4806346243099062,True
static_line,42,frozen_ego_fault,9.0,camera,2,0.3822329089164588,True
static_line,42,frozen_ego_fault,9.1,radar,4,1.3708503893599695,True
static_line,42,frozen_ego_fault,9.1,camera,2,1.5695562050896315,True
static_line,42,frozen_ego_fault,9.200000000000001,radar,4,3.587086409847655,True
static_line,42,frozen_ego_fault,9.200000000000001,camera,2,0.7979695063125313,True
static_line,42,frozen_ego_fault,9.3,radar,4,2.1632241918702086,True
static_line,42,frozen_ego_fault,9.3,camera,2,0.2487158263251523,True
static_line,42,frozen_ego_fault,9.4,radar,4,2.595532506502188,True
static_line,42,frozen_ego_fault,9.4,camera,2,0.730824981833454,True
static_line,42,frozen_ego_fault,9.5,radar,4,2.217324101861226,True
static_line,42,frozen_ego_fault,9.5,camera,2,0.9957567847482225,True
static_line,42,frozen_ego_fault,9.600000000000001,radar,4,3.326320095369645,True
static_line,42,frozen_ego_fault,9.600000000000001,camera,2,4.756379308970946,True
static_line,42,frozen_ego_fault,9.700000000000001,radar,4,5.073541245312956,True
static_line,42,frozen_ego_fault,9.700000000000001,camera,2,0.15044539979034108,True
static_line,42,frozen_ego_fault,9.8,radar,4,3.822890566192869,True
static_line,42,frozen_ego_fault,9.8,camera,2,4.9756008893231485,True
static_line,42,frozen_ego_fault,9.9,radar,4,2.31936589667862,True
static_line,42,frozen_ego_fault,9.9,camera,2,0.019401819613965664,True
static_line,42,frozen_ego_fault,10.0,radar,4,3.4041958214224737,True
static_line,42,frozen_ego_fault,10.0,camera,2,3.8285383104603574,True
static_line,42,frozen_ego_fault,10.100000000000001,radar,4,4.0944172201880304,True
static_line,42,frozen_ego_fault,10.100000000000001,camera,2,1.7467658602418654,True
static_line,42,frozen_ego_fault,10.200000000000001,radar,4,4.08976734971814,True
static_line,42,frozen_ego_fault,10.200000000000001,camera,2,0.6593147568744382,True
static_line,42,frozen_ego_fault,10.3,radar,4,0.8818958348336121,True
static_line,42,frozen_ego_fault,10.3,camera,2,0.3487474454983315,True
static_line,42,frozen_ego_fault,10.4,radar,4,3.2305783465725413,True
static_line,42,frozen_ego_fault,10.4,camera,2,4.556801983835719,True
static_line,42,frozen_ego_fault,10.5,radar,4,9.539275053986474,True
static_line,42,frozen_ego_fault,10.5,camera,2,0.2768786672412915,True
static_line,42,frozen_ego_fault,10.600000000000001,radar,4,3.52319724902889,True
static_line,42,frozen_ego_fault,10.600000000000001,camera,2,2.2385960776988636,True
static_line,42,frozen_ego_fault,10.700000000000001,radar,4,4.1357007249064575,True
static_line,42,frozen_ego_fault,10.700000000000001,camera,2,2.9951991013291757,True
static_line,42,frozen_ego_fault,10.8,radar,4,3.2687369876579426,True
static_line,42,frozen_ego_fault,10.8,camera,2,3.202791100007163,True
static_line,42,frozen_ego_fault,10.9,radar,4,0.8532466250718458,True
static_line,42,frozen_ego_fault,10.9,camera,2,0.5483113654110883,True
static_line,42,frozen_ego_fault,11.0,radar,4,3.9705375747098905,True
static_line,42,frozen_ego_fault,11.0,camera,2,1.5016299172812264,True
static_line,42,frozen_ego_fault,11.100000000000001,radar,4,10.38621457117941,True
static_line,42,frozen_ego_fault,11.100000000000001,camera,2,0.8436363456005588,True
static_line,42,frozen_ego_fault,11.200000000000001,radar,4,2.520693624141469,True
static_line,42,frozen_ego_fault,11.200000000000001,camera,2,2.037980494463099,True
static_line,42,frozen_ego_fault,11.3,radar,4,2.146472371693789,True
static_line,42,frozen_ego_fault,11.3,camera,2,0.18033133793899453,True
static_line,42,frozen_ego_fault,11.4,radar,4,3.559207138087445,True
static_line,42,frozen_ego_fault,11.4,camera,2,2.2441824430896005,True
static_line,42,frozen_ego_fault,11.5,radar,4,6.6483823133249516,True
static_line,42,frozen_ego_fault,11.5,camera,2,1.5487345535622767,True
static_line,42,frozen_ego_fault,11.600000000000001,radar,4,5.458118526334086,True
static_line,42,frozen_ego_fault,11.600000000000001,camera,2,0.7592586979240757,True
static_line,42,frozen_ego_fault,11.700000000000001,radar,4,2.966717778813671,True
static_line,42,frozen_ego_fault,11.700000000000001,camera,2,1.1354399320133015,True
static_line,42,frozen_ego_fault,11.8,radar,4,0.9752636169428526,True
static_line,42,frozen_ego_fault,11.8,camera,2,0.31367719366744024,True
static_line,42,frozen_ego_fault,11.9,radar,4,4.387724099692589,True
static_line,42,frozen_ego_fault,11.9,camera,2,0.8490146347306627,True
static_line,42,frozen_ego_fault,12.0,radar,4,9.4008886301973,True
static_line,42,frozen_ego_fault,12.0,camera,2,1.9511139957956927,True
static_line,43,v15_position_adapter,0.1,radar_xyz,3,2.1219732950959798,True
static_line,43,v15_position_adapter,0.2,radar_xyz,3,0.14827635940782238,True
static_line,43,v15_position_adapter,0.30000000000000004,radar_xyz,3,3.225306967405609,True
static_line,43,v15_position_adapter,0.4,radar_xyz,3,0.8453690978060904,True
static_line,43,v15_position_adapter,0.5,radar_xyz,3,8.722796502749727,True
static_line,43,v15_position_adapter,0.6000000000000001,radar_xyz,3,0.8425827836153251,True
static_line,43,v15_position_adapter,0.7000000000000001,radar_xyz,3,4.757384969947122,True
static_line,43,v15_position_adapter,0.8,radar_xyz,3,1.1945528573661675,True
static_line,43,v15_position_adapter,0.9,radar_xyz,3,5.5977665014350455,True
static_line,43,v15_position_adapter,1.0,radar_xyz,3,1.4929184422552706,True
static_line,43,v15_position_adapter,1.1,radar_xyz,3,3.257218653446367,True
static_line,43,v15_position_adapter,1.2000000000000002,radar_xyz,3,1.9763807545313272,True
static_line,43,v15_position_adapter,1.3,radar_xyz,3,11.141672952366134,True
static_line,43,v15_position_adapter,1.4000000000000001,radar_xyz,3,1.919133833931464,True
static_line,43,v15_position_adapter,1.5,radar_xyz,3,12.38209400350081,True
static_line,43,v15_position_adapter,1.6,radar_xyz,3,2.3140586787941086,True
static_line,43,v15_position_adapter,1.7000000000000002,radar_xyz,3,1.537349532768117,True
static_line,43,v15_position_adapter,1.8,radar_xyz,3,0.47808090095684314,True
static_line,43,v15_position_adapter,1.9000000000000001,radar_xyz,3,1.1969730421065254,True
static_line,43,v15_position_adapter,2.0,radar_xyz,3,2.262817099011772,True
static_line,43,v15_position_adapter,2.1,radar_xyz,3,0.4056805752383323,True
static_line,43,v15_position_adapter,2.2,radar_xyz,3,0.9002864176094876,True
static_line,43,v15_position_adapter,2.3000000000000003,radar_xyz,3,0.2332160294845652,True
static_line,43,v15_position_adapter,2.4000000000000004,radar_xyz,3,1.814956379254764,True
static_line,43,v15_position_adapter,2.5,radar_xyz,3,5.00413756556779,True
static_line,43,v15_position_adapter,2.6,radar_xyz,3,15.008315360833942,True
static_line,43,v15_position_adapter,2.7,radar_xyz,3,2.5613134239083677,True
static_line,43,v15_position_adapter,2.8000000000000003,radar_xyz,3,1.2463099666742063,True
static_line,43,v15_position_adapter,2.9000000000000004,radar_xyz,3,2.340257332906224,True
static_line,43,v15_position_adapter,3.0,radar_xyz,3,0.34439833096289046,True
static_line,43,v15_position_adapter,3.1,radar_xyz,3,3.043851920577705,True
static_line,43,v15_position_adapter,3.2,radar_xyz,3,1.1195619730956832,True
static_line,43,v15_position_adapter,3.3000000000000003,radar_xyz,3,3.979004914688812,True
static_line,43,v15_position_adapter,3.4000000000000004,radar_xyz,3,3.1204820167859864,True
static_line,43,v15_position_adapter,3.5,radar_xyz,3,1.0674535762123045,True
static_line,43,v15_position_adapter,3.6,radar_xyz,3,3.076575563645138,True
static_line,43,v15_position_adapter,3.7,radar_xyz,3,4.355414810140528,True
static_line,43,v15_position_adapter,3.8000000000000003,radar_xyz,3,1.4894686882289834,True
static_line,43,v15_position_adapter,3.9000000000000004,radar_xyz,3,0.5240181985014928,True
static_line,43,v15_position_adapter,4.0,radar_xyz,3,2.8777274647871303,True
static_line,43,v15_position_adapter,4.1000000000000005,radar_xyz,3,0.23950358368820526,True
static_line,43,v15_position_adapter,4.2,radar_xyz,3,4.487883100636994,True
static_line,43,v15_position_adapter,4.3,radar_xyz,3,1.4565467715919647,True
static_line,43,v15_position_adapter,4.4,radar_xyz,3,1.2538220173260253,True
static_line,43,v15_position_adapter,4.5,radar_xyz,3,0.8953614036310568,True
static_line,43,v15_position_adapter,4.6000000000000005,radar_xyz,3,1.5952009979720243,True
static_line,43,v15_position_adapter,4.7,radar_xyz,3,0.27942191661491067,True
static_line,43,v15_position_adapter,4.800000000000001,radar_xyz,3,0.2874580176225299,True
static_line,43,v15_position_adapter,4.9,radar_xyz,3,1.5879080431779702,True
static_line,43,v15_position_adapter,5.0,radar_xyz,3,1.9741439889449437,True
static_line,43,v15_position_adapter,5.1000000000000005,radar_xyz,3,3.765475391918519,True
static_line,43,v15_position_adapter,5.2,radar_xyz,3,2.556752973859339,True
static_line,43,v15_position_adapter,5.300000000000001,radar_xyz,3,2.676063695175534,True
static_line,43,v15_position_adapter,5.4,radar_xyz,3,1.5611936119468743,True
static_line,43,v15_position_adapter,5.5,radar_xyz,3,1.5104980896660534,True
static_line,43,v15_position_adapter,5.6000000000000005,radar_xyz,3,0.3773089303411422,True
static_line,43,v15_position_adapter,5.7,radar_xyz,3,4.26025966695506,True
static_line,43,v15_position_adapter,5.800000000000001,radar_xyz,3,1.6247226316061194,True
static_line,43,v15_position_adapter,5.9,radar_xyz,3,0.46148924764867577,True
static_line,43,v15_position_adapter,6.0,radar_xyz,3,2.846286223907908,True
static_line,43,v15_position_adapter,6.1000000000000005,radar_xyz,3,4.596789042034765,True
static_line,43,v15_position_adapter,6.2,radar_xyz,3,3.732376119527905,True
static_line,43,v15_position_adapter,6.300000000000001,radar_xyz,3,3.236474834505715,True
static_line,43,v15_position_adapter,6.4,radar_xyz,3,4.709384719680105,True
static_line,43,v15_position_adapter,6.5,radar_xyz,3,0.305649319313718,True
static_line,43,v15_position_adapter,6.6000000000000005,radar_xyz,3,1.918866585378273,True
static_line,43,v15_position_adapter,6.7,radar_xyz,3,6.581342397640491,True
static_line,43,v15_position_adapter,6.800000000000001,radar_xyz,3,1.4321568808346967,True
static_line,43,v15_position_adapter,6.9,radar_xyz,3,1.3762853129289605,True
static_line,43,v15_position_adapter,7.0,radar_xyz,3,3.8007097951802074,True
static_line,43,v15_position_adapter,7.1000000000000005,radar_xyz,3,2.9235593224298353,True
static_line,43,v15_position_adapter,7.2,radar_xyz,3,1.0356846431903284,True
static_line,43,v15_position_adapter,7.300000000000001,radar_xyz,3,1.1442119882547033,True
static_line,43,v15_position_adapter,7.4,radar_xyz,3,2.2102093843238193,True
static_line,43,v15_position_adapter,7.5,radar_xyz,3,0.9232263344454085,True
static_line,43,v15_position_adapter,7.6000000000000005,radar_xyz,3,7.738894058013836,True
static_line,43,v15_position_adapter,7.7,radar_xyz,3,8.302797031996104,True
static_line,43,v15_position_adapter,7.800000000000001,radar_xyz,3,0.4387142190621409,True
static_line,43,v15_position_adapter,7.9,radar_xyz,3,3.2847811921778494,True
static_line,43,v15_position_adapter,8.0,radar_xyz,3,1.46926420174372,True
static_line,43,v15_position_adapter,8.1,radar_xyz,3,1.5304008053320475,True
static_line,43,v15_position_adapter,8.200000000000001,radar_xyz,3,1.920340183736518,True
static_line,43,v15_position_adapter,8.3,radar_xyz,3,1.8224660655846698,True
static_line,43,v15_position_adapter,8.4,radar_xyz,3,3.8202134317628045,True
static_line,43,v15_position_adapter,8.5,radar_xyz,3,0.19615083702742603,True
static_line,43,v15_position_adapter,8.6,radar_xyz,3,3.5239431529335916,True
static_line,43,v15_position_adapter,8.700000000000001,radar_xyz,3,0.5149941604981988,True
static_line,43,v15_position_adapter,8.8,radar_xyz,3,2.6449267481453482,True
static_line,43,v15_position_adapter,8.9,radar_xyz,3,2.7813307188275904,True
static_line,43,v15_position_adapter,9.0,radar_xyz,3,4.72996770894393,True
static_line,43,v15_position_adapter,9.1,radar_xyz,3,1.4895758467501885,True
static_line,43,v15_position_adapter,9.200000000000001,radar_xyz,3,6.449741304674257,True
static_line,43,v15_position_adapter,9.3,radar_xyz,3,2.6070980725322936,True
static_line,43,v15_position_adapter,9.4,radar_xyz,3,3.7162772018515344,True
static_line,43,v15_position_adapter,9.5,radar_xyz,3,1.570314379178117,True
static_line,43,v15_position_adapter,9.600000000000001,radar_xyz,3,0.9278129540110315,True
static_line,43,v15_position_adapter,9.700000000000001,radar_xyz,3,2.1927611090116486,True
static_line,43,v15_position_adapter,9.8,radar_xyz,3,0.41616301815883755,True
static_line,43,v15_position_adapter,9.9,radar_xyz,3,3.3636952461225618,True
static_line,43,v15_position_adapter,10.0,radar_xyz,3,3.8410291567796766,True
static_line,43,v15_position_adapter,10.100000000000001,radar_xyz,3,6.371646276679632,True
static_line,43,v15_position_adapter,10.200000000000001,radar_xyz,3,0.6844499980129799,True
static_line,43,v15_position_adapter,10.3,radar_xyz,3,4.9568932369085275,True
static_line,43,v15_position_adapter,10.4,radar_xyz,3,0.15148246994584877,True
static_line,43,v15_position_adapter,10.5,radar_xyz,3,1.340202126238398,True
static_line,43,v15_position_adapter,10.600000000000001,radar_xyz,3,2.4258331968727758,True
static_line,43,v15_position_adapter,10.700000000000001,radar_xyz,3,7.037492013272338,True
static_line,43,v15_position_adapter,10.8,radar_xyz,3,9.067063136723391,True
static_line,43,v15_position_adapter,10.9,radar_xyz,3,5.569568882784375,True
static_line,43,v15_position_adapter,11.0,radar_xyz,3,6.73154493633125,True
static_line,43,v15_position_adapter,11.100000000000001,radar_xyz,3,1.0259668444795849,True
static_line,43,v15_position_adapter,11.200000000000001,radar_xyz,3,0.7464112957736856,True
static_line,43,v15_position_adapter,11.3,radar_xyz,3,5.253121073549658,True
static_line,43,v15_position_adapter,11.4,radar_xyz,3,1.6091030391935404,True
static_line,43,v15_position_adapter,11.5,radar_xyz,3,1.0561640959454746,True
static_line,43,v15_position_adapter,11.600000000000001,radar_xyz,3,5.948160410658712,True
static_line,43,v15_position_adapter,11.700000000000001,radar_xyz,3,6.949775440652173,True
static_line,43,v15_position_adapter,11.8,radar_xyz,3,3.4024703418373248,True
static_line,43,v15_position_adapter,11.9,radar_xyz,3,2.376288354236737,True
static_line,43,v15_position_adapter,12.0,radar_xyz,3,6.369125196066269,True
static_line,43,v2_radar,0.1,radar,4,2.154578682769355,True
static_line,43,v2_radar,0.2,radar,4,0.5638174309064247,True
static_line,43,v2_radar,0.30000000000000004,radar,4,3.116399003764278,True
static_line,43,v2_radar,0.4,radar,4,3.0812159245457575,True
static_line,43,v2_radar,0.5,radar,4,6.868143257653067,True
static_line,43,v2_radar,0.6000000000000001,radar,4,2.168180857890428,True
static_line,43,v2_radar,0.7000000000000001,radar,4,4.178310533591176,True
static_line,43,v2_radar,0.8,radar,4,1.2008756145546757,True
static_line,43,v2_radar,0.9,radar,4,5.385867846088066,True
static_line,43,v2_radar,1.0,radar,4,2.848725997723592,True
static_line,43,v2_radar,1.1,radar,4,4.026233377699283,True
static_line,43,v2_radar,1.2000000000000002,radar,4,2.6427790574523797,True
static_line,43,v2_radar,1.3,radar,4,8.811161944775757,True
static_line,43,v2_radar,1.4000000000000001,radar,4,1.8484165114800064,True
static_line,43,v2_radar,1.5,radar,4,13.307287292750143,False
static_line,43,v2_radar,1.6,radar,4,5.86183472528947,True
static_line,43,v2_radar,1.7000000000000002,radar,4,7.319752336946899,True
static_line,43,v2_radar,1.8,radar,4,1.6304237687814047,True
static_line,43,v2_radar,1.9000000000000001,radar,4,2.228872043764635,True
static_line,43,v2_radar,2.0,radar,4,4.147466817147784,True
static_line,43,v2_radar,2.1,radar,4,2.1981753517364098,True
static_line,43,v2_radar,2.2,radar,4,1.8393486231770781,True
static_line,43,v2_radar,2.3000000000000003,radar,4,0.6226036664815169,True
static_line,43,v2_radar,2.4000000000000004,radar,4,4.001086165821697,True
static_line,43,v2_radar,2.5,radar,4,3.6064408173386364,True
static_line,43,v2_radar,2.6,radar,4,16.284544088719752,False
static_line,43,v2_radar,2.7,radar,4,3.6702986368175248,True
static_line,43,v2_radar,2.8000000000000003,radar,4,6.030873119024603,True
static_line,43,v2_radar,2.9000000000000004,radar,4,3.267139869338475,True
static_line,43,v2_radar,3.0,radar,4,0.8307700246274627,True
static_line,43,v2_radar,3.1,radar,4,4.24629787657559,True
static_line,43,v2_radar,3.2,radar,4,1.8774387893113,True
static_line,43,v2_radar,3.3000000000000003,radar,4,3.8348039310331252,True
static_line,43,v2_radar,3.4000000000000004,radar,4,3.2647867001428543,True
static_line,43,v2_radar,3.5,radar,4,2.1784490886168126,True
static_line,43,v2_radar,3.6,radar,4,2.4083162418222277,True
static_line,43,v2_radar,3.7,radar,4,5.676451700020294,True
static_line,43,v2_radar,3.8000000000000003,radar,4,0.9768262292318884,True
static_line,43,v2_radar,3.9000000000000004,radar,4,1.7976061403703214,True
static_line,43,v2_radar,4.0,radar,4,4.176590428715621,True
static_line,43,v2_radar,4.1000000000000005,radar,4,0.6957476614006359,True
static_line,43,v2_radar,4.2,radar,4,3.681484449537684,True
static_line,43,v2_radar,4.3,radar,4,1.298989883164924,True
static_line,43,v2_radar,4.4,radar,4,2.5985136368554986,True
static_line,43,v2_radar,4.5,radar,4,0.918821199508305,True
static_line,43,v2_radar,4.6000000000000005,radar,4,1.5876612638476497,True
static_line,43,v2_radar,4.7,radar,4,2.8044646680386527,True
static_line,43,v2_radar,4.800000000000001,radar,4,0.5381734136477719,True
static_line,43,v2_radar,4.9,radar,4,1.4631522358053066,True
static_line,43,v2_radar,5.0,radar,4,2.050537194387173,True
static_line,43,v2_radar,5.1000000000000005,radar,4,4.2682390649606345,True
static_line,43,v2_radar,5.2,radar,4,2.4844725614324896,True
static_line,43,v2_radar,5.300000000000001,radar,4,3.31066305746275,True
static_line,43,v2_radar,5.4,radar,4,1.9650953998859135,True
static_line,43,v2_radar,5.5,radar,4,1.6268081077329035,True
static_line,43,v2_radar,5.6000000000000005,radar,4,0.33971008415213994,True
static_line,43,v2_radar,5.7,radar,4,4.755220795224966,True
static_line,43,v2_radar,5.800000000000001,radar,4,2.6169400469812585,True
static_line,43,v2_radar,5.9,radar,4,0.8362613652285847,True
static_line,43,v2_radar,6.0,radar,4,2.6450563001098497,True
static_line,43,v2_radar,6.1000000000000005,radar,4,3.6890125555617472,True
static_line,43,v2_radar,6.2,radar,4,3.6568601120667337,True
static_line,43,v2_radar,6.300000000000001,radar,4,4.2727479656034,True
static_line,43,v2_radar,6.4,radar,4,5.6559664072956295,True
static_line,43,v2_radar,6.5,radar,4,1.7626457510682247,True
static_line,43,v2_radar,6.6000000000000005,radar,4,2.2524608353491744,True
static_line,43,v2_radar,6.7,radar,4,7.0458929390764595,True
static_line,43,v2_radar,6.800000000000001,radar,4,2.1669398818844305,True
static_line,43,v2_radar,6.9,radar,4,2.8484930873013194,True
static_line,43,v2_radar,7.0,radar,4,5.6743300341391985,True
static_line,43,v2_radar,7.1000000000000005,radar,4,3.4351875528839653,True
static_line,43,v2_radar,7.2,radar,4,1.8136572511126114,True
static_line,43,v2_radar,7.300000000000001,radar,4,2.264861766695345,True
static_line,43,v2_radar,7.4,radar,4,3.9292075236795414,True
static_line,43,v2_radar,7.5,radar,4,3.4314966466253947,True
static_line,43,v2_radar,7.6000000000000005,radar,4,6.875243501477827,True
static_line,43,v2_radar,7.7,radar,4,7.8290820967830035,True
static_line,43,v2_radar,7.800000000000001,radar,4,0.7069577945772972,True
static_line,43,v2_radar,7.9,radar,4,4.797660845782798,True
static_line,43,v2_radar,8.0,radar,4,1.5540557009757887,True
static_line,43,v2_radar,8.1,radar,4,1.5411800210946582,True
static_line,43,v2_radar,8.200000000000001,radar,4,2.0993030645135375,True
static_line,43,v2_radar,8.3,radar,4,1.6698615828331183,True
static_line,43,v2_radar,8.4,radar,4,3.921449498996939,True
static_line,43,v2_radar,8.5,radar,4,1.421314842759615,True
static_line,43,v2_radar,8.6,radar,4,5.143930330516597,True
static_line,43,v2_radar,8.700000000000001,radar,4,0.5214862403678054,True
static_line,43,v2_radar,8.8,radar,4,2.635006498087806,True
static_line,43,v2_radar,8.9,radar,4,4.737843060976962,True
static_line,43,v2_radar,9.0,radar,4,5.880549598215118,True
static_line,43,v2_radar,9.1,radar,4,1.6108696707956367,True
static_line,43,v2_radar,9.200000000000001,radar,4,9.004988567539993,True
static_line,43,v2_radar,9.3,radar,4,4.241722445563415,True
static_line,43,v2_radar,9.4,radar,4,5.201375726004324,True
static_line,43,v2_radar,9.5,radar,4,2.7466159583375997,True
static_line,43,v2_radar,9.600000000000001,radar,4,1.5750614144816073,True
static_line,43,v2_radar,9.700000000000001,radar,4,1.9128109710085486,True
static_line,43,v2_radar,9.8,radar,4,0.5570684076919431,True
static_line,43,v2_radar,9.9,radar,4,3.826053352717269,True
static_line,43,v2_radar,10.0,radar,4,4.720162114962359,True
static_line,43,v2_radar,10.100000000000001,radar,4,6.711691284545316,True
static_line,43,v2_radar,10.200000000000001,radar,4,0.7758919396101027,True
static_line,43,v2_radar,10.3,radar,4,4.980191710035985,True
static_line,43,v2_radar,10.4,radar,4,0.5592499266779519,True
static_line,43,v2_radar,10.5,radar,4,2.3813037568040776,True
static_line,43,v2_radar,10.600000000000001,radar,4,2.7206322123600377,True
static_line,43,v2_radar,10.700000000000001,radar,4,10.661326757861563,True
static_line,43,v2_radar,10.8,radar,4,7.649673176850896,True
static_line,43,v2_radar,10.9,radar,4,7.065471731065493,True
static_line,43,v2_radar,11.0,radar,4,7.031208212850188,True
static_line,43,v2_radar,11.100000000000001,radar,4,1.3851632865559989,True
static_line,43,v2_radar,11.200000000000001,radar,4,0.13910984754164332,True
static_line,43,v2_radar,11.3,radar,4,6.2895432327721945,True
static_line,43,v2_radar,11.4,radar,4,1.4266028565009898,True
static_line,43,v2_radar,11.5,radar,4,1.9409128722373914,True
static_line,43,v2_radar,11.600000000000001,radar,4,5.500686112259876,True
static_line,43,v2_radar,11.700000000000001,radar,4,8.108359106695753,True
static_line,43,v2_radar,11.8,radar,4,4.897658964013178,True
static_line,43,v2_radar,11.9,radar,4,3.502285557841101,True
static_line,43,v2_radar,12.0,radar,4,7.5432254440341895,True
static_line,43,v2_range_rate_camera,0.0,camera,2,1.623434829825611,True
static_line,43,v2_range_rate_camera,0.1,radar,2,0.045054318935253364,True
static_line,43,v2_range_rate_camera,0.1,camera,2,0.9865055748273946,True
static_line,43,v2_range_rate_camera,0.2,radar,2,0.5626240492087319,True
static_line,43,v2_range_rate_camera,0.2,camera,2,2.560185736366871,True
static_line,43,v2_range_rate_camera,0.30000000000000004,radar,2,0.08292395166596807,True
static_line,43,v2_range_rate_camera,0.30000000000000004,camera,2,1.4886810587873252,True
static_line,43,v2_range_rate_camera,0.4,radar,2,3.0492286238393875,True
static_line,43,v2_range_rate_camera,0.4,camera,2,2.3326119601141913,True
static_line,43,v2_range_rate_camera,0.5,radar,2,1.0209604269537034,True
static_line,43,v2_range_rate_camera,0.5,camera,2,0.42031092105891177,True
static_line,43,v2_range_rate_camera,0.6000000000000001,radar,2,1.8904470497321058,True
static_line,43,v2_range_rate_camera,0.6000000000000001,camera,2,1.236797452988343,True
static_line,43,v2_range_rate_camera,0.7000000000000001,radar,2,2.1603371938356632,True
static_line,43,v2_range_rate_camera,0.7000000000000001,camera,2,3.5646563086907697,True
static_line,43,v2_range_rate_camera,0.8,radar,2,0.9848472001309437,True
static_line,43,v2_range_rate_camera,0.8,camera,2,1.1541925250978977,True
static_line,43,v2_range_rate_camera,0.9,radar,2,0.2689438391856196,True
static_line,43,v2_range_rate_camera,0.9,camera,2,0.28694749876880216,True
static_line,43,v2_range_rate_camera,1.0,radar,2,2.4917730780815996,True
static_line,43,v2_range_rate_camera,1.0,camera,2,0.6347857497522941,True
static_line,43,v2_range_rate_camera,1.1,radar,2,0.6751790802538622,True
static_line,43,v2_range_rate_camera,1.1,camera,2,1.6131091894624903,True
static_line,43,v2_range_rate_camera,1.2000000000000002,radar,2,0.9043301800528065,True
static_line,43,v2_range_rate_camera,1.2000000000000002,camera,2,0.356834946057049,True
static_line,43,v2_range_rate_camera,1.3,radar,2,6.470202027508853,True
static_line,43,v2_range_rate_camera,1.3,camera,2,2.4839183982392044,True
static_line,43,v2_range_rate_camera,1.4000000000000001,radar,2,0.13546905342800045,True
static_line,43,v2_range_rate_camera,1.4000000000000001,camera,2,3.7892960101483073,True
static_line,43,v2_range_rate_camera,1.5,radar,2,3.4830323988479175,True
static_line,43,v2_range_rate_camera,1.5,camera,2,2.6101915635331543,True
static_line,43,v2_range_rate_camera,1.6,radar,2,1.6145895424697094,True
static_line,43,v2_range_rate_camera,1.6,camera,2,0.6756883860687612,True
static_line,43,v2_range_rate_camera,1.7000000000000002,radar,2,4.281145186081607,True
static_line,43,v2_range_rate_camera,1.7000000000000002,camera,2,2.0585345710302523,True
static_line,43,v2_range_rate_camera,1.8,radar,2,1.288034835142129,True
static_line,43,v2_range_rate_camera,1.8,camera,2,3.632008353095487,True
static_line,43,v2_range_rate_camera,1.9000000000000001,radar,2,1.1713749331532373,True
static_line,43,v2_range_rate_camera,1.9000000000000001,camera,2,0.6777606679380366,True
static_line,43,v2_range_rate_camera,2.0,radar,2,1.0397310303244858,True
static_line,43,v2_range_rate_camera,2.0,camera,2,0.617202334388334,True
static_line,43,v2_range_rate_camera,2.1,radar,2,2.1045694514579463,True
static_line,43,v2_range_rate_camera,2.1,camera,2,5.161281762673559,True
static_line,43,v2_range_rate_camera,2.2,radar,2,1.269373130368473,True
static_line,43,v2_range_rate_camera,2.2,camera,2,0.4465655212114977,True
static_line,43,v2_range_rate_camera,2.3000000000000003,radar,2,0.5476396110772885,True
static_line,43,v2_range_rate_camera,2.3000000000000003,camera,2,1.6666638910554141,True
static_line,43,v2_range_rate_camera,2.4000000000000004,radar,2,3.8820128565830196,True
static_line,43,v2_range_rate_camera,2.4000000000000004,camera,2,1.5433003134998706,True
static_line,43,v2_range_rate_camera,2.5,radar,2,1.1408559545103962,True
static_line,43,v2_range_rate_camera,2.5,camera,2,0.5007922090424091,True
static_line,43,v2_range_rate_camera,2.6,radar,2,1.720707986422569,True
static_line,43,v2_range_rate_camera,2.6,camera,2,3.0107304080237576,True
static_line,43,v2_range_rate_camera,2.7,radar,2,1.0783636176593905,True
static_line,43,v2_range_rate_camera,2.7,camera,2,1.5063743838921455,True
static_line,43,v2_range_rate_camera,2.8000000000000003,radar,2,4.2033844278070855,True
static_line,43,v2_range_rate_camera,2.8000000000000003,camera,2,7.62424790582451,True
static_line,43,v2_range_rate_camera,2.9000000000000004,radar,2,2.0826849083248513,True
static_line,43,v2_range_rate_camera,2.9000000000000004,camera,2,0.25204172221908794,True
static_line,43,v2_range_rate_camera,3.0,radar,2,0.4328663118820005,True
static_line,43,v2_range_rate_camera,3.0,camera,2,0.5959678391430434,True
static_line,43,v2_range_rate_camera,3.1,radar,2,1.8563433040886863,True
static_line,43,v2_range_rate_camera,3.1,camera,2,2.264451933275234,True
static_line,43,v2_range_rate_camera,3.2,radar,2,0.5815207507655997,True
static_line,43,v2_range_rate_camera,3.2,camera,2,3.5895359671387745,True
static_line,43,v2_range_rate_camera,3.3000000000000003,radar,2,1.6335266721684545,True
static_line,43,v2_range_rate_camera,3.3000000000000003,camera,2,2.9918401325238304,True
static_line,43,v2_range_rate_camera,3.4000000000000004,radar,2,1.0811523814538093,True
static_line,43,v2_range_rate_camera,3.4000000000000004,camera,2,0.9399497591314285,True
static_line,43,v2_range_rate_camera,3.5,radar,2,1.9994997779319017,True
static_line,43,v2_range_rate_camera,3.5,camera,2,0.4060285350015611,True
static_line,43,v2_range_rate_camera,3.6,radar,2,1.1017686481180262,True
static_line,43,v2_range_rate_camera,3.6,camera,2,3.0120825008825975,True
static_line,43,v2_range_rate_camera,3.7,radar,2,5.199931065828867,True
static_line,43,v2_range_rate_camera,3.7,camera,2,8.523030912737356,True
static_line,43,v2_range_rate_camera,3.8000000000000003,radar,2,0.17261039544599124,True
static_line,43,v2_range_rate_camera,3.8000000000000003,camera,2,0.060140046162954305,True
static_line,43,v2_range_rate_camera,3.9000000000000004,radar,2,1.2809063619538261,True
static_line,43,v2_range_rate_camera,3.9000000000000004,camera,2,2.472456838390115,True
static_line,43,v2_range_rate_camera,4.0,radar,2,2.1269072095505837,True
static_line,43,v2_range_rate_camera,4.0,camera,2,2.8192734825342067,True
static_line,43,v2_range_rate_camera,4.1000000000000005,radar,2,0.607435218118453,True
static_line,43,v2_range_rate_camera,4.1000000000000005,camera,2,4.488506302867192,True
static_line,43,v2_range_rate_camera,4.2,radar,2,0.6624196132768343,True
static_line,43,v2_range_rate_camera,4.2,camera,2,1.4883697741891317,True
static_line,43,v2_range_rate_camera,4.3,radar,2,0.5036545177076158,True
static_line,43,v2_range_rate_camera,4.3,camera,2,1.1376758038727128,True
static_line,43,v2_range_rate_camera,4.4,radar,2,1.277777619704722,True
static_line,43,v2_range_rate_camera,4.4,camera,2,2.359578172855073,True
static_line,43,v2_range_rate_camera,4.5,radar,2,0.07919274472091647,True
static_line,43,v2_range_rate_camera,4.5,camera,2,0.2034622775617622,True
static_line,43,v2_range_rate_camera,4.6000000000000005,radar,2,0.15191654077945288,True
static_line,43,v2_range_rate_camera,4.6000000000000005,camera,2,3.2789542522215913,True
static_line,43,v2_range_rate_camera,4.7,radar,2,2.700314573438004,True
static_line,43,v2_range_rate_camera,4.7,camera,2,0.02379012743120306,True
static_line,43,v2_range_rate_camera,4.800000000000001,radar,2,0.3987373012665114,True
static_line,43,v2_range_rate_camera,4.800000000000001,camera,2,3.973053470289088,True
static_line,43,v2_range_rate_camera,4.9,radar,2,0.05075805457059367,True
static_line,43,v2_range_rate_camera,4.9,camera,2,1.8305918098573397,True
static_line,43,v2_range_rate_camera,5.0,radar,2,0.36449760479555837,True
static_line,43,v2_range_rate_camera,5.0,camera,2,0.6102880894634688,True
static_line,43,v2_range_rate_camera,5.1000000000000005,radar,2,0.4327155328938383,True
static_line,43,v2_range_rate_camera,5.1000000000000005,camera,2,1.3433835834527241,True
static_line,43,v2_range_rate_camera,5.2,radar,2,0.09321104904599575,True
static_line,43,v2_range_rate_camera,5.2,camera,2,0.5223307616387146,True
static_line,43,v2_range_rate_camera,5.300000000000001,radar,2,2.6511659980608218,True
static_line,43,v2_range_rate_camera,5.300000000000001,camera,2,0.19800655675606477,True
static_line,43,v2_range_rate_camera,5.4,radar,2,1.7768034928683174,True
static_line,43,v2_range_rate_camera,5.4,camera,2,0.12893499595845037,True
static_line,43,v2_range_rate_camera,5.5,radar,2,0.16938052468482345,True
static_line,43,v2_range_rate_camera,5.5,camera,2,3.474471332098972,True
static_line,43,v2_range_rate_camera,5.6000000000000005,radar,2,0.30863295215554515,True
static_line,43,v2_range_rate_camera,5.6000000000000005,camera,2,3.1011232849542547,True
static_line,43,v2_range_rate_camera,5.7,radar,2,1.3469986494031991,True
static_line,43,v2_range_rate_camera,5.7,camera,2,1.5376396456467862,True
static_line,43,v2_range_rate_camera,5.800000000000001,radar,2,1.6236300495671652,True
static_line,43,v2_range_rate_camera,5.800000000000001,camera,2,1.0398987989521304,True
static_line,43,v2_range_rate_camera,5.9,radar,2,0.38339336127108237,True
static_line,43,v2_range_rate_camera,5.9,camera,2,1.6425573189964833,True
static_line,43,v2_range_rate_camera,6.0,radar,2,0.06082062200241451,True
static_line,43,v2_range_rate_camera,6.0,camera,2,0.4200999678930341,True
static_line,43,v2_range_rate_camera,6.1000000000000005,radar,2,1.209426206666534,True
static_line,43,v2_range_rate_camera,6.1000000000000005,camera,2,0.011913541300077431,True
static_line,43,v2_range_rate_camera,6.2,radar,2,2.738724660800874,True
static_line,43,v2_range_rate_camera,6.2,camera,2,2.1517367184671707,True
static_line,43,v2_range_rate_camera,6.300000000000001,radar,2,2.234793242732027,True
static_line,43,v2_range_rate_camera,6.300000000000001,camera,2,0.6487937439243584,True
static_line,43,v2_range_rate_camera,6.4,radar,2,4.723064715605504,True
static_line,43,v2_range_rate_camera,6.4,camera,2,2.932730131201338,True
static_line,43,v2_range_rate_camera,6.5,radar,2,1.4877897029516944,True
static_line,43,v2_range_rate_camera,6.5,camera,2,2.0264665373435338,True
static_line,43,v2_range_rate_camera,6.6000000000000005,radar,2,2.0987325817330245,True
static_line,43,v2_range_rate_camera,6.6000000000000005,camera,2,3.858933088322382,True
static_line,43,v2_range_rate_camera,6.7,radar,2,0.7897308468219995,True
static_line,43,v2_range_rate_camera,6.7,camera,2,1.5478688287216906,True
static_line,43,v2_range_rate_camera,6.800000000000001,radar,2,1.8743585911997576,True
static_line,43,v2_range_rate_camera,6.800000000000001,camera,2,0.18383481165523122,True
static_line,43,v2_range_rate_camera,6.9,radar,2,1.8782434577982834,True
static_line,43,v2_range_rate_camera,6.9,camera,2,3.1208992583955797,True
static_line,43,v2_range_rate_camera,7.0,radar,2,4.267014285209894,True
static_line,43,v2_range_rate_camera,7.0,camera,2,1.9412572092181706,True
static_line,43,v2_range_rate_camera,7.1000000000000005,radar,2,0.4778498393452067,True
static_line,43,v2_range_rate_camera,7.1000000000000005,camera,2,1.2844847302595093,True
static_line,43,v2_range_rate_camera,7.2,radar,2,0.8935982698181197,True
static_line,43,v2_range_rate_camera,7.2,camera,2,2.7995071195309933,True
static_line,43,v2_range_rate_camera,7.300000000000001,radar,2,1.8157116811882514,True
static_line,43,v2_range_rate_camera,7.300000000000001,camera,2,5.75805458648938,True
static_line,43,v2_range_rate_camera,7.4,radar,2,3.0280625391110525,True
static_line,43,v2_range_rate_camera,7.4,camera,2,0.5408992634654654,True
static_line,43,v2_range_rate_camera,7.5,radar,2,3.3059829612382563,True
static_line,43,v2_range_rate_camera,7.5,camera,2,2.181179654307898,True
static_line,43,v2_range_rate_camera,7.6000000000000005,radar,2,0.4295534527739587,True
static_line,43,v2_range_rate_camera,7.6000000000000005,camera,2,1.234380255779159,True
static_line,43,v2_range_rate_camera,7.7,radar,2,5.720952920039192,True
static_line,43,v2_range_rate_camera,7.7,camera,2,1.2692048400650395,True
static_line,43,v2_range_rate_camera,7.800000000000001,radar,2,0.31440459356652684,True
static_line,43,v2_range_rate_camera,7.800000000000001,camera,2,1.2299904615922845,True
static_line,43,v2_range_rate_camera,7.9,radar,2,2.5144933961322633,True
static_line,43,v2_range_rate_camera,7.9,camera,2,1.8973103314054196,True
static_line,43,v2_range_rate_camera,8.0,radar,2,0.23751508241504043,True
static_line,43,v2_range_rate_camera,8.0,camera,2,0.6356804274781857,True
static_line,43,v2_range_rate_camera,8.1,radar,2,0.07332036090995675,True
static_line,43,v2_range_rate_camera,8.1,camera,2,0.6402913492846394,True
static_line,43,v2_range_rate_camera,8.200000000000001,radar,2,0.293911355929337,True
static_line,43,v2_range_rate_camera,8.200000000000001,camera,2,1.4841646393680112,True
static_line,43,v2_range_rate_camera,8.3,radar,2,0.44518121324863547,True
static_line,43,v2_range_rate_camera,8.3,camera,2,2.3861957607785507,True
static_line,43,v2_range_rate_camera,8.4,radar,2,0.23181637618982726,True
static_line,43,v2_range_rate_camera,8.4,camera,2,0.40947953214421,True
static_line,43,v2_range_rate_camera,8.5,radar,2,1.2822980778463666,True
static_line,43,v2_range_rate_camera,8.5,camera,2,0.24686491282064488,True
static_line,43,v2_range_rate_camera,8.6,radar,2,3.9505212327399,True
static_line,43,v2_range_rate_camera,8.6,camera,2,1.397016114501643,True
static_line,43,v2_range_rate_camera,8.700000000000001,radar,2,0.1831006600634329,True
static_line,43,v2_range_rate_camera,8.700000000000001,camera,2,1.1308053936021438,True
static_line,43,v2_range_rate_camera,8.8,radar,2,0.08133048724878275,True
static_line,43,v2_range_rate_camera,8.8,camera,2,1.0588985290812831,True
static_line,43,v2_range_rate_camera,8.9,radar,2,3.998635004256611,True
static_line,43,v2_range_rate_camera,8.9,camera,2,2.9395070835584276,True
static_line,43,v2_range_rate_camera,9.0,radar,2,2.7289769550533785,True
static_line,43,v2_range_rate_camera,9.0,camera,2,0.7599965741885515,True
static_line,43,v2_range_rate_camera,9.1,radar,2,0.9425925748027237,True
static_line,43,v2_range_rate_camera,9.1,camera,2,0.007125926321121602,True
static_line,43,v2_range_rate_camera,9.200000000000001,radar,2,2.693332072553014,True
static_line,43,v2_range_rate_camera,9.200000000000001,camera,2,0.01798679901198044,True
static_line,43,v2_range_rate_camera,9.3,radar,2,3.2150692334116266,True
static_line,43,v2_range_rate_camera,9.3,camera,2,2.5963453714192712,True
static_line,43,v2_range_rate_camera,9.4,radar,2,4.896803156122354,True
static_line,43,v2_range_rate_camera,9.4,camera,2,0.5428365558611277,True
static_line,43,v2_range_rate_camera,9.5,radar,2,1.3653883028773228,True
static_line,43,v2_range_rate_camera,9.5,camera,2,0.006752344504768701,True
static_line,43,v2_range_rate_camera,9.600000000000001,radar,2,0.7281911748720608,True
static_line,43,v2_range_rate_camera,9.600000000000001,camera,2,4.704591484215048,True
static_line,43,v2_range_rate_camera,9.700000000000001,radar,2,0.07726204033973706,True
static_line,43,v2_range_rate_camera,9.700000000000001,camera,2,2.4491688059720063,True
static_line,43,v2_range_rate_camera,9.8,radar,2,0.18050056599464406,True
static_line,43,v2_range_rate_camera,9.8,camera,2,2.310874334960175,True
static_line,43,v2_range_rate_camera,9.9,radar,2,0.7525403229000313,True
static_line,43,v2_range_rate_camera,9.9,camera,2,6.213286190713854,True
static_line,43,v2_range_rate_camera,10.0,radar,2,0.9822991379979397,True
static_line,43,v2_range_rate_camera,10.0,camera,2,1.6263244193088235,True
static_line,43,v2_range_rate_camera,10.100000000000001,radar,2,1.1731703000220124,True
static_line,43,v2_range_rate_camera,10.100000000000001,camera,2,2.098020645240242,True
static_line,43,v2_range_rate_camera,10.200000000000001,radar,2,0.1429018629364132,True
static_line,43,v2_range_rate_camera,10.200000000000001,camera,2,0.006119927700527269,True
static_line,43,v2_range_rate_camera,10.3,radar,2,0.7005210465774737,True
static_line,43,v2_range_rate_camera,10.3,camera,2,0.2191361279246457,True
static_line,43,v2_range_rate_camera,10.4,radar,2,0.423295534138087,True
static_line,43,v2_range_rate_camera,10.4,camera,2,0.3260267856138183,True
static_line,43,v2_range_rate_camera,10.5,radar,2,1.052573863164443,True
static_line,43,v2_range_rate_camera,10.5,camera,2,1.05589500305118,True
static_line,43,v2_range_rate_camera,10.600000000000001,radar,2,0.8315287920088854,True
static_line,43,v2_range_rate_camera,10.600000000000001,camera,2,7.996219840943177,True
static_line,43,v2_range_rate_camera,10.700000000000001,radar,2,8.507130836878739,True
static_line,43,v2_range_rate_camera,10.700000000000001,camera,2,0.2902799630068475,True
static_line,43,v2_range_rate_camera,10.8,radar,2,5.9509186320884915,True
static_line,43,v2_range_rate_camera,10.8,camera,2,2.7320683141184703,True
static_line,43,v2_range_rate_camera,10.9,radar,2,4.874753594711333,True
static_line,43,v2_range_rate_camera,10.9,camera,2,0.30976451551304734,True
static_line,43,v2_range_rate_camera,11.0,radar,2,0.2204482288627351,True
static_line,43,v2_range_rate_camera,11.0,camera,2,1.251371577851696,True
static_line,43,v2_range_rate_camera,11.100000000000001,radar,2,0.38020292389662835,True
static_line,43,v2_range_rate_camera,11.100000000000001,camera,2,3.1170895101474536,True
static_line,43,v2_range_rate_camera,11.200000000000001,radar,2,0.12017796494797325,True
static_line,43,v2_range_rate_camera,11.200000000000001,camera,2,2.501095939247328,True
static_line,43,v2_range_rate_camera,11.3,radar,2,1.2777372632996316,True
static_line,43,v2_range_rate_camera,11.3,camera,2,5.422466987808436,True
static_line,43,v2_range_rate_camera,11.4,radar,2,0.21917559569834483,True
static_line,43,v2_range_rate_camera,11.4,camera,2,4.493843333523773,True
static_line,43,v2_range_rate_camera,11.5,radar,2,1.0586440052263322,True
static_line,43,v2_range_rate_camera,11.5,camera,2,0.13044106259506236,True
static_line,43,v2_range_rate_camera,11.600000000000001,radar,2,3.4835696794146553,True
static_line,43,v2_range_rate_camera,11.600000000000001,camera,2,2.3885624822577527,True
static_line,43,v2_range_rate_camera,11.700000000000001,radar,2,2.914155741746689,True
static_line,43,v2_range_rate_camera,11.700000000000001,camera,2,0.5888630761542923,True
static_line,43,v2_range_rate_camera,11.8,radar,2,2.332994391491331,True
static_line,43,v2_range_rate_camera,11.8,camera,2,1.2818462646754436,True
static_line,43,v2_range_rate_camera,11.9,radar,2,1.0447865621983081,True
static_line,43,v2_range_rate_camera,11.9,camera,2,1.0387501653340403,True
static_line,43,v2_range_rate_camera,12.0,radar,2,2.625448393600038,True
static_line,43,v2_range_rate_camera,12.0,camera,2,0.48960043887168203,True
static_line,43,v2_full,0.0,camera,2,1.623434829825611,True
static_line,43,v2_full,0.1,radar,4,2.6750390935118764,True
static_line,43,v2_full,0.1,camera,2,0.21451007352689533,True
static_line,43,v2_full,0.2,radar,4,0.6193871465813617,True
static_line,43,v2_full,0.2,camera,2,3.6919978091515397,True
static_line,43,v2_full,0.30000000000000004,radar,4,3.313091789670181,True
static_line,43,v2_full,0.30000000000000004,camera,2,0.9750526482664215,True
static_line,43,v2_full,0.4,radar,4,3.497882448994015,True
static_line,43,v2_full,0.4,camera,2,2.979876651376162,True
static_line,43,v2_full,0.5,radar,4,5.300075666118499,True
static_line,43,v2_full,0.5,camera,2,0.4909498366710957,True
static_line,43,v2_full,0.6000000000000001,radar,4,1.9111954478596598,True
static_line,43,v2_full,0.6000000000000001,camera,2,1.4526522211520416,True
static_line,43,v2_full,0.7000000000000001,radar,4,5.050121233946495,True
static_line,43,v2_full,0.7000000000000001,camera,2,4.098359109507904,True
static_line,43,v2_full,0.8,radar,4,1.4657175589323643,True
static_line,43,v2_full,0.8,camera,2,1.703609533783997,True
static_line,43,v2_full,0.9,radar,4,2.9920907012014952,True
static_line,43,v2_full,0.9,camera,2,0.2865999332921992,True
static_line,43,v2_full,1.0,radar,4,2.7881916772933923,True
static_line,43,v2_full,1.0,camera,2,0.6092434869975784,True
static_line,43,v2_full,1.1,radar,4,6.44171768233389,True
static_line,43,v2_full,1.1,camera,2,1.3624618375945696,True
static_line,43,v2_full,1.2000000000000002,radar,4,2.6655384557625124,True
static_line,43,v2_full,1.2000000000000002,camera,2,0.2842329637205647,True
static_line,43,v2_full,1.3,radar,4,10.928856036897288,True
static_line,43,v2_full,1.3,camera,2,3.2075973580983543,True
static_line,43,v2_full,1.4000000000000001,radar,4,3.886390074054571,True
static_line,43,v2_full,1.4000000000000001,camera,2,2.1268990558860454,True
static_line,43,v2_full,1.5,radar,4,9.513054820107671,True
static_line,43,v2_full,1.5,camera,2,3.139203416065291,True
static_line,43,v2_full,1.6,radar,4,2.747234593595501,True
static_line,43,v2_full,1.6,camera,2,0.756843208691889,True
static_line,43,v2_full,1.7000000000000002,radar,4,5.282247716875886,True
static_line,43,v2_full,1.7000000000000002,camera,2,1.8546828245653535,True
static_line,43,v2_full,1.8,radar,4,1.7082133571994134,True
static_line,43,v2_full,1.8,camera,2,3.731335398872255,True
static_line,43,v2_full,1.9000000000000001,radar,4,3.595350888702173,True
static_line,43,v2_full,1.9000000000000001,camera,2,0.8082951382200352,True
static_line,43,v2_full,2.0,radar,4,4.010983856892663,True
static_line,43,v2_full,2.0,camera,2,0.460731333887757,True
static_line,43,v2_full,2.1,radar,4,2.7351283437261458,True
static_line,43,v2_full,2.1,camera,2,4.22732622355897,True
static_line,43,v2_full,2.2,radar,4,3.501806771375579,True
static_line,43,v2_full,2.2,camera,2,0.41700867989858753,True
static_line,43,v2_full,2.3000000000000003,radar,4,1.0525900949551787,True
static_line,43,v2_full,2.3000000000000003,camera,2,1.6017407445651393,True
static_line,43,v2_full,2.4000000000000004,radar,4,5.149249825569029,True
static_line,43,v2_full,2.4000000000000004,camera,2,2.1486002717840464,True
static_line,43,v2_full,2.5,radar,4,2.065011630130898,True
static_line,43,v2_full,2.5,camera,2,0.3537587262873967,True
static_line,43,v2_full,2.6,radar,4,13.470084001115016,False
static_line,43,v2_full,2.6,camera,2,3.249136706727272,True
static_line,43,v2_full,2.7,radar,4,2.314201508655085,True
static_line,43,v2_full,2.7,camera,2,1.693400905948287,True
static_line,43,v2_full,2.8000000000000003,radar,4,4.302284606951126,True
static_line,43,v2_full,2.8000000000000003,camera,2,8.10903280055748,True
static_line,43,v2_full,2.9000000000000004,radar,4,2.9668752938559497,True
static_line,43,v2_full,2.9000000000000004,camera,2,0.2794502558920061,True
static_line,43,v2_full,3.0,radar,4,0.8537939806289945,True
static_line,43,v2_full,3.0,camera,2,0.6306148186816529,True
static_line,43,v2_full,3.1,radar,4,4.152349468856183,True
static_line,43,v2_full,3.1,camera,2,2.1889862946049883,True
static_line,43,v2_full,3.2,radar,4,2.324100021012557,True
static_line,43,v2_full,3.2,camera,2,3.3110119251462766,True
static_line,43,v2_full,3.3000000000000003,radar,4,4.725215743272405,True
static_line,43,v2_full,3.3000000000000003,camera,2,2.7282432477673795,True
static_line,43,v2_full,3.4000000000000004,radar,4,2.4911718591019234,True
static_line,43,v2_full,3.4000000000000004,camera,2,0.937845721399372,True
static_line,43,v2_full,3.5,radar,4,2.248795890378856,True
static_line,43,v2_full,3.5,camera,2,0.45093452883586016,True
static_line,43,v2_full,3.6,radar,4,3.365483538943764,True
static_line,43,v2_full,3.6,camera,2,3.2533469751948707,True
static_line,43,v2_full,3.7,radar,4,5.598307782959889,True
static_line,43,v2_full,3.7,camera,2,8.32118250519761,True
static_line,43,v2_full,3.8000000000000003,radar,4,0.9196314819891811,True
static_line,43,v2_full,3.8000000000000003,camera,2,0.0586635855192355,True
static_line,43,v2_full,3.9000000000000004,radar,4,2.8083653619765925,True
static_line,43,v2_full,3.9000000000000004,camera,2,3.2599103386996844,True
static_line,43,v2_full,4.0,radar,4,2.513777969074438,True
static_line,43,v2_full,4.0,camera,2,2.5326045052233113,True
static_line,43,v2_full,4.1000000000000005,radar,4,0.8177790130010769,True
static_line,43,v2_full,4.1000000000000005,camera,2,4.204602671011203,True
static_line,43,v2_full,4.2,radar,4,6.068803678435241,True
static_line,43,v2_full,4.2,camera,2,1.3892681940305422,True
static_line,43,v2_full,4.3,radar,4,2.0288460407214237,True
static_line,43,v2_full,4.3,camera,2,0.6530279249715473,True
static_line,43,v2_full,4.4,radar,4,3.575308544386462,True
static_line,43,v2_full,4.4,camera,2,1.587800984381973,True
static_line,43,v2_full,4.5,radar,4,0.6375884576509517,True
static_line,43,v2_full,4.5,camera,2,0.4531763268140168,True
static_line,43,v2_full,4.6000000000000005,radar,4,0.7041828058296533,True
static_line,43,v2_full,4.6000000000000005,camera,2,3.0092589693932363,True
static_line,43,v2_full,4.7,radar,4,2.8925162028082165,True
static_line,43,v2_full,4.7,camera,2,0.05367837179648573,True
static_line,43,v2_full,4.800000000000001,radar,4,0.8332723865933618,True
static_line,43,v2_full,4.800000000000001,camera,2,4.413103255144213,True
static_line,43,v2_full,4.9,radar,4,0.745496256125351,True
static_line,43,v2_full,4.9,camera,2,1.87589401197612,True
static_line,43,v2_full,5.0,radar,4,1.3910591478086964,True
static_line,43,v2_full,5.0,camera,2,0.5901082862596658,True
static_line,43,v2_full,5.1000000000000005,radar,4,5.764340412061506,True
static_line,43,v2_full,5.1000000000000005,camera,2,1.168420569295564,True
static_line,43,v2_full,5.2,radar,4,2.217643548015963,True
static_line,43,v2_full,5.2,camera,2,0.5860511068480269,True
static_line,43,v2_full,5.300000000000001,radar,4,3.082077968263241,True
static_line,43,v2_full,5.300000000000001,camera,2,0.20846840585076634,True
static_line,43,v2_full,5.4,radar,4,2.3041400911037146,True
static_line,43,v2_full,5.4,camera,2,0.1589209808362757,True
static_line,43,v2_full,5.5,radar,4,2.586516922640776,True
static_line,43,v2_full,5.5,camera,2,3.086083747236341,True
static_line,43,v2_full,5.6000000000000005,radar,4,0.36000997975801236,True
static_line,43,v2_full,5.6000000000000005,camera,2,2.6403092778715402,True
static_line,43,v2_full,5.7,radar,4,6.393252748980934,True
static_line,43,v2_full,5.7,camera,2,2.269283080238099,True
static_line,43,v2_full,5.800000000000001,radar,4,1.8327351140103665,True
static_line,43,v2_full,5.800000000000001,camera,2,1.4033620377433869,True
static_line,43,v2_full,5.9,radar,4,2.097560961279736,True
static_line,43,v2_full,5.9,camera,2,1.9404044903692963,True
static_line,43,v2_full,6.0,radar,4,0.9686618205746544,True
static_line,43,v2_full,6.0,camera,2,0.4181430924312743,True
static_line,43,v2_full,6.1000000000000005,radar,4,2.9491661913456073,True
static_line,43,v2_full,6.1000000000000005,camera,2,0.01101365692527497,True
static_line,43,v2_full,6.2,radar,4,3.853014209959945,True
static_line,43,v2_full,6.2,camera,2,2.5644160156526774,True
static_line,43,v2_full,6.300000000000001,radar,4,4.63502073211033,True
static_line,43,v2_full,6.300000000000001,camera,2,0.9345710969635826,True
static_line,43,v2_full,6.4,radar,4,5.13606794698876,True
static_line,43,v2_full,6.4,camera,2,2.3323788428702867,True
static_line,43,v2_full,6.5,radar,4,1.6107762895768318,True
static_line,43,v2_full,6.5,camera,2,1.82891131086588,True
static_line,43,v2_full,6.6000000000000005,radar,4,2.416440018970428,True
static_line,43,v2_full,6.6000000000000005,camera,2,4.404231212144629,True
static_line,43,v2_full,6.7,radar,4,6.098319920481154,True
static_line,43,v2_full,6.7,camera,2,1.909021145371263,True
static_line,43,v2_full,6.800000000000001,radar,4,2.021475246808273,True
static_line,43,v2_full,6.800000000000001,camera,2,0.33289741463461636,True
static_line,43,v2_full,6.9,radar,4,2.8899384918911544,True
static_line,43,v2_full,6.9,camera,2,3.1304647963140493,True
static_line,43,v2_full,7.0,radar,4,5.092211139075622,True
static_line,43,v2_full,7.0,camera,2,1.973957841834121,True
static_line,43,v2_full,7.1000000000000005,radar,4,3.638700384809087,True
static_line,43,v2_full,7.1000000000000005,camera,2,1.5814033079001777,True
static_line,43,v2_full,7.2,radar,4,1.344016111090294,True
static_line,43,v2_full,7.2,camera,2,2.56565320019093,True
static_line,43,v2_full,7.300000000000001,radar,4,2.4989453698122115,True
static_line,43,v2_full,7.300000000000001,camera,2,5.6522840719908265,True
static_line,43,v2_full,7.4,radar,4,4.140017428516113,True
static_line,43,v2_full,7.4,camera,2,0.7467484317757013,True
static_line,43,v2_full,7.5,radar,4,3.3587076216758036,True
static_line,43,v2_full,7.5,camera,2,2.1344276200906607,True
static_line,43,v2_full,7.6000000000000005,radar,4,6.596159108982442,True
static_line,43,v2_full,7.6000000000000005,camera,2,1.2823906976974446,True
static_line,43,v2_full,7.7,radar,4,8.131956548397527,True
static_line,43,v2_full,7.7,camera,2,1.7640306298332704,True
static_line,43,v2_full,7.800000000000001,radar,4,0.7793895971670415,True
static_line,43,v2_full,7.800000000000001,camera,2,0.8566085421556019,True
static_line,43,v2_full,7.9,radar,4,5.67373089658915,True
static_line,43,v2_full,7.9,camera,2,2.0176632790562894,True
static_line,43,v2_full,8.0,radar,4,1.7438623362949799,True
static_line,43,v2_full,8.0,camera,2,0.3303967230997202,True
static_line,43,v2_full,8.1,radar,4,1.5079213517343646,True
static_line,43,v2_full,8.1,camera,2,0.711593568679692,True
static_line,43,v2_full,8.200000000000001,radar,4,1.194128003703754,True
static_line,43,v2_full,8.200000000000001,camera,2,1.7347398914546126,True
static_line,43,v2_full,8.3,radar,4,1.5556987606718269,True
static_line,43,v2_full,8.3,camera,2,2.6056282585002197,True
static_line,43,v2_full,8.4,radar,4,3.25829326869911,True
static_line,43,v2_full,8.4,camera,2,0.5890807261086368,True
static_line,43,v2_full,8.5,radar,4,1.6122081193967637,True
static_line,43,v2_full,8.5,camera,2,0.2790778606941589,True
static_line,43,v2_full,8.6,radar,4,5.185582532912277,True
static_line,43,v2_full,8.6,camera,2,1.6376594434675764,True
static_line,43,v2_full,8.700000000000001,radar,4,0.2745326508509178,True
static_line,43,v2_full,8.700000000000001,camera,2,1.4385536706560547,True
static_line,43,v2_full,8.8,radar,4,2.5278870925125316,True
static_line,43,v2_full,8.8,camera,2,0.8007822611681968,True
static_line,43,v2_full,8.9,radar,4,4.5647455637300665,True
static_line,43,v2_full,8.9,camera,2,2.808692385397913,True
static_line,43,v2_full,9.0,radar,4,6.74564932701789,True
static_line,43,v2_full,9.0,camera,2,0.9551503455086725,True
static_line,43,v2_full,9.1,radar,4,1.1051542311810583,True
static_line,43,v2_full,9.1,camera,2,0.04642003791769311,True
static_line,43,v2_full,9.200000000000001,radar,4,13.020326742431559,True
static_line,43,v2_full,9.200000000000001,camera,2,0.24047088377475653,True
static_line,43,v2_full,9.3,radar,4,3.8101617873060043,True
static_line,43,v2_full,9.3,camera,2,3.6416675341736986,True
static_line,43,v2_full,9.4,radar,4,5.350953812672405,True
static_line,43,v2_full,9.4,camera,2,0.2038827146370797,True
static_line,43,v2_full,9.5,radar,4,2.739307233383956,True
static_line,43,v2_full,9.5,camera,2,0.04421970062253633,True
static_line,43,v2_full,9.600000000000001,radar,4,2.6902216265986922,True
static_line,43,v2_full,9.600000000000001,camera,2,6.032067683636034,True
static_line,43,v2_full,9.700000000000001,radar,4,1.749249414040293,True
static_line,43,v2_full,9.700000000000001,camera,2,2.2468816413614854,True
static_line,43,v2_full,9.8,radar,4,0.5803607597567687,True
static_line,43,v2_full,9.8,camera,2,1.7660341006220608,True
static_line,43,v2_full,9.9,radar,4,1.7566948709792418,True
static_line,43,v2_full,9.9,camera,2,6.018401939101543,True
static_line,43,v2_full,10.0,radar,4,4.895981541873764,True
static_line,43,v2_full,10.0,camera,2,1.9645988254590907,True
static_line,43,v2_full,10.100000000000001,radar,4,6.813768457591495,True
static_line,43,v2_full,10.100000000000001,camera,2,2.2038660554488083,True
static_line,43,v2_full,10.200000000000001,radar,4,1.7161191192389724,True
static_line,43,v2_full,10.200000000000001,camera,2,0.06694750544139412,True
static_line,43,v2_full,10.3,radar,4,5.167322692770857,True
static_line,43,v2_full,10.3,camera,2,0.2905221102771539,True
static_line,43,v2_full,10.4,radar,4,0.8448907575056618,True
static_line,43,v2_full,10.4,camera,2,0.43123026022617084,True
static_line,43,v2_full,10.5,radar,4,1.3891464202179091,True
static_line,43,v2_full,10.5,camera,2,1.0054409552040289,True
static_line,43,v2_full,10.600000000000001,radar,4,2.6769908441174093,True
static_line,43,v2_full,10.600000000000001,camera,2,8.546367387111996,True
static_line,43,v2_full,10.700000000000001,radar,4,9.924714915469327,True
static_line,43,v2_full,10.700000000000001,camera,2,0.3243562066926844,True
static_line,43,v2_full,10.8,radar,4,7.736577312141976,True
static_line,43,v2_full,10.8,camera,2,3.2927977941621025,True
static_line,43,v2_full,10.9,radar,4,6.449421386875073,True
static_line,43,v2_full,10.9,camera,2,0.4093286561850863,True
static_line,43,v2_full,11.0,radar,4,7.659784695729535,True
static_line,43,v2_full,11.0,camera,2,1.6453723540250047,True
static_line,43,v2_full,11.100000000000001,radar,4,3.1820058842853944,True
static_line,43,v2_full,11.100000000000001,camera,2,2.538026877430387,True
static_line,43,v2_full,11.200000000000001,radar,4,0.576774958476938,True
static_line,43,v2_full,11.200000000000001,camera,2,3.3097511687325563,True
static_line,43,v2_full,11.3,radar,4,4.627545846803994,True
static_line,43,v2_full,11.3,camera,2,4.931503853813295,True
static_line,43,v2_full,11.4,radar,4,2.0437161572608984,True
static_line,43,v2_full,11.4,camera,2,3.9063382350407974,True
static_line,43,v2_full,11.5,radar,4,1.6153901848245311,True
static_line,43,v2_full,11.5,camera,2,0.14871267630666485,True
static_line,43,v2_full,11.600000000000001,radar,4,5.0382724194621895,True
static_line,43,v2_full,11.600000000000001,camera,2,2.9500661453775865,True
static_line,43,v2_full,11.700000000000001,radar,4,8.887571993402114,True
static_line,43,v2_full,11.700000000000001,camera,2,0.5327061187885737,True
static_line,43,v2_full,11.8,radar,4,3.6696485964474412,True
static_line,43,v2_full,11.8,camera,2,1.7467692696520196,True
static_line,43,v2_full,11.9,radar,4,2.5749431645249063,True
static_line,43,v2_full,11.9,camera,2,1.130714853846387,True
static_line,43,v2_full,12.0,radar,4,7.131590659477304,True
static_line,43,v2_full,12.0,camera,2,0.7707155198640863,True
static_line,43,frozen_ego_fault,0.0,camera,2,1.623434829825611,True
static_line,43,frozen_ego_fault,0.1,radar,4,2.6750390935118764,True
static_line,43,frozen_ego_fault,0.1,camera,2,0.21451007352689533,True
static_line,43,frozen_ego_fault,0.2,radar,4,0.6193871465813617,True
static_line,43,frozen_ego_fault,0.2,camera,2,3.6919978091515397,True
static_line,43,frozen_ego_fault,0.30000000000000004,radar,4,3.313091789670181,True
static_line,43,frozen_ego_fault,0.30000000000000004,camera,2,0.9750526482664215,True
static_line,43,frozen_ego_fault,0.4,radar,4,3.497882448994015,True
static_line,43,frozen_ego_fault,0.4,camera,2,2.979876651376162,True
static_line,43,frozen_ego_fault,0.5,radar,4,5.300075666118499,True
static_line,43,frozen_ego_fault,0.5,camera,2,0.4909498366710957,True
static_line,43,frozen_ego_fault,0.6000000000000001,radar,4,1.9111954478596598,True
static_line,43,frozen_ego_fault,0.6000000000000001,camera,2,1.4526522211520416,True
static_line,43,frozen_ego_fault,0.7000000000000001,radar,4,5.050121233946495,True
static_line,43,frozen_ego_fault,0.7000000000000001,camera,2,4.098359109507904,True
static_line,43,frozen_ego_fault,0.8,radar,4,1.4657175589323643,True
static_line,43,frozen_ego_fault,0.8,camera,2,1.703609533783997,True
static_line,43,frozen_ego_fault,0.9,radar,4,2.9920907012014952,True
static_line,43,frozen_ego_fault,0.9,camera,2,0.2865999332921992,True
static_line,43,frozen_ego_fault,1.0,radar,4,2.7881916772933923,True
static_line,43,frozen_ego_fault,1.0,camera,2,0.6092434869975784,True
static_line,43,frozen_ego_fault,1.1,radar,4,6.44171768233389,True
static_line,43,frozen_ego_fault,1.1,camera,2,1.3624618375945696,True
static_line,43,frozen_ego_fault,1.2000000000000002,radar,4,2.6655384557625124,True
static_line,43,frozen_ego_fault,1.2000000000000002,camera,2,0.2842329637205647,True
static_line,43,frozen_ego_fault,1.3,radar,4,10.928856036897288,True
static_line,43,frozen_ego_fault,1.3,camera,2,3.2075973580983543,True
static_line,43,frozen_ego_fault,1.4000000000000001,radar,4,3.886390074054571,True
static_line,43,frozen_ego_fault,1.4000000000000001,camera,2,2.1268990558860454,True
static_line,43,frozen_ego_fault,1.5,radar,4,9.513054820107671,True
static_line,43,frozen_ego_fault,1.5,camera,2,3.139203416065291,True
static_line,43,frozen_ego_fault,1.6,radar,4,2.747234593595501,True
static_line,43,frozen_ego_fault,1.6,camera,2,0.756843208691889,True
static_line,43,frozen_ego_fault,1.7000000000000002,radar,4,5.282247716875886,True
static_line,43,frozen_ego_fault,1.7000000000000002,camera,2,1.8546828245653535,True
static_line,43,frozen_ego_fault,1.8,radar,4,1.7082133571994134,True
static_line,43,frozen_ego_fault,1.8,camera,2,3.731335398872255,True
static_line,43,frozen_ego_fault,1.9000000000000001,radar,4,3.595350888702173,True
static_line,43,frozen_ego_fault,1.9000000000000001,camera,2,0.8082951382200352,True
static_line,43,frozen_ego_fault,2.0,radar,4,4.010983856892663,True
static_line,43,frozen_ego_fault,2.0,camera,2,0.460731333887757,True
static_line,43,frozen_ego_fault,2.1,radar,4,2.7351283437261458,True
static_line,43,frozen_ego_fault,2.1,camera,2,4.22732622355897,True
static_line,43,frozen_ego_fault,2.2,radar,4,3.501806771375579,True
static_line,43,frozen_ego_fault,2.2,camera,2,0.41700867989858753,True
static_line,43,frozen_ego_fault,2.3000000000000003,radar,4,1.0525900949551787,True
static_line,43,frozen_ego_fault,2.3000000000000003,camera,2,1.6017407445651393,True
static_line,43,frozen_ego_fault,2.4000000000000004,radar,4,5.149249825569029,True
static_line,43,frozen_ego_fault,2.4000000000000004,camera,2,2.1486002717840464,True
static_line,43,frozen_ego_fault,2.5,radar,4,2.065011630130898,True
static_line,43,frozen_ego_fault,2.5,camera,2,0.3537587262873967,True
static_line,43,frozen_ego_fault,2.6,radar,4,13.470084001115016,False
static_line,43,frozen_ego_fault,2.6,camera,2,3.249136706727272,True
static_line,43,frozen_ego_fault,2.7,radar,4,2.314201508655085,True
static_line,43,frozen_ego_fault,2.7,camera,2,1.693400905948287,True
static_line,43,frozen_ego_fault,2.8000000000000003,radar,4,4.302284606951126,True
static_line,43,frozen_ego_fault,2.8000000000000003,camera,2,8.10903280055748,True
static_line,43,frozen_ego_fault,2.9000000000000004,radar,4,2.9668752938559497,True
static_line,43,frozen_ego_fault,2.9000000000000004,camera,2,0.2794502558920061,True
static_line,43,frozen_ego_fault,3.0,radar,4,0.8537939806289945,True
static_line,43,frozen_ego_fault,3.0,camera,2,0.6306148186816529,True
static_line,43,frozen_ego_fault,3.1,radar,4,4.152349468856183,True
static_line,43,frozen_ego_fault,3.1,camera,2,2.1889862946049883,True
static_line,43,frozen_ego_fault,3.2,radar,4,2.324100021012557,True
static_line,43,frozen_ego_fault,3.2,camera,2,3.3110119251462766,True
static_line,43,frozen_ego_fault,3.3000000000000003,radar,4,4.725215743272405,True
static_line,43,frozen_ego_fault,3.3000000000000003,camera,2,2.7282432477673795,True
static_line,43,frozen_ego_fault,3.4000000000000004,radar,4,2.4911718591019234,True
static_line,43,frozen_ego_fault,3.4000000000000004,camera,2,0.937845721399372,True
static_line,43,frozen_ego_fault,3.5,radar,4,2.248795890378856,True
static_line,43,frozen_ego_fault,3.5,camera,2,0.45093452883586016,True
static_line,43,frozen_ego_fault,3.6,radar,4,3.365483538943764,True
static_line,43,frozen_ego_fault,3.6,camera,2,3.2533469751948707,True
static_line,43,frozen_ego_fault,3.7,radar,4,5.598307782959889,True
static_line,43,frozen_ego_fault,3.7,camera,2,8.32118250519761,True
static_line,43,frozen_ego_fault,3.8000000000000003,radar,4,0.9196314819891811,True
static_line,43,frozen_ego_fault,3.8000000000000003,camera,2,0.0586635855192355,True
static_line,43,frozen_ego_fault,3.9000000000000004,radar,4,2.8083653619765925,True
static_line,43,frozen_ego_fault,3.9000000000000004,camera,2,3.2599103386996844,True
static_line,43,frozen_ego_fault,4.0,radar,4,2.513777969074438,True
static_line,43,frozen_ego_fault,4.0,camera,2,2.5326045052233113,True
static_line,43,frozen_ego_fault,4.1000000000000005,radar,4,0.8177790130010769,True
static_line,43,frozen_ego_fault,4.1000000000000005,camera,2,4.204602671011203,True
static_line,43,frozen_ego_fault,4.2,radar,4,6.068803678435241,True
static_line,43,frozen_ego_fault,4.2,camera,2,1.3892681940305422,True
static_line,43,frozen_ego_fault,4.3,radar,4,2.0288460407214237,True
static_line,43,frozen_ego_fault,4.3,camera,2,0.6530279249715473,True
static_line,43,frozen_ego_fault,4.4,radar,4,3.575308544386462,True
static_line,43,frozen_ego_fault,4.4,camera,2,1.587800984381973,True
static_line,43,frozen_ego_fault,4.5,radar,4,0.6375884576509517,True
static_line,43,frozen_ego_fault,4.5,camera,2,0.4531763268140168,True
static_line,43,frozen_ego_fault,4.6000000000000005,radar,4,0.7041828058296533,True
static_line,43,frozen_ego_fault,4.6000000000000005,camera,2,3.0092589693932363,True
static_line,43,frozen_ego_fault,4.7,radar,4,2.8925162028082165,True
static_line,43,frozen_ego_fault,4.7,camera,2,0.05367837179648573,True
static_line,43,frozen_ego_fault,4.800000000000001,radar,4,0.8332723865933618,True
static_line,43,frozen_ego_fault,4.800000000000001,camera,2,4.413103255144213,True
static_line,43,frozen_ego_fault,4.9,radar,4,0.745496256125351,True
static_line,43,frozen_ego_fault,4.9,camera,2,1.87589401197612,True
static_line,43,frozen_ego_fault,5.0,radar,4,1.3910591478086964,True
static_line,43,frozen_ego_fault,5.0,camera,2,0.5901082862596658,True
static_line,43,frozen_ego_fault,5.1000000000000005,radar,4,5.764340412061506,True
static_line,43,frozen_ego_fault,5.1000000000000005,camera,2,1.168420569295564,True
static_line,43,frozen_ego_fault,5.2,radar,4,2.217643548015963,True
static_line,43,frozen_ego_fault,5.2,camera,2,0.5860511068480269,True
static_line,43,frozen_ego_fault,5.300000000000001,radar,4,3.082077968263241,True
static_line,43,frozen_ego_fault,5.300000000000001,camera,2,0.20846840585076634,True
static_line,43,frozen_ego_fault,5.4,radar,4,2.3041400911037146,True
static_line,43,frozen_ego_fault,5.4,camera,2,0.1589209808362757,True
static_line,43,frozen_ego_fault,5.5,radar,4,2.586516922640776,True
static_line,43,frozen_ego_fault,5.5,camera,2,3.086083747236341,True
static_line,43,frozen_ego_fault,5.6000000000000005,radar,4,0.36000997975801236,True
static_line,43,frozen_ego_fault,5.6000000000000005,camera,2,2.6403092778715402,True
static_line,43,frozen_ego_fault,5.7,radar,4,6.393252748980934,True
static_line,43,frozen_ego_fault,5.7,camera,2,2.269283080238099,True
static_line,43,frozen_ego_fault,5.800000000000001,radar,4,1.8327351140103665,True
static_line,43,frozen_ego_fault,5.800000000000001,camera,2,1.4033620377433869,True
static_line,43,frozen_ego_fault,5.9,radar,4,2.097560961279736,True
static_line,43,frozen_ego_fault,5.9,camera,2,1.9404044903692963,True
static_line,43,frozen_ego_fault,6.0,radar,4,0.9686618205746544,True
static_line,43,frozen_ego_fault,6.0,camera,2,0.4181430924312743,True
static_line,43,frozen_ego_fault,6.1000000000000005,radar,4,2.9491661913456073,True
static_line,43,frozen_ego_fault,6.1000000000000005,camera,2,0.01101365692527497,True
static_line,43,frozen_ego_fault,6.2,radar,4,3.853014209959945,True
static_line,43,frozen_ego_fault,6.2,camera,2,2.5644160156526774,True
static_line,43,frozen_ego_fault,6.300000000000001,radar,4,4.63502073211033,True
static_line,43,frozen_ego_fault,6.300000000000001,camera,2,0.9345710969635826,True
static_line,43,frozen_ego_fault,6.4,radar,4,5.13606794698876,True
static_line,43,frozen_ego_fault,6.4,camera,2,2.3323788428702867,True
static_line,43,frozen_ego_fault,6.5,radar,4,1.6107762895768318,True
static_line,43,frozen_ego_fault,6.5,camera,2,1.82891131086588,True
static_line,43,frozen_ego_fault,6.6000000000000005,radar,4,2.416440018970428,True
static_line,43,frozen_ego_fault,6.6000000000000005,camera,2,4.404231212144629,True
static_line,43,frozen_ego_fault,6.7,radar,4,6.098319920481154,True
static_line,43,frozen_ego_fault,6.7,camera,2,1.909021145371263,True
static_line,43,frozen_ego_fault,6.800000000000001,radar,4,2.021475246808273,True
static_line,43,frozen_ego_fault,6.800000000000001,camera,2,0.33289741463461636,True
static_line,43,frozen_ego_fault,6.9,radar,4,2.8899384918911544,True
static_line,43,frozen_ego_fault,6.9,camera,2,3.1304647963140493,True
static_line,43,frozen_ego_fault,7.0,radar,4,5.092211139075622,True
static_line,43,frozen_ego_fault,7.0,camera,2,1.973957841834121,True
static_line,43,frozen_ego_fault,7.1000000000000005,radar,4,3.638700384809087,True
static_line,43,frozen_ego_fault,7.1000000000000005,camera,2,1.5814033079001777,True
static_line,43,frozen_ego_fault,7.2,radar,4,1.344016111090294,True
static_line,43,frozen_ego_fault,7.2,camera,2,2.56565320019093,True
static_line,43,frozen_ego_fault,7.300000000000001,radar,4,2.4989453698122115,True
static_line,43,frozen_ego_fault,7.300000000000001,camera,2,5.6522840719908265,True
static_line,43,frozen_ego_fault,7.4,radar,4,4.140017428516113,True
static_line,43,frozen_ego_fault,7.4,camera,2,0.7467484317757013,True
static_line,43,frozen_ego_fault,7.5,radar,4,3.3587076216758036,True
static_line,43,frozen_ego_fault,7.5,camera,2,2.1344276200906607,True
static_line,43,frozen_ego_fault,7.6000000000000005,radar,4,6.596159108982442,True
static_line,43,frozen_ego_fault,7.6000000000000005,camera,2,1.2823906976974446,True
static_line,43,frozen_ego_fault,7.7,radar,4,8.131956548397527,True
static_line,43,frozen_ego_fault,7.7,camera,2,1.7640306298332704,True
static_line,43,frozen_ego_fault,7.800000000000001,radar,4,0.7793895971670415,True
static_line,43,frozen_ego_fault,7.800000000000001,camera,2,0.8566085421556019,True
static_line,43,frozen_ego_fault,7.9,radar,4,5.67373089658915,True
static_line,43,frozen_ego_fault,7.9,camera,2,2.0176632790562894,True
static_line,43,frozen_ego_fault,8.0,radar,4,1.7438623362949799,True
static_line,43,frozen_ego_fault,8.0,camera,2,0.3303967230997202,True
static_line,43,frozen_ego_fault,8.1,radar,4,1.5079213517343646,True
static_line,43,frozen_ego_fault,8.1,camera,2,0.711593568679692,True
static_line,43,frozen_ego_fault,8.200000000000001,radar,4,1.194128003703754,True
static_line,43,frozen_ego_fault,8.200000000000001,camera,2,1.7347398914546126,True
static_line,43,frozen_ego_fault,8.3,radar,4,1.5556987606718269,True
static_line,43,frozen_ego_fault,8.3,camera,2,2.6056282585002197,True
static_line,43,frozen_ego_fault,8.4,radar,4,3.25829326869911,True
static_line,43,frozen_ego_fault,8.4,camera,2,0.5890807261086368,True
static_line,43,frozen_ego_fault,8.5,radar,4,1.6122081193967637,True
static_line,43,frozen_ego_fault,8.5,camera,2,0.2790778606941589,True
static_line,43,frozen_ego_fault,8.6,radar,4,5.185582532912277,True
static_line,43,frozen_ego_fault,8.6,camera,2,1.6376594434675764,True
static_line,43,frozen_ego_fault,8.700000000000001,radar,4,0.2745326508509178,True
static_line,43,frozen_ego_fault,8.700000000000001,camera,2,1.4385536706560547,True
static_line,43,frozen_ego_fault,8.8,radar,4,2.5278870925125316,True
static_line,43,frozen_ego_fault,8.8,camera,2,0.8007822611681968,True
static_line,43,frozen_ego_fault,8.9,radar,4,4.5647455637300665,True
static_line,43,frozen_ego_fault,8.9,camera,2,2.808692385397913,True
static_line,43,frozen_ego_fault,9.0,radar,4,6.74564932701789,True
static_line,43,frozen_ego_fault,9.0,camera,2,0.9551503455086725,True
static_line,43,frozen_ego_fault,9.1,radar,4,1.1051542311810583,True
static_line,43,frozen_ego_fault,9.1,camera,2,0.04642003791769311,True
static_line,43,frozen_ego_fault,9.200000000000001,radar,4,13.020326742431559,True
static_line,43,frozen_ego_fault,9.200000000000001,camera,2,0.24047088377475653,True
static_line,43,frozen_ego_fault,9.3,radar,4,3.8101617873060043,True
static_line,43,frozen_ego_fault,9.3,camera,2,3.6416675341736986,True
static_line,43,frozen_ego_fault,9.4,radar,4,5.350953812672405,True
static_line,43,frozen_ego_fault,9.4,camera,2,0.2038827146370797,True
static_line,43,frozen_ego_fault,9.5,radar,4,2.739307233383956,True
static_line,43,frozen_ego_fault,9.5,camera,2,0.04421970062253633,True
static_line,43,frozen_ego_fault,9.600000000000001,radar,4,2.6902216265986922,True
static_line,43,frozen_ego_fault,9.600000000000001,camera,2,6.032067683636034,True
static_line,43,frozen_ego_fault,9.700000000000001,radar,4,1.749249414040293,True
static_line,43,frozen_ego_fault,9.700000000000001,camera,2,2.2468816413614854,True
static_line,43,frozen_ego_fault,9.8,radar,4,0.5803607597567687,True
static_line,43,frozen_ego_fault,9.8,camera,2,1.7660341006220608,True
static_line,43,frozen_ego_fault,9.9,radar,4,1.7566948709792418,True
static_line,43,frozen_ego_fault,9.9,camera,2,6.018401939101543,True
static_line,43,frozen_ego_fault,10.0,radar,4,4.895981541873764,True
static_line,43,frozen_ego_fault,10.0,camera,2,1.9645988254590907,True
static_line,43,frozen_ego_fault,10.100000000000001,radar,4,6.813768457591495,True
static_line,43,frozen_ego_fault,10.100000000000001,camera,2,2.2038660554488083,True
static_line,43,frozen_ego_fault,10.200000000000001,radar,4,1.7161191192389724,True
static_line,43,frozen_ego_fault,10.200000000000001,camera,2,0.06694750544139412,True
static_line,43,frozen_ego_fault,10.3,radar,4,5.167322692770857,True
static_line,43,frozen_ego_fault,10.3,camera,2,0.2905221102771539,True
static_line,43,frozen_ego_fault,10.4,radar,4,0.8448907575056618,True
static_line,43,frozen_ego_fault,10.4,camera,2,0.43123026022617084,True
static_line,43,frozen_ego_fault,10.5,radar,4,1.3891464202179091,True
static_line,43,frozen_ego_fault,10.5,camera,2,1.0054409552040289,True
static_line,43,frozen_ego_fault,10.600000000000001,radar,4,2.6769908441174093,True
static_line,43,frozen_ego_fault,10.600000000000001,camera,2,8.546367387111996,True
static_line,43,frozen_ego_fault,10.700000000000001,radar,4,9.924714915469327,True
static_line,43,frozen_ego_fault,10.700000000000001,camera,2,0.3243562066926844,True
static_line,43,frozen_ego_fault,10.8,radar,4,7.736577312141976,True
static_line,43,frozen_ego_fault,10.8,camera,2,3.2927977941621025,True
static_line,43,frozen_ego_fault,10.9,radar,4,6.449421386875073,True
static_line,43,frozen_ego_fault,10.9,camera,2,0.4093286561850863,True
static_line,43,frozen_ego_fault,11.0,radar,4,7.659784695729535,True
static_line,43,frozen_ego_fault,11.0,camera,2,1.6453723540250047,True
static_line,43,frozen_ego_fault,11.100000000000001,radar,4,3.1820058842853944,True
static_line,43,frozen_ego_fault,11.100000000000001,camera,2,2.538026877430387,True
static_line,43,frozen_ego_fault,11.200000000000001,radar,4,0.576774958476938,True
static_line,43,frozen_ego_fault,11.200000000000001,camera,2,3.3097511687325563,True
static_line,43,frozen_ego_fault,11.3,radar,4,4.627545846803994,True
static_line,43,frozen_ego_fault,11.3,camera,2,4.931503853813295,True
static_line,43,frozen_ego_fault,11.4,radar,4,2.0437161572608984,True
static_line,43,frozen_ego_fault,11.4,camera,2,3.9063382350407974,True
static_line,43,frozen_ego_fault,11.5,radar,4,1.6153901848245311,True
static_line,43,frozen_ego_fault,11.5,camera,2,0.14871267630666485,True
static_line,43,frozen_ego_fault,11.600000000000001,radar,4,5.0382724194621895,True
static_line,43,frozen_ego_fault,11.600000000000001,camera,2,2.9500661453775865,True
static_line,43,frozen_ego_fault,11.700000000000001,radar,4,8.887571993402114,True
static_line,43,frozen_ego_fault,11.700000000000001,camera,2,0.5327061187885737,True
static_line,43,frozen_ego_fault,11.8,radar,4,3.6696485964474412,True
static_line,43,frozen_ego_fault,11.8,camera,2,1.7467692696520196,True
static_line,43,frozen_ego_fault,11.9,radar,4,2.5749431645249063,True
static_line,43,frozen_ego_fault,11.9,camera,2,1.130714853846387,True
static_line,43,frozen_ego_fault,12.0,radar,4,7.131590659477304,True
static_line,43,frozen_ego_fault,12.0,camera,2,0.7707155198640863,True
static_line,44,v15_position_adapter,0.1,radar_xyz,3,2.1213081703133434,True
static_line,44,v15_position_adapter,0.2,radar_xyz,3,0.06003887479288996,True
static_line,44,v15_position_adapter,0.30000000000000004,radar_xyz,3,1.806635898360484,True
static_line,44,v15_position_adapter,0.4,radar_xyz,3,1.7572698691445,True
static_line,44,v15_position_adapter,0.5,radar_xyz,3,1.069180799917738,True
static_line,44,v15_position_adapter,0.6000000000000001,radar_xyz,3,4.744179885877982,True
static_line,44,v15_position_adapter,0.7000000000000001,radar_xyz,3,2.500387328351934,True
static_line,44,v15_position_adapter,0.8,radar_xyz,3,2.321367597568579,True
static_line,44,v15_position_adapter,0.9,radar_xyz,3,3.9453936374060503,True
static_line,44,v15_position_adapter,1.0,radar_xyz,3,5.407788054953836,True
static_line,44,v15_position_adapter,1.1,radar_xyz,3,3.3754376409484705,True
static_line,44,v15_position_adapter,1.2000000000000002,radar_xyz,3,4.3462637076426835,True
static_line,44,v15_position_adapter,1.3,radar_xyz,3,2.0696262861767916,True
static_line,44,v15_position_adapter,1.4000000000000001,radar_xyz,3,4.185334641036713,True
static_line,44,v15_position_adapter,1.5,radar_xyz,3,6.302366588909483,True
static_line,44,v15_position_adapter,1.6,radar_xyz,3,0.792209794855849,True
static_line,44,v15_position_adapter,1.7000000000000002,radar_xyz,3,2.3225151200207645,True
static_line,44,v15_position_adapter,1.8,radar_xyz,3,7.8913175398235245,True
static_line,44,v15_position_adapter,1.9000000000000001,radar_xyz,3,4.424455619540854,True
static_line,44,v15_position_adapter,2.0,radar_xyz,3,5.508999397139759,True
static_line,44,v15_position_adapter,2.1,radar_xyz,3,1.6615544572737944,True
static_line,44,v15_position_adapter,2.2,radar_xyz,3,13.648396137474764,True
static_line,44,v15_position_adapter,2.3000000000000003,radar_xyz,3,5.56927076759327,True
static_line,44,v15_position_adapter,2.4000000000000004,radar_xyz,3,2.30183763278483,True
static_line,44,v15_position_adapter,2.5,radar_xyz,3,6.360401375226662,True
static_line,44,v15_position_adapter,2.6,radar_xyz,3,0.10769980914678419,True
static_line,44,v15_position_adapter,2.7,radar_xyz,3,1.8431836746782622,True
static_line,44,v15_position_adapter,2.8000000000000003,radar_xyz,3,0.7745000759899706,True
static_line,44,v15_position_adapter,2.9000000000000004,radar_xyz,3,6.276166305085982,True
static_line,44,v15_position_adapter,3.0,radar_xyz,3,1.917387573180536,True
static_line,44,v15_position_adapter,3.1,radar_xyz,3,14.142681526242907,True
static_line,44,v15_position_adapter,3.2,radar_xyz,3,1.6214850084922667,True
static_line,44,v15_position_adapter,3.3000000000000003,radar_xyz,3,1.2162525880680612,True
static_line,44,v15_position_adapter,3.4000000000000004,radar_xyz,3,4.242007506870637,True
static_line,44,v15_position_adapter,3.5,radar_xyz,3,0.09316052276423945,True
static_line,44,v15_position_adapter,3.6,radar_xyz,3,4.860574037367282,True
static_line,44,v15_position_adapter,3.7,radar_xyz,3,0.6313385211964396,True
static_line,44,v15_position_adapter,3.8000000000000003,radar_xyz,3,1.398629267208987,True
static_line,44,v15_position_adapter,3.9000000000000004,radar_xyz,3,1.7889679623614907,True
static_line,44,v15_position_adapter,4.0,radar_xyz,3,0.9087419010608884,True
static_line,44,v15_position_adapter,4.1000000000000005,radar_xyz,3,2.1484915394618698,True
static_line,44,v15_position_adapter,4.2,radar_xyz,3,1.600774661902094,True
static_line,44,v15_position_adapter,4.3,radar_xyz,3,2.1045098882201083,True
static_line,44,v15_position_adapter,4.4,radar_xyz,3,0.34474668351048765,True
static_line,44,v15_position_adapter,4.5,radar_xyz,3,2.0120016597534747,True
static_line,44,v15_position_adapter,4.6000000000000005,radar_xyz,3,2.17964710312129,True
static_line,44,v15_position_adapter,4.7,radar_xyz,3,2.7460158204117673,True
static_line,44,v15_position_adapter,4.800000000000001,radar_xyz,3,8.448894044272953,True
static_line,44,v15_position_adapter,4.9,radar_xyz,3,4.5876493836929715,True
static_line,44,v15_position_adapter,5.0,radar_xyz,3,2.661638924292454,True
static_line,44,v15_position_adapter,5.1000000000000005,radar_xyz,3,3.0416513862079935,True
static_line,44,v15_position_adapter,5.2,radar_xyz,3,5.512842316259845,True
static_line,44,v15_position_adapter,5.300000000000001,radar_xyz,3,2.6120509166713264,True
static_line,44,v15_position_adapter,5.4,radar_xyz,3,3.199001473220026,True
static_line,44,v15_position_adapter,5.5,radar_xyz,3,1.4525572015041657,True
static_line,44,v15_position_adapter,5.6000000000000005,radar_xyz,3,1.675168985649395,True
static_line,44,v15_position_adapter,5.7,radar_xyz,3,0.2223253998601201,True
static_line,44,v15_position_adapter,5.800000000000001,radar_xyz,3,8.651877065339978,True
static_line,44,v15_position_adapter,5.9,radar_xyz,3,3.445089090374939,True
static_line,44,v15_position_adapter,6.0,radar_xyz,3,3.853174172790169,True
static_line,44,v15_position_adapter,6.1000000000000005,radar_xyz,3,1.7934992691080969,True
static_line,44,v15_position_adapter,6.2,radar_xyz,3,3.251471914194501,True
static_line,44,v15_position_adapter,6.300000000000001,radar_xyz,3,6.236188931929199,True
static_line,44,v15_position_adapter,6.4,radar_xyz,3,0.8327798043858269,True
static_line,44,v15_position_adapter,6.5,radar_xyz,3,1.8094594142414697,True
static_line,44,v15_position_adapter,6.6000000000000005,radar_xyz,3,0.29291366049065803,True
static_line,44,v15_position_adapter,6.7,radar_xyz,3,3.5286443451280065,True
static_line,44,v15_position_adapter,6.800000000000001,radar_xyz,3,1.1098563709502882,True
static_line,44,v15_position_adapter,6.9,radar_xyz,3,6.04103472482702,True
static_line,44,v15_position_adapter,7.0,radar_xyz,3,2.064599313803172,True
static_line,44,v15_position_adapter,7.1000000000000005,radar_xyz,3,1.8751893131303947,True
static_line,44,v15_position_adapter,7.2,radar_xyz,3,0.08409712682213279,True
static_line,44,v15_position_adapter,7.300000000000001,radar_xyz,3,3.4163325107062437,True
static_line,44,v15_position_adapter,7.4,radar_xyz,3,1.1716978077202578,True
static_line,44,v15_position_adapter,7.5,radar_xyz,3,3.2337556735351183,True
static_line,44,v15_position_adapter,7.6000000000000005,radar_xyz,3,2.2284969134268566,True
static_line,44,v15_position_adapter,7.7,radar_xyz,3,3.1186006843572707,True
static_line,44,v15_position_adapter,7.800000000000001,radar_xyz,3,6.999497483247939,True
static_line,44,v15_position_adapter,7.9,radar_xyz,3,2.460937656928223,True
static_line,44,v15_position_adapter,8.0,radar_xyz,3,0.43643641205775746,True
static_line,44,v15_position_adapter,8.1,radar_xyz,3,2.839487469938653,True
static_line,44,v15_position_adapter,8.200000000000001,radar_xyz,3,4.122952302396314,True
static_line,44,v15_position_adapter,8.3,radar_xyz,3,1.0573348215142087,True
static_line,44,v15_position_adapter,8.4,radar_xyz,3,1.0078236525017088,True
static_line,44,v15_position_adapter,8.5,radar_xyz,3,2.397105434376135,True
static_line,44,v15_position_adapter,8.6,radar_xyz,3,3.358960725433221,True
static_line,44,v15_position_adapter,8.700000000000001,radar_xyz,3,0.8553824340336926,True
static_line,44,v15_position_adapter,8.8,radar_xyz,3,0.8027970787471324,True
static_line,44,v15_position_adapter,8.9,radar_xyz,3,2.8440594881721633,True
static_line,44,v15_position_adapter,9.0,radar_xyz,3,4.538023211129519,True
static_line,44,v15_position_adapter,9.1,radar_xyz,3,2.2544314799788485,True
static_line,44,v15_position_adapter,9.200000000000001,radar_xyz,3,1.0408602143620216,True
static_line,44,v15_position_adapter,9.3,radar_xyz,3,1.334371234563679,True
static_line,44,v15_position_adapter,9.4,radar_xyz,3,3.719268177803106,True
static_line,44,v15_position_adapter,9.5,radar_xyz,3,0.697096445893357,True
static_line,44,v15_position_adapter,9.600000000000001,radar_xyz,3,8.803971741562084,True
static_line,44,v15_position_adapter,9.700000000000001,radar_xyz,3,1.6437069471257175,True
static_line,44,v15_position_adapter,9.8,radar_xyz,3,4.95996247555086,True
static_line,44,v15_position_adapter,9.9,radar_xyz,3,4.856001768940503,True
static_line,44,v15_position_adapter,10.0,radar_xyz,3,2.0485664783433175,True
static_line,44,v15_position_adapter,10.100000000000001,radar_xyz,3,4.10665303699814,True
static_line,44,v15_position_adapter,10.200000000000001,radar_xyz,3,1.3329458022379685,True
static_line,44,v15_position_adapter,10.3,radar_xyz,3,4.6931165946409985,True
static_line,44,v15_position_adapter,10.4,radar_xyz,3,6.569272028972736,True
static_line,44,v15_position_adapter,10.5,radar_xyz,3,2.016718516777853,True
static_line,44,v15_position_adapter,10.600000000000001,radar_xyz,3,2.301186278256724,True
static_line,44,v15_position_adapter,10.700000000000001,radar_xyz,3,1.1084454579818381,True
static_line,44,v15_position_adapter,10.8,radar_xyz,3,1.3905222345754338,True
static_line,44,v15_position_adapter,10.9,radar_xyz,3,2.891526732232628,True
static_line,44,v15_position_adapter,11.0,radar_xyz,3,4.438240514829675,True
static_line,44,v15_position_adapter,11.100000000000001,radar_xyz,3,2.7918640338718657,True
static_line,44,v15_position_adapter,11.200000000000001,radar_xyz,3,1.7228724518568999,True
static_line,44,v15_position_adapter,11.3,radar_xyz,3,0.57120165357052,True
static_line,44,v15_position_adapter,11.4,radar_xyz,3,5.366440680373986,True
static_line,44,v15_position_adapter,11.5,radar_xyz,3,3.4053582250640275,True
static_line,44,v15_position_adapter,11.600000000000001,radar_xyz,3,3.2770182318956635,True
static_line,44,v15_position_adapter,11.700000000000001,radar_xyz,3,6.365630495210542,True
static_line,44,v15_position_adapter,11.8,radar_xyz,3,0.9164959683622207,True
static_line,44,v15_position_adapter,11.9,radar_xyz,3,2.1204930338363104,True
static_line,44,v15_position_adapter,12.0,radar_xyz,3,1.0625156596443548,True
static_line,44,v2_radar,0.1,radar,4,2.81262987326327,True
static_line,44,v2_radar,0.2,radar,4,1.604419190018971,True
static_line,44,v2_radar,0.30000000000000004,radar,4,0.6875572296149705,True
static_line,44,v2_radar,0.4,radar,4,4.345569616117138,True
static_line,44,v2_radar,0.5,radar,4,0.1686406170390612,True
static_line,44,v2_radar,0.6000000000000001,radar,4,3.0564917930845192,True
static_line,44,v2_radar,0.7000000000000001,radar,4,2.3501452625483674,True
static_line,44,v2_radar,0.8,radar,4,2.8682608851725715,True
static_line,44,v2_radar,0.9,radar,4,4.0543796683914755,True
static_line,44,v2_radar,1.0,radar,4,5.689102778407402,True
static_line,44,v2_radar,1.1,radar,4,3.04343646877062,True
static_line,44,v2_radar,1.2000000000000002,radar,4,4.769630305617766,True
static_line,44,v2_radar,1.3,radar,4,2.1046208672481317,True
static_line,44,v2_radar,1.4000000000000001,radar,4,4.28655453105854,True
static_line,44,v2_radar,1.5,radar,4,6.551166530595968,True
static_line,44,v2_radar,1.6,radar,4,1.8187734008263208,True
static_line,44,v2_radar,1.7000000000000002,radar,4,2.3909678686092386,True
static_line,44,v2_radar,1.8,radar,4,10.285585445427902,True
static_line,44,v2_radar,1.9000000000000001,radar,4,6.791975377901926,True
static_line,44,v2_radar,2.0,radar,4,6.308302030526121,True
static_line,44,v2_radar,2.1,radar,4,2.3012718392067986,True
static_line,44,v2_radar,2.2,radar,4,14.588145291617229,False
static_line,44,v2_radar,2.3000000000000003,radar,4,5.846954354488786,True
static_line,44,v2_radar,2.4000000000000004,radar,4,4.986768687754389,True
static_line,44,v2_radar,2.5,radar,4,10.30465895462777,True
static_line,44,v2_radar,2.6,radar,4,0.8903557869324855,True
static_line,44,v2_radar,2.7,radar,4,0.7499616505612162,True
static_line,44,v2_radar,2.8000000000000003,radar,4,0.6763197608279298,True
static_line,44,v2_radar,2.9000000000000004,radar,4,7.641285088776673,True
static_line,44,v2_radar,3.0,radar,4,3.3739049644676857,True
static_line,44,v2_radar,3.1,radar,4,13.914284431578777,False
static_line,44,v2_radar,3.2,radar,4,4.285649042085734,True
static_line,44,v2_radar,3.3000000000000003,radar,4,2.923698170879996,True
static_line,44,v2_radar,3.4000000000000004,radar,4,5.8159117672690455,True
static_line,44,v2_radar,3.5,radar,4,0.46918101927482625,True
static_line,44,v2_radar,3.6,radar,4,8.350096389693213,True
static_line,44,v2_radar,3.7,radar,4,2.543620190815236,True
static_line,44,v2_radar,3.8000000000000003,radar,4,1.6216645854252585,True
static_line,44,v2_radar,3.9000000000000004,radar,4,1.5694575862407805,True
static_line,44,v2_radar,4.0,radar,4,0.9272505280574345,True
static_line,44,v2_radar,4.1000000000000005,radar,4,2.420699116524343,True
static_line,44,v2_radar,4.2,radar,4,1.7333610888754882,True
static_line,44,v2_radar,4.3,radar,4,2.6559207194151386,True
static_line,44,v2_radar,4.4,radar,4,1.7558138248745279,True
static_line,44,v2_radar,4.5,radar,4,1.87224492005076,True
static_line,44,v2_radar,4.6000000000000005,radar,4,5.140883359176702,True
static_line,44,v2_radar,4.7,radar,4,4.098999922000745,True
static_line,44,v2_radar,4.800000000000001,radar,4,11.09628637373535,True
static_line,44,v2_radar,4.9,radar,4,3.7907953308643743,True
static_line,44,v2_radar,5.0,radar,4,3.5222875976992847,True
static_line,44,v2_radar,5.1000000000000005,radar,4,4.5125323826149595,True
static_line,44,v2_radar,5.2,radar,4,5.295819573526205,True
static_line,44,v2_radar,5.300000000000001,radar,4,5.854375756193975,True
static_line,44,v2_radar,5.4,radar,4,2.1778270989062496,True
static_line,44,v2_radar,5.5,radar,4,2.1870309599382205,True
static_line,44,v2_radar,5.6000000000000005,radar,4,2.3722785773742445,True
static_line,44,v2_radar,5.7,radar,4,0.716801077294995,True
static_line,44,v2_radar,5.800000000000001,radar,4,10.558302936245408,True
static_line,44,v2_radar,5.9,radar,4,4.08267575724578,True
static_line,44,v2_radar,6.0,radar,4,3.0413298860483065,True
static_line,44,v2_radar,6.1000000000000005,radar,4,2.519204847666264,True
static_line,44,v2_radar,6.2,radar,4,4.866513421546764,True
static_line,44,v2_radar,6.300000000000001,radar,4,6.1897598356787356,True
static_line,44,v2_radar,6.4,radar,4,1.181085337236736,True
static_line,44,v2_radar,6.5,radar,4,1.5759974198649744,True
static_line,44,v2_radar,6.6000000000000005,radar,4,0.4503093470430425,True
static_line,44,v2_radar,6.7,radar,4,4.082288078332637,True
static_line,44,v2_radar,6.800000000000001,radar,4,3.0800680778298335,True
static_line,44,v2_radar,6.9,radar,4,7.767160320599684,True
static_line,44,v2_radar,7.0,radar,4,2.08608142360914,True
static_line,44,v2_radar,7.1000000000000005,radar,4,1.3165639621109368,True
static_line,44,v2_radar,7.2,radar,4,0.8764743770260899,True
static_line,44,v2_radar,7.300000000000001,radar,4,5.033625205141624,True
static_line,44,v2_radar,7.4,radar,4,2.9448609183291867,True
static_line,44,v2_radar,7.5,radar,4,3.158571601839023,True
static_line,44,v2_radar,7.6000000000000005,radar,4,1.4929296908547216,True
static_line,44,v2_radar,7.7,radar,4,2.0004628441369414,True
static_line,44,v2_radar,7.800000000000001,radar,4,8.212457122700766,True
static_line,44,v2_radar,7.9,radar,4,5.199444801164863,True
static_line,44,v2_radar,8.0,radar,4,0.16969218783616646,True
static_line,44,v2_radar,8.1,radar,4,3.756158829702532,True
static_line,44,v2_radar,8.200000000000001,radar,4,2.2764205325343387,True
static_line,44,v2_radar,8.3,radar,4,1.1476174745399557,True
static_line,44,v2_radar,8.4,radar,4,0.8275452555623022,True
static_line,44,v2_radar,8.5,radar,4,2.8301822280863616,True
static_line,44,v2_radar,8.6,radar,4,3.158460655409475,True
static_line,44,v2_radar,8.700000000000001,radar,4,1.261517586123579,True
static_line,44,v2_radar,8.8,radar,4,1.6630972898898835,True
static_line,44,v2_radar,8.9,radar,4,2.450127417799753,True
static_line,44,v2_radar,9.0,radar,4,5.897275399411249,True
static_line,44,v2_radar,9.1,radar,4,4.814185466737948,True
static_line,44,v2_radar,9.200000000000001,radar,4,1.0626388531288782,True
static_line,44,v2_radar,9.3,radar,4,1.7170253621407303,True
static_line,44,v2_radar,9.4,radar,4,3.72739395101359,True
static_line,44,v2_radar,9.5,radar,4,3.9674738690424514,True
static_line,44,v2_radar,9.600000000000001,radar,4,8.609856346648437,True
static_line,44,v2_radar,9.700000000000001,radar,4,1.7413148097279292,True
static_line,44,v2_radar,9.8,radar,4,5.882373769658428,True
static_line,44,v2_radar,9.9,radar,4,4.423563541154153,True
static_line,44,v2_radar,10.0,radar,4,2.1420469322998827,True
static_line,44,v2_radar,10.100000000000001,radar,4,6.028552842185308,True
static_line,44,v2_radar,10.200000000000001,radar,4,2.0520104174945333,True
static_line,44,v2_radar,10.3,radar,4,5.706387053722041,True
static_line,44,v2_radar,10.4,radar,4,5.386847156211084,True
static_line,44,v2_radar,10.5,radar,4,2.747106391207291,True
static_line,44,v2_radar,10.600000000000001,radar,4,3.343721619604154,True
static_line,44,v2_radar,10.700000000000001,radar,4,0.5798820346815647,True
static_line,44,v2_radar,10.8,radar,4,3.7800838316620986,True
static_line,44,v2_radar,10.9,radar,4,3.983317210203073,True
static_line,44,v2_radar,11.0,radar,4,6.080897729785823,True
static_line,44,v2_radar,11.100000000000001,radar,4,3.054028761965691,True
static_line,44,v2_radar,11.200000000000001,radar,4,1.9385299133159624,True
static_line,44,v2_radar,11.3,radar,4,0.5227166432444104,True
static_line,44,v2_radar,11.4,radar,4,7.678997808616517,True
static_line,44,v2_radar,11.5,radar,4,4.180129335225402,True
static_line,44,v2_radar,11.600000000000001,radar,4,5.486356764699952,True
static_line,44,v2_radar,11.700000000000001,radar,4,5.465412982379399,True
static_line,44,v2_radar,11.8,radar,4,2.083591502576139,True
static_line,44,v2_radar,11.9,radar,4,5.169943267262757,True
static_line,44,v2_radar,12.0,radar,4,1.9163823815900227,True
static_line,44,v2_range_rate_camera,0.0,camera,2,1.7154171352497647,True
static_line,44,v2_range_rate_camera,0.1,radar,2,1.6390663504064853,True
static_line,44,v2_range_rate_camera,0.1,camera,2,0.0044370394745022025,True
static_line,44,v2_range_rate_camera,0.2,radar,2,1.6790421689186186,True
static_line,44,v2_range_rate_camera,0.2,camera,2,0.5941419548970803,True
static_line,44,v2_range_rate_camera,0.30000000000000004,radar,2,0.44767279146481703,True
static_line,44,v2_range_rate_camera,0.30000000000000004,camera,2,0.20531153399003904,True
static_line,44,v2_range_rate_camera,0.4,radar,2,2.9703585693085004,True
static_line,44,v2_range_rate_camera,0.4,camera,2,2.989316410874331,True
static_line,44,v2_range_rate_camera,0.5,radar,2,0.060536839477636994,True
static_line,44,v2_range_rate_camera,0.5,camera,2,1.9469069478633003,True
static_line,44,v2_range_rate_camera,0.6000000000000001,radar,2,0.961928168929315,True
static_line,44,v2_range_rate_camera,0.6000000000000001,camera,2,2.779646285553616,True
static_line,44,v2_range_rate_camera,0.7000000000000001,radar,2,0.2685971513175226,True
static_line,44,v2_range_rate_camera,0.7000000000000001,camera,2,1.4775815760108761,True
static_line,44,v2_range_rate_camera,0.8,radar,2,0.41763383244399105,True
static_line,44,v2_range_rate_camera,0.8,camera,2,2.2912295062348393,True
static_line,44,v2_range_rate_camera,0.9,radar,2,0.7856190071203717,True
static_line,44,v2_range_rate_camera,0.9,camera,2,0.24070393016216396,True
static_line,44,v2_range_rate_camera,1.0,radar,2,3.6906900756120327,True
static_line,44,v2_range_rate_camera,1.0,camera,2,1.6286211269880093,True
static_line,44,v2_range_rate_camera,1.1,radar,2,2.2927761476276705,True
static_line,44,v2_range_rate_camera,1.1,camera,2,0.027449702697560696,True
static_line,44,v2_range_rate_camera,1.2000000000000002,radar,2,0.6366856022681799,True
static_line,44,v2_range_rate_camera,1.2000000000000002,camera,2,1.9103226444004326,True
static_line,44,v2_range_rate_camera,1.3,radar,2,1.6611731948467394,True
static_line,44,v2_range_rate_camera,1.3,camera,2,0.9640748711433803,True
static_line,44,v2_range_rate_camera,1.4000000000000001,radar,2,0.7102738885667024,True
static_line,44,v2_range_rate_camera,1.4000000000000001,camera,2,3.035782907089511,True
static_line,44,v2_range_rate_camera,1.5,radar,2,0.685176790791064,True
static_line,44,v2_range_rate_camera,1.5,camera,2,4.803633701890539,True
static_line,44,v2_range_rate_camera,1.6,radar,2,1.1338931482662984,True
static_line,44,v2_range_rate_camera,1.6,camera,2,0.410998017875241,True
static_line,44,v2_range_rate_camera,1.7000000000000002,radar,2,1.1390720224714574,True
static_line,44,v2_range_rate_camera,1.7000000000000002,camera,2,4.241982841584214,True
static_line,44,v2_range_rate_camera,1.8,radar,2,6.825303560517429,True
static_line,44,v2_range_rate_camera,1.8,camera,2,0.026877811911755856,True
static_line,44,v2_range_rate_camera,1.9000000000000001,radar,2,3.444566601549998,True
static_line,44,v2_range_rate_camera,1.9000000000000001,camera,2,2.182676506781617,True
static_line,44,v2_range_rate_camera,2.0,radar,2,4.556903928052844,True
static_line,44,v2_range_rate_camera,2.0,camera,2,0.021065373765350684,True
static_line,44,v2_range_rate_camera,2.1,radar,2,1.42804556818115,True
static_line,44,v2_range_rate_camera,2.1,camera,2,1.9269304628069401,True
static_line,44,v2_range_rate_camera,2.2,radar,2,1.5511278422677788,True
static_line,44,v2_range_rate_camera,2.2,camera,2,0.7712732882554016,True
static_line,44,v2_range_rate_camera,2.3000000000000003,radar,2,1.9987619113993405,True
static_line,44,v2_range_rate_camera,2.3000000000000003,camera,2,2.368754587561466,True
static_line,44,v2_range_rate_camera,2.4000000000000004,radar,2,1.531612825456144,True
static_line,44,v2_range_rate_camera,2.4000000000000004,camera,2,2.494949500840248,True
static_line,44,v2_range_rate_camera,2.5,radar,2,5.823851054873859,True
static_line,44,v2_range_rate_camera,2.5,camera,2,2.132159204099486,True
static_line,44,v2_range_rate_camera,2.6,radar,2,0.29297462379613326,True
static_line,44,v2_range_rate_camera,2.6,camera,2,0.11244612766648764,True
static_line,44,v2_range_rate_camera,2.7,radar,2,0.08767472306941342,True
static_line,44,v2_range_rate_camera,2.7,camera,2,0.8549413025376736,True
static_line,44,v2_range_rate_camera,2.8000000000000003,radar,2,0.4871572093872645,True
static_line,44,v2_range_rate_camera,2.8000000000000003,camera,2,1.7144836990981636,True
static_line,44,v2_range_rate_camera,2.9000000000000004,radar,2,0.5544265954594081,True
static_line,44,v2_range_rate_camera,2.9000000000000004,camera,2,1.0660638526146133,True
static_line,44,v2_range_rate_camera,3.0,radar,2,3.1222473296039492,True
static_line,44,v2_range_rate_camera,3.0,camera,2,0.4023967144251864,True
static_line,44,v2_range_rate_camera,3.1,radar,2,3.260175204718169,True
static_line,44,v2_range_rate_camera,3.1,camera,2,0.7538587271323188,True
static_line,44,v2_range_rate_camera,3.2,radar,2,0.5381288413832302,True
static_line,44,v2_range_rate_camera,3.2,camera,2,6.4766934509888925,True
static_line,44,v2_range_rate_camera,3.3000000000000003,radar,2,2.3804249461644256,True
static_line,44,v2_range_rate_camera,3.3000000000000003,camera,2,2.042394086313421,True
static_line,44,v2_range_rate_camera,3.4000000000000004,radar,2,2.679988110985253,True
static_line,44,v2_range_rate_camera,3.4000000000000004,camera,2,4.047043440928519,True
static_line,44,v2_range_rate_camera,3.5,radar,2,0.34749757585682467,True
static_line,44,v2_range_rate_camera,3.5,camera,2,1.884486508661956,True
static_line,44,v2_range_rate_camera,3.6,radar,2,5.596801959592584,True
static_line,44,v2_range_rate_camera,3.6,camera,2,0.0012955662427008862,True
static_line,44,v2_range_rate_camera,3.7,radar,2,2.098526676391103,True
static_line,44,v2_range_rate_camera,3.7,camera,2,0.10307870492272789,True
static_line,44,v2_range_rate_camera,3.8000000000000003,radar,2,0.6412667975635794,True
static_line,44,v2_range_rate_camera,3.8000000000000003,camera,2,4.149101564862058,True
static_line,44,v2_range_rate_camera,3.9000000000000004,radar,2,0.15434582487927448,True
static_line,44,v2_range_rate_camera,3.9000000000000004,camera,2,4.595826649014013,True
static_line,44,v2_range_rate_camera,4.0,radar,2,0.17469468163607269,True
static_line,44,v2_range_rate_camera,4.0,camera,2,10.665170131622434,False
static_line,44,v2_range_rate_camera,4.1000000000000005,radar,2,2.141271049262716,True
static_line,44,v2_range_rate_camera,4.1000000000000005,camera,2,12.772741980631904,False
static_line,44,v2_range_rate_camera,4.2,radar,2,0.6011670903362947,True
static_line,44,v2_range_rate_camera,4.2,camera,2,5.147727419150573,True
static_line,44,v2_range_rate_camera,4.3,radar,2,0.9413175902038903,True
static_line,44,v2_range_rate_camera,4.3,camera,2,0.7860169275493716,True
static_line,44,v2_range_rate_camera,4.4,radar,2,1.5212317794893737,True
static_line,44,v2_range_rate_camera,4.4,camera,2,1.1887200901785935,True
static_line,44,v2_range_rate_camera,4.5,radar,2,0.4271701238917674,True
static_line,44,v2_range_rate_camera,4.5,camera,2,3.302646518477846,True
static_line,44,v2_range_rate_camera,4.6000000000000005,radar,2,3.2030519442880716,True
static_line,44,v2_range_rate_camera,4.6000000000000005,camera,2,0.9451198868652392,True
static_line,44,v2_range_rate_camera,4.7,radar,2,3.403252440055215,True
static_line,44,v2_range_rate_camera,4.7,camera,2,4.484132552935069,True
static_line,44,v2_range_rate_camera,4.800000000000001,radar,2,5.84327253397497,True
static_line,44,v2_range_rate_camera,4.800000000000001,camera,2,1.2751855696737668,True
static_line,44,v2_range_rate_camera,4.9,radar,2,1.7120607879991105,True
static_line,44,v2_range_rate_camera,4.9,camera,2,0.2225137589367501,True
static_line,44,v2_range_rate_camera,5.0,radar,2,1.5931022516666868,True
static_line,44,v2_range_rate_camera,5.0,camera,2,1.8103545763909799,True
static_line,44,v2_range_rate_camera,5.1000000000000005,radar,2,4.251709960039666,True
static_line,44,v2_range_rate_camera,5.1000000000000005,camera,2,0.03963971347988094,True
static_line,44,v2_range_rate_camera,5.2,radar,2,1.094455965183435,True
static_line,44,v2_range_rate_camera,5.2,camera,2,5.979508473163637,True
static_line,44,v2_range_rate_camera,5.300000000000001,radar,2,5.665544671340795,True
static_line,44,v2_range_rate_camera,5.300000000000001,camera,2,2.164050593416633,True
static_line,44,v2_range_rate_camera,5.4,radar,2,0.8718611497354736,True
static_line,44,v2_range_rate_camera,5.4,camera,2,3.404508252879907,True
static_line,44,v2_range_rate_camera,5.5,radar,2,0.7723828123106523,True
static_line,44,v2_range_rate_camera,5.5,camera,2,1.6600457757083318,True
static_line,44,v2_range_rate_camera,5.6000000000000005,radar,2,1.1593414218621296,True
static_line,44,v2_range_rate_camera,5.6000000000000005,camera,2,8.43609625396774,True
static_line,44,v2_range_rate_camera,5.7,radar,2,0.5082310759827408,True
static_line,44,v2_range_rate_camera,5.7,camera,2,1.340418015427595,True
static_line,44,v2_range_rate_camera,5.800000000000001,radar,2,3.9914602285758782,True
static_line,44,v2_range_rate_camera,5.800000000000001,camera,2,0.417004266269323,True
static_line,44,v2_range_rate_camera,5.9,radar,2,0.6274618100668232,True
static_line,44,v2_range_rate_camera,5.9,camera,2,1.6275877961490406,True
static_line,44,v2_range_rate_camera,6.0,radar,2,1.7642644964864822,True
static_line,44,v2_range_rate_camera,6.0,camera,2,3.966734980489741,True
static_line,44,v2_range_rate_camera,6.1000000000000005,radar,2,1.2369457067606262,True
static_line,44,v2_range_rate_camera,6.1000000000000005,camera,2,4.519737147925814,True
static_line,44,v2_range_rate_camera,6.2,radar,2,2.9490497531305024,True
static_line,44,v2_range_rate_camera,6.2,camera,2,3.1024752379072487,True
static_line,44,v2_range_rate_camera,6.300000000000001,radar,2,4.058797630439102,True
static_line,44,v2_range_rate_camera,6.300000000000001,camera,2,0.37963786944246664,True
static_line,44,v2_range_rate_camera,6.4,radar,2,0.5972821683034286,True
static_line,44,v2_range_rate_camera,6.4,camera,2,4.956354564570814,True
static_line,44,v2_range_rate_camera,6.5,radar,2,1.3628800779554846,True
static_line,44,v2_range_rate_camera,6.5,camera,2,3.5309114905185437,True
static_line,44,v2_range_rate_camera,6.6000000000000005,radar,2,0.30328258254767193,True
static_line,44,v2_range_rate_camera,6.6000000000000005,camera,2,0.8098828193349413,True
static_line,44,v2_range_rate_camera,6.7,radar,2,3.2665541830769875,True
static_line,44,v2_range_rate_camera,6.7,camera,2,0.3475734082398314,True
static_line,44,v2_range_rate_camera,6.800000000000001,radar,2,2.8757241449336695,True
static_line,44,v2_range_rate_camera,6.800000000000001,camera,2,2.599048981101953,True
static_line,44,v2_range_rate_camera,6.9,radar,2,1.8452278863829965,True
static_line,44,v2_range_rate_camera,6.9,camera,2,0.12713854718069192,True
static_line,44,v2_range_rate_camera,7.0,radar,2,0.7275147097275468,True
static_line,44,v2_range_rate_camera,7.0,camera,2,1.394504999906621,True
static_line,44,v2_range_rate_camera,7.1000000000000005,radar,2,0.2530006350472349,True
static_line,44,v2_range_rate_camera,7.1000000000000005,camera,2,0.19486849377784424,True
static_line,44,v2_range_rate_camera,7.2,radar,2,0.8715617822460018,True
static_line,44,v2_range_rate_camera,7.2,camera,2,0.21302234496104866,True
static_line,44,v2_range_rate_camera,7.300000000000001,radar,2,2.2805508292651058,True
static_line,44,v2_range_rate_camera,7.300000000000001,camera,2,0.222202593774391,True
static_line,44,v2_range_rate_camera,7.4,radar,2,1.887466436833182,True
static_line,44,v2_range_rate_camera,7.4,camera,2,0.8929221675340325,True
static_line,44,v2_range_rate_camera,7.5,radar,2,0.26487306939520094,True
static_line,44,v2_range_rate_camera,7.5,camera,2,4.1448306038039195,True
static_line,44,v2_range_rate_camera,7.6000000000000005,radar,2,0.029170372702095555,True
static_line,44,v2_range_rate_camera,7.6000000000000005,camera,2,0.3516046091646016,True
static_line,44,v2_range_rate_camera,7.7,radar,2,0.6638874844702786,True
static_line,44,v2_range_rate_camera,7.7,camera,2,2.163156134417152,True
static_line,44,v2_range_rate_camera,7.800000000000001,radar,2,5.188667699468101,True
static_line,44,v2_range_rate_camera,7.800000000000001,camera,2,0.7128061329144217,True
static_line,44,v2_range_rate_camera,7.9,radar,2,4.45721721420155,True
static_line,44,v2_range_rate_camera,7.9,camera,2,1.2746472776914854,True
static_line,44,v2_range_rate_camera,8.0,radar,2,0.08699372874855131,True
static_line,44,v2_range_rate_camera,8.0,camera,2,1.6405202741219802,True
static_line,44,v2_range_rate_camera,8.1,radar,2,0.9235027310144204,True
static_line,44,v2_range_rate_camera,8.1,camera,2,0.9449417876127099,True
static_line,44,v2_range_rate_camera,8.200000000000001,radar,2,1.2412191414962477,True
static_line,44,v2_range_rate_camera,8.200000000000001,camera,2,0.8602951652417412,True
static_line,44,v2_range_rate_camera,8.3,radar,2,0.5222514099004195,True
static_line,44,v2_range_rate_camera,8.3,camera,2,1.0101628389506634,True
static_line,44,v2_range_rate_camera,8.4,radar,2,0.3657461658812613,True
static_line,44,v2_range_rate_camera,8.4,camera,2,1.7864703601749656,True
static_line,44,v2_range_rate_camera,8.5,radar,2,2.165765370862907,True
static_line,44,v2_range_rate_camera,8.5,camera,2,1.2144417500438411,True
static_line,44,v2_range_rate_camera,8.6,radar,2,2.7513552766263363,True
static_line,44,v2_range_rate_camera,8.6,camera,2,3.1760208828992504,True
static_line,44,v2_range_rate_camera,8.700000000000001,radar,2,0.36093913173548936,True
static_line,44,v2_range_rate_camera,8.700000000000001,camera,2,0.6101649456485245,True
static_line,44,v2_range_rate_camera,8.8,radar,2,1.3547467335153602,True
static_line,44,v2_range_rate_camera,8.8,camera,2,0.21556054463622867,True
static_line,44,v2_range_rate_camera,8.9,radar,2,0.2886473306392275,True
static_line,44,v2_range_rate_camera,8.9,camera,2,0.8374546340314517,True
static_line,44,v2_range_rate_camera,9.0,radar,2,4.181041713210085,True
static_line,44,v2_range_rate_camera,9.0,camera,2,1.947340587104885,True
static_line,44,v2_range_rate_camera,9.1,radar,2,4.364679981747218,True
static_line,44,v2_range_rate_camera,9.1,camera,2,0.6039989150249035,True
static_line,44,v2_range_rate_camera,9.200000000000001,radar,2,0.2832283733670182,True
static_line,44,v2_range_rate_camera,9.200000000000001,camera,2,1.2519024382817858,True
static_line,44,v2_range_rate_camera,9.3,radar,2,0.6463091716077527,True
static_line,44,v2_range_rate_camera,9.3,camera,2,3.227799897360744,True
static_line,44,v2_range_rate_camera,9.4,radar,2,0.04781646108712447,True
static_line,44,v2_range_rate_camera,9.4,camera,2,0.602061906451406,True
static_line,44,v2_range_rate_camera,9.5,radar,2,3.706883328848977,True
static_line,44,v2_range_rate_camera,9.5,camera,2,0.12756269330773023,True
static_line,44,v2_range_rate_camera,9.600000000000001,radar,2,0.5171802289123233,True
static_line,44,v2_range_rate_camera,9.600000000000001,camera,2,0.7374155704938745,True
static_line,44,v2_range_rate_camera,9.700000000000001,radar,2,0.3431353703619762,True
static_line,44,v2_range_rate_camera,9.700000000000001,camera,2,1.4904409034236858,True
static_line,44,v2_range_rate_camera,9.8,radar,2,4.877658317952608,True
static_line,44,v2_range_rate_camera,9.8,camera,2,0.810183167131406,True
static_line,44,v2_range_rate_camera,9.9,radar,2,3.247829869981945,True
static_line,44,v2_range_rate_camera,9.9,camera,2,0.5925253614886158,True
static_line,44,v2_range_rate_camera,10.0,radar,2,0.10825636672616262,True
static_line,44,v2_range_rate_camera,10.0,camera,2,3.165761932156832,True
static_line,44,v2_range_rate_camera,10.100000000000001,radar,2,4.321378267062662,True
static_line,44,v2_range_rate_camera,10.100000000000001,camera,2,1.57029634468324,True
static_line,44,v2_range_rate_camera,10.200000000000001,radar,2,0.7058935696954546,True
static_line,44,v2_range_rate_camera,10.200000000000001,camera,2,0.31907090398237664,True
static_line,44,v2_range_rate_camera,10.3,radar,2,1.2615947774656493,True
static_line,44,v2_range_rate_camera,10.3,camera,2,0.06726232553455269,True
static_line,44,v2_range_rate_camera,10.4,radar,2,2.71333792028211,True
static_line,44,v2_range_rate_camera,10.4,camera,2,1.0498534980803105,True
static_line,44,v2_range_rate_camera,10.5,radar,2,2.484340362057838,True
static_line,44,v2_range_rate_camera,10.5,camera,2,0.06872756892658162,True
static_line,44,v2_range_rate_camera,10.600000000000001,radar,2,2.226543594364642,True
static_line,44,v2_range_rate_camera,10.600000000000001,camera,2,1.4341095669727693,True
static_line,44,v2_range_rate_camera,10.700000000000001,radar,2,0.45383999930818053,True
static_line,44,v2_range_rate_camera,10.700000000000001,camera,2,0.4587118687418076,True
static_line,44,v2_range_rate_camera,10.8,radar,2,3.5256139886426507,True
static_line,44,v2_range_rate_camera,10.8,camera,2,1.9984552555583721,True
static_line,44,v2_range_rate_camera,10.9,radar,2,2.384913466018623,True
static_line,44,v2_range_rate_camera,10.9,camera,2,3.4574074007214173,True
static_line,44,v2_range_rate_camera,11.0,radar,2,3.9174449550487376,True
static_line,44,v2_range_rate_camera,11.0,camera,2,7.105321448022463,True
static_line,44,v2_range_rate_camera,11.100000000000001,radar,2,0.4400528580836033,True
static_line,44,v2_range_rate_camera,11.100000000000001,camera,2,1.85523295660217,True
static_line,44,v2_range_rate_camera,11.200000000000001,radar,2,0.1606713868942693,True
static_line,44,v2_range_rate_camera,11.200000000000001,camera,2,4.006256686896326,True
static_line,44,v2_range_rate_camera,11.3,radar,2,0.4512009415930786,True
static_line,44,v2_range_rate_camera,11.3,camera,2,0.11958761093776575,True
static_line,44,v2_range_rate_camera,11.4,radar,2,7.507446911933569,True
static_line,44,v2_range_rate_camera,11.4,camera,2,0.2787235499350394,True
static_line,44,v2_range_rate_camera,11.5,radar,2,0.8637974429655474,True
static_line,44,v2_range_rate_camera,11.5,camera,2,0.03878935832621371,True
static_line,44,v2_range_rate_camera,11.600000000000001,radar,2,2.2692091622559754,True
static_line,44,v2_range_rate_camera,11.600000000000001,camera,2,1.0055013654682177,True
static_line,44,v2_range_rate_camera,11.700000000000001,radar,2,1.6646791059552408,True
static_line,44,v2_range_rate_camera,11.700000000000001,camera,2,0.7832256610781636,True
static_line,44,v2_range_rate_camera,11.8,radar,2,1.6815757870386925,True
static_line,44,v2_range_rate_camera,11.8,camera,2,1.4121987742816704,True
static_line,44,v2_range_rate_camera,11.9,radar,2,3.382194201904269,True
static_line,44,v2_range_rate_camera,11.9,camera,2,1.4843489155995935,True
static_line,44,v2_range_rate_camera,12.0,radar,2,1.3972993195754377,True
static_line,44,v2_range_rate_camera,12.0,camera,2,2.1407785177718477,True
static_line,44,v2_full,0.0,camera,2,1.7154171352497647,True
static_line,44,v2_full,0.1,radar,4,2.027100956303576,True
static_line,44,v2_full,0.1,camera,2,0.14822286356130784,True
static_line,44,v2_full,0.2,radar,4,2.3511093964949414,True
static_line,44,v2_full,0.2,camera,2,0.1749706184318236,True
static_line,44,v2_full,0.30000000000000004,radar,4,1.331177814412738,True
static_line,44,v2_full,0.30000000000000004,camera,2,0.3972123274659741,True
static_line,44,v2_full,0.4,radar,4,4.3559714157452705,True
static_line,44,v2_full,0.4,camera,2,2.9255903328423734,True
static_line,44,v2_full,0.5,radar,4,0.40537775376852625,True
static_line,44,v2_full,0.5,camera,2,1.6256763613240697,True
static_line,44,v2_full,0.6000000000000001,radar,4,2.1257024624585377,True
static_line,44,v2_full,0.6000000000000001,camera,2,2.7021758884136644,True
static_line,44,v2_full,0.7000000000000001,radar,4,3.524081301588403,True
static_line,44,v2_full,0.7000000000000001,camera,2,1.8545370766238156,True
static_line,44,v2_full,0.8,radar,4,1.3792020572118817,True
static_line,44,v2_full,0.8,camera,2,2.1065189345159356,True
static_line,44,v2_full,0.9,radar,4,5.879943622552131,True
static_line,44,v2_full,0.9,camera,2,0.34387485325539574,True
static_line,44,v2_full,1.0,radar,4,10.583682136562855,True
static_line,44,v2_full,1.0,camera,2,1.7850415186151916,True
static_line,44,v2_full,1.1,radar,4,6.919673979936943,True
static_line,44,v2_full,1.1,camera,2,0.15225708138404204,True
static_line,44,v2_full,1.2000000000000002,radar,4,0.9925257208731453,True
static_line,44,v2_full,1.2000000000000002,camera,2,1.266397838196416,True
static_line,44,v2_full,1.3,radar,4,4.284569305363739,True
static_line,44,v2_full,1.3,camera,2,1.4162822664249612,True
static_line,44,v2_full,1.4000000000000001,radar,4,1.2291387062928794,True
static_line,44,v2_full,1.4000000000000001,camera,2,2.9058357438216853,True
static_line,44,v2_full,1.5,radar,4,4.149013085498381,True
static_line,44,v2_full,1.5,camera,2,4.996699781505099,True
static_line,44,v2_full,1.6,radar,4,2.1069120256364564,True
static_line,44,v2_full,1.6,camera,2,0.3742192494723253,True
static_line,44,v2_full,1.7000000000000002,radar,4,3.984383594631193,True
static_line,44,v2_full,1.7000000000000002,camera,2,4.872909073190702,True
static_line,44,v2_full,1.8,radar,4,8.993957251015718,True
static_line,44,v2_full,1.8,camera,2,0.1463530385409109,True
static_line,44,v2_full,1.9000000000000001,radar,4,6.023138483016018,True
static_line,44,v2_full,1.9000000000000001,camera,2,2.683209453161603,True
static_line,44,v2_full,2.0,radar,4,5.617534189277902,True
static_line,44,v2_full,2.0,camera,2,0.09186715543749349,True
static_line,44,v2_full,2.1,radar,4,2.7523257800149903,True
static_line,44,v2_full,2.1,camera,2,1.4929972426944995,True
static_line,44,v2_full,2.2,radar,4,13.281444755295523,False
static_line,44,v2_full,2.2,camera,2,0.5902519502903641,True
static_line,44,v2_full,2.3000000000000003,radar,4,6.177718532349684,True
static_line,44,v2_full,2.3000000000000003,camera,2,3.1076060018956055,True
static_line,44,v2_full,2.4000000000000004,radar,4,4.003203855394869,True
static_line,44,v2_full,2.4000000000000004,camera,2,2.755925308083645,True
static_line,44,v2_full,2.5,radar,4,8.887073327847165,True
static_line,44,v2_full,2.5,camera,2,2.0281130565016707,True
static_line,44,v2_full,2.6,radar,4,0.8942595188404512,True
static_line,44,v2_full,2.6,camera,2,0.10570571542082988,True
static_line,44,v2_full,2.7,radar,4,1.1330068443234391,True
static_line,44,v2_full,2.7,camera,2,0.7297625154134674,True
static_line,44,v2_full,2.8000000000000003,radar,4,0.9247488683912666,True
static_line,44,v2_full,2.8000000000000003,camera,2,1.5743969843430812,True
static_line,44,v2_full,2.9000000000000004,radar,4,9.49380084460005,True
static_line,44,v2_full,2.9000000000000004,camera,2,1.1126413888417872,True
static_line,44,v2_full,3.0,radar,4,4.075292396866585,True
static_line,44,v2_full,3.0,camera,2,0.8544164781526804,True
static_line,44,v2_full,3.1,radar,4,10.75251472909358,True
static_line,44,v2_full,3.1,camera,2,0.6472585568448148,True
static_line,44,v2_full,3.2,radar,4,1.4273343267698317,True
static_line,44,v2_full,3.2,camera,2,7.298534211561086,True
static_line,44,v2_full,3.3000000000000003,radar,4,3.0260970490026002,True
static_line,44,v2_full,3.3000000000000003,camera,2,2.522619091783641,True
static_line,44,v2_full,3.4000000000000004,radar,4,4.753288848588684,True
static_line,44,v2_full,3.4000000000000004,camera,2,3.365993853037717,True
static_line,44,v2_full,3.5,radar,4,0.40022292728647885,True
static_line,44,v2_full,3.5,camera,2,1.531995868569463,True
static_line,44,v2_full,3.6,radar,4,9.008316682115746,True
static_line,44,v2_full,3.6,camera,2,0.01931559287475661,True
static_line,44,v2_full,3.7,radar,4,3.4797255860387497,True
static_line,44,v2_full,3.7,camera,2,0.03459151952294328,True
static_line,44,v2_full,3.8000000000000003,radar,4,1.07265761341812,True
static_line,44,v2_full,3.8000000000000003,camera,2,4.298499562987298,True
static_line,44,v2_full,3.9000000000000004,radar,4,1.1449522850948683,True
static_line,44,v2_full,3.9000000000000004,camera,2,4.701568608649714,True
static_line,44,v2_full,4.0,radar,4,2.4858383620878417,True
static_line,44,v2_full,4.0,camera,2,9.63985565780948,False
static_line,44,v2_full,4.1000000000000005,radar,4,3.4842041471534815,True
static_line,44,v2_full,4.1000000000000005,camera,2,10.857282820614623,False
static_line,44,v2_full,4.2,radar,4,0.6870818907360001,True
static_line,44,v2_full,4.2,camera,2,4.059742193672237,True
static_line,44,v2_full,4.3,radar,4,3.1736145719247264,True
static_line,44,v2_full,4.3,camera,2,0.460750472966021,True
static_line,44,v2_full,4.4,radar,4,1.9115287761789883,True
static_line,44,v2_full,4.4,camera,2,0.8772347874203095,True
static_line,44,v2_full,4.5,radar,4,1.8130238649524368,True
static_line,44,v2_full,4.5,camera,2,3.6591952446277514,True
static_line,44,v2_full,4.6000000000000005,radar,4,5.312194580611025,True
static_line,44,v2_full,4.6000000000000005,camera,2,0.7440535916060597,True
static_line,44,v2_full,4.7,radar,4,3.674162409987502,True
static_line,44,v2_full,4.7,camera,2,4.7021730513277324,True
static_line,44,v2_full,4.800000000000001,radar,4,11.285447400106134,True
static_line,44,v2_full,4.800000000000001,camera,2,1.0195673509320493,True
static_line,44,v2_full,4.9,radar,4,3.9622215331703523,True
static_line,44,v2_full,4.9,camera,2,0.5892812801212397,True
static_line,44,v2_full,5.0,radar,4,3.9427987938917033,True
static_line,44,v2_full,5.0,camera,2,1.4930430413145208,True
static_line,44,v2_full,5.1000000000000005,radar,4,4.313442460887485,True
static_line,44,v2_full,5.1000000000000005,camera,2,0.14059878853470947,True
static_line,44,v2_full,5.2,radar,4,4.301814420662841,True
static_line,44,v2_full,5.2,camera,2,6.327912204619692,True
static_line,44,v2_full,5.300000000000001,radar,4,6.575652814716345,True
static_line,44,v2_full,5.300000000000001,camera,2,1.8638895149334498,True
static_line,44,v2_full,5.4,radar,4,3.1054328726560887,True
static_line,44,v2_full,5.4,camera,2,2.7691674182408397,True
static_line,44,v2_full,5.5,radar,4,1.6415806243787632,True
static_line,44,v2_full,5.5,camera,2,1.7060933417823179,True
static_line,44,v2_full,5.6000000000000005,radar,4,3.073289837247218,True
static_line,44,v2_full,5.6000000000000005,camera,2,9.573498119145194,False
static_line,44,v2_full,5.7,radar,4,0.5996560925940847,True
static_line,44,v2_full,5.7,camera,2,0.284640061837137,True
static_line,44,v2_full,5.800000000000001,radar,4,10.130093386904067,True
static_line,44,v2_full,5.800000000000001,camera,2,1.8928023155463463,True
static_line,44,v2_full,5.9,radar,4,2.8473608543899473,True
static_line,44,v2_full,5.9,camera,2,1.9797799179530209,True
static_line,44,v2_full,6.0,radar,4,3.757254532424295,True
static_line,44,v2_full,6.0,camera,2,2.775284191975915,True
static_line,44,v2_full,6.1000000000000005,radar,4,2.7783473048989342,True
static_line,44,v2_full,6.1000000000000005,camera,2,4.697269533707618,True
static_line,44,v2_full,6.2,radar,4,4.09649753082031,True
static_line,44,v2_full,6.2,camera,2,3.080332905497221,True
static_line,44,v2_full,6.300000000000001,radar,4,6.545494500260677,True
static_line,44,v2_full,6.300000000000001,camera,2,0.3201103420399344,True
static_line,44,v2_full,6.4,radar,4,1.0229640815667962,True
static_line,44,v2_full,6.4,camera,2,4.92922405377984,True
static_line,44,v2_full,6.5,radar,4,1.8766114874101245,True
static_line,44,v2_full,6.5,camera,2,3.5267635277254192,True
static_line,44,v2_full,6.6000000000000005,radar,4,0.6654841199961956,True
static_line,44,v2_full,6.6000000000000005,camera,2,0.9078912420440126,True
static_line,44,v2_full,6.7,radar,4,3.7545004550495333,True
static_line,44,v2_full,6.7,camera,2,0.393444286116484,True
static_line,44,v2_full,6.800000000000001,radar,4,2.955379874031634,True
static_line,44,v2_full,6.800000000000001,camera,2,2.669127534132614,True
static_line,44,v2_full,6.9,radar,4,8.477532616813122,True
static_line,44,v2_full,6.9,camera,2,0.028138223531857187,True
static_line,44,v2_full,7.0,radar,4,1.5230040434886878,True
static_line,44,v2_full,7.0,camera,2,1.3492321784784764,True
static_line,44,v2_full,7.1000000000000005,radar,4,1.1655160744937672,True
static_line,44,v2_full,7.1000000000000005,camera,2,0.17104381393587734,True
static_line,44,v2_full,7.2,radar,4,0.9368186986553871,True
static_line,44,v2_full,7.2,camera,2,0.25941402369494554,True
static_line,44,v2_full,7.300000000000001,radar,4,5.640393811162922,True
static_line,44,v2_full,7.300000000000001,camera,2,0.40183368907859107,True
static_line,44,v2_full,7.4,radar,4,4.357608417122222,True
static_line,44,v2_full,7.4,camera,2,1.002561876526263,True
static_line,44,v2_full,7.5,radar,4,1.920483986402553,True
static_line,44,v2_full,7.5,camera,2,3.7827738091393983,True
static_line,44,v2_full,7.6000000000000005,radar,4,1.098769100838572,True
static_line,44,v2_full,7.6000000000000005,camera,2,0.4165983643507067,True
static_line,44,v2_full,7.7,radar,4,2.048272274252247,True
static_line,44,v2_full,7.7,camera,2,1.9132131106175678,True
static_line,44,v2_full,7.800000000000001,radar,4,8.616230469096717,True
static_line,44,v2_full,7.800000000000001,camera,2,0.8701677246615035,True
static_line,44,v2_full,7.9,radar,4,4.979444382987701,True
static_line,44,v2_full,7.9,camera,2,1.5797928773737289,True
static_line,44,v2_full,8.0,radar,4,0.2131834952039867,True
static_line,44,v2_full,8.0,camera,2,2.1317676317181244,True
static_line,44,v2_full,8.1,radar,4,3.124827178101992,True
static_line,44,v2_full,8.1,camera,2,0.7327507153549949,True
static_line,44,v2_full,8.200000000000001,radar,4,1.854719373584703,True
static_line,44,v2_full,8.200000000000001,camera,2,0.9578155804178523,True
static_line,44,v2_full,8.3,radar,4,1.3556217696760626,True
static_line,44,v2_full,8.3,camera,2,1.071677766198062,True
static_line,44,v2_full,8.4,radar,4,1.391170434578474,True
static_line,44,v2_full,8.4,camera,2,1.5073632729811268,True
static_line,44,v2_full,8.5,radar,4,3.3078864434632207,True
static_line,44,v2_full,8.5,camera,2,1.6017214855399131,True
static_line,44,v2_full,8.6,radar,4,2.987718376560055,True
static_line,44,v2_full,8.6,camera,2,2.7232789476491366,True
static_line,44,v2_full,8.700000000000001,radar,4,1.4738953135796964,True
static_line,44,v2_full,8.700000000000001,camera,2,0.7382769874313866,True
static_line,44,v2_full,8.8,radar,4,1.4811668381358478,True
static_line,44,v2_full,8.8,camera,2,0.1426747375995258,True
static_line,44,v2_full,8.9,radar,4,2.4964699938889505,True
static_line,44,v2_full,8.9,camera,2,0.7046657974887055,True
static_line,44,v2_full,9.0,radar,4,6.104730949545442,True
static_line,44,v2_full,9.0,camera,2,1.9978972051284978,True
static_line,44,v2_full,9.1,radar,4,5.268238131793349,True
static_line,44,v2_full,9.1,camera,2,0.6315750548214557,True
static_line,44,v2_full,9.200000000000001,radar,4,1.755345348732029,True
static_line,44,v2_full,9.200000000000001,camera,2,1.584067118495829,True
static_line,44,v2_full,9.3,radar,4,0.9450472399806643,True
static_line,44,v2_full,9.3,camera,2,3.8097656108481974,True
static_line,44,v2_full,9.4,radar,4,5.194458246053158,True
static_line,44,v2_full,9.4,camera,2,0.81381774946779,True
static_line,44,v2_full,9.5,radar,4,3.866500997346706,True
static_line,44,v2_full,9.5,camera,2,0.040972162614885774,True
static_line,44,v2_full,9.600000000000001,radar,4,5.884670104125575,True
static_line,44,v2_full,9.600000000000001,camera,2,0.7918810183521066,True
static_line,44,v2_full,9.700000000000001,radar,4,1.2805518869025216,True
static_line,44,v2_full,9.700000000000001,camera,2,1.6519523961908673,True
static_line,44,v2_full,9.8,radar,4,6.148772939904202,True
static_line,44,v2_full,9.8,camera,2,0.7585738284830587,True
static_line,44,v2_full,9.9,radar,4,4.512955650925241,True
static_line,44,v2_full,9.9,camera,2,0.6043869397967706,True
static_line,44,v2_full,10.0,radar,4,2.658038175389092,True
static_line,44,v2_full,10.0,camera,2,3.538200332421061,True
static_line,44,v2_full,10.100000000000001,radar,4,8.439494723961106,True
static_line,44,v2_full,10.100000000000001,camera,2,0.958648365877973,True
static_line,44,v2_full,10.200000000000001,radar,4,2.7279215851538483,True
static_line,44,v2_full,10.200000000000001,camera,2,0.38306406485830824,True
static_line,44,v2_full,10.3,radar,4,3.9343969645264014,True
static_line,44,v2_full,10.3,camera,2,0.026952720888628857,True
static_line,44,v2_full,10.4,radar,4,4.34846384241125,True
static_line,44,v2_full,10.4,camera,2,1.2321532708964633,True
static_line,44,v2_full,10.5,radar,4,2.6259374010249346,True
static_line,44,v2_full,10.5,camera,2,0.0986236174751082,True
static_line,44,v2_full,10.600000000000001,radar,4,3.3652309021080327,True
static_line,44,v2_full,10.600000000000001,camera,2,1.3105147453322017,True
static_line,44,v2_full,10.700000000000001,radar,4,0.527716987055524,True
static_line,44,v2_full,10.700000000000001,camera,2,0.495458244171946,True
static_line,44,v2_full,10.8,radar,4,3.7876251223870043,True
static_line,44,v2_full,10.8,camera,2,2.3288149760127266,True
static_line,44,v2_full,10.9,radar,4,3.80807540226198,True
static_line,44,v2_full,10.9,camera,2,3.9123235245291466,True
static_line,44,v2_full,11.0,radar,4,5.338792642947889,True
static_line,44,v2_full,11.0,camera,2,7.182164750849392,True
static_line,44,v2_full,11.100000000000001,radar,4,3.7051359931552885,True
static_line,44,v2_full,11.100000000000001,camera,2,2.2521513555887998,True
static_line,44,v2_full,11.200000000000001,radar,4,1.2718203609795136,True
static_line,44,v2_full,11.200000000000001,camera,2,4.027823726423359,True
static_line,44,v2_full,11.3,radar,4,0.6992259470693216,True
static_line,44,v2_full,11.3,camera,2,0.11914084822908043,True
static_line,44,v2_full,11.4,radar,4,7.681663792620881,True
static_line,44,v2_full,11.4,camera,2,0.20446412093830568,True
static_line,44,v2_full,11.5,radar,4,4.732578206702463,True
static_line,44,v2_full,11.5,camera,2,0.11755242712111034,True
static_line,44,v2_full,11.600000000000001,radar,4,7.097479876318893,True
static_line,44,v2_full,11.600000000000001,camera,2,1.4359059984106646,True
static_line,44,v2_full,11.700000000000001,radar,4,3.9567498790666953,True
static_line,44,v2_full,11.700000000000001,camera,2,0.43943864136344857,True
static_line,44,v2_full,11.8,radar,4,1.9072605434674887,True
static_line,44,v2_full,11.8,camera,2,1.242478248562318,True
static_line,44,v2_full,11.9,radar,4,4.837083489130233,True
static_line,44,v2_full,11.9,camera,2,1.602095902869465,True
static_line,44,v2_full,12.0,radar,4,2.371966925039731,True
static_line,44,v2_full,12.0,camera,2,2.34868757055546,True
static_line,44,frozen_ego_fault,0.0,camera,2,1.7154171352497647,True
static_line,44,frozen_ego_fault,0.1,radar,4,2.027100956303576,True
static_line,44,frozen_ego_fault,0.1,camera,2,0.14822286356130784,True
static_line,44,frozen_ego_fault,0.2,radar,4,2.3511093964949414,True
static_line,44,frozen_ego_fault,0.2,camera,2,0.1749706184318236,True
static_line,44,frozen_ego_fault,0.30000000000000004,radar,4,1.331177814412738,True
static_line,44,frozen_ego_fault,0.30000000000000004,camera,2,0.3972123274659741,True
static_line,44,frozen_ego_fault,0.4,radar,4,4.3559714157452705,True
static_line,44,frozen_ego_fault,0.4,camera,2,2.9255903328423734,True
static_line,44,frozen_ego_fault,0.5,radar,4,0.40537775376852625,True
static_line,44,frozen_ego_fault,0.5,camera,2,1.6256763613240697,True
static_line,44,frozen_ego_fault,0.6000000000000001,radar,4,2.1257024624585377,True
static_line,44,frozen_ego_fault,0.6000000000000001,camera,2,2.7021758884136644,True
static_line,44,frozen_ego_fault,0.7000000000000001,radar,4,3.524081301588403,True
static_line,44,frozen_ego_fault,0.7000000000000001,camera,2,1.8545370766238156,True
static_line,44,frozen_ego_fault,0.8,radar,4,1.3792020572118817,True
static_line,44,frozen_ego_fault,0.8,camera,2,2.1065189345159356,True
static_line,44,frozen_ego_fault,0.9,radar,4,5.879943622552131,True
static_line,44,frozen_ego_fault,0.9,camera,2,0.34387485325539574,True
static_line,44,frozen_ego_fault,1.0,radar,4,10.583682136562855,True
static_line,44,frozen_ego_fault,1.0,camera,2,1.7850415186151916,True
static_line,44,frozen_ego_fault,1.1,radar,4,6.919673979936943,True
static_line,44,frozen_ego_fault,1.1,camera,2,0.15225708138404204,True
static_line,44,frozen_ego_fault,1.2000000000000002,radar,4,0.9925257208731453,True
static_line,44,frozen_ego_fault,1.2000000000000002,camera,2,1.266397838196416,True
static_line,44,frozen_ego_fault,1.3,radar,4,4.284569305363739,True
static_line,44,frozen_ego_fault,1.3,camera,2,1.4162822664249612,True
static_line,44,frozen_ego_fault,1.4000000000000001,radar,4,1.2291387062928794,True
static_line,44,frozen_ego_fault,1.4000000000000001,camera,2,2.9058357438216853,True
static_line,44,frozen_ego_fault,1.5,radar,4,4.149013085498381,True
static_line,44,frozen_ego_fault,1.5,camera,2,4.996699781505099,True
static_line,44,frozen_ego_fault,1.6,radar,4,2.1069120256364564,True
static_line,44,frozen_ego_fault,1.6,camera,2,0.3742192494723253,True
static_line,44,frozen_ego_fault,1.7000000000000002,radar,4,3.984383594631193,True
static_line,44,frozen_ego_fault,1.7000000000000002,camera,2,4.872909073190702,True
static_line,44,frozen_ego_fault,1.8,radar,4,8.993957251015718,True
static_line,44,frozen_ego_fault,1.8,camera,2,0.1463530385409109,True
static_line,44,frozen_ego_fault,1.9000000000000001,radar,4,6.023138483016018,True
static_line,44,frozen_ego_fault,1.9000000000000001,camera,2,2.683209453161603,True
static_line,44,frozen_ego_fault,2.0,radar,4,5.617534189277902,True
static_line,44,frozen_ego_fault,2.0,camera,2,0.09186715543749349,True
static_line,44,frozen_ego_fault,2.1,radar,4,2.7523257800149903,True
static_line,44,frozen_ego_fault,2.1,camera,2,1.4929972426944995,True
static_line,44,frozen_ego_fault,2.2,radar,4,13.281444755295523,False
static_line,44,frozen_ego_fault,2.2,camera,2,0.5902519502903641,True
static_line,44,frozen_ego_fault,2.3000000000000003,radar,4,6.177718532349684,True
static_line,44,frozen_ego_fault,2.3000000000000003,camera,2,3.1076060018956055,True
static_line,44,frozen_ego_fault,2.4000000000000004,radar,4,4.003203855394869,True
static_line,44,frozen_ego_fault,2.4000000000000004,camera,2,2.755925308083645,True
static_line,44,frozen_ego_fault,2.5,radar,4,8.887073327847165,True
static_line,44,frozen_ego_fault,2.5,camera,2,2.0281130565016707,True
static_line,44,frozen_ego_fault,2.6,radar,4,0.8942595188404512,True
static_line,44,frozen_ego_fault,2.6,camera,2,0.10570571542082988,True
static_line,44,frozen_ego_fault,2.7,radar,4,1.1330068443234391,True
static_line,44,frozen_ego_fault,2.7,camera,2,0.7297625154134674,True
static_line,44,frozen_ego_fault,2.8000000000000003,radar,4,0.9247488683912666,True
static_line,44,frozen_ego_fault,2.8000000000000003,camera,2,1.5743969843430812,True
static_line,44,frozen_ego_fault,2.9000000000000004,radar,4,9.49380084460005,True
static_line,44,frozen_ego_fault,2.9000000000000004,camera,2,1.1126413888417872,True
static_line,44,frozen_ego_fault,3.0,radar,4,4.075292396866585,True
static_line,44,frozen_ego_fault,3.0,camera,2,0.8544164781526804,True
static_line,44,frozen_ego_fault,3.1,radar,4,10.75251472909358,True
static_line,44,frozen_ego_fault,3.1,camera,2,0.6472585568448148,True
static_line,44,frozen_ego_fault,3.2,radar,4,1.4273343267698317,True
static_line,44,frozen_ego_fault,3.2,camera,2,7.298534211561086,True
static_line,44,frozen_ego_fault,3.3000000000000003,radar,4,3.0260970490026002,True
static_line,44,frozen_ego_fault,3.3000000000000003,camera,2,2.522619091783641,True
static_line,44,frozen_ego_fault,3.4000000000000004,radar,4,4.753288848588684,True
static_line,44,frozen_ego_fault,3.4000000000000004,camera,2,3.365993853037717,True
static_line,44,frozen_ego_fault,3.5,radar,4,0.40022292728647885,True
static_line,44,frozen_ego_fault,3.5,camera,2,1.531995868569463,True
static_line,44,frozen_ego_fault,3.6,radar,4,9.008316682115746,True
static_line,44,frozen_ego_fault,3.6,camera,2,0.01931559287475661,True
static_line,44,frozen_ego_fault,3.7,radar,4,3.4797255860387497,True
static_line,44,frozen_ego_fault,3.7,camera,2,0.03459151952294328,True
static_line,44,frozen_ego_fault,3.8000000000000003,radar,4,1.07265761341812,True
static_line,44,frozen_ego_fault,3.8000000000000003,camera,2,4.298499562987298,True
static_line,44,frozen_ego_fault,3.9000000000000004,radar,4,1.1449522850948683,True
static_line,44,frozen_ego_fault,3.9000000000000004,camera,2,4.701568608649714,True
static_line,44,frozen_ego_fault,4.0,radar,4,2.4858383620878417,True
static_line,44,frozen_ego_fault,4.0,camera,2,9.63985565780948,False
static_line,44,frozen_ego_fault,4.1000000000000005,radar,4,3.4842041471534815,True
static_line,44,frozen_ego_fault,4.1000000000000005,camera,2,10.857282820614623,False
static_line,44,frozen_ego_fault,4.2,radar,4,0.6870818907360001,True
static_line,44,frozen_ego_fault,4.2,camera,2,4.059742193672237,True
static_line,44,frozen_ego_fault,4.3,radar,4,3.1736145719247264,True
static_line,44,frozen_ego_fault,4.3,camera,2,0.460750472966021,True
static_line,44,frozen_ego_fault,4.4,radar,4,1.9115287761789883,True
static_line,44,frozen_ego_fault,4.4,camera,2,0.8772347874203095,True
static_line,44,frozen_ego_fault,4.5,radar,4,1.8130238649524368,True
static_line,44,frozen_ego_fault,4.5,camera,2,3.6591952446277514,True
static_line,44,frozen_ego_fault,4.6000000000000005,radar,4,5.312194580611025,True
static_line,44,frozen_ego_fault,4.6000000000000005,camera,2,0.7440535916060597,True
static_line,44,frozen_ego_fault,4.7,radar,4,3.674162409987502,True
static_line,44,frozen_ego_fault,4.7,camera,2,4.7021730513277324,True
static_line,44,frozen_ego_fault,4.800000000000001,radar,4,11.285447400106134,True
static_line,44,frozen_ego_fault,4.800000000000001,camera,2,1.0195673509320493,True
static_line,44,frozen_ego_fault,4.9,radar,4,3.9622215331703523,True
static_line,44,frozen_ego_fault,4.9,camera,2,0.5892812801212397,True
static_line,44,frozen_ego_fault,5.0,radar,4,3.9427987938917033,True
static_line,44,frozen_ego_fault,5.0,camera,2,1.4930430413145208,True
static_line,44,frozen_ego_fault,5.1000000000000005,radar,4,4.313442460887485,True
static_line,44,frozen_ego_fault,5.1000000000000005,camera,2,0.14059878853470947,True
static_line,44,frozen_ego_fault,5.2,radar,4,4.301814420662841,True
static_line,44,frozen_ego_fault,5.2,camera,2,6.327912204619692,True
static_line,44,frozen_ego_fault,5.300000000000001,radar,4,6.575652814716345,True
static_line,44,frozen_ego_fault,5.300000000000001,camera,2,1.8638895149334498,True
static_line,44,frozen_ego_fault,5.4,radar,4,3.1054328726560887,True
static_line,44,frozen_ego_fault,5.4,camera,2,2.7691674182408397,True
static_line,44,frozen_ego_fault,5.5,radar,4,1.6415806243787632,True
static_line,44,frozen_ego_fault,5.5,camera,2,1.7060933417823179,True
static_line,44,frozen_ego_fault,5.6000000000000005,radar,4,3.073289837247218,True
static_line,44,frozen_ego_fault,5.6000000000000005,camera,2,9.573498119145194,False
static_line,44,frozen_ego_fault,5.7,radar,4,0.5996560925940847,True
static_line,44,frozen_ego_fault,5.7,camera,2,0.284640061837137,True
static_line,44,frozen_ego_fault,5.800000000000001,radar,4,10.130093386904067,True
static_line,44,frozen_ego_fault,5.800000000000001,camera,2,1.8928023155463463,True
static_line,44,frozen_ego_fault,5.9,radar,4,2.8473608543899473,True
static_line,44,frozen_ego_fault,5.9,camera,2,1.9797799179530209,True
static_line,44,frozen_ego_fault,6.0,radar,4,3.757254532424295,True
static_line,44,frozen_ego_fault,6.0,camera,2,2.775284191975915,True
static_line,44,frozen_ego_fault,6.1000000000000005,radar,4,2.7783473048989342,True
static_line,44,frozen_ego_fault,6.1000000000000005,camera,2,4.697269533707618,True
static_line,44,frozen_ego_fault,6.2,radar,4,4.09649753082031,True
static_line,44,frozen_ego_fault,6.2,camera,2,3.080332905497221,True
static_line,44,frozen_ego_fault,6.300000000000001,radar,4,6.545494500260677,True
static_line,44,frozen_ego_fault,6.300000000000001,camera,2,0.3201103420399344,True
static_line,44,frozen_ego_fault,6.4,radar,4,1.0229640815667962,True
static_line,44,frozen_ego_fault,6.4,camera,2,4.92922405377984,True
static_line,44,frozen_ego_fault,6.5,radar,4,1.8766114874101245,True
static_line,44,frozen_ego_fault,6.5,camera,2,3.5267635277254192,True
static_line,44,frozen_ego_fault,6.6000000000000005,radar,4,0.6654841199961956,True
static_line,44,frozen_ego_fault,6.6000000000000005,camera,2,0.9078912420440126,True
static_line,44,frozen_ego_fault,6.7,radar,4,3.7545004550495333,True
static_line,44,frozen_ego_fault,6.7,camera,2,0.393444286116484,True
static_line,44,frozen_ego_fault,6.800000000000001,radar,4,2.955379874031634,True
static_line,44,frozen_ego_fault,6.800000000000001,camera,2,2.669127534132614,True
static_line,44,frozen_ego_fault,6.9,radar,4,8.477532616813122,True
static_line,44,frozen_ego_fault,6.9,camera,2,0.028138223531857187,True
static_line,44,frozen_ego_fault,7.0,radar,4,1.5230040434886878,True
static_line,44,frozen_ego_fault,7.0,camera,2,1.3492321784784764,True
static_line,44,frozen_ego_fault,7.1000000000000005,radar,4,1.1655160744937672,True
static_line,44,frozen_ego_fault,7.1000000000000005,camera,2,0.17104381393587734,True
static_line,44,frozen_ego_fault,7.2,radar,4,0.9368186986553871,True
static_line,44,frozen_ego_fault,7.2,camera,2,0.25941402369494554,True
static_line,44,frozen_ego_fault,7.300000000000001,radar,4,5.640393811162922,True
static_line,44,frozen_ego_fault,7.300000000000001,camera,2,0.40183368907859107,True
static_line,44,frozen_ego_fault,7.4,radar,4,4.357608417122222,True
static_line,44,frozen_ego_fault,7.4,camera,2,1.002561876526263,True
static_line,44,frozen_ego_fault,7.5,radar,4,1.920483986402553,True
static_line,44,frozen_ego_fault,7.5,camera,2,3.7827738091393983,True
static_line,44,frozen_ego_fault,7.6000000000000005,radar,4,1.098769100838572,True
static_line,44,frozen_ego_fault,7.6000000000000005,camera,2,0.4165983643507067,True
static_line,44,frozen_ego_fault,7.7,radar,4,2.048272274252247,True
static_line,44,frozen_ego_fault,7.7,camera,2,1.9132131106175678,True
static_line,44,frozen_ego_fault,7.800000000000001,radar,4,8.616230469096717,True
static_line,44,frozen_ego_fault,7.800000000000001,camera,2,0.8701677246615035,True
static_line,44,frozen_ego_fault,7.9,radar,4,4.979444382987701,True
static_line,44,frozen_ego_fault,7.9,camera,2,1.5797928773737289,True
static_line,44,frozen_ego_fault,8.0,radar,4,0.2131834952039867,True
static_line,44,frozen_ego_fault,8.0,camera,2,2.1317676317181244,True
static_line,44,frozen_ego_fault,8.1,radar,4,3.124827178101992,True
static_line,44,frozen_ego_fault,8.1,camera,2,0.7327507153549949,True
static_line,44,frozen_ego_fault,8.200000000000001,radar,4,1.854719373584703,True
static_line,44,frozen_ego_fault,8.200000000000001,camera,2,0.9578155804178523,True
static_line,44,frozen_ego_fault,8.3,radar,4,1.3556217696760626,True
static_line,44,frozen_ego_fault,8.3,camera,2,1.071677766198062,True
static_line,44,frozen_ego_fault,8.4,radar,4,1.391170434578474,True
static_line,44,frozen_ego_fault,8.4,camera,2,1.5073632729811268,True
static_line,44,frozen_ego_fault,8.5,radar,4,3.3078864434632207,True
static_line,44,frozen_ego_fault,8.5,camera,2,1.6017214855399131,True
static_line,44,frozen_ego_fault,8.6,radar,4,2.987718376560055,True
static_line,44,frozen_ego_fault,8.6,camera,2,2.7232789476491366,True
static_line,44,frozen_ego_fault,8.700000000000001,radar,4,1.4738953135796964,True
static_line,44,frozen_ego_fault,8.700000000000001,camera,2,0.7382769874313866,True
static_line,44,frozen_ego_fault,8.8,radar,4,1.4811668381358478,True
static_line,44,frozen_ego_fault,8.8,camera,2,0.1426747375995258,True
static_line,44,frozen_ego_fault,8.9,radar,4,2.4964699938889505,True
static_line,44,frozen_ego_fault,8.9,camera,2,0.7046657974887055,True
static_line,44,frozen_ego_fault,9.0,radar,4,6.104730949545442,True
static_line,44,frozen_ego_fault,9.0,camera,2,1.9978972051284978,True
static_line,44,frozen_ego_fault,9.1,radar,4,5.268238131793349,True
static_line,44,frozen_ego_fault,9.1,camera,2,0.6315750548214557,True
static_line,44,frozen_ego_fault,9.200000000000001,radar,4,1.755345348732029,True
static_line,44,frozen_ego_fault,9.200000000000001,camera,2,1.584067118495829,True
static_line,44,frozen_ego_fault,9.3,radar,4,0.9450472399806643,True
static_line,44,frozen_ego_fault,9.3,camera,2,3.8097656108481974,True
static_line,44,frozen_ego_fault,9.4,radar,4,5.194458246053158,True
static_line,44,frozen_ego_fault,9.4,camera,2,0.81381774946779,True
static_line,44,frozen_ego_fault,9.5,radar,4,3.866500997346706,True
static_line,44,frozen_ego_fault,9.5,camera,2,0.040972162614885774,True
static_line,44,frozen_ego_fault,9.600000000000001,radar,4,5.884670104125575,True
static_line,44,frozen_ego_fault,9.600000000000001,camera,2,0.7918810183521066,True
static_line,44,frozen_ego_fault,9.700000000000001,radar,4,1.2805518869025216,True
static_line,44,frozen_ego_fault,9.700000000000001,camera,2,1.6519523961908673,True
static_line,44,frozen_ego_fault,9.8,radar,4,6.148772939904202,True
static_line,44,frozen_ego_fault,9.8,camera,2,0.7585738284830587,True
static_line,44,frozen_ego_fault,9.9,radar,4,4.512955650925241,True
static_line,44,frozen_ego_fault,9.9,camera,2,0.6043869397967706,True
static_line,44,frozen_ego_fault,10.0,radar,4,2.658038175389092,True
static_line,44,frozen_ego_fault,10.0,camera,2,3.538200332421061,True
static_line,44,frozen_ego_fault,10.100000000000001,radar,4,8.439494723961106,True
static_line,44,frozen_ego_fault,10.100000000000001,camera,2,0.958648365877973,True
static_line,44,frozen_ego_fault,10.200000000000001,radar,4,2.7279215851538483,True
static_line,44,frozen_ego_fault,10.200000000000001,camera,2,0.38306406485830824,True
static_line,44,frozen_ego_fault,10.3,radar,4,3.9343969645264014,True
static_line,44,frozen_ego_fault,10.3,camera,2,0.026952720888628857,True
static_line,44,frozen_ego_fault,10.4,radar,4,4.34846384241125,True
static_line,44,frozen_ego_fault,10.4,camera,2,1.2321532708964633,True
static_line,44,frozen_ego_fault,10.5,radar,4,2.6259374010249346,True
static_line,44,frozen_ego_fault,10.5,camera,2,0.0986236174751082,True
static_line,44,frozen_ego_fault,10.600000000000001,radar,4,3.3652309021080327,True
static_line,44,frozen_ego_fault,10.600000000000001,camera,2,1.3105147453322017,True
static_line,44,frozen_ego_fault,10.700000000000001,radar,4,0.527716987055524,True
static_line,44,frozen_ego_fault,10.700000000000001,camera,2,0.495458244171946,True
static_line,44,frozen_ego_fault,10.8,radar,4,3.7876251223870043,True
static_line,44,frozen_ego_fault,10.8,camera,2,2.3288149760127266,True
static_line,44,frozen_ego_fault,10.9,radar,4,3.80807540226198,True
static_line,44,frozen_ego_fault,10.9,camera,2,3.9123235245291466,True
static_line,44,frozen_ego_fault,11.0,radar,4,5.338792642947889,True
static_line,44,frozen_ego_fault,11.0,camera,2,7.182164750849392,True
static_line,44,frozen_ego_fault,11.100000000000001,radar,4,3.7051359931552885,True
static_line,44,frozen_ego_fault,11.100000000000001,camera,2,2.2521513555887998,True
static_line,44,frozen_ego_fault,11.200000000000001,radar,4,1.2718203609795136,True
static_line,44,frozen_ego_fault,11.200000000000001,camera,2,4.027823726423359,True
static_line,44,frozen_ego_fault,11.3,radar,4,0.6992259470693216,True
static_line,44,frozen_ego_fault,11.3,camera,2,0.11914084822908043,True
static_line,44,frozen_ego_fault,11.4,radar,4,7.681663792620881,True
static_line,44,frozen_ego_fault,11.4,camera,2,0.20446412093830568,True
static_line,44,frozen_ego_fault,11.5,radar,4,4.732578206702463,True
static_line,44,frozen_ego_fault,11.5,camera,2,0.11755242712111034,True
static_line,44,frozen_ego_fault,11.600000000000001,radar,4,7.097479876318893,True
static_line,44,frozen_ego_fault,11.600000000000001,camera,2,1.4359059984106646,True
static_line,44,frozen_ego_fault,11.700000000000001,radar,4,3.9567498790666953,True
static_line,44,frozen_ego_fault,11.700000000000001,camera,2,0.43943864136344857,True
static_line,44,frozen_ego_fault,11.8,radar,4,1.9072605434674887,True
static_line,44,frozen_ego_fault,11.8,camera,2,1.242478248562318,True
static_line,44,frozen_ego_fault,11.9,radar,4,4.837083489130233,True
static_line,44,frozen_ego_fault,11.9,camera,2,1.602095902869465,True
static_line,44,frozen_ego_fault,12.0,radar,4,2.371966925039731,True
static_line,44,frozen_ego_fault,12.0,camera,2,2.34868757055546,True
static_maneuver,42,v15_position_adapter,0.1,radar_xyz,3,1.584312928511085,True
static_maneuver,42,v15_position_adapter,0.2,radar_xyz,3,0.3695696601633894,True
static_maneuver,42,v15_position_adapter,0.30000000000000004,radar_xyz,3,0.429904289901808,True
static_maneuver,42,v15_position_adapter,0.4,radar_xyz,3,1.7291194991604166,True
static_maneuver,42,v15_position_adapter,0.5,radar_xyz,3,2.6176936600061476,True
static_maneuver,42,v15_position_adapter,0.6000000000000001,radar_xyz,3,2.305484455465033,True
static_maneuver,42,v15_position_adapter,0.7000000000000001,radar_xyz,3,1.6859268388522337,True
static_maneuver,42,v15_position_adapter,0.8,radar_xyz,3,0.9157821003387332,True
static_maneuver,42,v15_position_adapter,0.9,radar_xyz,3,1.3706414704292116,True
static_maneuver,42,v15_position_adapter,1.0,radar_xyz,3,2.1111781753037246,True
static_maneuver,42,v15_position_adapter,1.1,radar_xyz,3,1.7206415175542438,True
static_maneuver,42,v15_position_adapter,1.2000000000000002,radar_xyz,3,0.042049041839405076,True
static_maneuver,42,v15_position_adapter,1.3,radar_xyz,3,3.1486159308169777,True
static_maneuver,42,v15_position_adapter,1.4000000000000001,radar_xyz,3,0.8806967729586255,True
static_maneuver,42,v15_position_adapter,1.5,radar_xyz,3,1.6963037943526391,True
static_maneuver,42,v15_position_adapter,1.6,radar_xyz,3,1.9125620357455082,True
static_maneuver,42,v15_position_adapter,1.7000000000000002,radar_xyz,3,0.8357417600444632,True
static_maneuver,42,v15_position_adapter,1.8,radar_xyz,3,1.757106946400567,True
static_maneuver,42,v15_position_adapter,1.9000000000000001,radar_xyz,3,0.07572043012928763,True
static_maneuver,42,v15_position_adapter,2.0,radar_xyz,3,2.2778865181332373,True
static_maneuver,42,v15_position_adapter,2.1,radar_xyz,3,3.6357138527925232,True
static_maneuver,42,v15_position_adapter,2.2,radar_xyz,3,2.508530690014154,True
static_maneuver,42,v15_position_adapter,2.3000000000000003,radar_xyz,3,2.370578951183222,True
static_maneuver,42,v15_position_adapter,2.4000000000000004,radar_xyz,3,3.2701504357093225,True
static_maneuver,42,v15_position_adapter,2.5,radar_xyz,3,2.15799081773647,True
static_maneuver,42,v15_position_adapter,2.6,radar_xyz,3,0.702049477430409,True
static_maneuver,42,v15_position_adapter,2.7,radar_xyz,3,3.494264151533154,True
static_maneuver,42,v15_position_adapter,2.8000000000000003,radar_xyz,3,2.478498018142819,True
static_maneuver,42,v15_position_adapter,2.9000000000000004,radar_xyz,3,7.0213103082803325,True
static_maneuver,42,v15_position_adapter,3.0,radar_xyz,3,2.8034380296414643,True
static_maneuver,42,v15_position_adapter,3.1,radar_xyz,3,4.359335113315796,True
static_maneuver,42,v15_position_adapter,3.2,radar_xyz,3,2.346176964615991,True
static_maneuver,42,v15_position_adapter,3.3000000000000003,radar_xyz,3,2.142753939581506,True
static_maneuver,42,v15_position_adapter,3.4000000000000004,radar_xyz,3,6.29419359956011,True
static_maneuver,42,v15_position_adapter,3.5,radar_xyz,3,1.5912653370050902,True
static_maneuver,42,v15_position_adapter,3.6,radar_xyz,3,0.6259093201193551,True
static_maneuver,42,v15_position_adapter,3.7,radar_xyz,3,0.16080111171137648,True
static_maneuver,42,v15_position_adapter,3.8000000000000003,radar_xyz,3,2.631912344123021,True
static_maneuver,42,v15_position_adapter,3.9000000000000004,radar_xyz,3,2.8712412184495117,True
static_maneuver,42,v15_position_adapter,4.0,radar_xyz,3,2.5577125234263898,True
static_maneuver,42,v15_position_adapter,4.1000000000000005,radar_xyz,3,12.919900583380619,True
static_maneuver,42,v15_position_adapter,4.2,radar_xyz,3,5.340358306674117,True
static_maneuver,42,v15_position_adapter,4.3,radar_xyz,3,0.08973676216127434,True
static_maneuver,42,v15_position_adapter,4.4,radar_xyz,3,0.4368517477836123,True
static_maneuver,42,v15_position_adapter,4.5,radar_xyz,3,5.03533232428242,True
static_maneuver,42,v15_position_adapter,4.6000000000000005,radar_xyz,3,1.6504029146766863,True
static_maneuver,42,v15_position_adapter,4.7,radar_xyz,3,2.960964946793827,True
static_maneuver,42,v15_position_adapter,4.800000000000001,radar_xyz,3,0.47317480574805987,True
static_maneuver,42,v15_position_adapter,4.9,radar_xyz,3,0.5150871269454507,True
static_maneuver,42,v15_position_adapter,5.0,radar_xyz,3,2.078465122663475,True
static_maneuver,42,v15_position_adapter,5.1000000000000005,radar_xyz,3,3.1948846120037104,True
static_maneuver,42,v15_position_adapter,5.2,radar_xyz,3,1.2890253970268595,True
static_maneuver,42,v15_position_adapter,5.300000000000001,radar_xyz,3,0.2264266457755664,True
static_maneuver,42,v15_position_adapter,5.4,radar_xyz,3,5.004226505693951,True
static_maneuver,42,v15_position_adapter,5.5,radar_xyz,3,2.260061026258421,True
static_maneuver,42,v15_position_adapter,5.6000000000000005,radar_xyz,3,5.723381703435412,True
static_maneuver,42,v15_position_adapter,5.7,radar_xyz,3,5.871211056367756,True
static_maneuver,42,v15_position_adapter,5.800000000000001,radar_xyz,3,6.1718343406051694,True
static_maneuver,42,v15_position_adapter,5.9,radar_xyz,3,0.8043294160334696,True
static_maneuver,42,v15_position_adapter,6.0,radar_xyz,3,1.2311549029352755,True
static_maneuver,42,v15_position_adapter,6.1000000000000005,radar_xyz,3,2.1694952235029166,True
static_maneuver,42,v15_position_adapter,6.2,radar_xyz,3,5.334106094408636,True
static_maneuver,42,v15_position_adapter,6.300000000000001,radar_xyz,3,2.3484920116603556,True
static_maneuver,42,v15_position_adapter,6.4,radar_xyz,3,4.052670368118238,True
static_maneuver,42,v15_position_adapter,6.5,radar_xyz,3,5.232248393355336,True
static_maneuver,42,v15_position_adapter,6.6000000000000005,radar_xyz,3,3.3742969884335943,True
static_maneuver,42,v15_position_adapter,6.7,radar_xyz,3,1.470872587353413,True
static_maneuver,42,v15_position_adapter,6.800000000000001,radar_xyz,3,11.97162332588882,True
static_maneuver,42,v15_position_adapter,6.9,radar_xyz,3,2.4018209824293284,True
static_maneuver,42,v15_position_adapter,7.0,radar_xyz,3,3.324794085282698,True
static_maneuver,42,v15_position_adapter,7.1000000000000005,radar_xyz,3,3.1265788519087616,True
static_maneuver,42,v15_position_adapter,7.2,radar_xyz,3,1.2460190708361072,True
static_maneuver,42,v15_position_adapter,7.300000000000001,radar_xyz,3,0.6099337730767159,True
static_maneuver,42,v15_position_adapter,7.4,radar_xyz,3,0.9750142146794957,True
static_maneuver,42,v15_position_adapter,7.5,radar_xyz,3,6.385094639963518,True
static_maneuver,42,v15_position_adapter,7.6000000000000005,radar_xyz,3,1.1812338444884078,True
static_maneuver,42,v15_position_adapter,7.7,radar_xyz,3,5.524082187285944,True
static_maneuver,42,v15_position_adapter,7.800000000000001,radar_xyz,3,1.5125073055469553,True
static_maneuver,42,v15_position_adapter,7.9,radar_xyz,3,1.6221961787527788,True
static_maneuver,42,v15_position_adapter,8.0,radar_xyz,3,0.7214764545155019,True
static_maneuver,42,v15_position_adapter,8.1,radar_xyz,3,2.9785395506401033,True
static_maneuver,42,v15_position_adapter,8.200000000000001,radar_xyz,3,0.9694188663877635,True
static_maneuver,42,v15_position_adapter,8.3,radar_xyz,3,4.3063077717867895,True
static_maneuver,42,v15_position_adapter,8.4,radar_xyz,3,6.774252241542031,True
static_maneuver,42,v15_position_adapter,8.5,radar_xyz,3,0.8112586221098212,True
static_maneuver,42,v15_position_adapter,8.6,radar_xyz,3,5.58319178178585,True
static_maneuver,42,v15_position_adapter,8.700000000000001,radar_xyz,3,5.73000927712093,True
static_maneuver,42,v15_position_adapter,8.8,radar_xyz,3,3.802905732908103,True
static_maneuver,42,v15_position_adapter,8.9,radar_xyz,3,3.5843030878660516,True
static_maneuver,42,v15_position_adapter,9.0,radar_xyz,3,1.212090583795836,True
static_maneuver,42,v15_position_adapter,9.1,radar_xyz,3,1.145513364341642,True
static_maneuver,42,v15_position_adapter,9.200000000000001,radar_xyz,3,1.476918833417067,True
static_maneuver,42,v15_position_adapter,9.3,radar_xyz,3,0.7336638721299724,True
static_maneuver,42,v15_position_adapter,9.4,radar_xyz,3,2.731256135511831,True
static_maneuver,42,v15_position_adapter,9.5,radar_xyz,3,1.918621091036407,True
static_maneuver,42,v15_position_adapter,9.600000000000001,radar_xyz,3,2.990154380876284,True
static_maneuver,42,v15_position_adapter,9.700000000000001,radar_xyz,3,3.7221707384413985,True
static_maneuver,42,v15_position_adapter,9.8,radar_xyz,3,1.6835710107469515,True
static_maneuver,42,v15_position_adapter,9.9,radar_xyz,3,1.6087931731664151,True
static_maneuver,42,v15_position_adapter,10.0,radar_xyz,3,3.3886485162649644,True
static_maneuver,42,v15_position_adapter,10.100000000000001,radar_xyz,3,2.9865865588245852,True
static_maneuver,42,v15_position_adapter,10.200000000000001,radar_xyz,3,3.9787095168431708,True
static_maneuver,42,v15_position_adapter,10.3,radar_xyz,3,0.0665147394722527,True
static_maneuver,42,v15_position_adapter,10.4,radar_xyz,3,2.235467802065585,True
static_maneuver,42,v15_position_adapter,10.5,radar_xyz,3,6.6533429893774505,True
static_maneuver,42,v15_position_adapter,10.600000000000001,radar_xyz,3,1.7424135590221994,True
static_maneuver,42,v15_position_adapter,10.700000000000001,radar_xyz,3,2.4840618348160284,True
static_maneuver,42,v15_position_adapter,10.8,radar_xyz,3,4.178156817197867,True
static_maneuver,42,v15_position_adapter,10.9,radar_xyz,3,0.8958379245719552,True
static_maneuver,42,v15_position_adapter,11.0,radar_xyz,3,4.513813991481459,True
static_maneuver,42,v15_position_adapter,11.100000000000001,radar_xyz,3,6.1229697661118685,True
static_maneuver,42,v15_position_adapter,11.200000000000001,radar_xyz,3,1.9280427218412906,True
static_maneuver,42,v15_position_adapter,11.3,radar_xyz,3,2.930904166174642,True
static_maneuver,42,v15_position_adapter,11.4,radar_xyz,3,3.147593018701457,True
static_maneuver,42,v15_position_adapter,11.5,radar_xyz,3,5.31930582154675,True
static_maneuver,42,v15_position_adapter,11.600000000000001,radar_xyz,3,4.023020518849532,True
static_maneuver,42,v15_position_adapter,11.700000000000001,radar_xyz,3,0.7511175121861106,True
static_maneuver,42,v15_position_adapter,11.8,radar_xyz,3,2.5682658537254053,True
static_maneuver,42,v15_position_adapter,11.9,radar_xyz,3,4.614008292917132,True
static_maneuver,42,v15_position_adapter,12.0,radar_xyz,3,5.826457116104668,True
static_maneuver,42,v2_radar,0.1,radar,4,1.658424918294052,True
static_maneuver,42,v2_radar,0.2,radar,4,0.8541115721160497,True
static_maneuver,42,v2_radar,0.30000000000000004,radar,4,0.6388384203249872,True
static_maneuver,42,v2_radar,0.4,radar,4,2.0343774856353862,True
static_maneuver,42,v2_radar,0.5,radar,4,3.3800215520016645,True
static_maneuver,42,v2_radar,0.6000000000000001,radar,4,1.7409745610290421,True
static_maneuver,42,v2_radar,0.7000000000000001,radar,4,1.802663457418995,True
static_maneuver,42,v2_radar,0.8,radar,4,0.8162986624082486,True
static_maneuver,42,v2_radar,0.9,radar,4,1.8285405724227477,True
static_maneuver,42,v2_radar,1.0,radar,4,3.5199021319151993,True
static_maneuver,42,v2_radar,1.1,radar,4,1.7198118023405826,True
static_maneuver,42,v2_radar,1.2000000000000002,radar,4,0.9809440547210847,True
static_maneuver,42,v2_radar,1.3,radar,4,2.101235680111336,True
static_maneuver,42,v2_radar,1.4000000000000001,radar,4,1.789700290711722,True
static_maneuver,42,v2_radar,1.5,radar,4,0.973976873782005,True
static_maneuver,42,v2_radar,1.6,radar,4,3.2727338143143023,True
static_maneuver,42,v2_radar,1.7000000000000002,radar,4,1.3148859705695803,True
static_maneuver,42,v2_radar,1.8,radar,4,3.3271599041363533,True
static_maneuver,42,v2_radar,1.9000000000000001,radar,4,0.14147862465534294,True
static_maneuver,42,v2_radar,2.0,radar,4,2.2975984332354042,True
static_maneuver,42,v2_radar,2.1,radar,4,5.159974524809042,True
static_maneuver,42,v2_radar,2.2,radar,4,3.1537164126015074,True
static_maneuver,42,v2_radar,2.3000000000000003,radar,4,8.525931145929897,True
static_maneuver,42,v2_radar,2.4000000000000004,radar,4,3.2533875547212,True
static_maneuver,42,v2_radar,2.5,radar,4,2.6871848070340008,True
static_maneuver,42,v2_radar,2.6,radar,4,1.0603864418439914,True
static_maneuver,42,v2_radar,2.7,radar,4,6.960281408309445,True
static_maneuver,42,v2_radar,2.8000000000000003,radar,4,1.217124828878323,True
static_maneuver,42,v2_radar,2.9000000000000004,radar,4,5.387314070199327,True
static_maneuver,42,v2_radar,3.0,radar,4,3.513472691425484,True
static_maneuver,42,v2_radar,3.1,radar,4,5.41868912137033,True
static_maneuver,42,v2_radar,3.2,radar,4,3.046108375263315,True
static_maneuver,42,v2_radar,3.3000000000000003,radar,4,2.5455867926429234,True
static_maneuver,42,v2_radar,3.4000000000000004,radar,4,6.790758636330382,True
static_maneuver,42,v2_radar,3.5,radar,4,2.4060099284932925,True
static_maneuver,42,v2_radar,3.6,radar,4,1.8338164602056448,True
static_maneuver,42,v2_radar,3.7,radar,4,1.7813461388259209,True
static_maneuver,42,v2_radar,3.8000000000000003,radar,4,2.4333535242861877,True
static_maneuver,42,v2_radar,3.9000000000000004,radar,4,3.0798432310834998,True
static_maneuver,42,v2_radar,4.0,radar,4,2.7748162401580254,True
static_maneuver,42,v2_radar,4.1000000000000005,radar,4,14.879722651602632,False
static_maneuver,42,v2_radar,4.2,radar,4,5.713535872374002,True
static_maneuver,42,v2_radar,4.3,radar,4,0.812725258138728,True
static_maneuver,42,v2_radar,4.4,radar,4,2.342305439478878,True
static_maneuver,42,v2_radar,4.5,radar,4,4.3164224811869145,True
static_maneuver,42,v2_radar,4.6000000000000005,radar,4,3.4518542130165812,True
static_maneuver,42,v2_radar,4.7,radar,4,3.09855330214506,True
static_maneuver,42,v2_radar,4.800000000000001,radar,4,0.19081955745587403,True
static_maneuver,42,v2_radar,4.9,radar,4,0.4877041327828612,True
static_maneuver,42,v2_radar,5.0,radar,4,5.7891948963213915,True
static_maneuver,42,v2_radar,5.1000000000000005,radar,4,3.453195884830103,True
static_maneuver,42,v2_radar,5.2,radar,4,3.5376067458721816,True
static_maneuver,42,v2_radar,5.300000000000001,radar,4,2.7884635156769213,True
static_maneuver,42,v2_radar,5.4,radar,4,7.814396107802055,True
static_maneuver,42,v2_radar,5.5,radar,4,3.7827694229889306,True
static_maneuver,42,v2_radar,5.6000000000000005,radar,4,2.0656921089429776,True
static_maneuver,42,v2_radar,5.7,radar,4,5.010252713558409,True
static_maneuver,42,v2_radar,5.800000000000001,radar,4,5.097066106226833,True
static_maneuver,42,v2_radar,5.9,radar,4,1.4370177705708809,True
static_maneuver,42,v2_radar,6.0,radar,4,1.2554127223992333,True
static_maneuver,42,v2_radar,6.1000000000000005,radar,4,3.404286438671859,True
static_maneuver,42,v2_radar,6.2,radar,4,5.291596382498269,True
static_maneuver,42,v2_radar,6.300000000000001,radar,4,3.2400953510333887,True
static_maneuver,42,v2_radar,6.4,radar,4,4.127430185831044,True
static_maneuver,42,v2_radar,6.5,radar,4,7.481386864753567,True
static_maneuver,42,v2_radar,6.6000000000000005,radar,4,2.0456150349758957,True
static_maneuver,42,v2_radar,6.7,radar,4,1.096972868251396,True
static_maneuver,42,v2_radar,6.800000000000001,radar,4,14.372507526893004,False
static_maneuver,42,v2_radar,6.9,radar,4,1.013762364432931,True
static_maneuver,42,v2_radar,7.0,radar,4,5.557971863278464,True
static_maneuver,42,v2_radar,7.1000000000000005,radar,4,4.864922779822566,True
static_maneuver,42,v2_radar,7.2,radar,4,4.469484304295965,True
static_maneuver,42,v2_radar,7.300000000000001,radar,4,1.2718994998505235,True
static_maneuver,42,v2_radar,7.4,radar,4,1.7969524771990537,True
static_maneuver,42,v2_radar,7.5,radar,4,5.88766759915928,True
static_maneuver,42,v2_radar,7.6000000000000005,radar,4,1.772258344165187,True
static_maneuver,42,v2_radar,7.7,radar,4,6.581156978319018,True
static_maneuver,42,v2_radar,7.800000000000001,radar,4,2.085303681924276,True
static_maneuver,42,v2_radar,7.9,radar,4,2.40282532852532,True
static_maneuver,42,v2_radar,8.0,radar,4,2.4297471033327844,True
static_maneuver,42,v2_radar,8.1,radar,4,2.4345965677424335,True
static_maneuver,42,v2_radar,8.200000000000001,radar,4,0.8905682422876617,True
static_maneuver,42,v2_radar,8.3,radar,4,6.368154321489855,True
static_maneuver,42,v2_radar,8.4,radar,4,9.986122984659879,True
static_maneuver,42,v2_radar,8.5,radar,4,2.006517025550193,True
static_maneuver,42,v2_radar,8.6,radar,4,2.802748782141907,True
static_maneuver,42,v2_radar,8.700000000000001,radar,4,4.376832217342565,True
static_maneuver,42,v2_radar,8.8,radar,4,5.166444660835299,True
static_maneuver,42,v2_radar,8.9,radar,4,3.864405624439295,True
static_maneuver,42,v2_radar,9.0,radar,4,2.76653018700543,True
static_maneuver,42,v2_radar,9.1,radar,4,0.7192226506337032,True
static_maneuver,42,v2_radar,9.200000000000001,radar,4,4.496973335644404,True
static_maneuver,42,v2_radar,9.3,radar,4,2.107960271164284,True
static_maneuver,42,v2_radar,9.4,radar,4,2.8894191267470686,True
static_maneuver,42,v2_radar,9.5,radar,4,2.103997510171225,True
static_maneuver,42,v2_radar,9.600000000000001,radar,4,3.634643537112481,True
static_maneuver,42,v2_radar,9.700000000000001,radar,4,4.9584822831285065,True
static_maneuver,42,v2_radar,9.8,radar,4,3.6083606636532966,True
static_maneuver,42,v2_radar,9.9,radar,4,1.9442348453257374,True
static_maneuver,42,v2_radar,10.0,radar,4,3.402943746232485,True
static_maneuver,42,v2_radar,10.100000000000001,radar,4,3.6964674038026697,True
static_maneuver,42,v2_radar,10.200000000000001,radar,4,3.9468413952629233,True
static_maneuver,42,v2_radar,10.3,radar,4,1.0472303626106407,True
static_maneuver,42,v2_radar,10.4,radar,4,2.568574612200252,True
static_maneuver,42,v2_radar,10.5,radar,4,9.394188771397038,True
static_maneuver,42,v2_radar,10.600000000000001,radar,4,4.011611673539014,True
static_maneuver,42,v2_radar,10.700000000000001,radar,4,3.8212991210716827,True
static_maneuver,42,v2_radar,10.8,radar,4,3.9168765829515513,True
static_maneuver,42,v2_radar,10.9,radar,4,1.313976104467604,True
static_maneuver,42,v2_radar,11.0,radar,4,3.997462766066707,True
static_maneuver,42,v2_radar,11.100000000000001,radar,4,7.802462323135243,True
static_maneuver,42,v2_radar,11.200000000000001,radar,4,2.961856141676182,True
static_maneuver,42,v2_radar,11.3,radar,4,2.261877113329987,True
static_maneuver,42,v2_radar,11.4,radar,4,3.244513505972608,True
static_maneuver,42,v2_radar,11.5,radar,4,4.720126550557064,True
static_maneuver,42,v2_radar,11.600000000000001,radar,4,6.167058428043661,True
static_maneuver,42,v2_radar,11.700000000000001,radar,4,1.7355729463842522,True
static_maneuver,42,v2_radar,11.8,radar,4,2.3094007411170585,True
static_maneuver,42,v2_radar,11.9,radar,4,4.346820059369824,True
static_maneuver,42,v2_radar,12.0,radar,4,6.914873838209328,True
static_maneuver,42,v2_range_rate_camera,0.0,camera,2,0.6048105349925346,True
static_maneuver,42,v2_range_rate_camera,0.1,radar,2,0.08495464083176722,True
static_maneuver,42,v2_range_rate_camera,0.1,camera,2,0.9820201571109863,True
static_maneuver,42,v2_range_rate_camera,0.2,radar,2,0.5028642779359241,True
static_maneuver,42,v2_range_rate_camera,0.2,camera,2,4.004654248580324,True
static_maneuver,42,v2_range_rate_camera,0.30000000000000004,radar,2,0.5697701280504714,True
static_maneuver,42,v2_range_rate_camera,0.30000000000000004,camera,2,0.2859868067445524,True
static_maneuver,42,v2_range_rate_camera,0.4,radar,2,0.6885583288204211,True
static_maneuver,42,v2_range_rate_camera,0.4,camera,2,1.7091887013662284,True
static_maneuver,42,v2_range_rate_camera,0.5,radar,2,3.179693290860041,True
static_maneuver,42,v2_range_rate_camera,0.5,camera,2,0.7474786360397577,True
static_maneuver,42,v2_range_rate_camera,0.6000000000000001,radar,2,0.4980549230994916,True
static_maneuver,42,v2_range_rate_camera,0.6000000000000001,camera,2,0.5444341837481911,True
static_maneuver,42,v2_range_rate_camera,0.7000000000000001,radar,2,1.2196538569089623,True
static_maneuver,42,v2_range_rate_camera,0.7000000000000001,camera,2,0.6425854505444522,True
static_maneuver,42,v2_range_rate_camera,0.8,radar,2,0.1620926731134976,True
static_maneuver,42,v2_range_rate_camera,0.8,camera,2,5.397358139046823,True
static_maneuver,42,v2_range_rate_camera,0.9,radar,2,0.744460076727498,True
static_maneuver,42,v2_range_rate_camera,0.9,camera,2,0.6801678131658768,True
static_maneuver,42,v2_range_rate_camera,1.0,radar,2,3.1190541779399483,True
static_maneuver,42,v2_range_rate_camera,1.0,camera,2,0.9023244429984112,True
static_maneuver,42,v2_range_rate_camera,1.1,radar,2,0.10211061372473912,True
static_maneuver,42,v2_range_rate_camera,1.1,camera,2,3.2287793041868014,True
static_maneuver,42,v2_range_rate_camera,1.2000000000000002,radar,2,0.9244446580482628,True
static_maneuver,42,v2_range_rate_camera,1.2000000000000002,camera,2,0.0938937035170369,True
static_maneuver,42,v2_range_rate_camera,1.3,radar,2,0.6742218947241343,True
static_maneuver,42,v2_range_rate_camera,1.3,camera,2,0.20225860444604718,True
static_maneuver,42,v2_range_rate_camera,1.4000000000000001,radar,2,1.2530495885377755,True
static_maneuver,42,v2_range_rate_camera,1.4000000000000001,camera,2,1.3190274819708139,True
static_maneuver,42,v2_range_rate_camera,1.5,radar,2,0.7173194312262272,True
static_maneuver,42,v2_range_rate_camera,1.5,camera,2,2.3205839151053755,True
static_maneuver,42,v2_range_rate_camera,1.6,radar,2,1.9786787947381586,True
static_maneuver,42,v2_range_rate_camera,1.6,camera,2,2.880905690194362,True
static_maneuver,42,v2_range_rate_camera,1.7000000000000002,radar,2,0.5295839619993693,True
static_maneuver,42,v2_range_rate_camera,1.7000000000000002,camera,2,0.0891322814366348,True
static_maneuver,42,v2_range_rate_camera,1.8,radar,2,3.0320441568908887,True
static_maneuver,42,v2_range_rate_camera,1.8,camera,2,1.179932558745376,True
static_maneuver,42,v2_range_rate_camera,1.9000000000000001,radar,2,0.09386738926886232,True
static_maneuver,42,v2_range_rate_camera,1.9000000000000001,camera,2,4.276258561220887,True
static_maneuver,42,v2_range_rate_camera,2.0,radar,2,0.7450144776406719,True
static_maneuver,42,v2_range_rate_camera,2.0,camera,2,0.9673688486379233,True
static_maneuver,42,v2_range_rate_camera,2.1,radar,2,3.6192954521451677,True
static_maneuver,42,v2_range_rate_camera,2.1,camera,2,1.3003516680046763,True
static_maneuver,42,v2_range_rate_camera,2.2,radar,2,0.7101280735356656,True
static_maneuver,42,v2_range_rate_camera,2.2,camera,2,1.7089445468266162,True
static_maneuver,42,v2_range_rate_camera,2.3000000000000003,radar,2,7.59640765214109,True
static_maneuver,42,v2_range_rate_camera,2.3000000000000003,camera,2,3.929596199224864,True
static_maneuver,42,v2_range_rate_camera,2.4000000000000004,radar,2,3.0758839366811968,True
static_maneuver,42,v2_range_rate_camera,2.4000000000000004,camera,2,2.059004431813948,True
static_maneuver,42,v2_range_rate_camera,2.5,radar,2,1.2396553993344255,True
static_maneuver,42,v2_range_rate_camera,2.5,camera,2,1.5569021027546792,True
static_maneuver,42,v2_range_rate_camera,2.6,radar,2,0.5210753162375458,True
static_maneuver,42,v2_range_rate_camera,2.6,camera,2,2.305828151565562,True
static_maneuver,42,v2_range_rate_camera,2.7,radar,2,5.205837738184617,True
static_maneuver,42,v2_range_rate_camera,2.7,camera,2,1.3543208266862066,True
static_maneuver,42,v2_range_rate_camera,2.8000000000000003,radar,2,0.08598131821981654,True
static_maneuver,42,v2_range_rate_camera,2.8000000000000003,camera,2,1.8422485754450597,True
static_maneuver,42,v2_range_rate_camera,2.9000000000000004,radar,2,1.834644120825641,True
static_maneuver,42,v2_range_rate_camera,2.9000000000000004,camera,2,0.22598173280115766,True
static_maneuver,42,v2_range_rate_camera,3.0,radar,2,1.5043626029127823,True
static_maneuver,42,v2_range_rate_camera,3.0,camera,2,2.019693541507212,True
static_maneuver,42,v2_range_rate_camera,3.1,radar,2,1.2640439408282858,True
static_maneuver,42,v2_range_rate_camera,3.1,camera,2,2.214670100576188,True
static_maneuver,42,v2_range_rate_camera,3.2,radar,2,1.4820789654477386,True
static_maneuver,42,v2_range_rate_camera,3.2,camera,2,0.3149359688084958,True
static_maneuver,42,v2_range_rate_camera,3.3000000000000003,radar,2,0.5193405880561327,True
static_maneuver,42,v2_range_rate_camera,3.3000000000000003,camera,2,0.598679720763586,True
static_maneuver,42,v2_range_rate_camera,3.4000000000000004,radar,2,4.463182106722708,True
static_maneuver,42,v2_range_rate_camera,3.4000000000000004,camera,2,1.4686244986624013,True
static_maneuver,42,v2_range_rate_camera,3.5,radar,2,2.049063045180904,True
static_maneuver,42,v2_range_rate_camera,3.5,camera,2,0.6986695306371196,True
static_maneuver,42,v2_range_rate_camera,3.6,radar,2,1.4526334824948983,True
static_maneuver,42,v2_range_rate_camera,3.6,camera,2,0.02762126038953243,True
static_maneuver,42,v2_range_rate_camera,3.7,radar,2,1.6097035408330502,True
static_maneuver,42,v2_range_rate_camera,3.7,camera,2,7.013771710906831,True
static_maneuver,42,v2_range_rate_camera,3.8000000000000003,radar,2,0.7163369788015601,True
static_maneuver,42,v2_range_rate_camera,3.8000000000000003,camera,2,0.12155538156216648,True
static_maneuver,42,v2_range_rate_camera,3.9000000000000004,radar,2,0.575220799720782,True
static_maneuver,42,v2_range_rate_camera,3.9000000000000004,camera,2,3.7465778304231834,True
static_maneuver,42,v2_range_rate_camera,4.0,radar,2,0.5220498114271345,True
static_maneuver,42,v2_range_rate_camera,4.0,camera,2,5.426669434124202,True
static_maneuver,42,v2_range_rate_camera,4.1000000000000005,radar,2,2.148203335302347,True
static_maneuver,42,v2_range_rate_camera,4.1000000000000005,camera,2,1.0557257692314088,True
static_maneuver,42,v2_range_rate_camera,4.2,radar,2,5.618903094235969,True
static_maneuver,42,v2_range_rate_camera,4.2,camera,2,0.03664603869578194,True
static_maneuver,42,v2_range_rate_camera,4.3,radar,2,1.0698320991990822,True
static_maneuver,42,v2_range_rate_camera,4.3,camera,2,0.009325586942876966,True
static_maneuver,42,v2_range_rate_camera,4.4,radar,2,1.2149816334508643,True
static_maneuver,42,v2_range_rate_camera,4.4,camera,2,0.27131308061398507,True
static_maneuver,42,v2_range_rate_camera,4.5,radar,2,0.46925338591163085,True
static_maneuver,42,v2_range_rate_camera,4.5,camera,2,2.064168694827859,True
static_maneuver,42,v2_range_rate_camera,4.6000000000000005,radar,2,1.6450609691066973,True
static_maneuver,42,v2_range_rate_camera,4.6000000000000005,camera,2,1.4431379655306273,True
static_maneuver,42,v2_range_rate_camera,4.7,radar,2,1.2821371424384722,True
static_maneuver,42,v2_range_rate_camera,4.7,camera,2,0.717310905811012,True
static_maneuver,42,v2_range_rate_camera,4.800000000000001,radar,2,0.16430662029376475,True
static_maneuver,42,v2_range_rate_camera,4.800000000000001,camera,2,2.9406979163672555,True
static_maneuver,42,v2_range_rate_camera,4.9,radar,2,0.028561937845180234,True
static_maneuver,42,v2_range_rate_camera,4.9,camera,2,6.510897914048617,True
static_maneuver,42,v2_range_rate_camera,5.0,radar,2,4.994420708390307,True
static_maneuver,42,v2_range_rate_camera,5.0,camera,2,0.08053937196700935,True
static_maneuver,42,v2_range_rate_camera,5.1000000000000005,radar,2,1.3098985503459424,True
static_maneuver,42,v2_range_rate_camera,5.1000000000000005,camera,2,3.291869159368507,True
static_maneuver,42,v2_range_rate_camera,5.2,radar,2,2.9471609619216577,True
static_maneuver,42,v2_range_rate_camera,5.2,camera,2,0.02469895765106093,True
static_maneuver,42,v2_range_rate_camera,5.300000000000001,radar,2,2.4919542715567595,True
static_maneuver,42,v2_range_rate_camera,5.300000000000001,camera,2,2.003002057718982,True
static_maneuver,42,v2_range_rate_camera,5.4,radar,2,2.9629865836817473,True
static_maneuver,42,v2_range_rate_camera,5.4,camera,2,1.726256902202061,True
static_maneuver,42,v2_range_rate_camera,5.5,radar,2,1.45713502964114,True
static_maneuver,42,v2_range_rate_camera,5.5,camera,2,0.8836977010557926,True
static_maneuver,42,v2_range_rate_camera,5.6000000000000005,radar,2,1.1423656287547077,True
static_maneuver,42,v2_range_rate_camera,5.6000000000000005,camera,2,2.6945840618171353,True
static_maneuver,42,v2_range_rate_camera,5.7,radar,2,0.09442612910443893,True
static_maneuver,42,v2_range_rate_camera,5.7,camera,2,0.8772957155302342,True
static_maneuver,42,v2_range_rate_camera,5.800000000000001,radar,2,3.8653484411372703,True
static_maneuver,42,v2_range_rate_camera,5.800000000000001,camera,2,0.6929198402605385,True
static_maneuver,42,v2_range_rate_camera,5.9,radar,2,0.9960794276128273,True
static_maneuver,42,v2_range_rate_camera,5.9,camera,2,0.4738642617181273,True
static_maneuver,42,v2_range_rate_camera,6.0,radar,2,0.3415845497157865,True
static_maneuver,42,v2_range_rate_camera,6.0,camera,2,1.708148640519718,True
static_maneuver,42,v2_range_rate_camera,6.1000000000000005,radar,2,2.005240107147935,True
static_maneuver,42,v2_range_rate_camera,6.1000000000000005,camera,2,0.7277565323447598,True
static_maneuver,42,v2_range_rate_camera,6.2,radar,2,0.6582219624022282,True
static_maneuver,42,v2_range_rate_camera,6.2,camera,2,6.898023037770156,True
static_maneuver,42,v2_range_rate_camera,6.300000000000001,radar,2,2.0840206724261976,True
static_maneuver,42,v2_range_rate_camera,6.300000000000001,camera,2,1.5622918482881334,True
static_maneuver,42,v2_range_rate_camera,6.4,radar,2,3.958953198960243,True
static_maneuver,42,v2_range_rate_camera,6.4,camera,2,1.3977640229363502,True
static_maneuver,42,v2_range_rate_camera,6.5,radar,2,6.108388302541555,True
static_maneuver,42,v2_range_rate_camera,6.5,camera,2,2.3195333583798687,True
static_maneuver,42,v2_range_rate_camera,6.6000000000000005,radar,2,0.4718526144788073,True
static_maneuver,42,v2_range_rate_camera,6.6000000000000005,camera,2,0.7672878660588397,True
static_maneuver,42,v2_range_rate_camera,6.7,radar,2,0.6509161025906949,True
static_maneuver,42,v2_range_rate_camera,6.7,camera,2,1.167318839735288,True
static_maneuver,42,v2_range_rate_camera,6.800000000000001,radar,2,4.776918653792573,True
static_maneuver,42,v2_range_rate_camera,6.800000000000001,camera,2,0.5296643942149561,True
static_maneuver,42,v2_range_rate_camera,6.9,radar,2,0.41547790526110645,True
static_maneuver,42,v2_range_rate_camera,6.9,camera,2,0.5730394103836771,True
static_maneuver,42,v2_range_rate_camera,7.0,radar,2,0.2544356840433774,True
static_maneuver,42,v2_range_rate_camera,7.0,camera,2,1.3119141871579867,True
static_maneuver,42,v2_range_rate_camera,7.1000000000000005,radar,2,2.5371552442030407,True
static_maneuver,42,v2_range_rate_camera,7.1000000000000005,camera,2,0.08344120521813132,True
static_maneuver,42,v2_range_rate_camera,7.2,radar,2,3.129368619746235,True
static_maneuver,42,v2_range_rate_camera,7.2,camera,2,1.7716033282461223,True
static_maneuver,42,v2_range_rate_camera,7.300000000000001,radar,2,0.825833388836994,True
static_maneuver,42,v2_range_rate_camera,7.300000000000001,camera,2,2.4748234139019596,True
static_maneuver,42,v2_range_rate_camera,7.4,radar,2,0.9592442624073991,True
static_maneuver,42,v2_range_rate_camera,7.4,camera,2,1.62801064149234,True
static_maneuver,42,v2_range_rate_camera,7.5,radar,2,0.5501034371441628,True
static_maneuver,42,v2_range_rate_camera,7.5,camera,2,0.06087989483024809,True
static_maneuver,42,v2_range_rate_camera,7.6000000000000005,radar,2,1.730109670821099,True
static_maneuver,42,v2_range_rate_camera,7.6000000000000005,camera,2,0.8240224574360072,True
static_maneuver,42,v2_range_rate_camera,7.7,radar,2,2.8606566540867897,True
static_maneuver,42,v2_range_rate_camera,7.7,camera,2,3.116110849084534,True
static_maneuver,42,v2_range_rate_camera,7.800000000000001,radar,2,2.0971634633224987,True
static_maneuver,42,v2_range_rate_camera,7.800000000000001,camera,2,0.22020066253709303,True
static_maneuver,42,v2_range_rate_camera,7.9,radar,2,1.0260283713877287,True
static_maneuver,42,v2_range_rate_camera,7.9,camera,2,2.6213293984213744,True
static_maneuver,42,v2_range_rate_camera,8.0,radar,2,1.8278095407778885,True
static_maneuver,42,v2_range_rate_camera,8.0,camera,2,1.8624904015714678,True
static_maneuver,42,v2_range_rate_camera,8.1,radar,2,0.3934499032767249,True
static_maneuver,42,v2_range_rate_camera,8.1,camera,2,1.2127765420446146,True
static_maneuver,42,v2_range_rate_camera,8.200000000000001,radar,2,0.016438117663403556,True
static_maneuver,42,v2_range_rate_camera,8.200000000000001,camera,2,3.5225257748699224,True
static_maneuver,42,v2_range_rate_camera,8.3,radar,2,4.462123361759489,True
static_maneuver,42,v2_range_rate_camera,8.3,camera,2,1.7476384478120577,True
static_maneuver,42,v2_range_rate_camera,8.4,radar,2,6.443546152124106,True
static_maneuver,42,v2_range_rate_camera,8.4,camera,2,0.9773705528954287,True
static_maneuver,42,v2_range_rate_camera,8.5,radar,2,1.0940618907218267,True
static_maneuver,42,v2_range_rate_camera,8.5,camera,2,2.2396494020661155,True
static_maneuver,42,v2_range_rate_camera,8.6,radar,2,1.5978267691814827,True
static_maneuver,42,v2_range_rate_camera,8.6,camera,2,0.5422674185328363,True
static_maneuver,42,v2_range_rate_camera,8.700000000000001,radar,2,3.52463121421637,True
static_maneuver,42,v2_range_rate_camera,8.700000000000001,camera,2,3.1075117446711196,True
static_maneuver,42,v2_range_rate_camera,8.8,radar,2,1.9147908200760475,True
static_maneuver,42,v2_range_rate_camera,8.8,camera,2,0.7632370424545212,True
static_maneuver,42,v2_range_rate_camera,8.9,radar,2,1.460114616797258,True
static_maneuver,42,v2_range_rate_camera,8.9,camera,2,3.754985630156194,True
static_maneuver,42,v2_range_rate_camera,9.0,radar,2,2.2690825231040423,True
static_maneuver,42,v2_range_rate_camera,9.0,camera,2,0.5701681352357684,True
static_maneuver,42,v2_range_rate_camera,9.1,radar,2,0.6507725657070497,True
static_maneuver,42,v2_range_rate_camera,9.1,camera,2,1.6369590591328351,True
static_maneuver,42,v2_range_rate_camera,9.200000000000001,radar,2,3.8230796827389173,True
static_maneuver,42,v2_range_rate_camera,9.200000000000001,camera,2,0.7528647020290475,True
static_maneuver,42,v2_range_rate_camera,9.3,radar,2,1.8077701004637345,True
static_maneuver,42,v2_range_rate_camera,9.3,camera,2,0.3549081841972629,True
static_maneuver,42,v2_range_rate_camera,9.4,radar,2,2.1325885424963573,True
static_maneuver,42,v2_range_rate_camera,9.4,camera,2,0.9594342003000164,True
static_maneuver,42,v2_range_rate_camera,9.5,radar,2,1.195016694808213,True
static_maneuver,42,v2_range_rate_camera,9.5,camera,2,0.754076207752234,True
static_maneuver,42,v2_range_rate_camera,9.600000000000001,radar,2,3.4348011500842452,True
static_maneuver,42,v2_range_rate_camera,9.600000000000001,camera,2,4.15153043452348,True
static_maneuver,42,v2_range_rate_camera,9.700000000000001,radar,2,1.1420311053010679,True
static_maneuver,42,v2_range_rate_camera,9.700000000000001,camera,2,0.07741389704626331,True
static_maneuver,42,v2_range_rate_camera,9.8,radar,2,2.0743345989676043,True
static_maneuver,42,v2_range_rate_camera,9.8,camera,2,5.967801796536039,True
static_maneuver,42,v2_range_rate_camera,9.9,radar,2,1.5536829255986397,True
static_maneuver,42,v2_range_rate_camera,9.9,camera,2,0.06452450374454169,True
static_maneuver,42,v2_range_rate_camera,10.0,radar,2,0.651104039622308,True
static_maneuver,42,v2_range_rate_camera,10.0,camera,2,3.7862256681949575,True
static_maneuver,42,v2_range_rate_camera,10.100000000000001,radar,2,1.315291622957832,True
static_maneuver,42,v2_range_rate_camera,10.100000000000001,camera,2,1.2175837536419338,True
static_maneuver,42,v2_range_rate_camera,10.200000000000001,radar,2,1.6680372650246498,True
static_maneuver,42,v2_range_rate_camera,10.200000000000001,camera,2,1.0889752820497247,True
static_maneuver,42,v2_range_rate_camera,10.3,radar,2,1.0330571175116574,True
static_maneuver,42,v2_range_rate_camera,10.3,camera,2,0.39853235384902785,True
static_maneuver,42,v2_range_rate_camera,10.4,radar,2,0.9907201571764959,True
static_maneuver,42,v2_range_rate_camera,10.4,camera,2,4.3257857391998495,True
static_maneuver,42,v2_range_rate_camera,10.5,radar,2,5.61918027529963,True
static_maneuver,42,v2_range_rate_camera,10.5,camera,2,0.39321531013050964,True
static_maneuver,42,v2_range_rate_camera,10.600000000000001,radar,2,2.4110117288947444,True
static_maneuver,42,v2_range_rate_camera,10.600000000000001,camera,2,2.0928308169613072,True
static_maneuver,42,v2_range_rate_camera,10.700000000000001,radar,2,3.921997282671161,True
static_maneuver,42,v2_range_rate_camera,10.700000000000001,camera,2,3.1905383112000862,True
static_maneuver,42,v2_range_rate_camera,10.8,radar,2,0.022487535304558534,True
static_maneuver,42,v2_range_rate_camera,10.8,camera,2,2.508185300758096,True
static_maneuver,42,v2_range_rate_camera,10.9,radar,2,0.4318336085278764,True
static_maneuver,42,v2_range_rate_camera,10.9,camera,2,0.43278895296864406,True
static_maneuver,42,v2_range_rate_camera,11.0,radar,2,3.3190648993030827,True
static_maneuver,42,v2_range_rate_camera,11.0,camera,2,1.509046991836884,True
static_maneuver,42,v2_range_rate_camera,11.100000000000001,radar,2,3.0270948775209843,True
static_maneuver,42,v2_range_rate_camera,11.100000000000001,camera,2,1.3111001166201752,True
static_maneuver,42,v2_range_rate_camera,11.200000000000001,radar,2,0.9764327788966206,True
static_maneuver,42,v2_range_rate_camera,11.200000000000001,camera,2,1.808390653878188,True
static_maneuver,42,v2_range_rate_camera,11.3,radar,2,0.5561947859661848,True
static_maneuver,42,v2_range_rate_camera,11.3,camera,2,0.36029104883027474,True
static_maneuver,42,v2_range_rate_camera,11.4,radar,2,0.11706495497294758,True
static_maneuver,42,v2_range_rate_camera,11.4,camera,2,3.2774023223751474,True
static_maneuver,42,v2_range_rate_camera,11.5,radar,2,0.3282381368575651,True
static_maneuver,42,v2_range_rate_camera,11.5,camera,2,2.1679605432429048,True
static_maneuver,42,v2_range_rate_camera,11.600000000000001,radar,2,4.38754800477095,True
static_maneuver,42,v2_range_rate_camera,11.600000000000001,camera,2,0.6158144831365636,True
static_maneuver,42,v2_range_rate_camera,11.700000000000001,radar,2,0.9576925560044781,True
static_maneuver,42,v2_range_rate_camera,11.700000000000001,camera,2,1.5829754729963452,True
static_maneuver,42,v2_range_rate_camera,11.8,radar,2,0.7910205506753457,True
static_maneuver,42,v2_range_rate_camera,11.8,camera,2,0.41585491074282516,True
static_maneuver,42,v2_range_rate_camera,11.9,radar,2,0.49931028990781995,True
static_maneuver,42,v2_range_rate_camera,11.9,camera,2,1.0560144153044233,True
static_maneuver,42,v2_range_rate_camera,12.0,radar,2,1.8651847211943395,True
static_maneuver,42,v2_range_rate_camera,12.0,camera,2,1.8137275945376703,True
static_maneuver,42,v2_full,0.0,camera,2,0.6048105349925346,True
static_maneuver,42,v2_full,0.1,radar,4,1.0694718529807064,True
static_maneuver,42,v2_full,0.1,camera,2,0.5917594608355514,True
static_maneuver,42,v2_full,0.2,radar,4,1.8895277866537037,True
static_maneuver,42,v2_full,0.2,camera,2,4.157903524414795,True
static_maneuver,42,v2_full,0.30000000000000004,radar,4,1.0397884777326392,True
static_maneuver,42,v2_full,0.30000000000000004,camera,2,0.25450464222277475,True
static_maneuver,42,v2_full,0.4,radar,4,1.9521488179170325,True
static_maneuver,42,v2_full,0.4,camera,2,1.1161706273938656,True
static_maneuver,42,v2_full,0.5,radar,4,3.707272431220249,True
static_maneuver,42,v2_full,0.5,camera,2,0.5745019865726484,True
static_maneuver,42,v2_full,0.6000000000000001,radar,4,1.4236679787110997,True
static_maneuver,42,v2_full,0.6000000000000001,camera,2,0.5622068944579741,True
static_maneuver,42,v2_full,0.7000000000000001,radar,4,1.5729015606752466,True
static_maneuver,42,v2_full,0.7000000000000001,camera,2,0.5469645580302532,True
static_maneuver,42,v2_full,0.8,radar,4,1.0895445133858985,True
static_maneuver,42,v2_full,0.8,camera,2,5.055953895412503,True
static_maneuver,42,v2_full,0.9,radar,4,3.16331197612911,True
static_maneuver,42,v2_full,0.9,camera,2,0.9567760542163504,True
static_maneuver,42,v2_full,1.0,radar,4,3.560561508455706,True
static_maneuver,42,v2_full,1.0,camera,2,0.9295319066781194,True
static_maneuver,42,v2_full,1.1,radar,4,0.7764554558883602,True
static_maneuver,42,v2_full,1.1,camera,2,2.680001858377489,True
static_maneuver,42,v2_full,1.2000000000000002,radar,4,1.369051638891941,True
static_maneuver,42,v2_full,1.2000000000000002,camera,2,0.1826175496825055,True
static_maneuver,42,v2_full,1.3,radar,4,1.1972792062114523,True
static_maneuver,42,v2_full,1.3,camera,2,0.2410145756030802,True
static_maneuver,42,v2_full,1.4000000000000001,radar,4,1.694060152879819,True
static_maneuver,42,v2_full,1.4000000000000001,camera,2,1.3338509831449596,True
static_maneuver,42,v2_full,1.5,radar,4,0.9712691476617936,True
static_maneuver,42,v2_full,1.5,camera,2,2.4942955722075735,True
static_maneuver,42,v2_full,1.6,radar,4,3.0299677004534855,True
static_maneuver,42,v2_full,1.6,camera,2,2.555178850888247,True
static_maneuver,42,v2_full,1.7000000000000002,radar,4,1.816373927552096,True
static_maneuver,42,v2_full,1.7000000000000002,camera,2,0.18487303217845313,True
static_maneuver,42,v2_full,1.8,radar,4,3.129963849427769,True
static_maneuver,42,v2_full,1.8,camera,2,1.2507488626062992,True
static_maneuver,42,v2_full,1.9000000000000001,radar,4,0.10270941883447475,True
static_maneuver,42,v2_full,1.9000000000000001,camera,2,4.104388299116393,True
static_maneuver,42,v2_full,2.0,radar,4,2.3699904840385044,True
static_maneuver,42,v2_full,2.0,camera,2,1.1141715804438501,True
static_maneuver,42,v2_full,2.1,radar,4,4.829025551348156,True
static_maneuver,42,v2_full,2.1,camera,2,1.3832881451751078,True
static_maneuver,42,v2_full,2.2,radar,4,3.8749285782831033,True
static_maneuver,42,v2_full,2.2,camera,2,1.4883021345339211,True
static_maneuver,42,v2_full,2.3000000000000003,radar,4,8.869067176780193,True
static_maneuver,42,v2_full,2.3000000000000003,camera,2,4.287283001932734,True
static_maneuver,42,v2_full,2.4000000000000004,radar,4,3.65183294841156,True
static_maneuver,42,v2_full,2.4000000000000004,camera,2,1.630704552572715,True
static_maneuver,42,v2_full,2.5,radar,4,4.111369704778564,True
static_maneuver,42,v2_full,2.5,camera,2,1.3776738208648367,True
static_maneuver,42,v2_full,2.6,radar,4,1.7473296912145255,True
static_maneuver,42,v2_full,2.6,camera,2,3.1592929382769834,True
static_maneuver,42,v2_full,2.7,radar,4,6.435752795229235,True
static_maneuver,42,v2_full,2.7,camera,2,1.1748772980880424,True
static_maneuver,42,v2_full,2.8000000000000003,radar,4,0.7663911978582728,True
static_maneuver,42,v2_full,2.8000000000000003,camera,2,2.166649073949255,True
static_maneuver,42,v2_full,2.9000000000000004,radar,4,4.160614200341483,True
static_maneuver,42,v2_full,2.9000000000000004,camera,2,0.21563823650468067,True
static_maneuver,42,v2_full,3.0,radar,4,2.9134958542103466,True
static_maneuver,42,v2_full,3.0,camera,2,2.279366966191964,True
static_maneuver,42,v2_full,3.1,radar,4,6.066409336250196,True
static_maneuver,42,v2_full,3.1,camera,2,1.8163157712606313,True
static_maneuver,42,v2_full,3.2,radar,4,3.044334833105074,True
static_maneuver,42,v2_full,3.2,camera,2,0.27181244901247276,True
static_maneuver,42,v2_full,3.3000000000000003,radar,4,2.7325149201387893,True
static_maneuver,42,v2_full,3.3000000000000003,camera,2,0.8709174797205661,True
static_maneuver,42,v2_full,3.4000000000000004,radar,4,6.377547366059136,True
static_maneuver,42,v2_full,3.4000000000000004,camera,2,1.7386095575801255,True
static_maneuver,42,v2_full,3.5,radar,4,2.2905101376788277,True
static_maneuver,42,v2_full,3.5,camera,2,0.7214836139604759,True
static_maneuver,42,v2_full,3.6,radar,4,1.8947055296300073,True
static_maneuver,42,v2_full,3.6,camera,2,0.032981467850873594,True
static_maneuver,42,v2_full,3.7,radar,4,1.6950878326220051,True
static_maneuver,42,v2_full,3.7,camera,2,6.842007001563556,True
static_maneuver,42,v2_full,3.8000000000000003,radar,4,2.5054620931264107,True
static_maneuver,42,v2_full,3.8000000000000003,camera,2,0.2167777666703279,True
static_maneuver,42,v2_full,3.9000000000000004,radar,4,4.350389601528209,True
static_maneuver,42,v2_full,3.9000000000000004,camera,2,4.843077173021927,True
static_maneuver,42,v2_full,4.0,radar,4,5.246875664548205,True
static_maneuver,42,v2_full,4.0,camera,2,4.5359317519719236,True
static_maneuver,42,v2_full,4.1000000000000005,radar,4,13.297986203568072,False
static_maneuver,42,v2_full,4.1000000000000005,camera,2,1.549182185952629,True
static_maneuver,42,v2_full,4.2,radar,4,4.7453183905163305,True
static_maneuver,42,v2_full,4.2,camera,2,0.02896824812284366,True
static_maneuver,42,v2_full,4.3,radar,4,0.6252585989914194,True
static_maneuver,42,v2_full,4.3,camera,2,0.042888272947066125,True
static_maneuver,42,v2_full,4.4,radar,4,1.657894960466451,True
static_maneuver,42,v2_full,4.4,camera,2,0.2863399843784141,True
static_maneuver,42,v2_full,4.5,radar,4,4.371595940310768,True
static_maneuver,42,v2_full,4.5,camera,2,2.3007776768109527,True
static_maneuver,42,v2_full,4.6000000000000005,radar,4,3.274815402276858,True
static_maneuver,42,v2_full,4.6000000000000005,camera,2,1.1179839543558645,True
static_maneuver,42,v2_full,4.7,radar,4,2.8380619896118144,True
static_maneuver,42,v2_full,4.7,camera,2,0.8078238474690455,True
static_maneuver,42,v2_full,4.800000000000001,radar,4,0.1810732397613852,True
static_maneuver,42,v2_full,4.800000000000001,camera,2,2.879559970860138,True
static_maneuver,42,v2_full,4.9,radar,4,0.6366717735841948,True
static_maneuver,42,v2_full,4.9,camera,2,6.205620337500226,True
static_maneuver,42,v2_full,5.0,radar,4,5.913848204465916,True
static_maneuver,42,v2_full,5.0,camera,2,0.1665064788699371,True
static_maneuver,42,v2_full,5.1000000000000005,radar,4,3.885892318251105,True
static_maneuver,42,v2_full,5.1000000000000005,camera,2,3.9448682256721086,True
static_maneuver,42,v2_full,5.2,radar,4,3.8058816325164697,True
static_maneuver,42,v2_full,5.2,camera,2,0.07351644688598391,True
static_maneuver,42,v2_full,5.300000000000001,radar,4,3.1152554756071025,True
static_maneuver,42,v2_full,5.300000000000001,camera,2,2.576939740741041,True
static_maneuver,42,v2_full,5.4,radar,4,5.3103917489118375,True
static_maneuver,42,v2_full,5.4,camera,2,1.704816691192646,True
static_maneuver,42,v2_full,5.5,radar,4,3.1246889087831495,True
static_maneuver,42,v2_full,5.5,camera,2,0.9927138366224029,True
static_maneuver,42,v2_full,5.6000000000000005,radar,4,2.54917151995355,True
static_maneuver,42,v2_full,5.6000000000000005,camera,2,2.645220101934157,True
static_maneuver,42,v2_full,5.7,radar,4,5.945507945940793,True
static_maneuver,42,v2_full,5.7,camera,2,0.8892982226019519,True
static_maneuver,42,v2_full,5.800000000000001,radar,4,4.618744390255755,True
static_maneuver,42,v2_full,5.800000000000001,camera,2,0.8045150504115168,True
static_maneuver,42,v2_full,5.9,radar,4,1.1658704905517627,True
static_maneuver,42,v2_full,5.9,camera,2,0.5523568939549481,True
static_maneuver,42,v2_full,6.0,radar,4,1.723681435083288,True
static_maneuver,42,v2_full,6.0,camera,2,1.877426614054484,True
static_maneuver,42,v2_full,6.1000000000000005,radar,4,2.9846931185188113,True
static_maneuver,42,v2_full,6.1000000000000005,camera,2,0.9290418225861413,True
static_maneuver,42,v2_full,6.2,radar,4,7.0986895967358485,True
static_maneuver,42,v2_full,6.2,camera,2,5.976690283346975,True
static_maneuver,42,v2_full,6.300000000000001,radar,4,3.701673705363159,True
static_maneuver,42,v2_full,6.300000000000001,camera,2,1.075524341020248,True
static_maneuver,42,v2_full,6.4,radar,4,4.088810762150587,True
static_maneuver,42,v2_full,6.4,camera,2,1.3563507197907951,True
static_maneuver,42,v2_full,6.5,radar,4,6.48577057583779,True
static_maneuver,42,v2_full,6.5,camera,2,2.6949883393429688,True
static_maneuver,42,v2_full,6.6000000000000005,radar,4,1.4997981585640843,True
static_maneuver,42,v2_full,6.6000000000000005,camera,2,0.8659579068161729,True
static_maneuver,42,v2_full,6.7,radar,4,1.0344870412398224,True
static_maneuver,42,v2_full,6.7,camera,2,1.1891094121677817,True
static_maneuver,42,v2_full,6.800000000000001,radar,4,12.292460246352565,True
static_maneuver,42,v2_full,6.800000000000001,camera,2,0.5021836773877804,True
static_maneuver,42,v2_full,6.9,radar,4,3.441297081420604,True
static_maneuver,42,v2_full,6.9,camera,2,0.5247867324418728,True
static_maneuver,42,v2_full,7.0,radar,4,2.410330298701775,True
static_maneuver,42,v2_full,7.0,camera,2,1.690871096203548,True
static_maneuver,42,v2_full,7.1000000000000005,radar,4,5.03220743836552,True
static_maneuver,42,v2_full,7.1000000000000005,camera,2,0.2928994813019608,True
static_maneuver,42,v2_full,7.2,radar,4,3.919807468525545,True
static_maneuver,42,v2_full,7.2,camera,2,1.969717793887855,True
static_maneuver,42,v2_full,7.300000000000001,radar,4,1.0745615284175376,True
static_maneuver,42,v2_full,7.300000000000001,camera,2,2.1811972290254404,True
static_maneuver,42,v2_full,7.4,radar,4,1.913190597232482,True
static_maneuver,42,v2_full,7.4,camera,2,1.822134232464306,True
static_maneuver,42,v2_full,7.5,radar,4,8.883888745760594,True
static_maneuver,42,v2_full,7.5,camera,2,0.04347945809202092,True
static_maneuver,42,v2_full,7.6000000000000005,radar,4,1.835530770884256,True
static_maneuver,42,v2_full,7.6000000000000005,camera,2,0.7615033158722555,True
static_maneuver,42,v2_full,7.7,radar,4,4.29391857164754,True
static_maneuver,42,v2_full,7.7,camera,2,3.227574873923853,True
static_maneuver,42,v2_full,7.800000000000001,radar,4,2.320034897091042,True
static_maneuver,42,v2_full,7.800000000000001,camera,2,0.17652534918450044,True
static_maneuver,42,v2_full,7.9,radar,4,3.1357898948869356,True
static_maneuver,42,v2_full,7.9,camera,2,2.4786519220639263,True
static_maneuver,42,v2_full,8.0,radar,4,2.5181419748745255,True
static_maneuver,42,v2_full,8.0,camera,2,1.874584719059018,True
static_maneuver,42,v2_full,8.1,radar,4,1.8605305838259651,True
static_maneuver,42,v2_full,8.1,camera,2,1.1277857678627856,True
static_maneuver,42,v2_full,8.200000000000001,radar,4,1.1263926317346726,True
static_maneuver,42,v2_full,8.200000000000001,camera,2,3.5902057928944457,True
static_maneuver,42,v2_full,8.3,radar,4,6.70550015958586,True
static_maneuver,42,v2_full,8.3,camera,2,1.3886744852205588,True
static_maneuver,42,v2_full,8.4,radar,4,11.143152189250646,True
static_maneuver,42,v2_full,8.4,camera,2,1.4868182980458098,True
static_maneuver,42,v2_full,8.5,radar,4,1.1552454661487876,True
static_maneuver,42,v2_full,8.5,camera,2,2.9983541903701183,True
static_maneuver,42,v2_full,8.6,radar,4,4.659689131426452,True
static_maneuver,42,v2_full,8.6,camera,2,0.19490130866361657,True
static_maneuver,42,v2_full,8.700000000000001,radar,4,5.222629684139625,True
static_maneuver,42,v2_full,8.700000000000001,camera,2,4.39471635832237,True
static_maneuver,42,v2_full,8.8,radar,4,3.0690998889475782,True
static_maneuver,42,v2_full,8.8,camera,2,0.5478721709462527,True
static_maneuver,42,v2_full,8.9,radar,4,3.0593074848062405,True
static_maneuver,42,v2_full,8.9,camera,2,3.6283387833909173,True
static_maneuver,42,v2_full,9.0,radar,4,2.3261080722424423,True
static_maneuver,42,v2_full,9.0,camera,2,0.5350170675945992,True
static_maneuver,42,v2_full,9.1,radar,4,1.243955553134916,True
static_maneuver,42,v2_full,9.1,camera,2,1.7817665910048286,True
static_maneuver,42,v2_full,9.200000000000001,radar,4,3.9567100742608403,True
static_maneuver,42,v2_full,9.200000000000001,camera,2,0.7502184354510871,True
static_maneuver,42,v2_full,9.3,radar,4,1.9219247454719002,True
static_maneuver,42,v2_full,9.3,camera,2,0.3081853983563552,True
static_maneuver,42,v2_full,9.4,radar,4,2.7554143721804656,True
static_maneuver,42,v2_full,9.4,camera,2,0.8160317337135964,True
static_maneuver,42,v2_full,9.5,radar,4,2.1524866232783877,True
static_maneuver,42,v2_full,9.5,camera,2,0.9778943260124363,True
static_maneuver,42,v2_full,9.600000000000001,radar,4,3.5351144243821153,True
static_maneuver,42,v2_full,9.600000000000001,camera,2,4.44345009317828,True
static_maneuver,42,v2_full,9.700000000000001,radar,4,4.668953770389787,True
static_maneuver,42,v2_full,9.700000000000001,camera,2,0.1316107324144343,True
static_maneuver,42,v2_full,9.8,radar,4,4.324062839357964,True
static_maneuver,42,v2_full,9.8,camera,2,5.207575966555905,True
static_maneuver,42,v2_full,9.9,radar,4,2.0911507126303612,True
static_maneuver,42,v2_full,9.9,camera,2,0.01019139589833709,True
static_maneuver,42,v2_full,10.0,radar,4,3.288146924723703,True
static_maneuver,42,v2_full,10.0,camera,2,3.7795411073609912,True
static_maneuver,42,v2_full,10.100000000000001,radar,4,4.325111989825016,True
static_maneuver,42,v2_full,10.100000000000001,camera,2,1.586786784793928,True
static_maneuver,42,v2_full,10.200000000000001,radar,4,4.173101970936093,True
static_maneuver,42,v2_full,10.200000000000001,camera,2,0.6563859754314565,True
static_maneuver,42,v2_full,10.3,radar,4,1.179748355103581,True
static_maneuver,42,v2_full,10.3,camera,2,0.4276932488977533,True
static_maneuver,42,v2_full,10.4,radar,4,2.9383098412842608,True
static_maneuver,42,v2_full,10.4,camera,2,4.531750964936871,True
static_maneuver,42,v2_full,10.5,radar,4,10.210719418598668,True
static_maneuver,42,v2_full,10.5,camera,2,0.2693405732518158,True
static_maneuver,42,v2_full,10.600000000000001,radar,4,2.8500284228172563,True
static_maneuver,42,v2_full,10.600000000000001,camera,2,2.091077665479894,True
static_maneuver,42,v2_full,10.700000000000001,radar,4,4.250796711999519,True
static_maneuver,42,v2_full,10.700000000000001,camera,2,3.1262016185363386,True
static_maneuver,42,v2_full,10.8,radar,4,3.140979755885358,True
static_maneuver,42,v2_full,10.8,camera,2,3.198751398323897,True
static_maneuver,42,v2_full,10.9,radar,4,1.0042366542616699,True
static_maneuver,42,v2_full,10.9,camera,2,0.4944484209198272,True
static_maneuver,42,v2_full,11.0,radar,4,3.9284841976738143,True
static_maneuver,42,v2_full,11.0,camera,2,1.6057523577228305,True
static_maneuver,42,v2_full,11.100000000000001,radar,4,10.54081989623585,True
static_maneuver,42,v2_full,11.100000000000001,camera,2,0.8049119898977556,True
static_maneuver,42,v2_full,11.200000000000001,radar,4,2.1798176454439107,True
static_maneuver,42,v2_full,11.200000000000001,camera,2,1.839266868429568,True
static_maneuver,42,v2_full,11.3,radar,4,2.4164436515531826,True
static_maneuver,42,v2_full,11.3,camera,2,0.2486526391095476,True
static_maneuver,42,v2_full,11.4,radar,4,3.6463364662653954,True
static_maneuver,42,v2_full,11.4,camera,2,2.314917064294164,True
static_maneuver,42,v2_full,11.5,radar,4,6.71424742508562,True
static_maneuver,42,v2_full,11.5,camera,2,1.538606366592337,True
static_maneuver,42,v2_full,11.600000000000001,radar,4,5.315986478923798,True
static_maneuver,42,v2_full,11.600000000000001,camera,2,0.7754505030535342,True
static_maneuver,42,v2_full,11.700000000000001,radar,4,3.2221092165787013,True
static_maneuver,42,v2_full,11.700000000000001,camera,2,1.0716071226266226,True
static_maneuver,42,v2_full,11.8,radar,4,1.3540933060739577,True
static_maneuver,42,v2_full,11.8,camera,2,0.32490937865428654,True
static_maneuver,42,v2_full,11.9,radar,4,4.008770805500388,True
static_maneuver,42,v2_full,11.9,camera,2,0.8982947003592067,True
static_maneuver,42,v2_full,12.0,radar,4,9.881405917171412,True
static_maneuver,42,v2_full,12.0,camera,2,1.891628416935096,True
static_maneuver,42,frozen_ego_fault,0.0,camera,2,0.6048105349925346,True
static_maneuver,42,frozen_ego_fault,0.1,radar,4,1.0694718529807064,True
static_maneuver,42,frozen_ego_fault,0.1,camera,2,0.5917594608355514,True
static_maneuver,42,frozen_ego_fault,0.2,radar,4,1.8895277866537037,True
static_maneuver,42,frozen_ego_fault,0.2,camera,2,4.157903524414795,True
static_maneuver,42,frozen_ego_fault,0.30000000000000004,radar,4,1.0397884777326392,True
static_maneuver,42,frozen_ego_fault,0.30000000000000004,camera,2,0.25450464222277475,True
static_maneuver,42,frozen_ego_fault,0.4,radar,4,1.9521488179170325,True
static_maneuver,42,frozen_ego_fault,0.4,camera,2,1.1161706273938656,True
static_maneuver,42,frozen_ego_fault,0.5,radar,4,3.707272431220249,True
static_maneuver,42,frozen_ego_fault,0.5,camera,2,0.5745019865726484,True
static_maneuver,42,frozen_ego_fault,0.6000000000000001,radar,4,1.4236679787110997,True
static_maneuver,42,frozen_ego_fault,0.6000000000000001,camera,2,0.5622068944579741,True
static_maneuver,42,frozen_ego_fault,0.7000000000000001,radar,4,1.5729015606752466,True
static_maneuver,42,frozen_ego_fault,0.7000000000000001,camera,2,0.5469645580302532,True
static_maneuver,42,frozen_ego_fault,0.8,radar,4,1.0895445133858985,True
static_maneuver,42,frozen_ego_fault,0.8,camera,2,5.055953895412503,True
static_maneuver,42,frozen_ego_fault,0.9,radar,4,3.16331197612911,True
static_maneuver,42,frozen_ego_fault,0.9,camera,2,0.9567760542163504,True
static_maneuver,42,frozen_ego_fault,1.0,radar,4,3.560561508455706,True
static_maneuver,42,frozen_ego_fault,1.0,camera,2,0.9295319066781194,True
static_maneuver,42,frozen_ego_fault,1.1,radar,4,0.7764554558883602,True
static_maneuver,42,frozen_ego_fault,1.1,camera,2,2.680001858377489,True
static_maneuver,42,frozen_ego_fault,1.2000000000000002,radar,4,1.369051638891941,True
static_maneuver,42,frozen_ego_fault,1.2000000000000002,camera,2,0.1826175496825055,True
static_maneuver,42,frozen_ego_fault,1.3,radar,4,1.1972792062114523,True
static_maneuver,42,frozen_ego_fault,1.3,camera,2,0.2410145756030802,True
static_maneuver,42,frozen_ego_fault,1.4000000000000001,radar,4,1.694060152879819,True
static_maneuver,42,frozen_ego_fault,1.4000000000000001,camera,2,1.3338509831449596,True
static_maneuver,42,frozen_ego_fault,1.5,radar,4,0.9712691476617936,True
static_maneuver,42,frozen_ego_fault,1.5,camera,2,2.4942955722075735,True
static_maneuver,42,frozen_ego_fault,1.6,radar,4,3.0299677004534855,True
static_maneuver,42,frozen_ego_fault,1.6,camera,2,2.555178850888247,True
static_maneuver,42,frozen_ego_fault,1.7000000000000002,radar,4,1.816373927552096,True
static_maneuver,42,frozen_ego_fault,1.7000000000000002,camera,2,0.18487303217845313,True
static_maneuver,42,frozen_ego_fault,1.8,radar,4,3.129963849427769,True
static_maneuver,42,frozen_ego_fault,1.8,camera,2,1.2507488626062992,True
static_maneuver,42,frozen_ego_fault,1.9000000000000001,radar,4,0.10270941883447475,True
static_maneuver,42,frozen_ego_fault,1.9000000000000001,camera,2,4.104388299116393,True
static_maneuver,42,frozen_ego_fault,2.0,radar,4,2.3699904840385044,True
static_maneuver,42,frozen_ego_fault,2.0,camera,2,1.1141715804438501,True
static_maneuver,42,frozen_ego_fault,2.1,radar,4,4.829025551348156,True
static_maneuver,42,frozen_ego_fault,2.1,camera,2,1.3832881451751078,True
static_maneuver,42,frozen_ego_fault,2.2,radar,4,3.8749285782831033,True
static_maneuver,42,frozen_ego_fault,2.2,camera,2,1.4883021345339211,True
static_maneuver,42,frozen_ego_fault,2.3000000000000003,radar,4,8.869067176780193,True
static_maneuver,42,frozen_ego_fault,2.3000000000000003,camera,2,4.287283001932734,True
static_maneuver,42,frozen_ego_fault,2.4000000000000004,radar,4,3.65183294841156,True
static_maneuver,42,frozen_ego_fault,2.4000000000000004,camera,2,1.630704552572715,True
static_maneuver,42,frozen_ego_fault,2.5,radar,4,4.111369704778564,True
static_maneuver,42,frozen_ego_fault,2.5,camera,2,1.3776738208648367,True
static_maneuver,42,frozen_ego_fault,2.6,radar,4,1.7473296912145255,True
static_maneuver,42,frozen_ego_fault,2.6,camera,2,3.1592929382769834,True
static_maneuver,42,frozen_ego_fault,2.7,radar,4,6.435752795229235,True
static_maneuver,42,frozen_ego_fault,2.7,camera,2,1.1748772980880424,True
static_maneuver,42,frozen_ego_fault,2.8000000000000003,radar,4,0.7663911978582728,True
static_maneuver,42,frozen_ego_fault,2.8000000000000003,camera,2,2.166649073949255,True
static_maneuver,42,frozen_ego_fault,2.9000000000000004,radar,4,4.160614200341483,True
static_maneuver,42,frozen_ego_fault,2.9000000000000004,camera,2,0.21563823650468067,True
static_maneuver,42,frozen_ego_fault,3.0,radar,4,2.9134958542103466,True
static_maneuver,42,frozen_ego_fault,3.0,camera,2,2.279366966191964,True
static_maneuver,42,frozen_ego_fault,3.1,radar,4,6.066409336250196,True
static_maneuver,42,frozen_ego_fault,3.1,camera,2,1.8163157712606313,True
static_maneuver,42,frozen_ego_fault,3.2,radar,4,3.044334833105074,True
static_maneuver,42,frozen_ego_fault,3.2,camera,2,0.27181244901247276,True
static_maneuver,42,frozen_ego_fault,3.3000000000000003,radar,4,2.7325149201387893,True
static_maneuver,42,frozen_ego_fault,3.3000000000000003,camera,2,0.8709174797205661,True
static_maneuver,42,frozen_ego_fault,3.4000000000000004,radar,4,6.377547366059136,True
static_maneuver,42,frozen_ego_fault,3.4000000000000004,camera,2,1.7386095575801255,True
static_maneuver,42,frozen_ego_fault,3.5,radar,4,2.2905101376788277,True
static_maneuver,42,frozen_ego_fault,3.5,camera,2,0.7214836139604759,True
static_maneuver,42,frozen_ego_fault,3.6,radar,4,1.8947055296300073,True
static_maneuver,42,frozen_ego_fault,3.6,camera,2,0.032981467850873594,True
static_maneuver,42,frozen_ego_fault,3.7,radar,4,1.6950878326220051,True
static_maneuver,42,frozen_ego_fault,3.7,camera,2,6.842007001563556,True
static_maneuver,42,frozen_ego_fault,3.8000000000000003,radar,4,2.5054620931264107,True
static_maneuver,42,frozen_ego_fault,3.8000000000000003,camera,2,0.2167777666703279,True
static_maneuver,42,frozen_ego_fault,3.9000000000000004,radar,4,4.350389601528209,True
static_maneuver,42,frozen_ego_fault,3.9000000000000004,camera,2,4.843077173021927,True
static_maneuver,42,frozen_ego_fault,4.0,radar,4,5.246875664548205,True
static_maneuver,42,frozen_ego_fault,4.0,camera,2,4.5359317519719236,True
static_maneuver,42,frozen_ego_fault,4.1000000000000005,radar,4,13.297986203568072,False
static_maneuver,42,frozen_ego_fault,4.1000000000000005,camera,2,1.549182185952629,True
static_maneuver,42,frozen_ego_fault,4.2,radar,4,4.7453183905163305,True
static_maneuver,42,frozen_ego_fault,4.2,camera,2,0.02896824812284366,True
static_maneuver,42,frozen_ego_fault,4.3,radar,4,0.6252585989914194,True
static_maneuver,42,frozen_ego_fault,4.3,camera,2,0.042888272947066125,True
static_maneuver,42,frozen_ego_fault,4.4,radar,4,1.657894960466451,True
static_maneuver,42,frozen_ego_fault,4.4,camera,2,0.2863399843784141,True
static_maneuver,42,frozen_ego_fault,4.5,radar,4,4.371595940310768,True
static_maneuver,42,frozen_ego_fault,4.5,camera,2,2.3007776768109527,True
static_maneuver,42,frozen_ego_fault,4.6000000000000005,radar,4,3.274815402276858,True
static_maneuver,42,frozen_ego_fault,4.6000000000000005,camera,2,1.1179839543558645,True
static_maneuver,42,frozen_ego_fault,4.7,radar,4,2.8380619896118144,True
static_maneuver,42,frozen_ego_fault,4.7,camera,2,0.8078238474690455,True
static_maneuver,42,frozen_ego_fault,4.800000000000001,radar,4,0.1810732397613852,True
static_maneuver,42,frozen_ego_fault,4.800000000000001,camera,2,2.879559970860138,True
static_maneuver,42,frozen_ego_fault,4.9,radar,4,0.6366717735841948,True
static_maneuver,42,frozen_ego_fault,4.9,camera,2,6.205620337500226,True
static_maneuver,42,frozen_ego_fault,5.0,radar,4,5.913848204465916,True
static_maneuver,42,frozen_ego_fault,5.0,camera,2,0.1665064788699371,True
static_maneuver,42,frozen_ego_fault,5.1000000000000005,radar,4,3.885892318251105,True
static_maneuver,42,frozen_ego_fault,5.1000000000000005,camera,2,3.9448682256721086,True
static_maneuver,42,frozen_ego_fault,5.2,radar,4,3.8058816325164697,True
static_maneuver,42,frozen_ego_fault,5.2,camera,2,0.07351644688598391,True
static_maneuver,42,frozen_ego_fault,5.300000000000001,radar,4,3.1152554756071025,True
static_maneuver,42,frozen_ego_fault,5.300000000000001,camera,2,2.576939740741041,True
static_maneuver,42,frozen_ego_fault,5.4,radar,4,5.3103917489118375,True
static_maneuver,42,frozen_ego_fault,5.4,camera,2,1.704816691192646,True
static_maneuver,42,frozen_ego_fault,5.5,radar,4,3.1246889087831495,True
static_maneuver,42,frozen_ego_fault,5.5,camera,2,0.9927138366224029,True
static_maneuver,42,frozen_ego_fault,5.6000000000000005,radar,4,2.54917151995355,True
static_maneuver,42,frozen_ego_fault,5.6000000000000005,camera,2,2.645220101934157,True
static_maneuver,42,frozen_ego_fault,5.7,radar,4,5.945507945940793,True
static_maneuver,42,frozen_ego_fault,5.7,camera,2,0.8892982226019519,True
static_maneuver,42,frozen_ego_fault,5.800000000000001,radar,4,4.618744390255755,True
static_maneuver,42,frozen_ego_fault,5.800000000000001,camera,2,0.8045150504115168,True
static_maneuver,42,frozen_ego_fault,5.9,radar,4,1.1658704905517627,True
static_maneuver,42,frozen_ego_fault,5.9,camera,2,0.5523568939549481,True
static_maneuver,42,frozen_ego_fault,6.0,radar,4,1.723681435083288,True
static_maneuver,42,frozen_ego_fault,6.0,camera,2,1.877426614054484,True
static_maneuver,42,frozen_ego_fault,6.1000000000000005,radar,4,2.9846931185188113,True
static_maneuver,42,frozen_ego_fault,6.1000000000000005,camera,2,0.9290418225861413,True
static_maneuver,42,frozen_ego_fault,6.2,radar,4,7.0986895967358485,True
static_maneuver,42,frozen_ego_fault,6.2,camera,2,5.976690283346975,True
static_maneuver,42,frozen_ego_fault,6.300000000000001,radar,4,3.701673705363159,True
static_maneuver,42,frozen_ego_fault,6.300000000000001,camera,2,1.075524341020248,True
static_maneuver,42,frozen_ego_fault,6.4,radar,4,4.088810762150587,True
static_maneuver,42,frozen_ego_fault,6.4,camera,2,1.3563507197907951,True
static_maneuver,42,frozen_ego_fault,6.5,radar,4,6.48577057583779,True
static_maneuver,42,frozen_ego_fault,6.5,camera,2,2.6949883393429688,True
static_maneuver,42,frozen_ego_fault,6.6000000000000005,radar,4,1.4997981585640843,True
static_maneuver,42,frozen_ego_fault,6.6000000000000005,camera,2,0.8659579068161729,True
static_maneuver,42,frozen_ego_fault,6.7,radar,4,1.0344870412398224,True
static_maneuver,42,frozen_ego_fault,6.7,camera,2,1.1891094121677817,True
static_maneuver,42,frozen_ego_fault,6.800000000000001,radar,4,12.292460246352565,True
static_maneuver,42,frozen_ego_fault,6.800000000000001,camera,2,0.5021836773877804,True
static_maneuver,42,frozen_ego_fault,6.9,radar,4,3.441297081420604,True
static_maneuver,42,frozen_ego_fault,6.9,camera,2,0.5247867324418728,True
static_maneuver,42,frozen_ego_fault,7.0,radar,4,2.410330298701775,True
static_maneuver,42,frozen_ego_fault,7.0,camera,2,1.690871096203548,True
static_maneuver,42,frozen_ego_fault,7.1000000000000005,radar,4,5.03220743836552,True
static_maneuver,42,frozen_ego_fault,7.1000000000000005,camera,2,0.2928994813019608,True
static_maneuver,42,frozen_ego_fault,7.2,radar,4,3.919807468525545,True
static_maneuver,42,frozen_ego_fault,7.2,camera,2,1.969717793887855,True
static_maneuver,42,frozen_ego_fault,7.300000000000001,radar,4,1.0745615284175376,True
static_maneuver,42,frozen_ego_fault,7.300000000000001,camera,2,2.1811972290254404,True
static_maneuver,42,frozen_ego_fault,7.4,radar,4,1.913190597232482,True
static_maneuver,42,frozen_ego_fault,7.4,camera,2,1.822134232464306,True
static_maneuver,42,frozen_ego_fault,7.5,radar,4,8.883888745760594,True
static_maneuver,42,frozen_ego_fault,7.5,camera,2,0.04347945809202092,True
static_maneuver,42,frozen_ego_fault,7.6000000000000005,radar,4,1.835530770884256,True
static_maneuver,42,frozen_ego_fault,7.6000000000000005,camera,2,0.7615033158722555,True
static_maneuver,42,frozen_ego_fault,7.7,radar,4,4.29391857164754,True
static_maneuver,42,frozen_ego_fault,7.7,camera,2,3.227574873923853,True
static_maneuver,42,frozen_ego_fault,7.800000000000001,radar,4,2.320034897091042,True
static_maneuver,42,frozen_ego_fault,7.800000000000001,camera,2,0.17652534918450044,True
static_maneuver,42,frozen_ego_fault,7.9,radar,4,3.1357898948869356,True
static_maneuver,42,frozen_ego_fault,7.9,camera,2,2.4786519220639263,True
static_maneuver,42,frozen_ego_fault,8.0,radar,4,2.5181419748745255,True
static_maneuver,42,frozen_ego_fault,8.0,camera,2,1.874584719059018,True
static_maneuver,42,frozen_ego_fault,8.1,radar,4,1.8605305838259651,True
static_maneuver,42,frozen_ego_fault,8.1,camera,2,1.1277857678627856,True
static_maneuver,42,frozen_ego_fault,8.200000000000001,radar,4,1.1263926317346726,True
static_maneuver,42,frozen_ego_fault,8.200000000000001,camera,2,3.5902057928944457,True
static_maneuver,42,frozen_ego_fault,8.3,radar,4,6.70550015958586,True
static_maneuver,42,frozen_ego_fault,8.3,camera,2,1.3886744852205588,True
static_maneuver,42,frozen_ego_fault,8.4,radar,4,11.143152189250646,True
static_maneuver,42,frozen_ego_fault,8.4,camera,2,1.4868182980458098,True
static_maneuver,42,frozen_ego_fault,8.5,radar,4,1.1552454661487876,True
static_maneuver,42,frozen_ego_fault,8.5,camera,2,2.9983541903701183,True
static_maneuver,42,frozen_ego_fault,8.6,radar,4,4.659689131426452,True
static_maneuver,42,frozen_ego_fault,8.6,camera,2,0.19490130866361657,True
static_maneuver,42,frozen_ego_fault,8.700000000000001,radar,4,5.222629684139625,True
static_maneuver,42,frozen_ego_fault,8.700000000000001,camera,2,4.39471635832237,True
static_maneuver,42,frozen_ego_fault,8.8,radar,4,3.0690998889475782,True
static_maneuver,42,frozen_ego_fault,8.8,camera,2,0.5478721709462527,True
static_maneuver,42,frozen_ego_fault,8.9,radar,4,3.0593074848062405,True
static_maneuver,42,frozen_ego_fault,8.9,camera,2,3.6283387833909173,True
static_maneuver,42,frozen_ego_fault,9.0,radar,4,2.3261080722424423,True
static_maneuver,42,frozen_ego_fault,9.0,camera,2,0.5350170675945992,True
static_maneuver,42,frozen_ego_fault,9.1,radar,4,1.243955553134916,True
static_maneuver,42,frozen_ego_fault,9.1,camera,2,1.7817665910048286,True
static_maneuver,42,frozen_ego_fault,9.200000000000001,radar,4,3.9567100742608403,True
static_maneuver,42,frozen_ego_fault,9.200000000000001,camera,2,0.7502184354510871,True
static_maneuver,42,frozen_ego_fault,9.3,radar,4,1.9219247454719002,True
static_maneuver,42,frozen_ego_fault,9.3,camera,2,0.3081853983563552,True
static_maneuver,42,frozen_ego_fault,9.4,radar,4,2.7554143721804656,True
static_maneuver,42,frozen_ego_fault,9.4,camera,2,0.8160317337135964,True
static_maneuver,42,frozen_ego_fault,9.5,radar,4,2.1524866232783877,True
static_maneuver,42,frozen_ego_fault,9.5,camera,2,0.9778943260124363,True
static_maneuver,42,frozen_ego_fault,9.600000000000001,radar,4,3.5351144243821153,True
static_maneuver,42,frozen_ego_fault,9.600000000000001,camera,2,4.44345009317828,True
static_maneuver,42,frozen_ego_fault,9.700000000000001,radar,4,4.668953770389787,True
static_maneuver,42,frozen_ego_fault,9.700000000000001,camera,2,0.1316107324144343,True
static_maneuver,42,frozen_ego_fault,9.8,radar,4,4.324062839357964,True
static_maneuver,42,frozen_ego_fault,9.8,camera,2,5.207575966555905,True
static_maneuver,42,frozen_ego_fault,9.9,radar,4,2.0911507126303612,True
static_maneuver,42,frozen_ego_fault,9.9,camera,2,0.01019139589833709,True
static_maneuver,42,frozen_ego_fault,10.0,radar,4,3.288146924723703,True
static_maneuver,42,frozen_ego_fault,10.0,camera,2,3.7795411073609912,True
static_maneuver,42,frozen_ego_fault,10.100000000000001,radar,4,4.325111989825016,True
static_maneuver,42,frozen_ego_fault,10.100000000000001,camera,2,1.586786784793928,True
static_maneuver,42,frozen_ego_fault,10.200000000000001,radar,4,4.173101970936093,True
static_maneuver,42,frozen_ego_fault,10.200000000000001,camera,2,0.6563859754314565,True
static_maneuver,42,frozen_ego_fault,10.3,radar,4,1.179748355103581,True
static_maneuver,42,frozen_ego_fault,10.3,camera,2,0.4276932488977533,True
static_maneuver,42,frozen_ego_fault,10.4,radar,4,2.9383098412842608,True
static_maneuver,42,frozen_ego_fault,10.4,camera,2,4.531750964936871,True
static_maneuver,42,frozen_ego_fault,10.5,radar,4,10.210719418598668,True
static_maneuver,42,frozen_ego_fault,10.5,camera,2,0.2693405732518158,True
static_maneuver,42,frozen_ego_fault,10.600000000000001,radar,4,2.8500284228172563,True
static_maneuver,42,frozen_ego_fault,10.600000000000001,camera,2,2.091077665479894,True
static_maneuver,42,frozen_ego_fault,10.700000000000001,radar,4,4.250796711999519,True
static_maneuver,42,frozen_ego_fault,10.700000000000001,camera,2,3.1262016185363386,True
static_maneuver,42,frozen_ego_fault,10.8,radar,4,3.140979755885358,True
static_maneuver,42,frozen_ego_fault,10.8,camera,2,3.198751398323897,True
static_maneuver,42,frozen_ego_fault,10.9,radar,4,1.0042366542616699,True
static_maneuver,42,frozen_ego_fault,10.9,camera,2,0.4944484209198272,True
static_maneuver,42,frozen_ego_fault,11.0,radar,4,3.9284841976738143,True
static_maneuver,42,frozen_ego_fault,11.0,camera,2,1.6057523577228305,True
static_maneuver,42,frozen_ego_fault,11.100000000000001,radar,4,10.54081989623585,True
static_maneuver,42,frozen_ego_fault,11.100000000000001,camera,2,0.8049119898977556,True
static_maneuver,42,frozen_ego_fault,11.200000000000001,radar,4,2.1798176454439107,True
static_maneuver,42,frozen_ego_fault,11.200000000000001,camera,2,1.839266868429568,True
static_maneuver,42,frozen_ego_fault,11.3,radar,4,2.4164436515531826,True
static_maneuver,42,frozen_ego_fault,11.3,camera,2,0.2486526391095476,True
static_maneuver,42,frozen_ego_fault,11.4,radar,4,3.6463364662653954,True
static_maneuver,42,frozen_ego_fault,11.4,camera,2,2.314917064294164,True
static_maneuver,42,frozen_ego_fault,11.5,radar,4,6.71424742508562,True
static_maneuver,42,frozen_ego_fault,11.5,camera,2,1.538606366592337,True
static_maneuver,42,frozen_ego_fault,11.600000000000001,radar,4,5.315986478923798,True
static_maneuver,42,frozen_ego_fault,11.600000000000001,camera,2,0.7754505030535342,True
static_maneuver,42,frozen_ego_fault,11.700000000000001,radar,4,3.2221092165787013,True
static_maneuver,42,frozen_ego_fault,11.700000000000001,camera,2,1.0716071226266226,True
static_maneuver,42,frozen_ego_fault,11.8,radar,4,1.3540933060739577,True
static_maneuver,42,frozen_ego_fault,11.8,camera,2,0.32490937865428654,True
static_maneuver,42,frozen_ego_fault,11.9,radar,4,4.008770805500388,True
static_maneuver,42,frozen_ego_fault,11.9,camera,2,0.8982947003592067,True
static_maneuver,42,frozen_ego_fault,12.0,radar,4,9.881405917171412,True
static_maneuver,42,frozen_ego_fault,12.0,camera,2,1.891628416935096,True
static_maneuver,43,v15_position_adapter,0.1,radar_xyz,3,2.172333600337416,True
static_maneuver,43,v15_position_adapter,0.2,radar_xyz,3,0.09637339012901854,True
static_maneuver,43,v15_position_adapter,0.30000000000000004,radar_xyz,3,3.647726554982476,True
static_maneuver,43,v15_position_adapter,0.4,radar_xyz,3,0.8098716250501534,True
static_maneuver,43,v15_position_adapter,0.5,radar_xyz,3,8.626637530334904,True
static_maneuver,43,v15_position_adapter,0.6000000000000001,radar_xyz,3,0.8148757847849748,True
static_maneuver,43,v15_position_adapter,0.7000000000000001,radar_xyz,3,4.686938147955168,True
static_maneuver,43,v15_position_adapter,0.8,radar_xyz,3,1.1577822629528032,True
static_maneuver,43,v15_position_adapter,0.9,radar_xyz,3,5.5933396216408875,True
static_maneuver,43,v15_position_adapter,1.0,radar_xyz,3,1.4362743439255647,True
static_maneuver,43,v15_position_adapter,1.1,radar_xyz,3,3.28555619500434,True
static_maneuver,43,v15_position_adapter,1.2000000000000002,radar_xyz,3,1.9646642448344918,True
static_maneuver,43,v15_position_adapter,1.3,radar_xyz,3,11.535472624142725,True
static_maneuver,43,v15_position_adapter,1.4000000000000001,radar_xyz,3,1.8974391982383332,True
static_maneuver,43,v15_position_adapter,1.5,radar_xyz,3,12.16379153448041,True
static_maneuver,43,v15_position_adapter,1.6,radar_xyz,3,2.3952995555969454,True
static_maneuver,43,v15_position_adapter,1.7000000000000002,radar_xyz,3,1.482910603944909,True
static_maneuver,43,v15_position_adapter,1.8,radar_xyz,3,0.6488370851338991,True
static_maneuver,43,v15_position_adapter,1.9000000000000001,radar_xyz,3,1.2954528103096825,True
static_maneuver,43,v15_position_adapter,2.0,radar_xyz,3,2.4983970889033857,True
static_maneuver,43,v15_position_adapter,2.1,radar_xyz,3,0.2404631864623532,True
static_maneuver,43,v15_position_adapter,2.2,radar_xyz,3,1.0281061203794077,True
static_maneuver,43,v15_position_adapter,2.3000000000000003,radar_xyz,3,0.40417939736997277,True
static_maneuver,43,v15_position_adapter,2.4000000000000004,radar_xyz,3,1.432109491754996,True
static_maneuver,43,v15_position_adapter,2.5,radar_xyz,3,5.360669816746448,True
static_maneuver,43,v15_position_adapter,2.6,radar_xyz,3,15.103665902345263,True
static_maneuver,43,v15_position_adapter,2.7,radar_xyz,3,2.8576608207917067,True
static_maneuver,43,v15_position_adapter,2.8000000000000003,radar_xyz,3,1.4364793162939398,True
static_maneuver,43,v15_position_adapter,2.9000000000000004,radar_xyz,3,1.7268373470125276,True
static_maneuver,43,v15_position_adapter,3.0,radar_xyz,3,0.4526138829480891,True
static_maneuver,43,v15_position_adapter,3.1,radar_xyz,3,3.0282837700034477,True
static_maneuver,43,v15_position_adapter,3.2,radar_xyz,3,0.8532782623223646,True
static_maneuver,43,v15_position_adapter,3.3000000000000003,radar_xyz,3,4.648211732859993,True
static_maneuver,43,v15_position_adapter,3.4000000000000004,radar_xyz,3,2.716149247124271,True
static_maneuver,43,v15_position_adapter,3.5,radar_xyz,3,0.7111195016222526,True
static_maneuver,43,v15_position_adapter,3.6,radar_xyz,3,3.9372037097306642,True
static_maneuver,43,v15_position_adapter,3.7,radar_xyz,3,5.1392791083158675,True
static_maneuver,43,v15_position_adapter,3.8000000000000003,radar_xyz,3,1.1121206838334199,True
static_maneuver,43,v15_position_adapter,3.9000000000000004,radar_xyz,3,0.3379632851367277,True
static_maneuver,43,v15_position_adapter,4.0,radar_xyz,3,3.740384069743435,True
static_maneuver,43,v15_position_adapter,4.1000000000000005,radar_xyz,3,0.17073579975846667,True
static_maneuver,43,v15_position_adapter,4.2,radar_xyz,3,3.581703273808006,True
static_maneuver,43,v15_position_adapter,4.3,radar_xyz,3,0.9979469556444596,True
static_maneuver,43,v15_position_adapter,4.4,radar_xyz,3,1.2985439258298836,True
static_maneuver,43,v15_position_adapter,4.5,radar_xyz,3,1.0205876945546077,True
static_maneuver,43,v15_position_adapter,4.6000000000000005,radar_xyz,3,1.92236040238814,True
static_maneuver,43,v15_position_adapter,4.7,radar_xyz,3,0.5466130749204218,True
static_maneuver,43,v15_position_adapter,4.800000000000001,radar_xyz,3,0.05700238306806417,True
static_maneuver,43,v15_position_adapter,4.9,radar_xyz,3,2.216946292623668,True
static_maneuver,43,v15_position_adapter,5.0,radar_xyz,3,2.745286286555016,True
static_maneuver,43,v15_position_adapter,5.1000000000000005,radar_xyz,3,3.3599170904918823,True
static_maneuver,43,v15_position_adapter,5.2,radar_xyz,3,2.2868077475431114,True
static_maneuver,43,v15_position_adapter,5.300000000000001,radar_xyz,3,3.7261951617967575,True
static_maneuver,43,v15_position_adapter,5.4,radar_xyz,3,1.156185591772837,True
static_maneuver,43,v15_position_adapter,5.5,radar_xyz,3,1.0345818300055154,True
static_maneuver,43,v15_position_adapter,5.6000000000000005,radar_xyz,3,0.7760738003433384,True
static_maneuver,43,v15_position_adapter,5.7,radar_xyz,3,4.151011368160107,True
static_maneuver,43,v15_position_adapter,5.800000000000001,radar_xyz,3,2.4123801055282663,True
static_maneuver,43,v15_position_adapter,5.9,radar_xyz,3,0.2714050575439451,True
static_maneuver,43,v15_position_adapter,6.0,radar_xyz,3,3.1577346462742684,True
static_maneuver,43,v15_position_adapter,6.1000000000000005,radar_xyz,3,4.639279317568663,True
static_maneuver,43,v15_position_adapter,6.2,radar_xyz,3,3.4477072153784905,True
static_maneuver,43,v15_position_adapter,6.300000000000001,radar_xyz,3,3.9492751207253054,True
static_maneuver,43,v15_position_adapter,6.4,radar_xyz,3,5.222911919291365,True
static_maneuver,43,v15_position_adapter,6.5,radar_xyz,3,0.19865091454930092,True
static_maneuver,43,v15_position_adapter,6.6000000000000005,radar_xyz,3,1.5542113716060721,True
static_maneuver,43,v15_position_adapter,6.7,radar_xyz,3,5.886318633791009,True
static_maneuver,43,v15_position_adapter,6.800000000000001,radar_xyz,3,1.7526247296685953,True
static_maneuver,43,v15_position_adapter,6.9,radar_xyz,3,1.4278974705991196,True
static_maneuver,43,v15_position_adapter,7.0,radar_xyz,3,3.6707589423444738,True
static_maneuver,43,v15_position_adapter,7.1000000000000005,radar_xyz,3,3.49584373443763,True
static_maneuver,43,v15_position_adapter,7.2,radar_xyz,3,0.6629306426424544,True
static_maneuver,43,v15_position_adapter,7.300000000000001,radar_xyz,3,1.5508623982887217,True
static_maneuver,43,v15_position_adapter,7.4,radar_xyz,3,2.717797141481771,True
static_maneuver,43,v15_position_adapter,7.5,radar_xyz,3,1.144851739125375,True
static_maneuver,43,v15_position_adapter,7.6000000000000005,radar_xyz,3,7.128931255357665,True
static_maneuver,43,v15_position_adapter,7.7,radar_xyz,3,7.4594207948481985,True
static_maneuver,43,v15_position_adapter,7.800000000000001,radar_xyz,3,0.5587512360285696,True
static_maneuver,43,v15_position_adapter,7.9,radar_xyz,3,3.1496703949334903,True
static_maneuver,43,v15_position_adapter,8.0,radar_xyz,3,1.5629193862221489,True
static_maneuver,43,v15_position_adapter,8.1,radar_xyz,3,1.7907462034150725,True
static_maneuver,43,v15_position_adapter,8.200000000000001,radar_xyz,3,2.346766655023119,True
static_maneuver,43,v15_position_adapter,8.3,radar_xyz,3,1.7483453509545093,True
static_maneuver,43,v15_position_adapter,8.4,radar_xyz,3,4.350745402036449,True
static_maneuver,43,v15_position_adapter,8.5,radar_xyz,3,0.12513035213409124,True
static_maneuver,43,v15_position_adapter,8.6,radar_xyz,3,3.785641655134721,True
static_maneuver,43,v15_position_adapter,8.700000000000001,radar_xyz,3,0.40680276596959236,True
static_maneuver,43,v15_position_adapter,8.8,radar_xyz,3,2.6244114779581635,True
static_maneuver,43,v15_position_adapter,8.9,radar_xyz,3,2.7649243661435996,True
static_maneuver,43,v15_position_adapter,9.0,radar_xyz,3,4.891740762489223,True
static_maneuver,43,v15_position_adapter,9.1,radar_xyz,3,1.4265347293692139,True
static_maneuver,43,v15_position_adapter,9.200000000000001,radar_xyz,3,6.819435322512215,True
static_maneuver,43,v15_position_adapter,9.3,radar_xyz,3,2.4417500933402874,True
static_maneuver,43,v15_position_adapter,9.4,radar_xyz,3,3.4135792982156876,True
static_maneuver,43,v15_position_adapter,9.5,radar_xyz,3,1.6097653937029806,True
static_maneuver,43,v15_position_adapter,9.600000000000001,radar_xyz,3,0.96259138967999,True
static_maneuver,43,v15_position_adapter,9.700000000000001,radar_xyz,3,2.226207682423201,True
static_maneuver,43,v15_position_adapter,9.8,radar_xyz,3,0.3805211095087039,True
static_maneuver,43,v15_position_adapter,9.9,radar_xyz,3,3.1797584920356847,True
static_maneuver,43,v15_position_adapter,10.0,radar_xyz,3,3.7695835619167064,True
static_maneuver,43,v15_position_adapter,10.100000000000001,radar_xyz,3,6.755276913865926,True
static_maneuver,43,v15_position_adapter,10.200000000000001,radar_xyz,3,0.6465501171293683,True
static_maneuver,43,v15_position_adapter,10.3,radar_xyz,3,4.746101799861096,True
static_maneuver,43,v15_position_adapter,10.4,radar_xyz,3,0.15085682867599168,True
static_maneuver,43,v15_position_adapter,10.5,radar_xyz,3,1.1648008431246495,True
static_maneuver,43,v15_position_adapter,10.600000000000001,radar_xyz,3,2.8019588948840704,True
static_maneuver,43,v15_position_adapter,10.700000000000001,radar_xyz,3,7.734671023921557,True
static_maneuver,43,v15_position_adapter,10.8,radar_xyz,3,7.8444302069261616,True
static_maneuver,43,v15_position_adapter,10.9,radar_xyz,3,6.563356621378093,True
static_maneuver,43,v15_position_adapter,11.0,radar_xyz,3,6.793103026822367,True
static_maneuver,43,v15_position_adapter,11.100000000000001,radar_xyz,3,0.9825581112191516,True
static_maneuver,43,v15_position_adapter,11.200000000000001,radar_xyz,3,0.41903051779647743,True
static_maneuver,43,v15_position_adapter,11.3,radar_xyz,3,5.550831366926277,True
static_maneuver,43,v15_position_adapter,11.4,radar_xyz,3,1.347370662847405,True
static_maneuver,43,v15_position_adapter,11.5,radar_xyz,3,1.3222503051451362,True
static_maneuver,43,v15_position_adapter,11.600000000000001,radar_xyz,3,5.034266758872423,True
static_maneuver,43,v15_position_adapter,11.700000000000001,radar_xyz,3,6.169493105255001,True
static_maneuver,43,v15_position_adapter,11.8,radar_xyz,3,4.000992992207113,True
static_maneuver,43,v15_position_adapter,11.9,radar_xyz,3,2.2528465107416067,True
static_maneuver,43,v15_position_adapter,12.0,radar_xyz,3,6.895281151060258,True
static_maneuver,43,v2_radar,0.1,radar,4,2.2809348925499373,True
static_maneuver,43,v2_radar,0.2,radar,4,0.5572471320081351,True
static_maneuver,43,v2_radar,0.30000000000000004,radar,4,3.531969269168603,True
static_maneuver,43,v2_radar,0.4,radar,4,3.1517467824788135,True
static_maneuver,43,v2_radar,0.5,radar,4,6.569137518088195,True
static_maneuver,43,v2_radar,0.6000000000000001,radar,4,2.213722569998395,True
static_maneuver,43,v2_radar,0.7000000000000001,radar,4,4.148734444944983,True
static_maneuver,43,v2_radar,0.8,radar,4,1.1730811249855637,True
static_maneuver,43,v2_radar,0.9,radar,4,5.4415264830808345,True
static_maneuver,43,v2_radar,1.0,radar,4,2.8530576732715343,True
static_maneuver,43,v2_radar,1.1,radar,4,3.9821182968125877,True
static_maneuver,43,v2_radar,1.2000000000000002,radar,4,2.6024773899560927,True
static_maneuver,43,v2_radar,1.3,radar,4,8.935847961561068,True
static_maneuver,43,v2_radar,1.4000000000000001,radar,4,1.8387161666881824,True
static_maneuver,43,v2_radar,1.5,radar,4,13.414081340679026,False
static_maneuver,43,v2_radar,1.6,radar,4,6.382408079162579,True
static_maneuver,43,v2_radar,1.7000000000000002,radar,4,6.86711747425319,True
static_maneuver,43,v2_radar,1.8,radar,4,1.3557600254119797,True
static_maneuver,43,v2_radar,1.9000000000000001,radar,4,2.6198777343374138,True
static_maneuver,43,v2_radar,2.0,radar,4,4.678761425199234,True
static_maneuver,43,v2_radar,2.1,radar,4,2.526587889400564,True
static_maneuver,43,v2_radar,2.2,radar,4,1.4620750710883426,True
static_maneuver,43,v2_radar,2.3000000000000003,radar,4,0.4269929151382581,True
static_maneuver,43,v2_radar,2.4000000000000004,radar,4,4.2737956530338685,True
static_maneuver,43,v2_radar,2.5,radar,4,3.4245878143029453,True
static_maneuver,43,v2_radar,2.6,radar,4,15.929885096512873,False
static_maneuver,43,v2_radar,2.7,radar,4,3.2505334032347895,True
static_maneuver,43,v2_radar,2.8000000000000003,radar,4,7.095175336732117,True
static_maneuver,43,v2_radar,2.9000000000000004,radar,4,3.179644572558404,True
static_maneuver,43,v2_radar,3.0,radar,4,0.5228834783366493,True
static_maneuver,43,v2_radar,3.1,radar,4,4.237436206074744,True
static_maneuver,43,v2_radar,3.2,radar,4,1.9072490298824922,True
static_maneuver,43,v2_radar,3.3000000000000003,radar,4,4.025495731681471,True
static_maneuver,43,v2_radar,3.4000000000000004,radar,4,2.8893836666386292,True
static_maneuver,43,v2_radar,3.5,radar,4,2.4219531760401782,True
static_maneuver,43,v2_radar,3.6,radar,4,2.6377463733222077,True
static_maneuver,43,v2_radar,3.7,radar,4,5.172825798117771,True
static_maneuver,43,v2_radar,3.8000000000000003,radar,4,0.8268283901094775,True
static_maneuver,43,v2_radar,3.9000000000000004,radar,4,2.2471169607813675,True
static_maneuver,43,v2_radar,4.0,radar,4,4.429615734794304,True
static_maneuver,43,v2_radar,4.1000000000000005,radar,4,1.152586764549235,True
static_maneuver,43,v2_radar,4.2,radar,4,3.1911655004706074,True
static_maneuver,43,v2_radar,4.3,radar,4,1.0712597819690375,True
static_maneuver,43,v2_radar,4.4,radar,4,3.106866855842398,True
static_maneuver,43,v2_radar,4.5,radar,4,1.2197922905531542,True
static_maneuver,43,v2_radar,4.6000000000000005,radar,4,1.9444848352627089,True
static_maneuver,43,v2_radar,4.7,radar,4,2.0517105305192005,True
static_maneuver,43,v2_radar,4.800000000000001,radar,4,0.7013176613354009,True
static_maneuver,43,v2_radar,4.9,radar,4,1.957028705798296,True
static_maneuver,43,v2_radar,5.0,radar,4,2.4435257613984858,True
static_maneuver,43,v2_radar,5.1000000000000005,radar,4,4.2935966094903355,True
static_maneuver,43,v2_radar,5.2,radar,4,2.292764912104707,True
static_maneuver,43,v2_radar,5.300000000000001,radar,4,4.005427371949381,True
static_maneuver,43,v2_radar,5.4,radar,4,1.7081044222903001,True
static_maneuver,43,v2_radar,5.5,radar,4,1.37466242733734,True
static_maneuver,43,v2_radar,5.6000000000000005,radar,4,0.4435412688023142,True
static_maneuver,43,v2_radar,5.7,radar,4,4.217691947250662,True
static_maneuver,43,v2_radar,5.800000000000001,radar,4,3.029599927216875,True
static_maneuver,43,v2_radar,5.9,radar,4,0.6236113498549526,True
static_maneuver,43,v2_radar,6.0,radar,4,3.190939028420722,True
static_maneuver,43,v2_radar,6.1000000000000005,radar,4,4.123119249754135,True
static_maneuver,43,v2_radar,6.2,radar,4,3.9630179723563215,True
static_maneuver,43,v2_radar,6.300000000000001,radar,4,4.963150007296228,True
static_maneuver,43,v2_radar,6.4,radar,4,5.415371455569951,True
static_maneuver,43,v2_radar,6.5,radar,4,1.9817321898619438,True
static_maneuver,43,v2_radar,6.6000000000000005,radar,4,2.056700011885717,True
static_maneuver,43,v2_radar,6.7,radar,4,6.4105156541706645,True
static_maneuver,43,v2_radar,6.800000000000001,radar,4,2.080293337159646,True
static_maneuver,43,v2_radar,6.9,radar,4,2.567772369656628,True
static_maneuver,43,v2_radar,7.0,radar,4,6.299035776289425,True
static_maneuver,43,v2_radar,7.1000000000000005,radar,4,3.928922455640735,True
static_maneuver,43,v2_radar,7.2,radar,4,1.3513503177958113,True
static_maneuver,43,v2_radar,7.300000000000001,radar,4,2.645503597130267,True
static_maneuver,43,v2_radar,7.4,radar,4,4.085250394285989,True
static_maneuver,43,v2_radar,7.5,radar,4,3.3975889173630573,True
static_maneuver,43,v2_radar,7.6000000000000005,radar,4,6.5507189018343785,True
static_maneuver,43,v2_radar,7.7,radar,4,7.392974211444367,True
static_maneuver,43,v2_radar,7.800000000000001,radar,4,0.8538901783599026,True
static_maneuver,43,v2_radar,7.9,radar,4,4.509936231897238,True
static_maneuver,43,v2_radar,8.0,radar,4,1.6672879873166135,True
static_maneuver,43,v2_radar,8.1,radar,4,1.8012884089444434,True
static_maneuver,43,v2_radar,8.200000000000001,radar,4,2.530142401447788,True
static_maneuver,43,v2_radar,8.3,radar,4,1.5687180217273902,True
static_maneuver,43,v2_radar,8.4,radar,4,4.428942135283078,True
static_maneuver,43,v2_radar,8.5,radar,4,1.2724114250436143,True
static_maneuver,43,v2_radar,8.6,radar,4,5.553881692410894,True
static_maneuver,43,v2_radar,8.700000000000001,radar,4,0.4536269974290854,True
static_maneuver,43,v2_radar,8.8,radar,4,2.5790280633696607,True
static_maneuver,43,v2_radar,8.9,radar,4,4.405170050477254,True
static_maneuver,43,v2_radar,9.0,radar,4,6.353551410661502,True
static_maneuver,43,v2_radar,9.1,radar,4,1.5107858480489131,True
static_maneuver,43,v2_radar,9.200000000000001,radar,4,9.067086252709336,True
static_maneuver,43,v2_radar,9.3,radar,4,4.521996388010185,True
static_maneuver,43,v2_radar,9.4,radar,4,5.132823010002693,True
static_maneuver,43,v2_radar,9.5,radar,4,2.4571283800815635,True
static_maneuver,43,v2_radar,9.600000000000001,radar,4,1.7872102263535217,True
static_maneuver,43,v2_radar,9.700000000000001,radar,4,1.8958833527740515,True
static_maneuver,43,v2_radar,9.8,radar,4,0.3656670406228261,True
static_maneuver,43,v2_radar,9.9,radar,4,3.7916382307414778,True
static_maneuver,43,v2_radar,10.0,radar,4,4.401658668313457,True
static_maneuver,43,v2_radar,10.100000000000001,radar,4,7.081460254729898,True
static_maneuver,43,v2_radar,10.200000000000001,radar,4,0.9556308850440339,True
static_maneuver,43,v2_radar,10.3,radar,4,4.963713432688562,True
static_maneuver,43,v2_radar,10.4,radar,4,0.3107524963566813,True
static_maneuver,43,v2_radar,10.5,radar,4,2.682474946532806,True
static_maneuver,43,v2_radar,10.600000000000001,radar,4,2.5678998114275515,True
static_maneuver,43,v2_radar,10.700000000000001,radar,4,10.0119763028062,True
static_maneuver,43,v2_radar,10.8,radar,4,7.876025296799234,True
static_maneuver,43,v2_radar,10.9,radar,4,7.469587536664753,True
static_maneuver,43,v2_radar,11.0,radar,4,7.196121428453014,True
static_maneuver,43,v2_radar,11.100000000000001,radar,4,1.378762579167923,True
static_maneuver,43,v2_radar,11.200000000000001,radar,4,0.257467482126673,True
static_maneuver,43,v2_radar,11.3,radar,4,6.13263016821582,True
static_maneuver,43,v2_radar,11.4,radar,4,1.6807306740053831,True
static_maneuver,43,v2_radar,11.5,radar,4,2.2382908486149082,True
static_maneuver,43,v2_radar,11.600000000000001,radar,4,5.20805074790836,True
static_maneuver,43,v2_radar,11.700000000000001,radar,4,7.724391498939837,True
static_maneuver,43,v2_radar,11.8,radar,4,5.694893123236314,True
static_maneuver,43,v2_radar,11.9,radar,4,3.0907133381122507,True
static_maneuver,43,v2_radar,12.0,radar,4,6.899836454080232,True
static_maneuver,43,v2_range_rate_camera,0.0,camera,2,1.6286773711157305,True
static_maneuver,43,v2_range_rate_camera,0.1,radar,2,0.12020641055470632,True
static_maneuver,43,v2_range_rate_camera,0.1,camera,2,0.6605463920179895,True
static_maneuver,43,v2_range_rate_camera,0.2,radar,2,0.5045577700889472,True
static_maneuver,43,v2_range_rate_camera,0.2,camera,2,2.901143698860064,True
static_maneuver,43,v2_range_rate_camera,0.30000000000000004,radar,2,0.08244082131400395,True
static_maneuver,43,v2_range_rate_camera,0.30000000000000004,camera,2,1.641923196452385,True
static_maneuver,43,v2_range_rate_camera,0.4,radar,2,3.0247681900941106,True
static_maneuver,43,v2_range_rate_camera,0.4,camera,2,2.321264287529686,True
static_maneuver,43,v2_range_rate_camera,0.5,radar,2,1.006476857801535,True
static_maneuver,43,v2_range_rate_camera,0.5,camera,2,0.4390826971818065,True
static_maneuver,43,v2_range_rate_camera,0.6000000000000001,radar,2,1.9095721734359143,True
static_maneuver,43,v2_range_rate_camera,0.6000000000000001,camera,2,1.2186639190403337,True
static_maneuver,43,v2_range_rate_camera,0.7000000000000001,radar,2,2.237649974521504,True
static_maneuver,43,v2_range_rate_camera,0.7000000000000001,camera,2,3.5592570130144527,True
static_maneuver,43,v2_range_rate_camera,0.8,radar,2,0.9990721223490293,True
static_maneuver,43,v2_range_rate_camera,0.8,camera,2,1.1552735849023623,True
static_maneuver,43,v2_range_rate_camera,0.9,radar,2,0.338588094354445,True
static_maneuver,43,v2_range_rate_camera,0.9,camera,2,0.3067443839343727,True
static_maneuver,43,v2_range_rate_camera,1.0,radar,2,2.5198112690702397,True
static_maneuver,43,v2_range_rate_camera,1.0,camera,2,0.6608193398326355,True
static_maneuver,43,v2_range_rate_camera,1.1,radar,2,0.5737447793553555,True
static_maneuver,43,v2_range_rate_camera,1.1,camera,2,1.5194576042588135,True
static_maneuver,43,v2_range_rate_camera,1.2000000000000002,radar,2,0.8579959489370502,True
static_maneuver,43,v2_range_rate_camera,1.2000000000000002,camera,2,0.33784703838827884,True
static_maneuver,43,v2_range_rate_camera,1.3,radar,2,6.543682351484529,True
static_maneuver,43,v2_range_rate_camera,1.3,camera,2,2.5182234216842,True
static_maneuver,43,v2_range_rate_camera,1.4000000000000001,radar,2,0.11037279030096646,True
static_maneuver,43,v2_range_rate_camera,1.4000000000000001,camera,2,3.613239316153103,True
static_maneuver,43,v2_range_rate_camera,1.5,radar,2,3.577128996087008,True
static_maneuver,43,v2_range_rate_camera,1.5,camera,2,2.744603432097714,True
static_maneuver,43,v2_range_rate_camera,1.6,radar,2,1.9676461881491172,True
static_maneuver,43,v2_range_rate_camera,1.6,camera,2,0.7078242780047281,True
static_maneuver,43,v2_range_rate_camera,1.7000000000000002,radar,2,3.8308607022970467,True
static_maneuver,43,v2_range_rate_camera,1.7000000000000002,camera,2,2.2871382409401155,True
static_maneuver,43,v2_range_rate_camera,1.8,radar,2,0.976500402242185,True
static_maneuver,43,v2_range_rate_camera,1.8,camera,2,3.352058396072432,True
static_maneuver,43,v2_range_rate_camera,1.9000000000000001,radar,2,1.5435350041410292,True
static_maneuver,43,v2_range_rate_camera,1.9000000000000001,camera,2,0.5566861272578189,True
static_maneuver,43,v2_range_rate_camera,2.0,radar,2,1.4141324546500276,True
static_maneuver,43,v2_range_rate_camera,2.0,camera,2,0.7367751718301597,True
static_maneuver,43,v2_range_rate_camera,2.1,radar,2,2.4438132693336847,True
static_maneuver,43,v2_range_rate_camera,2.1,camera,2,5.4243805990441,True
static_maneuver,43,v2_range_rate_camera,2.2,radar,2,0.9011568580283175,True
static_maneuver,43,v2_range_rate_camera,2.2,camera,2,0.5958399980947914,True
static_maneuver,43,v2_range_rate_camera,2.3000000000000003,radar,2,0.31190732437241786,True
static_maneuver,43,v2_range_rate_camera,2.3000000000000003,camera,2,1.4303595216723612,True
static_maneuver,43,v2_range_rate_camera,2.4000000000000004,radar,2,4.143978698296935,True
static_maneuver,43,v2_range_rate_camera,2.4000000000000004,camera,2,1.4391573797523212,True
static_maneuver,43,v2_range_rate_camera,2.5,radar,2,1.1234101394038232,True
static_maneuver,43,v2_range_rate_camera,2.5,camera,2,0.5421324323758311,True
static_maneuver,43,v2_range_rate_camera,2.6,radar,2,1.2343286605209598,True
static_maneuver,43,v2_range_rate_camera,2.6,camera,2,2.96183817800054,True
static_maneuver,43,v2_range_rate_camera,2.7,radar,2,1.1470923899541443,True
static_maneuver,43,v2_range_rate_camera,2.7,camera,2,1.6505615561541787,True
static_maneuver,43,v2_range_rate_camera,2.8000000000000003,radar,2,5.1318425938541,True
static_maneuver,43,v2_range_rate_camera,2.8000000000000003,camera,2,7.42450311212543,True
static_maneuver,43,v2_range_rate_camera,2.9000000000000004,radar,2,2.158448296995617,True
static_maneuver,43,v2_range_rate_camera,2.9000000000000004,camera,2,0.3670566066334582,True
static_maneuver,43,v2_range_rate_camera,3.0,radar,2,0.19128996737795903,True
static_maneuver,43,v2_range_rate_camera,3.0,camera,2,0.7594753216246629,True
static_maneuver,43,v2_range_rate_camera,3.1,radar,2,1.53504328862957,True
static_maneuver,43,v2_range_rate_camera,3.1,camera,2,2.688107961434566,True
static_maneuver,43,v2_range_rate_camera,3.2,radar,2,0.7974339839110677,True
static_maneuver,43,v2_range_rate_camera,3.2,camera,2,3.0875998633820165,True
static_maneuver,43,v2_range_rate_camera,3.3000000000000003,radar,2,1.8341682560200037,True
static_maneuver,43,v2_range_rate_camera,3.3000000000000003,camera,2,2.57585810970926,True
static_maneuver,43,v2_range_rate_camera,3.4000000000000004,radar,2,0.8270454302427411,True
static_maneuver,43,v2_range_rate_camera,3.4000000000000004,camera,2,1.1127773726707464,True
static_maneuver,43,v2_range_rate_camera,3.5,radar,2,2.181514441142389,True
static_maneuver,43,v2_range_rate_camera,3.5,camera,2,0.36070118442960647,True
static_maneuver,43,v2_range_rate_camera,3.6,radar,2,1.1465101279673429,True
static_maneuver,43,v2_range_rate_camera,3.6,camera,2,3.4007352501951416,True
static_maneuver,43,v2_range_rate_camera,3.7,radar,2,4.891321603678865,True
static_maneuver,43,v2_range_rate_camera,3.7,camera,2,9.08589556678739,True
static_maneuver,43,v2_range_rate_camera,3.8000000000000003,radar,2,0.08767767243923116,True
static_maneuver,43,v2_range_rate_camera,3.8000000000000003,camera,2,0.06431223742781403,True
static_maneuver,43,v2_range_rate_camera,3.9000000000000004,radar,2,1.8878526094424737,True
static_maneuver,43,v2_range_rate_camera,3.9000000000000004,camera,2,2.990324139377181,True
static_maneuver,43,v2_range_rate_camera,4.0,radar,2,1.9702229574333192,True
static_maneuver,43,v2_range_rate_camera,4.0,camera,2,2.308766130793025,True
static_maneuver,43,v2_range_rate_camera,4.1000000000000005,radar,2,1.0224018392586853,True
static_maneuver,43,v2_range_rate_camera,4.1000000000000005,camera,2,4.28423976416127,True
static_maneuver,43,v2_range_rate_camera,4.2,radar,2,0.5043375521022366,True
static_maneuver,43,v2_range_rate_camera,4.2,camera,2,1.5089284459221806,True
static_maneuver,43,v2_range_rate_camera,4.3,radar,2,0.37323074483511187,True
static_maneuver,43,v2_range_rate_camera,4.3,camera,2,0.8338509970908575,True
static_maneuver,43,v2_range_rate_camera,4.4,radar,2,1.8891742609219921,True
static_maneuver,43,v2_range_rate_camera,4.4,camera,2,2.0463716089008717,True
static_maneuver,43,v2_range_rate_camera,4.5,radar,2,0.20391547375028746,True
static_maneuver,43,v2_range_rate_camera,4.5,camera,2,0.3647339065407793,True
static_maneuver,43,v2_range_rate_camera,4.6000000000000005,radar,2,0.14133863353825732,True
static_maneuver,43,v2_range_rate_camera,4.6000000000000005,camera,2,3.0461963357354596,True
static_maneuver,43,v2_range_rate_camera,4.7,radar,2,1.9817652815768527,True
static_maneuver,43,v2_range_rate_camera,4.7,camera,2,0.09387555043024186,True
static_maneuver,43,v2_range_rate_camera,4.800000000000001,radar,2,0.6409264540628469,True
static_maneuver,43,v2_range_rate_camera,4.800000000000001,camera,2,4.404988101417659,True
static_maneuver,43,v2_range_rate_camera,4.9,radar,2,0.13727888192105286,True
static_maneuver,43,v2_range_rate_camera,4.9,camera,2,2.314037563842018,True
static_maneuver,43,v2_range_rate_camera,5.0,radar,2,0.28575662742240115,True
static_maneuver,43,v2_range_rate_camera,5.0,camera,2,0.7057216433001151,True
static_maneuver,43,v2_range_rate_camera,5.1000000000000005,radar,2,0.7731560986032552,True
static_maneuver,43,v2_range_rate_camera,5.1000000000000005,camera,2,0.9705244458921722,True
static_maneuver,43,v2_range_rate_camera,5.2,radar,2,0.07783350276853743,True
static_maneuver,43,v2_range_rate_camera,5.2,camera,2,0.5642794948944796,True
static_maneuver,43,v2_range_rate_camera,5.300000000000001,radar,2,3.0166344326885604,True
static_maneuver,43,v2_range_rate_camera,5.300000000000001,camera,2,0.38858928363939715,True
static_maneuver,43,v2_range_rate_camera,5.4,radar,2,1.4342188542148613,True
static_maneuver,43,v2_range_rate_camera,5.4,camera,2,0.29199191662129836,True
static_maneuver,43,v2_range_rate_camera,5.5,radar,2,0.3120664476271849,True
static_maneuver,43,v2_range_rate_camera,5.5,camera,2,3.359114115451846,True
static_maneuver,43,v2_range_rate_camera,5.6000000000000005,radar,2,0.33117605053170146,True
static_maneuver,43,v2_range_rate_camera,5.6000000000000005,camera,2,2.534821033154744,True
static_maneuver,43,v2_range_rate_camera,5.7,radar,2,1.4022511621771194,True
static_maneuver,43,v2_range_rate_camera,5.7,camera,2,1.9744483700302746,True
static_maneuver,43,v2_range_rate_camera,5.800000000000001,radar,2,1.6286223730286817,True
static_maneuver,43,v2_range_rate_camera,5.800000000000001,camera,2,1.1785276023805569,True
static_maneuver,43,v2_range_rate_camera,5.9,radar,2,0.3850821128437728,True
static_maneuver,43,v2_range_rate_camera,5.9,camera,2,1.619409014762178,True
static_maneuver,43,v2_range_rate_camera,6.0,radar,2,0.1486037498302131,True
static_maneuver,43,v2_range_rate_camera,6.0,camera,2,0.45114987542572493,True
static_maneuver,43,v2_range_rate_camera,6.1000000000000005,radar,2,1.0545072053091853,True
static_maneuver,43,v2_range_rate_camera,6.1000000000000005,camera,2,0.06437933096936536,True
static_maneuver,43,v2_range_rate_camera,6.2,radar,2,2.7134847005744858,True
static_maneuver,43,v2_range_rate_camera,6.2,camera,2,1.744324103759979,True
static_maneuver,43,v2_range_rate_camera,6.300000000000001,radar,2,2.649889629639381,True
static_maneuver,43,v2_range_rate_camera,6.300000000000001,camera,2,0.4876532937548306,True
static_maneuver,43,v2_range_rate_camera,6.4,radar,2,4.713309040706308,True
static_maneuver,43,v2_range_rate_camera,6.4,camera,2,3.5996774685119575,True
static_maneuver,43,v2_range_rate_camera,6.5,radar,2,1.8503106940281837,True
static_maneuver,43,v2_range_rate_camera,6.5,camera,2,1.9375815898196846,True
static_maneuver,43,v2_range_rate_camera,6.6000000000000005,radar,2,1.8281763769085422,True
static_maneuver,43,v2_range_rate_camera,6.6000000000000005,camera,2,3.4130525234610842,True
static_maneuver,43,v2_range_rate_camera,6.7,radar,2,1.0071339970013193,True
static_maneuver,43,v2_range_rate_camera,6.7,camera,2,2.0381122995087226,True
static_maneuver,43,v2_range_rate_camera,6.800000000000001,radar,2,1.8136882133523948,True
static_maneuver,43,v2_range_rate_camera,6.800000000000001,camera,2,0.30223607705821487,True
static_maneuver,43,v2_range_rate_camera,6.9,radar,2,1.7476773515752182,True
static_maneuver,43,v2_range_rate_camera,6.9,camera,2,3.116701927819941,True
static_maneuver,43,v2_range_rate_camera,7.0,radar,2,4.6050380440744325,True
static_maneuver,43,v2_range_rate_camera,7.0,camera,2,1.7627028553691992,True
static_maneuver,43,v2_range_rate_camera,7.1000000000000005,radar,2,0.3568811692878893,True
static_maneuver,43,v2_range_rate_camera,7.1000000000000005,camera,2,0.910619990883356,True
static_maneuver,43,v2_range_rate_camera,7.2,radar,2,0.748697628319964,True
static_maneuver,43,v2_range_rate_camera,7.2,camera,2,3.218514869431155,True
static_maneuver,43,v2_range_rate_camera,7.300000000000001,radar,2,1.9950016245234459,True
static_maneuver,43,v2_range_rate_camera,7.300000000000001,camera,2,6.3253334590831365,True
static_maneuver,43,v2_range_rate_camera,7.4,radar,2,2.9312250205672137,True
static_maneuver,43,v2_range_rate_camera,7.4,camera,2,0.3490504096074571,True
static_maneuver,43,v2_range_rate_camera,7.5,radar,2,3.235929500033118,True
static_maneuver,43,v2_range_rate_camera,7.5,camera,2,2.4157901285575933,True
static_maneuver,43,v2_range_rate_camera,7.6000000000000005,radar,2,0.48891944513061925,True
static_maneuver,43,v2_range_rate_camera,7.6000000000000005,camera,2,0.9499750585663064,True
static_maneuver,43,v2_range_rate_camera,7.7,radar,2,5.741183182363031,True
static_maneuver,43,v2_range_rate_camera,7.7,camera,2,1.6266873021399253,True
static_maneuver,43,v2_range_rate_camera,7.800000000000001,radar,2,0.3307917753159612,True
static_maneuver,43,v2_range_rate_camera,7.800000000000001,camera,2,0.9821740944012416,True
static_maneuver,43,v2_range_rate_camera,7.9,radar,2,2.4805829557232433,True
static_maneuver,43,v2_range_rate_camera,7.9,camera,2,1.992931294254568,True
static_maneuver,43,v2_range_rate_camera,8.0,radar,2,0.2376940455632561,True
static_maneuver,43,v2_range_rate_camera,8.0,camera,2,0.48600403095617933,True
static_maneuver,43,v2_range_rate_camera,8.1,radar,2,0.07005216681277365,True
static_maneuver,43,v2_range_rate_camera,8.1,camera,2,0.8184648333106158,True
static_maneuver,43,v2_range_rate_camera,8.200000000000001,radar,2,0.29061970316508917,True
static_maneuver,43,v2_range_rate_camera,8.200000000000001,camera,2,1.3473422977800844,True
static_maneuver,43,v2_range_rate_camera,8.3,radar,2,0.4545827106061163,True
static_maneuver,43,v2_range_rate_camera,8.3,camera,2,2.7803445852310142,True
static_maneuver,43,v2_range_rate_camera,8.4,radar,2,0.2139739484286194,True
static_maneuver,43,v2_range_rate_camera,8.4,camera,2,0.3252815465122692,True
static_maneuver,43,v2_range_rate_camera,8.5,radar,2,1.2012166448241095,True
static_maneuver,43,v2_range_rate_camera,8.5,camera,2,0.16772223531945815,True
static_maneuver,43,v2_range_rate_camera,8.6,radar,2,4.084061089553997,True
static_maneuver,43,v2_range_rate_camera,8.6,camera,2,1.2435938049802067,True
static_maneuver,43,v2_range_rate_camera,8.700000000000001,radar,2,0.2350840127296022,True
static_maneuver,43,v2_range_rate_camera,8.700000000000001,camera,2,0.8976120790308538,True
static_maneuver,43,v2_range_rate_camera,8.8,radar,2,0.044639134578528875,True
static_maneuver,43,v2_range_rate_camera,8.8,camera,2,1.1308924547236614,True
static_maneuver,43,v2_range_rate_camera,8.9,radar,2,3.7680003478503976,True
static_maneuver,43,v2_range_rate_camera,8.9,camera,2,3.343499187754034,True
static_maneuver,43,v2_range_rate_camera,9.0,radar,2,2.9361753279497105,True
static_maneuver,43,v2_range_rate_camera,9.0,camera,2,0.6325024855149799,True
static_maneuver,43,v2_range_rate_camera,9.1,radar,2,1.007792386427095,True
static_maneuver,43,v2_range_rate_camera,9.1,camera,2,0.02192802555297546,True
static_maneuver,43,v2_range_rate_camera,9.200000000000001,radar,2,2.373897398959566,True
static_maneuver,43,v2_range_rate_camera,9.200000000000001,camera,2,0.011961341113667399,True
static_maneuver,43,v2_range_rate_camera,9.3,radar,2,3.5494320935468604,True
static_maneuver,43,v2_range_rate_camera,9.3,camera,2,2.410907871498525,True
static_maneuver,43,v2_range_rate_camera,9.4,radar,2,4.834323234560374,True
static_maneuver,43,v2_range_rate_camera,9.4,camera,2,0.6865949820611406,True
static_maneuver,43,v2_range_rate_camera,9.5,radar,2,1.0785177502308394,True
static_maneuver,43,v2_range_rate_camera,9.5,camera,2,0.02858937508991277,True
static_maneuver,43,v2_range_rate_camera,9.600000000000001,radar,2,0.9751799256391493,True
static_maneuver,43,v2_range_rate_camera,9.600000000000001,camera,2,4.266828217397263,True
static_maneuver,43,v2_range_rate_camera,9.700000000000001,radar,2,0.1599163101987574,True
static_maneuver,43,v2_range_rate_camera,9.700000000000001,camera,2,2.4518922458673287,True
static_maneuver,43,v2_range_rate_camera,9.8,radar,2,0.07144311700953036,True
static_maneuver,43,v2_range_rate_camera,9.8,camera,2,2.43638293852341,True
static_maneuver,43,v2_range_rate_camera,9.9,radar,2,1.0318553419172614,True
static_maneuver,43,v2_range_rate_camera,9.9,camera,2,6.447480265455228,True
static_maneuver,43,v2_range_rate_camera,10.0,radar,2,0.7195047517950032,True
static_maneuver,43,v2_range_rate_camera,10.0,camera,2,1.6114467087117674,True
static_maneuver,43,v2_range_rate_camera,10.100000000000001,radar,2,1.4091452331491452,True
static_maneuver,43,v2_range_rate_camera,10.100000000000001,camera,2,2.029591020628046,True
static_maneuver,43,v2_range_rate_camera,10.200000000000001,radar,2,0.28483251233525503,True
static_maneuver,43,v2_range_rate_camera,10.200000000000001,camera,2,0.015211895075060291,True
static_maneuver,43,v2_range_rate_camera,10.3,radar,2,0.6958140195051854,True
static_maneuver,43,v2_range_rate_camera,10.3,camera,2,0.18079671815233878,True
static_maneuver,43,v2_range_rate_camera,10.4,radar,2,0.21219608278370447,True
static_maneuver,43,v2_range_rate_camera,10.4,camera,2,0.3214134838058234,True
static_maneuver,43,v2_range_rate_camera,10.5,radar,2,1.461614360493267,True
static_maneuver,43,v2_range_rate_camera,10.5,camera,2,1.0819670059429178,True
static_maneuver,43,v2_range_rate_camera,10.600000000000001,radar,2,0.6332289407868178,True
static_maneuver,43,v2_range_rate_camera,10.600000000000001,camera,2,7.796380932379436,True
static_maneuver,43,v2_range_rate_camera,10.700000000000001,radar,2,8.025277238934535,True
static_maneuver,43,v2_range_rate_camera,10.700000000000001,camera,2,0.3693878029016798,True
static_maneuver,43,v2_range_rate_camera,10.8,radar,2,6.341986721237856,True
static_maneuver,43,v2_range_rate_camera,10.8,camera,2,2.8000420810896745,True
static_maneuver,43,v2_range_rate_camera,10.9,radar,2,5.060166715592801,True
static_maneuver,43,v2_range_rate_camera,10.9,camera,2,0.250128597915946,True
static_maneuver,43,v2_range_rate_camera,11.0,radar,2,0.3318425842668951,True
static_maneuver,43,v2_range_rate_camera,11.0,camera,2,1.1125892780297533,True
static_maneuver,43,v2_range_rate_camera,11.100000000000001,radar,2,0.44706379388593437,True
static_maneuver,43,v2_range_rate_camera,11.100000000000001,camera,2,3.337123781263504,True
static_maneuver,43,v2_range_rate_camera,11.200000000000001,radar,2,0.2349687308728114,True
static_maneuver,43,v2_range_rate_camera,11.200000000000001,camera,2,2.3686828380201344,True
static_maneuver,43,v2_range_rate_camera,11.3,radar,2,1.0234665774584282,True
static_maneuver,43,v2_range_rate_camera,11.3,camera,2,5.5836569779440675,True
static_maneuver,43,v2_range_rate_camera,11.4,radar,2,0.4789750388687277,True
static_maneuver,43,v2_range_rate_camera,11.4,camera,2,4.287566308067357,True
static_maneuver,43,v2_range_rate_camera,11.5,radar,2,1.3629423223475805,True
static_maneuver,43,v2_range_rate_camera,11.5,camera,2,0.09151061987754133,True
static_maneuver,43,v2_range_rate_camera,11.600000000000001,radar,2,3.215641626885588,True
static_maneuver,43,v2_range_rate_camera,11.600000000000001,camera,2,2.470285836343919,True
static_maneuver,43,v2_range_rate_camera,11.700000000000001,radar,2,2.733605017402749,True
static_maneuver,43,v2_range_rate_camera,11.700000000000001,camera,2,0.6399100080887726,True
static_maneuver,43,v2_range_rate_camera,11.8,radar,2,3.0754004734310083,True
static_maneuver,43,v2_range_rate_camera,11.8,camera,2,1.2209673893087207,True
static_maneuver,43,v2_range_rate_camera,11.9,radar,2,0.732960631482843,True
static_maneuver,43,v2_range_rate_camera,11.9,camera,2,0.8848394695721851,True
static_maneuver,43,v2_range_rate_camera,12.0,radar,2,2.099036416286818,True
static_maneuver,43,v2_range_rate_camera,12.0,camera,2,0.5991269205641504,True
static_maneuver,43,v2_full,0.0,camera,2,1.6286773711157305,True
static_maneuver,43,v2_full,0.1,radar,4,2.556441859760606,True
static_maneuver,43,v2_full,0.1,camera,2,0.06602363058735593,True
static_maneuver,43,v2_full,0.2,radar,4,0.5424420916938909,True
static_maneuver,43,v2_full,0.2,camera,2,4.045005167865379,True
static_maneuver,43,v2_full,0.30000000000000004,radar,4,3.387723379162986,True
static_maneuver,43,v2_full,0.30000000000000004,camera,2,1.0940806356870276,True
static_maneuver,43,v2_full,0.4,radar,4,3.4897635760166015,True
static_maneuver,43,v2_full,0.4,camera,2,2.950423549299537,True
static_maneuver,43,v2_full,0.5,radar,4,5.285243826672648,True
static_maneuver,43,v2_full,0.5,camera,2,0.5055789386089036,True
static_maneuver,43,v2_full,0.6000000000000001,radar,4,1.9321874287642067,True
static_maneuver,43,v2_full,0.6000000000000001,camera,2,1.4328294500919918,True
static_maneuver,43,v2_full,0.7000000000000001,radar,4,5.13683593292359,True
static_maneuver,43,v2_full,0.7000000000000001,camera,2,4.087092388767693,True
static_maneuver,43,v2_full,0.8,radar,4,1.4846255978603364,True
static_maneuver,43,v2_full,0.8,camera,2,1.6967337055016283,True
static_maneuver,43,v2_full,0.9,radar,4,3.0536808199748124,True
static_maneuver,43,v2_full,0.9,camera,2,0.3063348838267082,True
static_maneuver,43,v2_full,1.0,radar,4,2.824851753249491,True
static_maneuver,43,v2_full,1.0,camera,2,0.6331953010470015,True
static_maneuver,43,v2_full,1.1,radar,4,6.302151905993802,True
static_maneuver,43,v2_full,1.1,camera,2,1.2831711590365509,True
static_maneuver,43,v2_full,1.2000000000000002,radar,4,2.5915744627731545,True
static_maneuver,43,v2_full,1.2000000000000002,camera,2,0.28318306700304613,True
static_maneuver,43,v2_full,1.3,radar,4,10.951728318322152,True
static_maneuver,43,v2_full,1.3,camera,2,3.2682357033268734,True
static_maneuver,43,v2_full,1.4000000000000001,radar,4,3.8174799182431873,True
static_maneuver,43,v2_full,1.4000000000000001,camera,2,2.0127777785981684,True
static_maneuver,43,v2_full,1.5,radar,4,9.682402707775926,True
static_maneuver,43,v2_full,1.5,camera,2,3.2752263367963104,True
static_maneuver,43,v2_full,1.6,radar,4,3.120251297359094,True
static_maneuver,43,v2_full,1.6,camera,2,0.7869137487719974,True
static_maneuver,43,v2_full,1.7000000000000002,radar,4,4.8653201233302825,True
static_maneuver,43,v2_full,1.7000000000000002,camera,2,2.0702013007091105,True
static_maneuver,43,v2_full,1.8,radar,4,1.3881485774016713,True
static_maneuver,43,v2_full,1.8,camera,2,3.441619092616058,True
static_maneuver,43,v2_full,1.9000000000000001,radar,4,3.9385965246882595,True
static_maneuver,43,v2_full,1.9000000000000001,camera,2,0.6807240775302327,True
static_maneuver,43,v2_full,2.0,radar,4,4.454046869972992,True
static_maneuver,43,v2_full,2.0,camera,2,0.5445778088058053,True
static_maneuver,43,v2_full,2.1,radar,4,3.0685612850603357,True
static_maneuver,43,v2_full,2.1,camera,2,4.469324164588622,True
static_maneuver,43,v2_full,2.2,radar,4,3.120100029493197,True
static_maneuver,43,v2_full,2.2,camera,2,0.5469121377485092,True
static_maneuver,43,v2_full,2.3000000000000003,radar,4,0.8265213113906548,True
static_maneuver,43,v2_full,2.3000000000000003,camera,2,1.365705613140907,True
static_maneuver,43,v2_full,2.4000000000000004,radar,4,5.42469609644708,True
static_maneuver,43,v2_full,2.4000000000000004,camera,2,2.026523186867538,True
static_maneuver,43,v2_full,2.5,radar,4,1.995792976888134,True
static_maneuver,43,v2_full,2.5,camera,2,0.4065024615314202,True
static_maneuver,43,v2_full,2.6,radar,4,13.029543731712387,True
static_maneuver,43,v2_full,2.6,camera,2,2.3774711714451704,True
static_maneuver,43,v2_full,2.7,radar,4,2.135323114409164,True
static_maneuver,43,v2_full,2.7,camera,2,1.361808519862363,True
static_maneuver,43,v2_full,2.8000000000000003,radar,4,6.288955719100559,True
static_maneuver,43,v2_full,2.8000000000000003,camera,2,8.725719029902796,True
static_maneuver,43,v2_full,2.9000000000000004,radar,4,2.663969920117079,True
static_maneuver,43,v2_full,2.9000000000000004,camera,2,0.35484959609946676,True
static_maneuver,43,v2_full,3.0,radar,4,0.5325633733760435,True
static_maneuver,43,v2_full,3.0,camera,2,0.7439085534993451,True
static_maneuver,43,v2_full,3.1,radar,4,3.690648223311897,True
static_maneuver,43,v2_full,3.1,camera,2,2.5804712160213676,True
static_maneuver,43,v2_full,3.2,radar,4,2.332220139718906,True
static_maneuver,43,v2_full,3.2,camera,2,2.8528282741419893,True
static_maneuver,43,v2_full,3.3000000000000003,radar,4,5.093465254692934,True
static_maneuver,43,v2_full,3.3000000000000003,camera,2,2.3395034882826167,True
static_maneuver,43,v2_full,3.4000000000000004,radar,4,2.0760908013860604,True
static_maneuver,43,v2_full,3.4000000000000004,camera,2,1.1421637990760412,True
static_maneuver,43,v2_full,3.5,radar,4,2.2597055832995627,True
static_maneuver,43,v2_full,3.5,camera,2,0.3947916853694129,True
static_maneuver,43,v2_full,3.6,radar,4,3.6096877290485887,True
static_maneuver,43,v2_full,3.6,camera,2,3.585304475032089,True
static_maneuver,43,v2_full,3.7,radar,4,5.485399747742171,True
static_maneuver,43,v2_full,3.7,camera,2,8.972971263721238,True
static_maneuver,43,v2_full,3.8000000000000003,radar,4,0.7293600110586124,True
static_maneuver,43,v2_full,3.8000000000000003,camera,2,0.11484203887895415,True
static_maneuver,43,v2_full,3.9000000000000004,radar,4,3.316076149520057,True
static_maneuver,43,v2_full,3.9000000000000004,camera,2,3.836006546200801,True
static_maneuver,43,v2_full,4.0,radar,4,2.5792226457332452,True
static_maneuver,43,v2_full,4.0,camera,2,2.0757906953213277,True
static_maneuver,43,v2_full,4.1000000000000005,radar,4,1.2196935663287605,True
static_maneuver,43,v2_full,4.1000000000000005,camera,2,4.016303641039512,True
static_maneuver,43,v2_full,4.2,radar,4,5.692100491355127,True
static_maneuver,43,v2_full,4.2,camera,2,1.4850387530642237,True
static_maneuver,43,v2_full,4.3,radar,4,1.741725045620109,True
static_maneuver,43,v2_full,4.3,camera,2,0.4465321177476396,True
static_maneuver,43,v2_full,4.4,radar,4,4.094111081422227,True
static_maneuver,43,v2_full,4.4,camera,2,1.3809474241786306,True
static_maneuver,43,v2_full,4.5,radar,4,0.7293417252193738,True
static_maneuver,43,v2_full,4.5,camera,2,0.6719649435711809,True
static_maneuver,43,v2_full,4.6000000000000005,radar,4,0.7243876341236062,True
static_maneuver,43,v2_full,4.6000000000000005,camera,2,2.809917448518488,True
static_maneuver,43,v2_full,4.7,radar,4,2.165051135971121,True
static_maneuver,43,v2_full,4.7,camera,2,0.14034657756938904,True
static_maneuver,43,v2_full,4.800000000000001,radar,4,0.9858527264788832,True
static_maneuver,43,v2_full,4.800000000000001,camera,2,4.859507208759125,True
static_maneuver,43,v2_full,4.9,radar,4,0.9258816905909644,True
static_maneuver,43,v2_full,4.9,camera,2,2.3449861052922487,True
static_maneuver,43,v2_full,5.0,radar,4,1.4505745776626007,True
static_maneuver,43,v2_full,5.0,camera,2,0.6425180725258344,True
static_maneuver,43,v2_full,5.1000000000000005,radar,4,5.937022782517352,True
static_maneuver,43,v2_full,5.1000000000000005,camera,2,0.8256000417542331,True
static_maneuver,43,v2_full,5.2,radar,4,2.1173074646087238,True
static_maneuver,43,v2_full,5.2,camera,2,0.6564629925377772,True
static_maneuver,43,v2_full,5.300000000000001,radar,4,3.569184603921251,True
static_maneuver,43,v2_full,5.300000000000001,camera,2,0.39720021061028293,True
static_maneuver,43,v2_full,5.4,radar,4,1.9080493109397934,True
static_maneuver,43,v2_full,5.4,camera,2,0.3221220860677326,True
static_maneuver,43,v2_full,5.5,radar,4,2.5568141385936562,True
static_maneuver,43,v2_full,5.5,camera,2,3.0420248457439043,True
static_maneuver,43,v2_full,5.6000000000000005,radar,4,0.3789661035574753,True
static_maneuver,43,v2_full,5.6000000000000005,camera,2,2.1441560396045545,True
static_maneuver,43,v2_full,5.7,radar,4,6.2708354194457,True
static_maneuver,43,v2_full,5.7,camera,2,2.800361058357394,True
static_maneuver,43,v2_full,5.800000000000001,radar,4,1.9275192255213687,True
static_maneuver,43,v2_full,5.800000000000001,camera,2,1.6045728127137855,True
static_maneuver,43,v2_full,5.9,radar,4,1.987335409671265,True
static_maneuver,43,v2_full,5.9,camera,2,2.0135140347088067,True
static_maneuver,43,v2_full,6.0,radar,4,1.1328281752648066,True
static_maneuver,43,v2_full,6.0,camera,2,0.4943146821122726,True
static_maneuver,43,v2_full,6.1000000000000005,radar,4,2.8932526621999552,True
static_maneuver,43,v2_full,6.1000000000000005,camera,2,0.038603706780775536,True
static_maneuver,43,v2_full,6.2,radar,4,3.8679454934991218,True
static_maneuver,43,v2_full,6.2,camera,2,2.1159167742947615,True
static_maneuver,43,v2_full,6.300000000000001,radar,4,5.193614910449693,True
static_maneuver,43,v2_full,6.300000000000001,camera,2,0.673249967934075,True
static_maneuver,43,v2_full,6.4,radar,4,5.154629748940504,True
static_maneuver,43,v2_full,6.4,camera,2,2.9000988895572686,True
static_maneuver,43,v2_full,6.5,radar,4,1.9617184001716927,True
static_maneuver,43,v2_full,6.5,camera,2,1.703450417282112,True
static_maneuver,43,v2_full,6.6000000000000005,radar,4,2.1650615962080324,True
static_maneuver,43,v2_full,6.6000000000000005,camera,2,3.9323364776936915,True
static_maneuver,43,v2_full,6.7,radar,4,6.1136635717978685,True
static_maneuver,43,v2_full,6.7,camera,2,2.4336576548809283,True
static_maneuver,43,v2_full,6.800000000000001,radar,4,1.9535444206508406,True
static_maneuver,43,v2_full,6.800000000000001,camera,2,0.5045772096294725,True
static_maneuver,43,v2_full,6.9,radar,4,2.6999332606225477,True
static_maneuver,43,v2_full,6.9,camera,2,3.1977228560276787,True
static_maneuver,43,v2_full,7.0,radar,4,5.443256902736816,True
static_maneuver,43,v2_full,7.0,camera,2,1.8487664936151649,True
static_maneuver,43,v2_full,7.1000000000000005,radar,4,3.6797565731367006,True
static_maneuver,43,v2_full,7.1000000000000005,camera,2,1.1937428508182768,True
static_maneuver,43,v2_full,7.2,radar,4,1.1273766146167052,True
static_maneuver,43,v2_full,7.2,camera,2,2.9567876118978713,True
static_maneuver,43,v2_full,7.300000000000001,radar,4,2.7587154360239405,True
static_maneuver,43,v2_full,7.300000000000001,camera,2,6.162055183753277,True
static_maneuver,43,v2_full,7.4,radar,4,4.118908629709542,True
static_maneuver,43,v2_full,7.4,camera,2,0.5330890506482943,True
static_maneuver,43,v2_full,7.5,radar,4,3.3269215276907067,True
static_maneuver,43,v2_full,7.5,camera,2,2.3177062337529235,True
static_maneuver,43,v2_full,7.6000000000000005,radar,4,6.554377266087765,True
static_maneuver,43,v2_full,7.6000000000000005,camera,2,1.0229925109078792,True
static_maneuver,43,v2_full,7.7,radar,4,7.989319666528996,True
static_maneuver,43,v2_full,7.7,camera,2,2.1840185415928377,True
static_maneuver,43,v2_full,7.800000000000001,radar,4,0.7875097282925854,True
static_maneuver,43,v2_full,7.800000000000001,camera,2,0.6569311691553272,True
static_maneuver,43,v2_full,7.9,radar,4,5.53314499160849,True
static_maneuver,43,v2_full,7.9,camera,2,2.1872867927407382,True
static_maneuver,43,v2_full,8.0,radar,4,1.7015041971339984,True
static_maneuver,43,v2_full,8.0,camera,2,0.24985654158347123,True
static_maneuver,43,v2_full,8.1,radar,4,1.5128914406937963,True
static_maneuver,43,v2_full,8.1,camera,2,0.9266466894552048,True
static_maneuver,43,v2_full,8.200000000000001,radar,4,1.2635009447088923,True
static_maneuver,43,v2_full,8.200000000000001,camera,2,1.6169307262128503,True
static_maneuver,43,v2_full,8.3,radar,4,1.519095380127515,True
static_maneuver,43,v2_full,8.3,camera,2,2.985634633100433,True
static_maneuver,43,v2_full,8.4,radar,4,3.3367532443022667,True
static_maneuver,43,v2_full,8.4,camera,2,0.48257642235355747,True
static_maneuver,43,v2_full,8.5,radar,4,1.5097397635623846,True
static_maneuver,43,v2_full,8.5,camera,2,0.1863734958016301,True
static_maneuver,43,v2_full,8.6,radar,4,5.400797004053328,True
static_maneuver,43,v2_full,8.6,camera,2,1.4586626369640496,True
static_maneuver,43,v2_full,8.700000000000001,radar,4,0.3040336607682182,True
static_maneuver,43,v2_full,8.700000000000001,camera,2,1.178231924407382,True
static_maneuver,43,v2_full,8.8,radar,4,2.527448841410932,True
static_maneuver,43,v2_full,8.8,camera,2,0.8116007578666325,True
static_maneuver,43,v2_full,8.9,radar,4,4.311429925245205,True
static_maneuver,43,v2_full,8.9,camera,2,3.196874896677022,True
static_maneuver,43,v2_full,9.0,radar,4,7.041642127624654,True
static_maneuver,43,v2_full,9.0,camera,2,0.7981090570141275,True
static_maneuver,43,v2_full,9.1,radar,4,1.146019721210748,True
static_maneuver,43,v2_full,9.1,camera,2,0.041626493241157754,True
static_maneuver,43,v2_full,9.200000000000001,radar,4,12.84759213802464,True
static_maneuver,43,v2_full,9.200000000000001,camera,2,0.17229520436556736,True
static_maneuver,43,v2_full,9.3,radar,4,4.159586225969581,True
static_maneuver,43,v2_full,9.3,camera,2,3.413956125748607,True
static_maneuver,43,v2_full,9.4,radar,4,5.336037109756685,True
static_maneuver,43,v2_full,9.4,camera,2,0.27362127529250935,True
static_maneuver,43,v2_full,9.5,radar,4,2.4738736802310353,True
static_maneuver,43,v2_full,9.5,camera,2,0.020050999774998027,True
static_maneuver,43,v2_full,9.600000000000001,radar,4,2.9670118145091084,True
static_maneuver,43,v2_full,9.600000000000001,camera,2,5.559335653499058,True
static_maneuver,43,v2_full,9.700000000000001,radar,4,1.8930259718753293,True
static_maneuver,43,v2_full,9.700000000000001,camera,2,2.1799105932816825,True
static_maneuver,43,v2_full,9.8,radar,4,0.5138388082190803,True
static_maneuver,43,v2_full,9.8,camera,2,1.8492351633044117,True
static_maneuver,43,v2_full,9.9,radar,4,2.0222967732484896,True
static_maneuver,43,v2_full,9.9,camera,2,6.279316162679807,True
static_maneuver,43,v2_full,10.0,radar,4,4.618947000880798,True
static_maneuver,43,v2_full,10.0,camera,2,1.9676760172230028,True
static_maneuver,43,v2_full,10.100000000000001,radar,4,7.0185404230180675,True
static_maneuver,43,v2_full,10.100000000000001,camera,2,2.1292505689550243,True
static_maneuver,43,v2_full,10.200000000000001,radar,4,1.848334710144064,True
static_maneuver,43,v2_full,10.200000000000001,camera,2,0.08699468674722399,True
static_maneuver,43,v2_full,10.3,radar,4,5.196853929556919,True
static_maneuver,43,v2_full,10.3,camera,2,0.24626084225277914,True
static_maneuver,43,v2_full,10.4,radar,4,0.643758976340862,True
static_maneuver,43,v2_full,10.4,camera,2,0.4178068897910572,True
static_maneuver,43,v2_full,10.5,radar,4,1.789994675855614,True
static_maneuver,43,v2_full,10.5,camera,2,1.0318466873250804,True
static_maneuver,43,v2_full,10.600000000000001,radar,4,2.4685486567311026,True
static_maneuver,43,v2_full,10.600000000000001,camera,2,8.384735075515824,True
static_maneuver,43,v2_full,10.700000000000001,radar,4,9.395239855965933,True
static_maneuver,43,v2_full,10.700000000000001,camera,2,0.40808701721120544,True
static_maneuver,43,v2_full,10.8,radar,4,8.12782229585681,True
static_maneuver,43,v2_full,10.8,camera,2,3.3984516295146254,True
static_maneuver,43,v2_full,10.9,radar,4,6.614252694846817,True
static_maneuver,43,v2_full,10.9,camera,2,0.34270557787873024,True
static_maneuver,43,v2_full,11.0,radar,4,7.708719342844884,True
static_maneuver,43,v2_full,11.0,camera,2,1.5390492445726887,True
static_maneuver,43,v2_full,11.100000000000001,radar,4,3.2997713802109057,True
static_maneuver,43,v2_full,11.100000000000001,camera,2,2.722206210075797,True
static_maneuver,43,v2_full,11.200000000000001,radar,4,0.6903137803692246,True
static_maneuver,43,v2_full,11.200000000000001,camera,2,3.205449055214734,True
static_maneuver,43,v2_full,11.3,radar,4,4.3840979868878955,True
static_maneuver,43,v2_full,11.3,camera,2,5.059395560114623,True
static_maneuver,43,v2_full,11.4,radar,4,2.2925406209036816,True
static_maneuver,43,v2_full,11.4,camera,2,3.652786080495033,True
static_maneuver,43,v2_full,11.5,radar,4,1.9531381533747714,True
static_maneuver,43,v2_full,11.5,camera,2,0.10546213969493749,True
static_maneuver,43,v2_full,11.600000000000001,radar,4,4.719395964735552,True
static_maneuver,43,v2_full,11.600000000000001,camera,2,3.0783318125063723,True
static_maneuver,43,v2_full,11.700000000000001,radar,4,8.674267871830914,True
static_maneuver,43,v2_full,11.700000000000001,camera,2,0.6048930656258332,True
static_maneuver,43,v2_full,11.8,radar,4,4.407473560777323,True
static_maneuver,43,v2_full,11.8,camera,2,1.6912798396839421,True
static_maneuver,43,v2_full,11.9,radar,4,2.2009773588605768,True
static_maneuver,43,v2_full,11.9,camera,2,0.9618901635327491,True
static_maneuver,43,v2_full,12.0,radar,4,6.464366693468907,True
static_maneuver,43,v2_full,12.0,camera,2,0.9749347975021385,True
static_maneuver,43,frozen_ego_fault,0.0,camera,2,1.6286773711157305,True
static_maneuver,43,frozen_ego_fault,0.1,radar,4,2.556441859760606,True
static_maneuver,43,frozen_ego_fault,0.1,camera,2,0.06602363058735593,True
static_maneuver,43,frozen_ego_fault,0.2,radar,4,0.5424420916938909,True
static_maneuver,43,frozen_ego_fault,0.2,camera,2,4.045005167865379,True
static_maneuver,43,frozen_ego_fault,0.30000000000000004,radar,4,3.387723379162986,True
static_maneuver,43,frozen_ego_fault,0.30000000000000004,camera,2,1.0940806356870276,True
static_maneuver,43,frozen_ego_fault,0.4,radar,4,3.4897635760166015,True
static_maneuver,43,frozen_ego_fault,0.4,camera,2,2.950423549299537,True
static_maneuver,43,frozen_ego_fault,0.5,radar,4,5.285243826672648,True
static_maneuver,43,frozen_ego_fault,0.5,camera,2,0.5055789386089036,True
static_maneuver,43,frozen_ego_fault,0.6000000000000001,radar,4,1.9321874287642067,True
static_maneuver,43,frozen_ego_fault,0.6000000000000001,camera,2,1.4328294500919918,True
static_maneuver,43,frozen_ego_fault,0.7000000000000001,radar,4,5.13683593292359,True
static_maneuver,43,frozen_ego_fault,0.7000000000000001,camera,2,4.087092388767693,True
static_maneuver,43,frozen_ego_fault,0.8,radar,4,1.4846255978603364,True
static_maneuver,43,frozen_ego_fault,0.8,camera,2,1.6967337055016283,True
static_maneuver,43,frozen_ego_fault,0.9,radar,4,3.0536808199748124,True
static_maneuver,43,frozen_ego_fault,0.9,camera,2,0.3063348838267082,True
static_maneuver,43,frozen_ego_fault,1.0,radar,4,2.824851753249491,True
static_maneuver,43,frozen_ego_fault,1.0,camera,2,0.6331953010470015,True
static_maneuver,43,frozen_ego_fault,1.1,radar,4,6.302151905993802,True
static_maneuver,43,frozen_ego_fault,1.1,camera,2,1.2831711590365509,True
static_maneuver,43,frozen_ego_fault,1.2000000000000002,radar,4,2.5915744627731545,True
static_maneuver,43,frozen_ego_fault,1.2000000000000002,camera,2,0.28318306700304613,True
static_maneuver,43,frozen_ego_fault,1.3,radar,4,10.951728318322152,True
static_maneuver,43,frozen_ego_fault,1.3,camera,2,3.2682357033268734,True
static_maneuver,43,frozen_ego_fault,1.4000000000000001,radar,4,3.8174799182431873,True
static_maneuver,43,frozen_ego_fault,1.4000000000000001,camera,2,2.0127777785981684,True
static_maneuver,43,frozen_ego_fault,1.5,radar,4,9.682402707775926,True
static_maneuver,43,frozen_ego_fault,1.5,camera,2,3.2752263367963104,True
static_maneuver,43,frozen_ego_fault,1.6,radar,4,3.120251297359094,True
static_maneuver,43,frozen_ego_fault,1.6,camera,2,0.7869137487719974,True
static_maneuver,43,frozen_ego_fault,1.7000000000000002,radar,4,4.8653201233302825,True
static_maneuver,43,frozen_ego_fault,1.7000000000000002,camera,2,2.0702013007091105,True
static_maneuver,43,frozen_ego_fault,1.8,radar,4,1.3881485774016713,True
static_maneuver,43,frozen_ego_fault,1.8,camera,2,3.441619092616058,True
static_maneuver,43,frozen_ego_fault,1.9000000000000001,radar,4,3.9385965246882595,True
static_maneuver,43,frozen_ego_fault,1.9000000000000001,camera,2,0.6807240775302327,True
static_maneuver,43,frozen_ego_fault,2.0,radar,4,4.454046869972992,True
static_maneuver,43,frozen_ego_fault,2.0,camera,2,0.5445778088058053,True
static_maneuver,43,frozen_ego_fault,2.1,radar,4,3.0685612850603357,True
static_maneuver,43,frozen_ego_fault,2.1,camera,2,4.469324164588622,True
static_maneuver,43,frozen_ego_fault,2.2,radar,4,3.120100029493197,True
static_maneuver,43,frozen_ego_fault,2.2,camera,2,0.5469121377485092,True
static_maneuver,43,frozen_ego_fault,2.3000000000000003,radar,4,0.8265213113906548,True
static_maneuver,43,frozen_ego_fault,2.3000000000000003,camera,2,1.365705613140907,True
static_maneuver,43,frozen_ego_fault,2.4000000000000004,radar,4,5.42469609644708,True
static_maneuver,43,frozen_ego_fault,2.4000000000000004,camera,2,2.026523186867538,True
static_maneuver,43,frozen_ego_fault,2.5,radar,4,1.995792976888134,True
static_maneuver,43,frozen_ego_fault,2.5,camera,2,0.4065024615314202,True
static_maneuver,43,frozen_ego_fault,2.6,radar,4,13.029543731712387,True
static_maneuver,43,frozen_ego_fault,2.6,camera,2,2.3774711714451704,True
static_maneuver,43,frozen_ego_fault,2.7,radar,4,2.135323114409164,True
static_maneuver,43,frozen_ego_fault,2.7,camera,2,1.361808519862363,True
static_maneuver,43,frozen_ego_fault,2.8000000000000003,radar,4,6.288955719100559,True
static_maneuver,43,frozen_ego_fault,2.8000000000000003,camera,2,8.725719029902796,True
static_maneuver,43,frozen_ego_fault,2.9000000000000004,radar,4,2.663969920117079,True
static_maneuver,43,frozen_ego_fault,2.9000000000000004,camera,2,0.35484959609946676,True
static_maneuver,43,frozen_ego_fault,3.0,radar,4,0.5325633733760435,True
static_maneuver,43,frozen_ego_fault,3.0,camera,2,0.7439085534993451,True
static_maneuver,43,frozen_ego_fault,3.1,radar,4,3.690648223311897,True
static_maneuver,43,frozen_ego_fault,3.1,camera,2,2.5804712160213676,True
static_maneuver,43,frozen_ego_fault,3.2,radar,4,2.332220139718906,True
static_maneuver,43,frozen_ego_fault,3.2,camera,2,2.8528282741419893,True
static_maneuver,43,frozen_ego_fault,3.3000000000000003,radar,4,5.093465254692934,True
static_maneuver,43,frozen_ego_fault,3.3000000000000003,camera,2,2.3395034882826167,True
static_maneuver,43,frozen_ego_fault,3.4000000000000004,radar,4,2.0760908013860604,True
static_maneuver,43,frozen_ego_fault,3.4000000000000004,camera,2,1.1421637990760412,True
static_maneuver,43,frozen_ego_fault,3.5,radar,4,2.2597055832995627,True
static_maneuver,43,frozen_ego_fault,3.5,camera,2,0.3947916853694129,True
static_maneuver,43,frozen_ego_fault,3.6,radar,4,3.6096877290485887,True
static_maneuver,43,frozen_ego_fault,3.6,camera,2,3.585304475032089,True
static_maneuver,43,frozen_ego_fault,3.7,radar,4,5.485399747742171,True
static_maneuver,43,frozen_ego_fault,3.7,camera,2,8.972971263721238,True
static_maneuver,43,frozen_ego_fault,3.8000000000000003,radar,4,0.7293600110586124,True
static_maneuver,43,frozen_ego_fault,3.8000000000000003,camera,2,0.11484203887895415,True
static_maneuver,43,frozen_ego_fault,3.9000000000000004,radar,4,3.316076149520057,True
static_maneuver,43,frozen_ego_fault,3.9000000000000004,camera,2,3.836006546200801,True
static_maneuver,43,frozen_ego_fault,4.0,radar,4,2.5792226457332452,True
static_maneuver,43,frozen_ego_fault,4.0,camera,2,2.0757906953213277,True
static_maneuver,43,frozen_ego_fault,4.1000000000000005,radar,4,1.2196935663287605,True
static_maneuver,43,frozen_ego_fault,4.1000000000000005,camera,2,4.016303641039512,True
static_maneuver,43,frozen_ego_fault,4.2,radar,4,5.692100491355127,True
static_maneuver,43,frozen_ego_fault,4.2,camera,2,1.4850387530642237,True
static_maneuver,43,frozen_ego_fault,4.3,radar,4,1.741725045620109,True
static_maneuver,43,frozen_ego_fault,4.3,camera,2,0.4465321177476396,True
static_maneuver,43,frozen_ego_fault,4.4,radar,4,4.094111081422227,True
static_maneuver,43,frozen_ego_fault,4.4,camera,2,1.3809474241786306,True
static_maneuver,43,frozen_ego_fault,4.5,radar,4,0.7293417252193738,True
static_maneuver,43,frozen_ego_fault,4.5,camera,2,0.6719649435711809,True
static_maneuver,43,frozen_ego_fault,4.6000000000000005,radar,4,0.7243876341236062,True
static_maneuver,43,frozen_ego_fault,4.6000000000000005,camera,2,2.809917448518488,True
static_maneuver,43,frozen_ego_fault,4.7,radar,4,2.165051135971121,True
static_maneuver,43,frozen_ego_fault,4.7,camera,2,0.14034657756938904,True
static_maneuver,43,frozen_ego_fault,4.800000000000001,radar,4,0.9858527264788832,True
static_maneuver,43,frozen_ego_fault,4.800000000000001,camera,2,4.859507208759125,True
static_maneuver,43,frozen_ego_fault,4.9,radar,4,0.9258816905909644,True
static_maneuver,43,frozen_ego_fault,4.9,camera,2,2.3449861052922487,True
static_maneuver,43,frozen_ego_fault,5.0,radar,4,1.4505745776626007,True
static_maneuver,43,frozen_ego_fault,5.0,camera,2,0.6425180725258344,True
static_maneuver,43,frozen_ego_fault,5.1000000000000005,radar,4,5.937022782517352,True
static_maneuver,43,frozen_ego_fault,5.1000000000000005,camera,2,0.8256000417542331,True
static_maneuver,43,frozen_ego_fault,5.2,radar,4,2.1173074646087238,True
static_maneuver,43,frozen_ego_fault,5.2,camera,2,0.6564629925377772,True
static_maneuver,43,frozen_ego_fault,5.300000000000001,radar,4,3.569184603921251,True
static_maneuver,43,frozen_ego_fault,5.300000000000001,camera,2,0.39720021061028293,True
static_maneuver,43,frozen_ego_fault,5.4,radar,4,1.9080493109397934,True
static_maneuver,43,frozen_ego_fault,5.4,camera,2,0.3221220860677326,True
static_maneuver,43,frozen_ego_fault,5.5,radar,4,2.5568141385936562,True
static_maneuver,43,frozen_ego_fault,5.5,camera,2,3.0420248457439043,True
static_maneuver,43,frozen_ego_fault,5.6000000000000005,radar,4,0.3789661035574753,True
static_maneuver,43,frozen_ego_fault,5.6000000000000005,camera,2,2.1441560396045545,True
static_maneuver,43,frozen_ego_fault,5.7,radar,4,6.2708354194457,True
static_maneuver,43,frozen_ego_fault,5.7,camera,2,2.800361058357394,True
static_maneuver,43,frozen_ego_fault,5.800000000000001,radar,4,1.9275192255213687,True
static_maneuver,43,frozen_ego_fault,5.800000000000001,camera,2,1.6045728127137855,True
static_maneuver,43,frozen_ego_fault,5.9,radar,4,1.987335409671265,True
static_maneuver,43,frozen_ego_fault,5.9,camera,2,2.0135140347088067,True
static_maneuver,43,frozen_ego_fault,6.0,radar,4,1.1328281752648066,True
static_maneuver,43,frozen_ego_fault,6.0,camera,2,0.4943146821122726,True
static_maneuver,43,frozen_ego_fault,6.1000000000000005,radar,4,2.8932526621999552,True
static_maneuver,43,frozen_ego_fault,6.1000000000000005,camera,2,0.038603706780775536,True
static_maneuver,43,frozen_ego_fault,6.2,radar,4,3.8679454934991218,True
static_maneuver,43,frozen_ego_fault,6.2,camera,2,2.1159167742947615,True
static_maneuver,43,frozen_ego_fault,6.300000000000001,radar,4,5.193614910449693,True
static_maneuver,43,frozen_ego_fault,6.300000000000001,camera,2,0.673249967934075,True
static_maneuver,43,frozen_ego_fault,6.4,radar,4,5.154629748940504,True
static_maneuver,43,frozen_ego_fault,6.4,camera,2,2.9000988895572686,True
static_maneuver,43,frozen_ego_fault,6.5,radar,4,1.9617184001716927,True
static_maneuver,43,frozen_ego_fault,6.5,camera,2,1.703450417282112,True
static_maneuver,43,frozen_ego_fault,6.6000000000000005,radar,4,2.1650615962080324,True
static_maneuver,43,frozen_ego_fault,6.6000000000000005,camera,2,3.9323364776936915,True
static_maneuver,43,frozen_ego_fault,6.7,radar,4,6.1136635717978685,True
static_maneuver,43,frozen_ego_fault,6.7,camera,2,2.4336576548809283,True
static_maneuver,43,frozen_ego_fault,6.800000000000001,radar,4,1.9535444206508406,True
static_maneuver,43,frozen_ego_fault,6.800000000000001,camera,2,0.5045772096294725,True
static_maneuver,43,frozen_ego_fault,6.9,radar,4,2.6999332606225477,True
static_maneuver,43,frozen_ego_fault,6.9,camera,2,3.1977228560276787,True
static_maneuver,43,frozen_ego_fault,7.0,radar,4,5.443256902736816,True
static_maneuver,43,frozen_ego_fault,7.0,camera,2,1.8487664936151649,True
static_maneuver,43,frozen_ego_fault,7.1000000000000005,radar,4,3.6797565731367006,True
static_maneuver,43,frozen_ego_fault,7.1000000000000005,camera,2,1.1937428508182768,True
static_maneuver,43,frozen_ego_fault,7.2,radar,4,1.1273766146167052,True
static_maneuver,43,frozen_ego_fault,7.2,camera,2,2.9567876118978713,True
static_maneuver,43,frozen_ego_fault,7.300000000000001,radar,4,2.7587154360239405,True
static_maneuver,43,frozen_ego_fault,7.300000000000001,camera,2,6.162055183753277,True
static_maneuver,43,frozen_ego_fault,7.4,radar,4,4.118908629709542,True
static_maneuver,43,frozen_ego_fault,7.4,camera,2,0.5330890506482943,True
static_maneuver,43,frozen_ego_fault,7.5,radar,4,3.3269215276907067,True
static_maneuver,43,frozen_ego_fault,7.5,camera,2,2.3177062337529235,True
static_maneuver,43,frozen_ego_fault,7.6000000000000005,radar,4,6.554377266087765,True
static_maneuver,43,frozen_ego_fault,7.6000000000000005,camera,2,1.0229925109078792,True
static_maneuver,43,frozen_ego_fault,7.7,radar,4,7.989319666528996,True
static_maneuver,43,frozen_ego_fault,7.7,camera,2,2.1840185415928377,True
static_maneuver,43,frozen_ego_fault,7.800000000000001,radar,4,0.7875097282925854,True
static_maneuver,43,frozen_ego_fault,7.800000000000001,camera,2,0.6569311691553272,True
static_maneuver,43,frozen_ego_fault,7.9,radar,4,5.53314499160849,True
static_maneuver,43,frozen_ego_fault,7.9,camera,2,2.1872867927407382,True
static_maneuver,43,frozen_ego_fault,8.0,radar,4,1.7015041971339984,True
static_maneuver,43,frozen_ego_fault,8.0,camera,2,0.24985654158347123,True
static_maneuver,43,frozen_ego_fault,8.1,radar,4,1.5128914406937963,True
static_maneuver,43,frozen_ego_fault,8.1,camera,2,0.9266466894552048,True
static_maneuver,43,frozen_ego_fault,8.200000000000001,radar,4,1.2635009447088923,True
static_maneuver,43,frozen_ego_fault,8.200000000000001,camera,2,1.6169307262128503,True
static_maneuver,43,frozen_ego_fault,8.3,radar,4,1.519095380127515,True
static_maneuver,43,frozen_ego_fault,8.3,camera,2,2.985634633100433,True
static_maneuver,43,frozen_ego_fault,8.4,radar,4,3.3367532443022667,True
static_maneuver,43,frozen_ego_fault,8.4,camera,2,0.48257642235355747,True
static_maneuver,43,frozen_ego_fault,8.5,radar,4,1.5097397635623846,True
static_maneuver,43,frozen_ego_fault,8.5,camera,2,0.1863734958016301,True
static_maneuver,43,frozen_ego_fault,8.6,radar,4,5.400797004053328,True
static_maneuver,43,frozen_ego_fault,8.6,camera,2,1.4586626369640496,True
static_maneuver,43,frozen_ego_fault,8.700000000000001,radar,4,0.3040336607682182,True
static_maneuver,43,frozen_ego_fault,8.700000000000001,camera,2,1.178231924407382,True
static_maneuver,43,frozen_ego_fault,8.8,radar,4,2.527448841410932,True
static_maneuver,43,frozen_ego_fault,8.8,camera,2,0.8116007578666325,True
static_maneuver,43,frozen_ego_fault,8.9,radar,4,4.311429925245205,True
static_maneuver,43,frozen_ego_fault,8.9,camera,2,3.196874896677022,True
static_maneuver,43,frozen_ego_fault,9.0,radar,4,7.041642127624654,True
static_maneuver,43,frozen_ego_fault,9.0,camera,2,0.7981090570141275,True
static_maneuver,43,frozen_ego_fault,9.1,radar,4,1.146019721210748,True
static_maneuver,43,frozen_ego_fault,9.1,camera,2,0.041626493241157754,True
static_maneuver,43,frozen_ego_fault,9.200000000000001,radar,4,12.84759213802464,True
static_maneuver,43,frozen_ego_fault,9.200000000000001,camera,2,0.17229520436556736,True
static_maneuver,43,frozen_ego_fault,9.3,radar,4,4.159586225969581,True
static_maneuver,43,frozen_ego_fault,9.3,camera,2,3.413956125748607,True
static_maneuver,43,frozen_ego_fault,9.4,radar,4,5.336037109756685,True
static_maneuver,43,frozen_ego_fault,9.4,camera,2,0.27362127529250935,True
static_maneuver,43,frozen_ego_fault,9.5,radar,4,2.4738736802310353,True
static_maneuver,43,frozen_ego_fault,9.5,camera,2,0.020050999774998027,True
static_maneuver,43,frozen_ego_fault,9.600000000000001,radar,4,2.9670118145091084,True
static_maneuver,43,frozen_ego_fault,9.600000000000001,camera,2,5.559335653499058,True
static_maneuver,43,frozen_ego_fault,9.700000000000001,radar,4,1.8930259718753293,True
static_maneuver,43,frozen_ego_fault,9.700000000000001,camera,2,2.1799105932816825,True
static_maneuver,43,frozen_ego_fault,9.8,radar,4,0.5138388082190803,True
static_maneuver,43,frozen_ego_fault,9.8,camera,2,1.8492351633044117,True
static_maneuver,43,frozen_ego_fault,9.9,radar,4,2.0222967732484896,True
static_maneuver,43,frozen_ego_fault,9.9,camera,2,6.279316162679807,True
static_maneuver,43,frozen_ego_fault,10.0,radar,4,4.618947000880798,True
static_maneuver,43,frozen_ego_fault,10.0,camera,2,1.9676760172230028,True
static_maneuver,43,frozen_ego_fault,10.100000000000001,radar,4,7.0185404230180675,True
static_maneuver,43,frozen_ego_fault,10.100000000000001,camera,2,2.1292505689550243,True
static_maneuver,43,frozen_ego_fault,10.200000000000001,radar,4,1.848334710144064,True
static_maneuver,43,frozen_ego_fault,10.200000000000001,camera,2,0.08699468674722399,True
static_maneuver,43,frozen_ego_fault,10.3,radar,4,5.196853929556919,True
static_maneuver,43,frozen_ego_fault,10.3,camera,2,0.24626084225277914,True
static_maneuver,43,frozen_ego_fault,10.4,radar,4,0.643758976340862,True
static_maneuver,43,frozen_ego_fault,10.4,camera,2,0.4178068897910572,True
static_maneuver,43,frozen_ego_fault,10.5,radar,4,1.789994675855614,True
static_maneuver,43,frozen_ego_fault,10.5,camera,2,1.0318466873250804,True
static_maneuver,43,frozen_ego_fault,10.600000000000001,radar,4,2.4685486567311026,True
static_maneuver,43,frozen_ego_fault,10.600000000000001,camera,2,8.384735075515824,True
static_maneuver,43,frozen_ego_fault,10.700000000000001,radar,4,9.395239855965933,True
static_maneuver,43,frozen_ego_fault,10.700000000000001,camera,2,0.40808701721120544,True
static_maneuver,43,frozen_ego_fault,10.8,radar,4,8.12782229585681,True
static_maneuver,43,frozen_ego_fault,10.8,camera,2,3.3984516295146254,True
static_maneuver,43,frozen_ego_fault,10.9,radar,4,6.614252694846817,True
static_maneuver,43,frozen_ego_fault,10.9,camera,2,0.34270557787873024,True
static_maneuver,43,frozen_ego_fault,11.0,radar,4,7.708719342844884,True
static_maneuver,43,frozen_ego_fault,11.0,camera,2,1.5390492445726887,True
static_maneuver,43,frozen_ego_fault,11.100000000000001,radar,4,3.2997713802109057,True
static_maneuver,43,frozen_ego_fault,11.100000000000001,camera,2,2.722206210075797,True
static_maneuver,43,frozen_ego_fault,11.200000000000001,radar,4,0.6903137803692246,True
static_maneuver,43,frozen_ego_fault,11.200000000000001,camera,2,3.205449055214734,True
static_maneuver,43,frozen_ego_fault,11.3,radar,4,4.3840979868878955,True
static_maneuver,43,frozen_ego_fault,11.3,camera,2,5.059395560114623,True
static_maneuver,43,frozen_ego_fault,11.4,radar,4,2.2925406209036816,True
static_maneuver,43,frozen_ego_fault,11.4,camera,2,3.652786080495033,True
static_maneuver,43,frozen_ego_fault,11.5,radar,4,1.9531381533747714,True
static_maneuver,43,frozen_ego_fault,11.5,camera,2,0.10546213969493749,True
static_maneuver,43,frozen_ego_fault,11.600000000000001,radar,4,4.719395964735552,True
static_maneuver,43,frozen_ego_fault,11.600000000000001,camera,2,3.0783318125063723,True
static_maneuver,43,frozen_ego_fault,11.700000000000001,radar,4,8.674267871830914,True
static_maneuver,43,frozen_ego_fault,11.700000000000001,camera,2,0.6048930656258332,True
static_maneuver,43,frozen_ego_fault,11.8,radar,4,4.407473560777323,True
static_maneuver,43,frozen_ego_fault,11.8,camera,2,1.6912798396839421,True
static_maneuver,43,frozen_ego_fault,11.9,radar,4,2.2009773588605768,True
static_maneuver,43,frozen_ego_fault,11.9,camera,2,0.9618901635327491,True
static_maneuver,43,frozen_ego_fault,12.0,radar,4,6.464366693468907,True
static_maneuver,43,frozen_ego_fault,12.0,camera,2,0.9749347975021385,True
static_maneuver,44,v15_position_adapter,0.1,radar_xyz,3,1.8748273681871261,True
static_maneuver,44,v15_position_adapter,0.2,radar_xyz,3,0.16034497866011985,True
static_maneuver,44,v15_position_adapter,0.30000000000000004,radar_xyz,3,1.9637666538479113,True
static_maneuver,44,v15_position_adapter,0.4,radar_xyz,3,1.4972570484947605,True
static_maneuver,44,v15_position_adapter,0.5,radar_xyz,3,1.1603419257004102,True
static_maneuver,44,v15_position_adapter,0.6000000000000001,radar_xyz,3,4.910762315082385,True
static_maneuver,44,v15_position_adapter,0.7000000000000001,radar_xyz,3,2.612251007474371,True
static_maneuver,44,v15_position_adapter,0.8,radar_xyz,3,2.283744773164203,True
static_maneuver,44,v15_position_adapter,0.9,radar_xyz,3,3.9352567805034595,True
static_maneuver,44,v15_position_adapter,1.0,radar_xyz,3,5.380740600478687,True
static_maneuver,44,v15_position_adapter,1.1,radar_xyz,3,3.4714125221135035,True
static_maneuver,44,v15_position_adapter,1.2000000000000002,radar_xyz,3,4.352484053776788,True
static_maneuver,44,v15_position_adapter,1.3,radar_xyz,3,1.9512789408566849,True
static_maneuver,44,v15_position_adapter,1.4000000000000001,radar_xyz,3,4.278249938041607,True
static_maneuver,44,v15_position_adapter,1.5,radar_xyz,3,6.3081688054622855,True
static_maneuver,44,v15_position_adapter,1.6,radar_xyz,3,0.8498682964438203,True
static_maneuver,44,v15_position_adapter,1.7000000000000002,radar_xyz,3,2.224766979378607,True
static_maneuver,44,v15_position_adapter,1.8,radar_xyz,3,8.329960265165216,True
static_maneuver,44,v15_position_adapter,1.9000000000000001,radar_xyz,3,4.678735251222209,True
static_maneuver,44,v15_position_adapter,2.0,radar_xyz,3,4.956447882373309,True
static_maneuver,44,v15_position_adapter,2.1,radar_xyz,3,1.4621247339704995,True
static_maneuver,44,v15_position_adapter,2.2,radar_xyz,3,13.510040912502644,True
static_maneuver,44,v15_position_adapter,2.3000000000000003,radar_xyz,3,5.090661498433102,True
static_maneuver,44,v15_position_adapter,2.4000000000000004,radar_xyz,3,2.5953162582145506,True
static_maneuver,44,v15_position_adapter,2.5,radar_xyz,3,7.044507385958572,True
static_maneuver,44,v15_position_adapter,2.6,radar_xyz,3,0.09630349970202833,True
static_maneuver,44,v15_position_adapter,2.7,radar_xyz,3,1.7085906819198082,True
static_maneuver,44,v15_position_adapter,2.8000000000000003,radar_xyz,3,0.7798846763038945,True
static_maneuver,44,v15_position_adapter,2.9000000000000004,radar_xyz,3,5.621304017095352,True
static_maneuver,44,v15_position_adapter,3.0,radar_xyz,3,1.6085272626738614,True
static_maneuver,44,v15_position_adapter,3.1,radar_xyz,3,15.61507543997066,True
static_maneuver,44,v15_position_adapter,3.2,radar_xyz,3,1.9913441754349697,True
static_maneuver,44,v15_position_adapter,3.3000000000000003,radar_xyz,3,0.9945055080669785,True
static_maneuver,44,v15_position_adapter,3.4000000000000004,radar_xyz,3,4.96725297157689,True
static_maneuver,44,v15_position_adapter,3.5,radar_xyz,3,0.027354708437667092,True
static_maneuver,44,v15_position_adapter,3.6,radar_xyz,3,5.553352898493485,True
static_maneuver,44,v15_position_adapter,3.7,radar_xyz,3,0.4197727615141426,True
static_maneuver,44,v15_position_adapter,3.8000000000000003,radar_xyz,3,1.2420975112020602,True
static_maneuver,44,v15_position_adapter,3.9000000000000004,radar_xyz,3,1.4120791246308695,True
static_maneuver,44,v15_position_adapter,4.0,radar_xyz,3,0.8447394783355578,True
static_maneuver,44,v15_position_adapter,4.1000000000000005,radar_xyz,3,1.7426714650178556,True
static_maneuver,44,v15_position_adapter,4.2,radar_xyz,3,1.76689436081475,True
static_maneuver,44,v15_position_adapter,4.3,radar_xyz,3,2.172991882174731,True
static_maneuver,44,v15_position_adapter,4.4,radar_xyz,3,0.35994585948438346,True
static_maneuver,44,v15_position_adapter,4.5,radar_xyz,3,2.2412699492065578,True
static_maneuver,44,v15_position_adapter,4.6000000000000005,radar_xyz,3,1.7328668365274646,True
static_maneuver,44,v15_position_adapter,4.7,radar_xyz,3,3.55074767564042,True
static_maneuver,44,v15_position_adapter,4.800000000000001,radar_xyz,3,8.802684656723764,True
static_maneuver,44,v15_position_adapter,4.9,radar_xyz,3,3.978906088052668,True
static_maneuver,44,v15_position_adapter,5.0,radar_xyz,3,2.207040701183857,True
static_maneuver,44,v15_position_adapter,5.1000000000000005,radar_xyz,3,2.557178838957853,True
static_maneuver,44,v15_position_adapter,5.2,radar_xyz,3,6.727825502964225,True
static_maneuver,44,v15_position_adapter,5.300000000000001,radar_xyz,3,1.7548861237615256,True
static_maneuver,44,v15_position_adapter,5.4,radar_xyz,3,3.9470914057772375,True
static_maneuver,44,v15_position_adapter,5.5,radar_xyz,3,1.6327644095442264,True
static_maneuver,44,v15_position_adapter,5.6000000000000005,radar_xyz,3,1.7537637909901318,True
static_maneuver,44,v15_position_adapter,5.7,radar_xyz,3,0.34817936434069074,True
static_maneuver,44,v15_position_adapter,5.800000000000001,radar_xyz,3,10.080187125275618,True
static_maneuver,44,v15_position_adapter,5.9,radar_xyz,3,4.033860709760276,True
static_maneuver,44,v15_position_adapter,6.0,radar_xyz,3,2.824224329727396,True
static_maneuver,44,v15_position_adapter,6.1000000000000005,radar_xyz,3,1.8706581405492342,True
static_maneuver,44,v15_position_adapter,6.2,radar_xyz,3,4.265839093493564,True
static_maneuver,44,v15_position_adapter,6.300000000000001,radar_xyz,3,5.079609490995681,True
static_maneuver,44,v15_position_adapter,6.4,radar_xyz,3,1.2012105925603263,True
static_maneuver,44,v15_position_adapter,6.5,radar_xyz,3,1.3269647485967617,True
static_maneuver,44,v15_position_adapter,6.6000000000000005,radar_xyz,3,0.39264255032920065,True
static_maneuver,44,v15_position_adapter,6.7,radar_xyz,3,3.2192878924028387,True
static_maneuver,44,v15_position_adapter,6.800000000000001,radar_xyz,3,1.069151746071499,True
static_maneuver,44,v15_position_adapter,6.9,radar_xyz,3,6.829114896188923,True
static_maneuver,44,v15_position_adapter,7.0,radar_xyz,3,2.0324944223008714,True
static_maneuver,44,v15_position_adapter,7.1000000000000005,radar_xyz,3,1.8402243191724552,True
static_maneuver,44,v15_position_adapter,7.2,radar_xyz,3,0.12347921028425836,True
static_maneuver,44,v15_position_adapter,7.300000000000001,radar_xyz,3,2.6762537946341083,True
static_maneuver,44,v15_position_adapter,7.4,radar_xyz,3,0.8813370488774239,True
static_maneuver,44,v15_position_adapter,7.5,radar_xyz,3,3.5126045856038375,True
static_maneuver,44,v15_position_adapter,7.6000000000000005,radar_xyz,3,2.8426734672795697,True
static_maneuver,44,v15_position_adapter,7.7,radar_xyz,3,3.7535203311201775,True
static_maneuver,44,v15_position_adapter,7.800000000000001,radar_xyz,3,7.436040713703046,True
static_maneuver,44,v15_position_adapter,7.9,radar_xyz,3,2.8309858735093036,True
static_maneuver,44,v15_position_adapter,8.0,radar_xyz,3,0.3182384072590693,True
static_maneuver,44,v15_position_adapter,8.1,radar_xyz,3,2.728696600521682,True
static_maneuver,44,v15_position_adapter,8.200000000000001,radar_xyz,3,3.698795068121137,True
static_maneuver,44,v15_position_adapter,8.3,radar_xyz,3,1.2003149763446515,True
static_maneuver,44,v15_position_adapter,8.4,radar_xyz,3,1.1500744375334635,True
static_maneuver,44,v15_position_adapter,8.5,radar_xyz,3,2.411697092669054,True
static_maneuver,44,v15_position_adapter,8.6,radar_xyz,3,3.3657950585315195,True
static_maneuver,44,v15_position_adapter,8.700000000000001,radar_xyz,3,0.7448652760934082,True
static_maneuver,44,v15_position_adapter,8.8,radar_xyz,3,0.6592847602326465,True
static_maneuver,44,v15_position_adapter,8.9,radar_xyz,3,2.505381830733588,True
static_maneuver,44,v15_position_adapter,9.0,radar_xyz,3,5.055443141466173,True
static_maneuver,44,v15_position_adapter,9.1,radar_xyz,3,2.2134051879263414,True
static_maneuver,44,v15_position_adapter,9.200000000000001,radar_xyz,3,1.2629176472593497,True
static_maneuver,44,v15_position_adapter,9.3,radar_xyz,3,1.3542389089549804,True
static_maneuver,44,v15_position_adapter,9.4,radar_xyz,3,4.0272652717156125,True
static_maneuver,44,v15_position_adapter,9.5,radar_xyz,3,0.5413124504121731,True
static_maneuver,44,v15_position_adapter,9.600000000000001,radar_xyz,3,8.467736128439892,True
static_maneuver,44,v15_position_adapter,9.700000000000001,radar_xyz,3,1.345630797834848,True
static_maneuver,44,v15_position_adapter,9.8,radar_xyz,3,5.558658680597838,True
static_maneuver,44,v15_position_adapter,9.9,radar_xyz,3,4.363345877462412,True
static_maneuver,44,v15_position_adapter,10.0,radar_xyz,3,2.3592852460220635,True
static_maneuver,44,v15_position_adapter,10.100000000000001,radar_xyz,3,4.68044654234184,True
static_maneuver,44,v15_position_adapter,10.200000000000001,radar_xyz,3,1.4545275456417863,True
static_maneuver,44,v15_position_adapter,10.3,radar_xyz,3,4.593359845150303,True
static_maneuver,44,v15_position_adapter,10.4,radar_xyz,3,5.745720273440885,True
static_maneuver,44,v15_position_adapter,10.5,radar_xyz,3,1.6128336723367787,True
static_maneuver,44,v15_position_adapter,10.600000000000001,radar_xyz,3,1.887096973742684,True
static_maneuver,44,v15_position_adapter,10.700000000000001,radar_xyz,3,1.5302534903144942,True
static_maneuver,44,v15_position_adapter,10.8,radar_xyz,3,0.9879965365981329,True
static_maneuver,44,v15_position_adapter,10.9,radar_xyz,3,3.422498455443533,True
static_maneuver,44,v15_position_adapter,11.0,radar_xyz,3,5.127619008394879,True
static_maneuver,44,v15_position_adapter,11.100000000000001,radar_xyz,3,2.699590311039733,True
static_maneuver,44,v15_position_adapter,11.200000000000001,radar_xyz,3,1.7147719086513353,True
static_maneuver,44,v15_position_adapter,11.3,radar_xyz,3,0.9305971974400608,True
static_maneuver,44,v15_position_adapter,11.4,radar_xyz,3,4.3925165642416015,True
static_maneuver,44,v15_position_adapter,11.5,radar_xyz,3,3.4310262227636437,True
static_maneuver,44,v15_position_adapter,11.600000000000001,radar_xyz,3,3.2437900763444514,True
static_maneuver,44,v15_position_adapter,11.700000000000001,radar_xyz,3,7.229761867893026,True
static_maneuver,44,v15_position_adapter,11.8,radar_xyz,3,0.7256646990346572,True
static_maneuver,44,v15_position_adapter,11.9,radar_xyz,3,2.0391404207503174,True
static_maneuver,44,v15_position_adapter,12.0,radar_xyz,3,1.523672245392587,True
static_maneuver,44,v2_radar,0.1,radar,4,2.8354988948062174,True
static_maneuver,44,v2_radar,0.2,radar,4,1.7085007464910646,True
static_maneuver,44,v2_radar,0.30000000000000004,radar,4,0.6666468054208411,True
static_maneuver,44,v2_radar,0.4,radar,4,4.1726497316296856,True
static_maneuver,44,v2_radar,0.5,radar,4,0.18083413793214803,True
static_maneuver,44,v2_radar,0.6000000000000001,radar,4,3.1529166433311397,True
static_maneuver,44,v2_radar,0.7000000000000001,radar,4,2.497386259687121,True
static_maneuver,44,v2_radar,0.8,radar,4,2.9054287016813523,True
static_maneuver,44,v2_radar,0.9,radar,4,3.9637378222037434,True
static_maneuver,44,v2_radar,1.0,radar,4,5.648899708341716,True
static_maneuver,44,v2_radar,1.1,radar,4,3.1217297153290837,True
static_maneuver,44,v2_radar,1.2000000000000002,radar,4,4.83059635982202,True
static_maneuver,44,v2_radar,1.3,radar,4,2.1519373236855883,True
static_maneuver,44,v2_radar,1.4000000000000001,radar,4,4.186088821540634,True
static_maneuver,44,v2_radar,1.5,radar,4,6.427959818818341,True
static_maneuver,44,v2_radar,1.6,radar,4,2.062947539046398,True
static_maneuver,44,v2_radar,1.7000000000000002,radar,4,2.424781649588051,True
static_maneuver,44,v2_radar,1.8,radar,4,10.022633894533083,True
static_maneuver,44,v2_radar,1.9000000000000001,radar,4,6.822603722275607,True
static_maneuver,44,v2_radar,2.0,radar,4,6.767167651930684,True
static_maneuver,44,v2_radar,2.1,radar,4,1.9683197197208966,True
static_maneuver,44,v2_radar,2.2,radar,4,14.404329573915025,False
static_maneuver,44,v2_radar,2.3000000000000003,radar,4,5.381685044117597,True
static_maneuver,44,v2_radar,2.4000000000000004,radar,4,4.852189514308732,True
static_maneuver,44,v2_radar,2.5,radar,4,11.286803157918442,True
static_maneuver,44,v2_radar,2.6,radar,4,1.015273329397495,True
static_maneuver,44,v2_radar,2.7,radar,4,0.8583405972113939,True
static_maneuver,44,v2_radar,2.8000000000000003,radar,4,0.4899481456255266,True
static_maneuver,44,v2_radar,2.9000000000000004,radar,4,7.5030674035630645,True
static_maneuver,44,v2_radar,3.0,radar,4,2.8881434791177107,True
static_maneuver,44,v2_radar,3.1,radar,4,14.803167388278252,False
static_maneuver,44,v2_radar,3.2,radar,4,5.372122817668193,True
static_maneuver,44,v2_radar,3.3000000000000003,radar,4,2.5464821417916492,True
static_maneuver,44,v2_radar,3.4000000000000004,radar,4,6.015540304325006,True
static_maneuver,44,v2_radar,3.5,radar,4,0.8450721207450245,True
static_maneuver,44,v2_radar,3.6,radar,4,8.14392138208023,True
static_maneuver,44,v2_radar,3.7,radar,4,3.2042993042442762,True
static_maneuver,44,v2_radar,3.8000000000000003,radar,4,1.559941134063903,True
static_maneuver,44,v2_radar,3.9000000000000004,radar,4,1.436430808373982,True
static_maneuver,44,v2_radar,4.0,radar,4,0.9882068672453063,True
static_maneuver,44,v2_radar,4.1000000000000005,radar,4,3.142491160822296,True
static_maneuver,44,v2_radar,4.2,radar,4,1.5105083835361253,True
static_maneuver,44,v2_radar,4.3,radar,4,2.7057488477352227,True
static_maneuver,44,v2_radar,4.4,radar,4,2.4702947671789106,True
static_maneuver,44,v2_radar,4.5,radar,4,1.8891227693009913,True
static_maneuver,44,v2_radar,4.6000000000000005,radar,4,3.971521223208897,True
static_maneuver,44,v2_radar,4.7,radar,4,4.703828495217127,True
static_maneuver,44,v2_radar,4.800000000000001,radar,4,10.812192846222024,True
static_maneuver,44,v2_radar,4.9,radar,4,3.4764072817944998,True
static_maneuver,44,v2_radar,5.0,radar,4,4.008779902438153,True
static_maneuver,44,v2_radar,5.1000000000000005,radar,4,4.261577015900858,True
static_maneuver,44,v2_radar,5.2,radar,4,6.012436490401884,True
static_maneuver,44,v2_radar,5.300000000000001,radar,4,6.351054957045898,True
static_maneuver,44,v2_radar,5.4,radar,4,2.19326215562549,True
static_maneuver,44,v2_radar,5.5,radar,4,2.121859409501982,True
static_maneuver,44,v2_radar,5.6000000000000005,radar,4,1.6894629141870525,True
static_maneuver,44,v2_radar,5.7,radar,4,0.6003541266077401,True
static_maneuver,44,v2_radar,5.800000000000001,radar,4,11.86697855046446,True
static_maneuver,44,v2_radar,5.9,radar,4,4.418520436460731,True
static_maneuver,44,v2_radar,6.0,radar,4,2.6435387984582515,True
static_maneuver,44,v2_radar,6.1000000000000005,radar,4,2.4209759489107845,True
static_maneuver,44,v2_radar,6.2,radar,4,5.645590089038933,True
static_maneuver,44,v2_radar,6.300000000000001,radar,4,5.370054210862402,True
static_maneuver,44,v2_radar,6.4,radar,4,1.4250238285665968,True
static_maneuver,44,v2_radar,6.5,radar,4,1.5388891786191459,True
static_maneuver,44,v2_radar,6.6000000000000005,radar,4,0.2843071321275798,True
static_maneuver,44,v2_radar,6.7,radar,4,4.2666580303942565,True
static_maneuver,44,v2_radar,6.800000000000001,radar,4,3.435746584843785,True
static_maneuver,44,v2_radar,6.9,radar,4,8.271086030218926,True
static_maneuver,44,v2_radar,7.0,radar,4,1.9827790460695727,True
static_maneuver,44,v2_radar,7.1000000000000005,radar,4,0.9515606807485212,True
static_maneuver,44,v2_radar,7.2,radar,4,1.0198933975199693,True
static_maneuver,44,v2_radar,7.300000000000001,radar,4,4.440419374881353,True
static_maneuver,44,v2_radar,7.4,radar,4,2.7545048941810477,True
static_maneuver,44,v2_radar,7.5,radar,4,3.332577903382272,True
static_maneuver,44,v2_radar,7.6000000000000005,radar,4,1.9227442652093154,True
static_maneuver,44,v2_radar,7.7,radar,4,2.3851189323934485,True
static_maneuver,44,v2_radar,7.800000000000001,radar,4,8.300538101617061,True
static_maneuver,44,v2_radar,7.9,radar,4,5.482648615846316,True
static_maneuver,44,v2_radar,8.0,radar,4,0.12751594925825172,True
static_maneuver,44,v2_radar,8.1,radar,4,3.6503306772331725,True
static_maneuver,44,v2_radar,8.200000000000001,radar,4,1.9518070693557057,True
static_maneuver,44,v2_radar,8.3,radar,4,1.3571920926758692,True
static_maneuver,44,v2_radar,8.4,radar,4,0.9721333663171641,True
static_maneuver,44,v2_radar,8.5,radar,4,2.8116998773397013,True
static_maneuver,44,v2_radar,8.6,radar,4,3.1707528346018163,True
static_maneuver,44,v2_radar,8.700000000000001,radar,4,1.217429770398522,True
static_maneuver,44,v2_radar,8.8,radar,4,1.668217134762946,True
static_maneuver,44,v2_radar,8.9,radar,4,2.058884112377631,True
static_maneuver,44,v2_radar,9.0,radar,4,6.073883606520293,True
static_maneuver,44,v2_radar,9.1,radar,4,5.263157092027061,True
static_maneuver,44,v2_radar,9.200000000000001,radar,4,1.2641523735033755,True
static_maneuver,44,v2_radar,9.3,radar,4,1.7007624284915743,True
static_maneuver,44,v2_radar,9.4,radar,4,4.058457773701574,True
static_maneuver,44,v2_radar,9.5,radar,4,3.5483639399793696,True
static_maneuver,44,v2_radar,9.600000000000001,radar,4,8.257597769048097,True
static_maneuver,44,v2_radar,9.700000000000001,radar,4,1.5812182148250584,True
static_maneuver,44,v2_radar,9.8,radar,4,6.231083975139106,True
static_maneuver,44,v2_radar,9.9,radar,4,4.489862334609777,True
static_maneuver,44,v2_radar,10.0,radar,4,2.291877073320721,True
static_maneuver,44,v2_radar,10.100000000000001,radar,4,5.826428056959107,True
static_maneuver,44,v2_radar,10.200000000000001,radar,4,2.2561953764652016,True
static_maneuver,44,v2_radar,10.3,radar,4,5.678031779434965,True
static_maneuver,44,v2_radar,10.4,radar,4,5.500139542227898,True
static_maneuver,44,v2_radar,10.5,radar,4,2.459021670806907,True
static_maneuver,44,v2_radar,10.600000000000001,radar,4,3.1777343673704035,True
static_maneuver,44,v2_radar,10.700000000000001,radar,4,0.758826572086487,True
static_maneuver,44,v2_radar,10.8,radar,4,4.239183793960121,True
static_maneuver,44,v2_radar,10.9,radar,4,3.451055121610514,True
static_maneuver,44,v2_radar,11.0,radar,4,6.861504960211916,True
static_maneuver,44,v2_radar,11.100000000000001,radar,4,3.292257592956477,True
static_maneuver,44,v2_radar,11.200000000000001,radar,4,2.035321546682612,True
static_maneuver,44,v2_radar,11.3,radar,4,0.37215766956832436,True
static_maneuver,44,v2_radar,11.4,radar,4,7.751700638231327,True
static_maneuver,44,v2_radar,11.5,radar,4,4.380343517690731,True
static_maneuver,44,v2_radar,11.600000000000001,radar,4,4.697905740987239,True
static_maneuver,44,v2_radar,11.700000000000001,radar,4,6.018849538206633,True
static_maneuver,44,v2_radar,11.8,radar,4,2.362850518094775,True
static_maneuver,44,v2_radar,11.9,radar,4,4.7619392012422255,True
static_maneuver,44,v2_radar,12.0,radar,4,2.5869466700248975,True
static_maneuver,44,v2_range_rate_camera,0.0,camera,2,1.715953613497488,True
static_maneuver,44,v2_range_rate_camera,0.1,radar,2,1.6896678404498022,True
static_maneuver,44,v2_range_rate_camera,0.1,camera,2,0.06777549884310523,True
static_maneuver,44,v2_range_rate_camera,0.2,radar,2,1.6751100941196604,True
static_maneuver,44,v2_range_rate_camera,0.2,camera,2,0.7310556462238764,True
static_maneuver,44,v2_range_rate_camera,0.30000000000000004,radar,2,0.39045612593055445,True
static_maneuver,44,v2_range_rate_camera,0.30000000000000004,camera,2,0.1753595244491816,True
static_maneuver,44,v2_range_rate_camera,0.4,radar,2,2.9541585835057966,True
static_maneuver,44,v2_range_rate_camera,0.4,camera,2,2.938473179582595,True
static_maneuver,44,v2_range_rate_camera,0.5,radar,2,0.07618602666021057,True
static_maneuver,44,v2_range_rate_camera,0.5,camera,2,1.9437167123690071,True
static_maneuver,44,v2_range_rate_camera,0.6000000000000001,radar,2,0.9617848572983387,True
static_maneuver,44,v2_range_rate_camera,0.6000000000000001,camera,2,2.7783269052721,True
static_maneuver,44,v2_range_rate_camera,0.7000000000000001,radar,2,0.299104389482811,True
static_maneuver,44,v2_range_rate_camera,0.7000000000000001,camera,2,1.4879550442152234,True
static_maneuver,44,v2_range_rate_camera,0.8,radar,2,0.49569051050724294,True
static_maneuver,44,v2_range_rate_camera,0.8,camera,2,2.2688150242550975,True
static_maneuver,44,v2_range_rate_camera,0.9,radar,2,0.7222007728874866,True
static_maneuver,44,v2_range_rate_camera,0.9,camera,2,0.2547422481305686,True
static_maneuver,44,v2_range_rate_camera,1.0,radar,2,3.6089063044046843,True
static_maneuver,44,v2_range_rate_camera,1.0,camera,2,1.6966688973084072,True
static_maneuver,44,v2_range_rate_camera,1.1,radar,2,2.337119987814802,True
static_maneuver,44,v2_range_rate_camera,1.1,camera,2,0.03502102328115377,True
static_maneuver,44,v2_range_rate_camera,1.2000000000000002,radar,2,0.7444561189602192,True
static_maneuver,44,v2_range_rate_camera,1.2000000000000002,camera,2,1.88581913888984,True
static_maneuver,44,v2_range_rate_camera,1.3,radar,2,1.69695523871802,True
static_maneuver,44,v2_range_rate_camera,1.3,camera,2,0.92267213446594,True
static_maneuver,44,v2_range_rate_camera,1.4000000000000001,radar,2,0.6101357439902277,True
static_maneuver,44,v2_range_rate_camera,1.4000000000000001,camera,2,2.8747981687269424,True
static_maneuver,44,v2_range_rate_camera,1.5,radar,2,0.4998134054201746,True
static_maneuver,44,v2_range_rate_camera,1.5,camera,2,4.935057908236142,True
static_maneuver,44,v2_range_rate_camera,1.6,radar,2,1.4163309360329102,True
static_maneuver,44,v2_range_rate_camera,1.6,camera,2,0.4096127825178076,True
static_maneuver,44,v2_range_rate_camera,1.7000000000000002,radar,2,1.1129093250996056,True
static_maneuver,44,v2_range_rate_camera,1.7000000000000002,camera,2,4.099985225353833,True
static_maneuver,44,v2_range_rate_camera,1.8,radar,2,6.501686313164377,True
static_maneuver,44,v2_range_rate_camera,1.8,camera,2,0.028350198459434303,True
static_maneuver,44,v2_range_rate_camera,1.9000000000000001,radar,2,3.482465856412846,True
static_maneuver,44,v2_range_rate_camera,1.9000000000000001,camera,2,2.2713251197191795,True
static_maneuver,44,v2_range_rate_camera,2.0,radar,2,5.15628818015158,True
static_maneuver,44,v2_range_rate_camera,2.0,camera,2,0.005125498635673654,True
static_maneuver,44,v2_range_rate_camera,2.1,radar,2,1.0768482970563111,True
static_maneuver,44,v2_range_rate_camera,2.1,camera,2,2.1503770942358633,True
static_maneuver,44,v2_range_rate_camera,2.2,radar,2,1.7377514796808267,True
static_maneuver,44,v2_range_rate_camera,2.2,camera,2,0.7933293545641982,True
static_maneuver,44,v2_range_rate_camera,2.3000000000000003,radar,2,1.6647001148299803,True
static_maneuver,44,v2_range_rate_camera,2.3000000000000003,camera,2,2.514500488776983,True
static_maneuver,44,v2_range_rate_camera,2.4000000000000004,radar,2,1.4983771261812866,True
static_maneuver,44,v2_range_rate_camera,2.4000000000000004,camera,2,2.624419725417086,True
static_maneuver,44,v2_range_rate_camera,2.5,radar,2,6.55748827954668,True
static_maneuver,44,v2_range_rate_camera,2.5,camera,2,2.146862863345924,True
static_maneuver,44,v2_range_rate_camera,2.6,radar,2,0.4680307239222939,True
static_maneuver,44,v2_range_rate_camera,2.6,camera,2,0.06932307139666961,True
static_maneuver,44,v2_range_rate_camera,2.7,radar,2,0.13685783033739593,True
static_maneuver,44,v2_range_rate_camera,2.7,camera,2,0.7029089267403603,True
static_maneuver,44,v2_range_rate_camera,2.8000000000000003,radar,2,0.23872009529148727,True
static_maneuver,44,v2_range_rate_camera,2.8000000000000003,camera,2,1.6429354863022452,True
static_maneuver,44,v2_range_rate_camera,2.9000000000000004,radar,2,0.8414635735721162,True
static_maneuver,44,v2_range_rate_camera,2.9000000000000004,camera,2,1.0772006694588585,True
static_maneuver,44,v2_range_rate_camera,3.0,radar,2,2.584213509715892,True
static_maneuver,44,v2_range_rate_camera,3.0,camera,2,0.5721606745870097,True
static_maneuver,44,v2_range_rate_camera,3.1,radar,2,3.538452354043944,True
static_maneuver,44,v2_range_rate_camera,3.1,camera,2,1.0003783876315022,True
static_maneuver,44,v2_range_rate_camera,3.2,radar,2,0.9196300585836027,True
static_maneuver,44,v2_range_rate_camera,3.2,camera,2,5.931964982498958,True
static_maneuver,44,v2_range_rate_camera,3.3000000000000003,radar,2,1.8024351342028437,True
static_maneuver,44,v2_range_rate_camera,3.3000000000000003,camera,2,1.904169875413686,True
static_maneuver,44,v2_range_rate_camera,3.4000000000000004,radar,2,2.7390390172881336,True
static_maneuver,44,v2_range_rate_camera,3.4000000000000004,camera,2,4.452981024653237,True
static_maneuver,44,v2_range_rate_camera,3.5,radar,2,0.6775613233137745,True
static_maneuver,44,v2_range_rate_camera,3.5,camera,2,2.293354711780522,True
static_maneuver,44,v2_range_rate_camera,3.6,radar,2,5.407419103968447,True
static_maneuver,44,v2_range_rate_camera,3.6,camera,2,0.03492314603612522,True
static_maneuver,44,v2_range_rate_camera,3.7,radar,2,2.8151863515595603,True
static_maneuver,44,v2_range_rate_camera,3.7,camera,2,0.14329461904973995,True
static_maneuver,44,v2_range_rate_camera,3.8000000000000003,radar,2,0.31452388981282015,True
static_maneuver,44,v2_range_rate_camera,3.8000000000000003,camera,2,3.5639600248086123,True
static_maneuver,44,v2_range_rate_camera,3.9000000000000004,radar,2,0.27923951198792657,True
static_maneuver,44,v2_range_rate_camera,3.9000000000000004,camera,2,4.104013224976653,True
static_maneuver,44,v2_range_rate_camera,4.0,radar,2,0.02871159617786846,True
static_maneuver,44,v2_range_rate_camera,4.0,camera,2,11.189233547877734,False
static_maneuver,44,v2_range_rate_camera,4.1000000000000005,radar,2,2.6641682449551167,True
static_maneuver,44,v2_range_rate_camera,4.1000000000000005,camera,2,13.673215886232903,False
static_maneuver,44,v2_range_rate_camera,4.2,radar,2,0.5655512195380554,True
static_maneuver,44,v2_range_rate_camera,4.2,camera,2,5.8061098653542995,True
static_maneuver,44,v2_range_rate_camera,4.3,radar,2,0.6235501412614981,True
static_maneuver,44,v2_range_rate_camera,4.3,camera,2,1.1293933104886988,True
static_maneuver,44,v2_range_rate_camera,4.4,radar,2,2.160572095237288,True
static_maneuver,44,v2_range_rate_camera,4.4,camera,2,1.5795439196792276,True
static_maneuver,44,v2_range_rate_camera,4.5,radar,2,0.638397292221026,True
static_maneuver,44,v2_range_rate_camera,4.5,camera,2,2.765014068721558,True
static_maneuver,44,v2_range_rate_camera,4.6000000000000005,radar,2,2.396189584261438,True
static_maneuver,44,v2_range_rate_camera,4.6000000000000005,camera,2,0.9429179377386329,True
static_maneuver,44,v2_range_rate_camera,4.7,radar,2,3.9963772002763704,True
static_maneuver,44,v2_range_rate_camera,4.7,camera,2,4.5973126015506205,True
static_maneuver,44,v2_range_rate_camera,4.800000000000001,radar,2,6.231487579671024,True
static_maneuver,44,v2_range_rate_camera,4.800000000000001,camera,2,1.077044638482712,True
static_maneuver,44,v2_range_rate_camera,4.9,radar,2,1.3047418750608781,True
static_maneuver,44,v2_range_rate_camera,4.9,camera,2,0.4197890777113451,True
static_maneuver,44,v2_range_rate_camera,5.0,radar,2,2.169623029317761,True
static_maneuver,44,v2_range_rate_camera,5.0,camera,2,1.636524181370588,True
static_maneuver,44,v2_range_rate_camera,5.1000000000000005,radar,2,3.746643080715842,True
static_maneuver,44,v2_range_rate_camera,5.1000000000000005,camera,2,0.14104396969424843,True
static_maneuver,44,v2_range_rate_camera,5.2,radar,2,1.219568144235161,True
static_maneuver,44,v2_range_rate_camera,5.2,camera,2,6.454295037271297,True
static_maneuver,44,v2_range_rate_camera,5.300000000000001,radar,2,6.331260479735647,True
static_maneuver,44,v2_range_rate_camera,5.300000000000001,camera,2,1.704832335794749,True
static_maneuver,44,v2_range_rate_camera,5.4,radar,2,0.8705587385028267,True
static_maneuver,44,v2_range_rate_camera,5.4,camera,2,3.205169108439743,True
static_maneuver,44,v2_range_rate_camera,5.5,radar,2,0.5108407139905373,True
static_maneuver,44,v2_range_rate_camera,5.5,camera,2,2.122673956559057,True
static_maneuver,44,v2_range_rate_camera,5.6000000000000005,radar,2,0.812394219668185,True
static_maneuver,44,v2_range_rate_camera,5.6000000000000005,camera,2,9.477907463303957,False
static_maneuver,44,v2_range_rate_camera,5.7,radar,2,0.28196578989710475,True
static_maneuver,44,v2_range_rate_camera,5.7,camera,2,0.34474310658705987,True
static_maneuver,44,v2_range_rate_camera,5.800000000000001,radar,2,4.517014902614733,True
static_maneuver,44,v2_range_rate_camera,5.800000000000001,camera,2,2.203413464931526,True
static_maneuver,44,v2_range_rate_camera,5.9,radar,2,0.5716330619587305,True
static_maneuver,44,v2_range_rate_camera,5.9,camera,2,2.276530986895089,True
static_maneuver,44,v2_range_rate_camera,6.0,radar,2,1.766962455594567,True
static_maneuver,44,v2_range_rate_camera,6.0,camera,2,2.2304818980425596,True
static_maneuver,44,v2_range_rate_camera,6.1000000000000005,radar,2,1.457800750717467,True
static_maneuver,44,v2_range_rate_camera,6.1000000000000005,camera,2,4.801959284130621,True
static_maneuver,44,v2_range_rate_camera,6.2,radar,2,3.2145218918784884,True
static_maneuver,44,v2_range_rate_camera,6.2,camera,2,2.340138555644416,True
static_maneuver,44,v2_range_rate_camera,6.300000000000001,radar,2,3.6744011675202906,True
static_maneuver,44,v2_range_rate_camera,6.300000000000001,camera,2,0.32402465673216346,True
static_maneuver,44,v2_range_rate_camera,6.4,radar,2,0.7126885063732932,True
static_maneuver,44,v2_range_rate_camera,6.4,camera,2,5.402933986377849,True
static_maneuver,44,v2_range_rate_camera,6.5,radar,2,1.4123080751132961,True
static_maneuver,44,v2_range_rate_camera,6.5,camera,2,3.336314995655266,True
static_maneuver,44,v2_range_rate_camera,6.6000000000000005,radar,2,0.23013719111330555,True
static_maneuver,44,v2_range_rate_camera,6.6000000000000005,camera,2,0.9072860450604924,True
static_maneuver,44,v2_range_rate_camera,6.7,radar,2,3.268616030100026,True
static_maneuver,44,v2_range_rate_camera,6.7,camera,2,0.38900266544917267,True
static_maneuver,44,v2_range_rate_camera,6.800000000000001,radar,2,3.029914189503615,True
static_maneuver,44,v2_range_rate_camera,6.800000000000001,camera,2,2.7172385218082855,True
static_maneuver,44,v2_range_rate_camera,6.9,radar,2,1.6017919061045682,True
static_maneuver,44,v2_range_rate_camera,6.9,camera,2,0.1794895385428307,True
static_maneuver,44,v2_range_rate_camera,7.0,radar,2,0.9200672388001808,True
static_maneuver,44,v2_range_rate_camera,7.0,camera,2,1.3118857605179095,True
static_maneuver,44,v2_range_rate_camera,7.1000000000000005,radar,2,0.1862940323095878,True
static_maneuver,44,v2_range_rate_camera,7.1000000000000005,camera,2,0.17144599929797213,True
static_maneuver,44,v2_range_rate_camera,7.2,radar,2,0.9410841174495037,True
static_maneuver,44,v2_range_rate_camera,7.2,camera,2,0.12229419178946051,True
static_maneuver,44,v2_range_rate_camera,7.300000000000001,radar,2,2.249166500299279,True
static_maneuver,44,v2_range_rate_camera,7.300000000000001,camera,2,0.3529017914774629,True
static_maneuver,44,v2_range_rate_camera,7.4,radar,2,1.942645790421563,True
static_maneuver,44,v2_range_rate_camera,7.4,camera,2,0.784864159543537,True
static_maneuver,44,v2_range_rate_camera,7.5,radar,2,0.28519906805930584,True
static_maneuver,44,v2_range_rate_camera,7.5,camera,2,3.7664378890219727,True
static_maneuver,44,v2_range_rate_camera,7.6000000000000005,radar,2,0.01622082170742583,True
static_maneuver,44,v2_range_rate_camera,7.6000000000000005,camera,2,0.5520210278736283,True
static_maneuver,44,v2_range_rate_camera,7.7,radar,2,0.6492300895766454,True
static_maneuver,44,v2_range_rate_camera,7.7,camera,2,2.6666859857796523,True
static_maneuver,44,v2_range_rate_camera,7.800000000000001,radar,2,5.157306283971403,True
static_maneuver,44,v2_range_rate_camera,7.800000000000001,camera,2,0.7828242136719277,True
static_maneuver,44,v2_range_rate_camera,7.9,radar,2,4.5281609724165595,True
static_maneuver,44,v2_range_rate_camera,7.9,camera,2,1.0058247085778798,True
static_maneuver,44,v2_range_rate_camera,8.0,radar,2,0.09289319561151937,True
static_maneuver,44,v2_range_rate_camera,8.0,camera,2,1.2474649629904488,True
static_maneuver,44,v2_range_rate_camera,8.1,radar,2,0.9404534024061763,True
static_maneuver,44,v2_range_rate_camera,8.1,camera,2,1.1713611334914225,True
static_maneuver,44,v2_range_rate_camera,8.200000000000001,radar,2,1.221203291995169,True
static_maneuver,44,v2_range_rate_camera,8.200000000000001,camera,2,1.0536204308532429,True
static_maneuver,44,v2_range_rate_camera,8.3,radar,2,0.5493179560376906,True
static_maneuver,44,v2_range_rate_camera,8.3,camera,2,0.8208251736332959,True
static_maneuver,44,v2_range_rate_camera,8.4,radar,2,0.338610988634257,True
static_maneuver,44,v2_range_rate_camera,8.4,camera,2,2.161202652166063,True
static_maneuver,44,v2_range_rate_camera,8.5,radar,2,2.1161007929205926,True
static_maneuver,44,v2_range_rate_camera,8.5,camera,2,1.1305560749389336,True
static_maneuver,44,v2_range_rate_camera,8.6,radar,2,2.7323815212165354,True
static_maneuver,44,v2_range_rate_camera,8.6,camera,2,3.4875646798471607,True
static_maneuver,44,v2_range_rate_camera,8.700000000000001,radar,2,0.42856888276930855,True
static_maneuver,44,v2_range_rate_camera,8.700000000000001,camera,2,0.4743091262921712,True
static_maneuver,44,v2_range_rate_camera,8.8,radar,2,1.4622936692614172,True
static_maneuver,44,v2_range_rate_camera,8.8,camera,2,0.2066283261233488,True
static_maneuver,44,v2_range_rate_camera,8.9,radar,2,0.28174348633138346,True
static_maneuver,44,v2_range_rate_camera,8.9,camera,2,0.7168755483481661,True
static_maneuver,44,v2_range_rate_camera,9.0,radar,2,3.9972196813024787,True
static_maneuver,44,v2_range_rate_camera,9.0,camera,2,2.2236571409336308,True
static_maneuver,44,v2_range_rate_camera,9.1,radar,2,4.689892504358089,True
static_maneuver,44,v2_range_rate_camera,9.1,camera,2,0.6943287968728384,True
static_maneuver,44,v2_range_rate_camera,9.200000000000001,radar,2,0.33910029230791777,True
static_maneuver,44,v2_range_rate_camera,9.200000000000001,camera,2,1.215421298436827,True
static_maneuver,44,v2_range_rate_camera,9.3,radar,2,0.5476887503931275,True
static_maneuver,44,v2_range_rate_camera,9.3,camera,2,2.93934475286541,True
static_maneuver,44,v2_range_rate_camera,9.4,radar,2,0.11408448716445985,True
static_maneuver,44,v2_range_rate_camera,9.4,camera,2,0.5234458556079684,True
static_maneuver,44,v2_range_rate_camera,9.5,radar,2,3.287284656399412,True
static_maneuver,44,v2_range_rate_camera,9.5,camera,2,0.219794814874589,True
static_maneuver,44,v2_range_rate_camera,9.600000000000001,radar,2,0.6349238973998355,True
static_maneuver,44,v2_range_rate_camera,9.600000000000001,camera,2,0.6843445314739847,True
static_maneuver,44,v2_range_rate_camera,9.700000000000001,radar,2,0.38426306993465015,True
static_maneuver,44,v2_range_rate_camera,9.700000000000001,camera,2,1.3892781877766436,True
static_maneuver,44,v2_range_rate_camera,9.8,radar,2,5.110622716982651,True
static_maneuver,44,v2_range_rate_camera,9.8,camera,2,0.6258583840477832,True
static_maneuver,44,v2_range_rate_camera,9.9,radar,2,3.3439539464537695,True
static_maneuver,44,v2_range_rate_camera,9.9,camera,2,0.7502363944071802,True
static_maneuver,44,v2_range_rate_camera,10.0,radar,2,0.06089238794102853,True
static_maneuver,44,v2_range_rate_camera,10.0,camera,2,2.8308710996373687,True
static_maneuver,44,v2_range_rate_camera,10.100000000000001,radar,2,3.9532040440788467,True
static_maneuver,44,v2_range_rate_camera,10.100000000000001,camera,2,1.7720284486252138,True
static_maneuver,44,v2_range_rate_camera,10.200000000000001,radar,2,0.8901163021005667,True
static_maneuver,44,v2_range_rate_camera,10.200000000000001,camera,2,0.3732502482112574,True
static_maneuver,44,v2_range_rate_camera,10.3,radar,2,1.4592766729908637,True
static_maneuver,44,v2_range_rate_camera,10.3,camera,2,0.08411771460995146,True
static_maneuver,44,v2_range_rate_camera,10.4,radar,2,3.0068512833337415,True
static_maneuver,44,v2_range_rate_camera,10.4,camera,2,1.0414916880380998,True
static_maneuver,44,v2_range_rate_camera,10.5,radar,2,2.172737738098748,True
static_maneuver,44,v2_range_rate_camera,10.5,camera,2,0.06850790605190425,True
static_maneuver,44,v2_range_rate_camera,10.600000000000001,radar,2,2.0999598618619846,True
static_maneuver,44,v2_range_rate_camera,10.600000000000001,camera,2,1.4297187001968834,True
static_maneuver,44,v2_range_rate_camera,10.700000000000001,radar,2,0.6229234669121234,True
static_maneuver,44,v2_range_rate_camera,10.700000000000001,camera,2,0.47816472054978115,True
static_maneuver,44,v2_range_rate_camera,10.8,radar,2,3.978137969018904,True
static_maneuver,44,v2_range_rate_camera,10.8,camera,2,1.9016008534337825,True
static_maneuver,44,v2_range_rate_camera,10.9,radar,2,1.8377910058869977,True
static_maneuver,44,v2_range_rate_camera,10.9,camera,2,3.22432473978283,True
static_maneuver,44,v2_range_rate_camera,11.0,radar,2,4.597153612772879,True
static_maneuver,44,v2_range_rate_camera,11.0,camera,2,7.382195853199742,True
static_maneuver,44,v2_range_rate_camera,11.100000000000001,radar,2,0.6756935752873525,True
static_maneuver,44,v2_range_rate_camera,11.100000000000001,camera,2,1.6857398953952565,True
static_maneuver,44,v2_range_rate_camera,11.200000000000001,radar,2,0.2514722873032051,True
static_maneuver,44,v2_range_rate_camera,11.200000000000001,camera,2,4.1885638077715335,True
static_maneuver,44,v2_range_rate_camera,11.3,radar,2,0.3098589826312838,True
static_maneuver,44,v2_range_rate_camera,11.3,camera,2,0.13431423957530486,True
static_maneuver,44,v2_range_rate_camera,11.4,radar,2,7.568252209828557,True
static_maneuver,44,v2_range_rate_camera,11.4,camera,2,0.3061306154604674,True
static_maneuver,44,v2_range_rate_camera,11.5,radar,2,1.128487467768284,True
static_maneuver,44,v2_range_rate_camera,11.5,camera,2,0.046477367645415726,True
static_maneuver,44,v2_range_rate_camera,11.600000000000001,radar,2,1.6686805949615457,True
static_maneuver,44,v2_range_rate_camera,11.600000000000001,camera,2,1.0285103197108545,True
static_maneuver,44,v2_range_rate_camera,11.700000000000001,radar,2,2.154171602781963,True
static_maneuver,44,v2_range_rate_camera,11.700000000000001,camera,2,0.7386078532540894,True
static_maneuver,44,v2_range_rate_camera,11.8,radar,2,1.8807909547153185,True
static_maneuver,44,v2_range_rate_camera,11.8,camera,2,1.3243453065071675,True
static_maneuver,44,v2_range_rate_camera,11.9,radar,2,2.820895794835196,True
static_maneuver,44,v2_range_rate_camera,11.9,camera,2,1.3431736594296606,True
static_maneuver,44,v2_range_rate_camera,12.0,radar,2,1.9797810446464086,True
static_maneuver,44,v2_range_rate_camera,12.0,camera,2,1.9627408003284412,True
static_maneuver,44,v2_full,0.0,camera,2,1.715953613497488,True
static_maneuver,44,v2_full,0.1,radar,4,2.2097169939003938,True
static_maneuver,44,v2_full,0.1,camera,2,0.09937003665294165,True
static_maneuver,44,v2_full,0.2,radar,4,2.4115158339974982,True
static_maneuver,44,v2_full,0.2,camera,2,0.23945350087910808,True
static_maneuver,44,v2_full,0.30000000000000004,radar,4,1.2796606990187702,True
static_maneuver,44,v2_full,0.30000000000000004,camera,2,0.3550740492259732,True
static_maneuver,44,v2_full,0.4,radar,4,4.327148392824407,True
static_maneuver,44,v2_full,0.4,camera,2,2.8806937722931387,True
static_maneuver,44,v2_full,0.5,radar,4,0.4199618644222164,True
static_maneuver,44,v2_full,0.5,camera,2,1.6256287121032014,True
static_maneuver,44,v2_full,0.6000000000000001,radar,4,2.122014551659434,True
static_maneuver,44,v2_full,0.6000000000000001,camera,2,2.703485760897428,True
static_maneuver,44,v2_full,0.7000000000000001,radar,4,3.551219744054998,True
static_maneuver,44,v2_full,0.7000000000000001,camera,2,1.8667696322351575,True
static_maneuver,44,v2_full,0.8,radar,4,1.4651041875423558,True
static_maneuver,44,v2_full,0.8,camera,2,2.0826158297636392,True
static_maneuver,44,v2_full,0.9,radar,4,5.813137749514698,True
static_maneuver,44,v2_full,0.9,camera,2,0.35864185251990033,True
static_maneuver,44,v2_full,1.0,radar,4,10.490589524328897,True
static_maneuver,44,v2_full,1.0,camera,2,1.8582153088278595,True
static_maneuver,44,v2_full,1.1,radar,4,6.940729649056651,True
static_maneuver,44,v2_full,1.1,camera,2,0.1732150630604031,True
static_maneuver,44,v2_full,1.2000000000000002,radar,4,1.1137932312202243,True
static_maneuver,44,v2_full,1.2000000000000002,camera,2,1.2541241802049157,True
static_maneuver,44,v2_full,1.3,radar,4,4.298123896774291,True
static_maneuver,44,v2_full,1.3,camera,2,1.381699611340458,True
static_maneuver,44,v2_full,1.4000000000000001,radar,4,1.1425160013896916,True
static_maneuver,44,v2_full,1.4000000000000001,camera,2,2.7492512340796686,True
static_maneuver,44,v2_full,1.5,radar,4,3.992593058664846,True
static_maneuver,44,v2_full,1.5,camera,2,5.105389429157899,True
static_maneuver,44,v2_full,1.6,radar,4,2.3875862466363267,True
static_maneuver,44,v2_full,1.6,camera,2,0.36761456848496343,True
static_maneuver,44,v2_full,1.7000000000000002,radar,4,4.015374902037267,True
static_maneuver,44,v2_full,1.7000000000000002,camera,2,4.700562941878036,True
static_maneuver,44,v2_full,1.8,radar,4,8.70462881915523,True
static_maneuver,44,v2_full,1.8,camera,2,0.11210144076843659,True
static_maneuver,44,v2_full,1.9000000000000001,radar,4,6.077486174891937,True
static_maneuver,44,v2_full,1.9000000000000001,camera,2,2.7281580757389357,True
static_maneuver,44,v2_full,2.0,radar,4,6.211265021453813,True
static_maneuver,44,v2_full,2.0,camera,2,0.057814112168681535,True
static_maneuver,44,v2_full,2.1,radar,4,2.4176804385040858,True
static_maneuver,44,v2_full,2.1,camera,2,1.6876243777705648,True
static_maneuver,44,v2_full,2.2,radar,4,13.309961261911452,False
static_maneuver,44,v2_full,2.2,camera,2,0.6007605238275687,True
static_maneuver,44,v2_full,2.3000000000000003,radar,4,5.844078744131207,True
static_maneuver,44,v2_full,2.3000000000000003,camera,2,3.2652855123575257,True
static_maneuver,44,v2_full,2.4000000000000004,radar,4,3.979250387603426,True
static_maneuver,44,v2_full,2.4000000000000004,camera,2,2.9264878454657723,True
static_maneuver,44,v2_full,2.5,radar,4,9.733684672684474,True
static_maneuver,44,v2_full,2.5,camera,2,2.0686689325915713,True
static_maneuver,44,v2_full,2.6,radar,4,1.0372131401904874,True
static_maneuver,44,v2_full,2.6,camera,2,0.08943029337097651,True
static_maneuver,44,v2_full,2.7,radar,4,1.1836685534362767,True
static_maneuver,44,v2_full,2.7,camera,2,0.6004692272377049,True
static_maneuver,44,v2_full,2.8000000000000003,radar,4,0.691944618785633,True
static_maneuver,44,v2_full,2.8000000000000003,camera,2,1.509826229886271,True
static_maneuver,44,v2_full,2.9000000000000004,radar,4,9.586964244598118,True
static_maneuver,44,v2_full,2.9000000000000004,camera,2,1.1943412467521102,True
static_maneuver,44,v2_full,3.0,radar,4,3.512993465123234,True
static_maneuver,44,v2_full,3.0,camera,2,1.0819075681540955,True
static_maneuver,44,v2_full,3.1,radar,4,11.229653298374703,True
static_maneuver,44,v2_full,3.1,camera,2,0.8751247156511021,True
static_maneuver,44,v2_full,3.2,radar,4,1.870789292678095,True
static_maneuver,44,v2_full,3.2,camera,2,6.705326144400803,True
static_maneuver,44,v2_full,3.3000000000000003,radar,4,2.4937660801147157,True
static_maneuver,44,v2_full,3.3000000000000003,camera,2,2.323594860131482,True
static_maneuver,44,v2_full,3.4000000000000004,radar,4,4.832438768910798,True
static_maneuver,44,v2_full,3.4000000000000004,camera,2,3.7168324617199624,True
static_maneuver,44,v2_full,3.5,radar,4,0.7281340470545447,True
static_maneuver,44,v2_full,3.5,camera,2,1.8914386976927144,True
static_maneuver,44,v2_full,3.6,radar,4,8.784965226789643,True
static_maneuver,44,v2_full,3.6,camera,2,0.035812325041341075,True
static_maneuver,44,v2_full,3.7,radar,4,4.141690951614805,True
static_maneuver,44,v2_full,3.7,camera,2,0.08307545083004077,True
static_maneuver,44,v2_full,3.8000000000000003,radar,4,0.8044813080402095,True
static_maneuver,44,v2_full,3.8000000000000003,camera,2,3.726680356205174,True
static_maneuver,44,v2_full,3.9000000000000004,radar,4,1.1901433441424059,True
static_maneuver,44,v2_full,3.9000000000000004,camera,2,4.245200184998283,True
static_maneuver,44,v2_full,4.0,radar,4,2.4099911464324375,True
static_maneuver,44,v2_full,4.0,camera,2,10.126583912856674,False
static_maneuver,44,v2_full,4.1000000000000005,radar,4,4.134014990301618,True
static_maneuver,44,v2_full,4.1000000000000005,camera,2,11.637039223461619,False
static_maneuver,44,v2_full,4.2,radar,4,0.6243743423089075,True
static_maneuver,44,v2_full,4.2,camera,2,4.5777477773348645,True
static_maneuver,44,v2_full,4.3,radar,4,3.0035359880587538,True
static_maneuver,44,v2_full,4.3,camera,2,0.7087049590561755,True
static_maneuver,44,v2_full,4.4,radar,4,2.596767390159293,True
static_maneuver,44,v2_full,4.4,camera,2,1.1962037142197597,True
static_maneuver,44,v2_full,4.5,radar,4,1.9896905390091848,True
static_maneuver,44,v2_full,4.5,camera,2,3.116913705651061,True
static_maneuver,44,v2_full,4.6000000000000005,radar,4,4.428054105946353,True
static_maneuver,44,v2_full,4.6000000000000005,camera,2,0.7505720849624876,True
static_maneuver,44,v2_full,4.7,radar,4,4.265145998356622,True
static_maneuver,44,v2_full,4.7,camera,2,4.8270799509692015,True
static_maneuver,44,v2_full,4.800000000000001,radar,4,11.451417242892212,True
static_maneuver,44,v2_full,4.800000000000001,camera,2,0.9240713229505856,True
static_maneuver,44,v2_full,4.9,radar,4,3.5219184892086512,True
static_maneuver,44,v2_full,4.9,camera,2,0.8663827881872914,True
static_maneuver,44,v2_full,5.0,radar,4,4.455322789772517,True
static_maneuver,44,v2_full,5.0,camera,2,1.425985936657546,True
static_maneuver,44,v2_full,5.1000000000000005,radar,4,3.8377905157033663,True
static_maneuver,44,v2_full,5.1000000000000005,camera,2,0.2954633537676843,True
static_maneuver,44,v2_full,5.2,radar,4,4.560733314596233,True
static_maneuver,44,v2_full,5.2,camera,2,6.7770923284499025,True
static_maneuver,44,v2_full,5.300000000000001,radar,4,7.144236906797054,True
static_maneuver,44,v2_full,5.300000000000001,camera,2,1.4478389271257734,True
static_maneuver,44,v2_full,5.4,radar,4,3.053091020579174,True
static_maneuver,44,v2_full,5.4,camera,2,2.607142683598271,True
static_maneuver,44,v2_full,5.5,radar,4,1.4297791967267393,True
static_maneuver,44,v2_full,5.5,camera,2,2.1497509730576057,True
static_maneuver,44,v2_full,5.6000000000000005,radar,4,2.591029372141001,True
static_maneuver,44,v2_full,5.6000000000000005,camera,2,10.635838288673437,False
static_maneuver,44,v2_full,5.7,radar,4,0.3449444042634455,True
static_maneuver,44,v2_full,5.7,camera,2,0.5545864476270834,True
static_maneuver,44,v2_full,5.800000000000001,radar,4,10.857166525710438,True
static_maneuver,44,v2_full,5.800000000000001,camera,2,2.284976315929489,True
static_maneuver,44,v2_full,5.9,radar,4,2.896030104320477,True
static_maneuver,44,v2_full,5.9,camera,2,2.108226151823532,True
static_maneuver,44,v2_full,6.0,radar,4,3.618917506554706,True
static_maneuver,44,v2_full,6.0,camera,2,2.2367003184370935,True
static_maneuver,44,v2_full,6.1000000000000005,radar,4,2.8805352136059406,True
static_maneuver,44,v2_full,6.1000000000000005,camera,2,4.963890110805799,True
static_maneuver,44,v2_full,6.2,radar,4,4.474701637219186,True
static_maneuver,44,v2_full,6.2,camera,2,2.4982012437405197,True
static_maneuver,44,v2_full,6.300000000000001,radar,4,6.013940113889116,True
static_maneuver,44,v2_full,6.300000000000001,camera,2,0.2766177967602231,True
static_maneuver,44,v2_full,6.4,radar,4,1.1718805818648403,True
static_maneuver,44,v2_full,6.4,camera,2,5.686464216490778,True
static_maneuver,44,v2_full,6.5,radar,4,1.8633687787773474,True
static_maneuver,44,v2_full,6.5,camera,2,3.1870232037565662,True
static_maneuver,44,v2_full,6.6000000000000005,radar,4,0.534364658038137,True
static_maneuver,44,v2_full,6.6000000000000005,camera,2,1.2039363296014487,True
static_maneuver,44,v2_full,6.7,radar,4,3.7748810784394364,True
static_maneuver,44,v2_full,6.7,camera,2,0.4583784862905756,True
static_maneuver,44,v2_full,6.800000000000001,radar,4,3.1373084878928292,True
static_maneuver,44,v2_full,6.800000000000001,camera,2,2.841801594159385,True
static_maneuver,44,v2_full,6.9,radar,4,8.456718764642863,True
static_maneuver,44,v2_full,6.9,camera,2,0.023246133665078585,True
static_maneuver,44,v2_full,7.0,radar,4,1.6367712987286984,True
static_maneuver,44,v2_full,7.0,camera,2,1.2069505019690094,True
static_maneuver,44,v2_full,7.1000000000000005,radar,4,1.0088372642856969,True
static_maneuver,44,v2_full,7.1000000000000005,camera,2,0.1469777547759216,True
static_maneuver,44,v2_full,7.2,radar,4,1.021342501725776,True
static_maneuver,44,v2_full,7.2,camera,2,0.14858491960546358,True
static_maneuver,44,v2_full,7.300000000000001,radar,4,5.438558150931829,True
static_maneuver,44,v2_full,7.300000000000001,camera,2,0.5998467686127247,True
static_maneuver,44,v2_full,7.4,radar,4,4.313889375179694,True
static_maneuver,44,v2_full,7.4,camera,2,0.9721287732817512,True
static_maneuver,44,v2_full,7.5,radar,4,1.9156748076115322,True
static_maneuver,44,v2_full,7.5,camera,2,3.4833033136687748,True
static_maneuver,44,v2_full,7.6000000000000005,radar,4,1.1917301026508371,True
static_maneuver,44,v2_full,7.6000000000000005,camera,2,0.6139810955270639,True
static_maneuver,44,v2_full,7.7,radar,4,2.142342446926613,True
static_maneuver,44,v2_full,7.7,camera,2,2.338259542028199,True
static_maneuver,44,v2_full,7.800000000000001,radar,4,8.612496054892187,True
static_maneuver,44,v2_full,7.800000000000001,camera,2,0.9103714403376444,True
static_maneuver,44,v2_full,7.9,radar,4,5.1000317486721425,True
static_maneuver,44,v2_full,7.9,camera,2,1.2918625852922843,True
static_maneuver,44,v2_full,8.0,radar,4,0.22689674784410438,True
static_maneuver,44,v2_full,8.0,camera,2,1.72368353613184,True
static_maneuver,44,v2_full,8.1,radar,4,3.1246940295029377,True
static_maneuver,44,v2_full,8.1,camera,2,0.9056512914037093,True
static_maneuver,44,v2_full,8.200000000000001,radar,4,1.76867600128883,True
static_maneuver,44,v2_full,8.200000000000001,camera,2,1.1529459932427415,True
static_maneuver,44,v2_full,8.3,radar,4,1.4411330138759932,True
static_maneuver,44,v2_full,8.3,camera,2,0.8738974171282401,True
static_maneuver,44,v2_full,8.4,radar,4,1.4390969813391146,True
static_maneuver,44,v2_full,8.4,camera,2,1.8278414938011744,True
static_maneuver,44,v2_full,8.5,radar,4,3.288073320209813,True
static_maneuver,44,v2_full,8.5,camera,2,1.50568084598352,True
static_maneuver,44,v2_full,8.6,radar,4,2.9915330570149252,True
static_maneuver,44,v2_full,8.6,camera,2,2.983202620489357,True
static_maneuver,44,v2_full,8.700000000000001,radar,4,1.5291311538372225,True
static_maneuver,44,v2_full,8.700000000000001,camera,2,0.6004348355036327,True
static_maneuver,44,v2_full,8.8,radar,4,1.571343750704281,True
static_maneuver,44,v2_full,8.8,camera,2,0.13391663348638283,True
static_maneuver,44,v2_full,8.9,radar,4,2.4011026499243715,True
static_maneuver,44,v2_full,8.9,camera,2,0.611191267774234,True
static_maneuver,44,v2_full,9.0,radar,4,6.012509362158265,True
static_maneuver,44,v2_full,9.0,camera,2,2.260981848974056,True
static_maneuver,44,v2_full,9.1,radar,4,5.617807456870922,True
static_maneuver,44,v2_full,9.1,camera,2,0.7079634499221383,True
static_maneuver,44,v2_full,9.200000000000001,radar,4,1.8386113252657328,True
static_maneuver,44,v2_full,9.200000000000001,camera,2,1.5341693984061917,True
static_maneuver,44,v2_full,9.3,radar,4,0.8458456698943194,True
static_maneuver,44,v2_full,9.3,camera,2,3.5297215259857118,True
static_maneuver,44,v2_full,9.4,radar,4,5.360164862858022,True
static_maneuver,44,v2_full,9.4,camera,2,0.6699989919423954,True
static_maneuver,44,v2_full,9.5,radar,4,3.478556204494902,True
static_maneuver,44,v2_full,9.5,camera,2,0.06699040792400066,True
static_maneuver,44,v2_full,9.600000000000001,radar,4,5.868917650737989,True
static_maneuver,44,v2_full,9.600000000000001,camera,2,0.7485138497437201,True
static_maneuver,44,v2_full,9.700000000000001,radar,4,1.2732033873286595,True
static_maneuver,44,v2_full,9.700000000000001,camera,2,1.584505169892144,True
static_maneuver,44,v2_full,9.8,radar,4,6.4105035753908775,True
static_maneuver,44,v2_full,9.8,camera,2,0.5749770970586552,True
static_maneuver,44,v2_full,9.9,radar,4,4.640875098184438,True
static_maneuver,44,v2_full,9.9,camera,2,0.7586246314895725,True
static_maneuver,44,v2_full,10.0,radar,4,2.647205782710804,True
static_maneuver,44,v2_full,10.0,camera,2,3.208225534647523,True
static_maneuver,44,v2_full,10.100000000000001,radar,4,8.191452510825377,True
static_maneuver,44,v2_full,10.100000000000001,camera,2,1.056570523871388,True
static_maneuver,44,v2_full,10.200000000000001,radar,4,2.9099550112844925,True
static_maneuver,44,v2_full,10.200000000000001,camera,2,0.4232354756421543,True
static_maneuver,44,v2_full,10.3,radar,4,4.1183293449215785,True
static_maneuver,44,v2_full,10.3,camera,2,0.03626570113021285,True
static_maneuver,44,v2_full,10.4,radar,4,4.623900192245879,True
static_maneuver,44,v2_full,10.4,camera,2,1.2521882962124595,True
static_maneuver,44,v2_full,10.5,radar,4,2.3101026923328956,True
static_maneuver,44,v2_full,10.5,camera,2,0.0993676253191845,True
static_maneuver,44,v2_full,10.600000000000001,radar,4,3.2410711435645942,True
static_maneuver,44,v2_full,10.600000000000001,camera,2,1.2894682463775073,True
static_maneuver,44,v2_full,10.700000000000001,radar,4,0.6965369621632697,True
static_maneuver,44,v2_full,10.700000000000001,camera,2,0.5171287524170081,True
static_maneuver,44,v2_full,10.8,radar,4,4.241775365914759,True
static_maneuver,44,v2_full,10.8,camera,2,2.2415780817863626,True
static_maneuver,44,v2_full,10.9,radar,4,3.251690826222568,True
static_maneuver,44,v2_full,10.9,camera,2,3.679028736303657,True
static_maneuver,44,v2_full,11.0,radar,4,5.968539300104466,True
static_maneuver,44,v2_full,11.0,camera,2,7.494546942111239,True
static_maneuver,44,v2_full,11.100000000000001,radar,4,3.976521819172395,True
static_maneuver,44,v2_full,11.100000000000001,camera,2,2.093122771938519,True
static_maneuver,44,v2_full,11.200000000000001,radar,4,1.3297020916739162,True
static_maneuver,44,v2_full,11.200000000000001,camera,2,4.2120280351655905,True
static_maneuver,44,v2_full,11.3,radar,4,0.5638297698217969,True
static_maneuver,44,v2_full,11.3,camera,2,0.13065425476888917,True
static_maneuver,44,v2_full,11.4,radar,4,7.745588369883722,True
static_maneuver,44,v2_full,11.4,camera,2,0.2233310181667997,True
static_maneuver,44,v2_full,11.5,radar,4,4.97838550393216,True
static_maneuver,44,v2_full,11.5,camera,2,0.1341125069638336,True
static_maneuver,44,v2_full,11.600000000000001,radar,4,6.4561478955569,True
static_maneuver,44,v2_full,11.600000000000001,camera,2,1.50689930909204,True
static_maneuver,44,v2_full,11.700000000000001,radar,4,4.4467046414770675,True
static_maneuver,44,v2_full,11.700000000000001,camera,2,0.3904632703294418,True
static_maneuver,44,v2_full,11.8,radar,4,2.1139391722284837,True
static_maneuver,44,v2_full,11.8,camera,2,1.1803561244349448,True
static_maneuver,44,v2_full,11.9,radar,4,4.325821292372356,True
static_maneuver,44,v2_full,11.9,camera,2,1.4703842197763266,True
static_maneuver,44,v2_full,12.0,radar,4,3.0160300383143954,True
static_maneuver,44,v2_full,12.0,camera,2,2.1370971332673,True
static_maneuver,44,frozen_ego_fault,0.0,camera,2,1.715953613497488,True
static_maneuver,44,frozen_ego_fault,0.1,radar,4,2.2097169939003938,True
static_maneuver,44,frozen_ego_fault,0.1,camera,2,0.09937003665294165,True
static_maneuver,44,frozen_ego_fault,0.2,radar,4,2.4115158339974982,True
static_maneuver,44,frozen_ego_fault,0.2,camera,2,0.23945350087910808,True
static_maneuver,44,frozen_ego_fault,0.30000000000000004,radar,4,1.2796606990187702,True
static_maneuver,44,frozen_ego_fault,0.30000000000000004,camera,2,0.3550740492259732,True
static_maneuver,44,frozen_ego_fault,0.4,radar,4,4.327148392824407,True
static_maneuver,44,frozen_ego_fault,0.4,camera,2,2.8806937722931387,True
static_maneuver,44,frozen_ego_fault,0.5,radar,4,0.4199618644222164,True
static_maneuver,44,frozen_ego_fault,0.5,camera,2,1.6256287121032014,True
static_maneuver,44,frozen_ego_fault,0.6000000000000001,radar,4,2.122014551659434,True
static_maneuver,44,frozen_ego_fault,0.6000000000000001,camera,2,2.703485760897428,True
static_maneuver,44,frozen_ego_fault,0.7000000000000001,radar,4,3.551219744054998,True
static_maneuver,44,frozen_ego_fault,0.7000000000000001,camera,2,1.8667696322351575,True
static_maneuver,44,frozen_ego_fault,0.8,radar,4,1.4651041875423558,True
static_maneuver,44,frozen_ego_fault,0.8,camera,2,2.0826158297636392,True
static_maneuver,44,frozen_ego_fault,0.9,radar,4,5.813137749514698,True
static_maneuver,44,frozen_ego_fault,0.9,camera,2,0.35864185251990033,True
static_maneuver,44,frozen_ego_fault,1.0,radar,4,10.490589524328897,True
static_maneuver,44,frozen_ego_fault,1.0,camera,2,1.8582153088278595,True
static_maneuver,44,frozen_ego_fault,1.1,radar,4,6.940729649056651,True
static_maneuver,44,frozen_ego_fault,1.1,camera,2,0.1732150630604031,True
static_maneuver,44,frozen_ego_fault,1.2000000000000002,radar,4,1.1137932312202243,True
static_maneuver,44,frozen_ego_fault,1.2000000000000002,camera,2,1.2541241802049157,True
static_maneuver,44,frozen_ego_fault,1.3,radar,4,4.298123896774291,True
static_maneuver,44,frozen_ego_fault,1.3,camera,2,1.381699611340458,True
static_maneuver,44,frozen_ego_fault,1.4000000000000001,radar,4,1.1425160013896916,True
static_maneuver,44,frozen_ego_fault,1.4000000000000001,camera,2,2.7492512340796686,True
static_maneuver,44,frozen_ego_fault,1.5,radar,4,3.992593058664846,True
static_maneuver,44,frozen_ego_fault,1.5,camera,2,5.105389429157899,True
static_maneuver,44,frozen_ego_fault,1.6,radar,4,2.3875862466363267,True
static_maneuver,44,frozen_ego_fault,1.6,camera,2,0.36761456848496343,True
static_maneuver,44,frozen_ego_fault,1.7000000000000002,radar,4,4.015374902037267,True
static_maneuver,44,frozen_ego_fault,1.7000000000000002,camera,2,4.700562941878036,True
static_maneuver,44,frozen_ego_fault,1.8,radar,4,8.70462881915523,True
static_maneuver,44,frozen_ego_fault,1.8,camera,2,0.11210144076843659,True
static_maneuver,44,frozen_ego_fault,1.9000000000000001,radar,4,6.077486174891937,True
static_maneuver,44,frozen_ego_fault,1.9000000000000001,camera,2,2.7281580757389357,True
static_maneuver,44,frozen_ego_fault,2.0,radar,4,6.211265021453813,True
static_maneuver,44,frozen_ego_fault,2.0,camera,2,0.057814112168681535,True
static_maneuver,44,frozen_ego_fault,2.1,radar,4,2.4176804385040858,True
static_maneuver,44,frozen_ego_fault,2.1,camera,2,1.6876243777705648,True
static_maneuver,44,frozen_ego_fault,2.2,radar,4,13.309961261911452,False
static_maneuver,44,frozen_ego_fault,2.2,camera,2,0.6007605238275687,True
static_maneuver,44,frozen_ego_fault,2.3000000000000003,radar,4,5.844078744131207,True
static_maneuver,44,frozen_ego_fault,2.3000000000000003,camera,2,3.2652855123575257,True
static_maneuver,44,frozen_ego_fault,2.4000000000000004,radar,4,3.979250387603426,True
static_maneuver,44,frozen_ego_fault,2.4000000000000004,camera,2,2.9264878454657723,True
static_maneuver,44,frozen_ego_fault,2.5,radar,4,9.733684672684474,True
static_maneuver,44,frozen_ego_fault,2.5,camera,2,2.0686689325915713,True
static_maneuver,44,frozen_ego_fault,2.6,radar,4,1.0372131401904874,True
static_maneuver,44,frozen_ego_fault,2.6,camera,2,0.08943029337097651,True
static_maneuver,44,frozen_ego_fault,2.7,radar,4,1.1836685534362767,True
static_maneuver,44,frozen_ego_fault,2.7,camera,2,0.6004692272377049,True
static_maneuver,44,frozen_ego_fault,2.8000000000000003,radar,4,0.691944618785633,True
static_maneuver,44,frozen_ego_fault,2.8000000000000003,camera,2,1.509826229886271,True
static_maneuver,44,frozen_ego_fault,2.9000000000000004,radar,4,9.586964244598118,True
static_maneuver,44,frozen_ego_fault,2.9000000000000004,camera,2,1.1943412467521102,True
static_maneuver,44,frozen_ego_fault,3.0,radar,4,3.512993465123234,True
static_maneuver,44,frozen_ego_fault,3.0,camera,2,1.0819075681540955,True
static_maneuver,44,frozen_ego_fault,3.1,radar,4,11.229653298374703,True
static_maneuver,44,frozen_ego_fault,3.1,camera,2,0.8751247156511021,True
static_maneuver,44,frozen_ego_fault,3.2,radar,4,1.870789292678095,True
static_maneuver,44,frozen_ego_fault,3.2,camera,2,6.705326144400803,True
static_maneuver,44,frozen_ego_fault,3.3000000000000003,radar,4,2.4937660801147157,True
static_maneuver,44,frozen_ego_fault,3.3000000000000003,camera,2,2.323594860131482,True
static_maneuver,44,frozen_ego_fault,3.4000000000000004,radar,4,4.832438768910798,True
static_maneuver,44,frozen_ego_fault,3.4000000000000004,camera,2,3.7168324617199624,True
static_maneuver,44,frozen_ego_fault,3.5,radar,4,0.7281340470545447,True
static_maneuver,44,frozen_ego_fault,3.5,camera,2,1.8914386976927144,True
static_maneuver,44,frozen_ego_fault,3.6,radar,4,8.784965226789643,True
static_maneuver,44,frozen_ego_fault,3.6,camera,2,0.035812325041341075,True
static_maneuver,44,frozen_ego_fault,3.7,radar,4,4.141690951614805,True
static_maneuver,44,frozen_ego_fault,3.7,camera,2,0.08307545083004077,True
static_maneuver,44,frozen_ego_fault,3.8000000000000003,radar,4,0.8044813080402095,True
static_maneuver,44,frozen_ego_fault,3.8000000000000003,camera,2,3.726680356205174,True
static_maneuver,44,frozen_ego_fault,3.9000000000000004,radar,4,1.1901433441424059,True
static_maneuver,44,frozen_ego_fault,3.9000000000000004,camera,2,4.245200184998283,True
static_maneuver,44,frozen_ego_fault,4.0,radar,4,2.4099911464324375,True
static_maneuver,44,frozen_ego_fault,4.0,camera,2,10.126583912856674,False
static_maneuver,44,frozen_ego_fault,4.1000000000000005,radar,4,4.134014990301618,True
static_maneuver,44,frozen_ego_fault,4.1000000000000005,camera,2,11.637039223461619,False
static_maneuver,44,frozen_ego_fault,4.2,radar,4,0.6243743423089075,True
static_maneuver,44,frozen_ego_fault,4.2,camera,2,4.5777477773348645,True
static_maneuver,44,frozen_ego_fault,4.3,radar,4,3.0035359880587538,True
static_maneuver,44,frozen_ego_fault,4.3,camera,2,0.7087049590561755,True
static_maneuver,44,frozen_ego_fault,4.4,radar,4,2.596767390159293,True
static_maneuver,44,frozen_ego_fault,4.4,camera,2,1.1962037142197597,True
static_maneuver,44,frozen_ego_fault,4.5,radar,4,1.9896905390091848,True
static_maneuver,44,frozen_ego_fault,4.5,camera,2,3.116913705651061,True
static_maneuver,44,frozen_ego_fault,4.6000000000000005,radar,4,4.428054105946353,True
static_maneuver,44,frozen_ego_fault,4.6000000000000005,camera,2,0.7505720849624876,True
static_maneuver,44,frozen_ego_fault,4.7,radar,4,4.265145998356622,True
static_maneuver,44,frozen_ego_fault,4.7,camera,2,4.8270799509692015,True
static_maneuver,44,frozen_ego_fault,4.800000000000001,radar,4,11.451417242892212,True
static_maneuver,44,frozen_ego_fault,4.800000000000001,camera,2,0.9240713229505856,True
static_maneuver,44,frozen_ego_fault,4.9,radar,4,3.5219184892086512,True
static_maneuver,44,frozen_ego_fault,4.9,camera,2,0.8663827881872914,True
static_maneuver,44,frozen_ego_fault,5.0,radar,4,4.455322789772517,True
static_maneuver,44,frozen_ego_fault,5.0,camera,2,1.425985936657546,True
static_maneuver,44,frozen_ego_fault,5.1000000000000005,radar,4,3.8377905157033663,True
static_maneuver,44,frozen_ego_fault,5.1000000000000005,camera,2,0.2954633537676843,True
static_maneuver,44,frozen_ego_fault,5.2,radar,4,4.560733314596233,True
static_maneuver,44,frozen_ego_fault,5.2,camera,2,6.7770923284499025,True
static_maneuver,44,frozen_ego_fault,5.300000000000001,radar,4,7.144236906797054,True
static_maneuver,44,frozen_ego_fault,5.300000000000001,camera,2,1.4478389271257734,True
static_maneuver,44,frozen_ego_fault,5.4,radar,4,3.053091020579174,True
static_maneuver,44,frozen_ego_fault,5.4,camera,2,2.607142683598271,True
static_maneuver,44,frozen_ego_fault,5.5,radar,4,1.4297791967267393,True
static_maneuver,44,frozen_ego_fault,5.5,camera,2,2.1497509730576057,True
static_maneuver,44,frozen_ego_fault,5.6000000000000005,radar,4,2.591029372141001,True
static_maneuver,44,frozen_ego_fault,5.6000000000000005,camera,2,10.635838288673437,False
static_maneuver,44,frozen_ego_fault,5.7,radar,4,0.3449444042634455,True
static_maneuver,44,frozen_ego_fault,5.7,camera,2,0.5545864476270834,True
static_maneuver,44,frozen_ego_fault,5.800000000000001,radar,4,10.857166525710438,True
static_maneuver,44,frozen_ego_fault,5.800000000000001,camera,2,2.284976315929489,True
static_maneuver,44,frozen_ego_fault,5.9,radar,4,2.896030104320477,True
static_maneuver,44,frozen_ego_fault,5.9,camera,2,2.108226151823532,True
static_maneuver,44,frozen_ego_fault,6.0,radar,4,3.618917506554706,True
static_maneuver,44,frozen_ego_fault,6.0,camera,2,2.2367003184370935,True
static_maneuver,44,frozen_ego_fault,6.1000000000000005,radar,4,2.8805352136059406,True
static_maneuver,44,frozen_ego_fault,6.1000000000000005,camera,2,4.963890110805799,True
static_maneuver,44,frozen_ego_fault,6.2,radar,4,4.474701637219186,True
static_maneuver,44,frozen_ego_fault,6.2,camera,2,2.4982012437405197,True
static_maneuver,44,frozen_ego_fault,6.300000000000001,radar,4,6.013940113889116,True
static_maneuver,44,frozen_ego_fault,6.300000000000001,camera,2,0.2766177967602231,True
static_maneuver,44,frozen_ego_fault,6.4,radar,4,1.1718805818648403,True
static_maneuver,44,frozen_ego_fault,6.4,camera,2,5.686464216490778,True
static_maneuver,44,frozen_ego_fault,6.5,radar,4,1.8633687787773474,True
static_maneuver,44,frozen_ego_fault,6.5,camera,2,3.1870232037565662,True
static_maneuver,44,frozen_ego_fault,6.6000000000000005,radar,4,0.534364658038137,True
static_maneuver,44,frozen_ego_fault,6.6000000000000005,camera,2,1.2039363296014487,True
static_maneuver,44,frozen_ego_fault,6.7,radar,4,3.7748810784394364,True
static_maneuver,44,frozen_ego_fault,6.7,camera,2,0.4583784862905756,True
static_maneuver,44,frozen_ego_fault,6.800000000000001,radar,4,3.1373084878928292,True
static_maneuver,44,frozen_ego_fault,6.800000000000001,camera,2,2.841801594159385,True
static_maneuver,44,frozen_ego_fault,6.9,radar,4,8.456718764642863,True
static_maneuver,44,frozen_ego_fault,6.9,camera,2,0.023246133665078585,True
static_maneuver,44,frozen_ego_fault,7.0,radar,4,1.6367712987286984,True
static_maneuver,44,frozen_ego_fault,7.0,camera,2,1.2069505019690094,True
static_maneuver,44,frozen_ego_fault,7.1000000000000005,radar,4,1.0088372642856969,True
static_maneuver,44,frozen_ego_fault,7.1000000000000005,camera,2,0.1469777547759216,True
static_maneuver,44,frozen_ego_fault,7.2,radar,4,1.021342501725776,True
static_maneuver,44,frozen_ego_fault,7.2,camera,2,0.14858491960546358,True
static_maneuver,44,frozen_ego_fault,7.300000000000001,radar,4,5.438558150931829,True
static_maneuver,44,frozen_ego_fault,7.300000000000001,camera,2,0.5998467686127247,True
static_maneuver,44,frozen_ego_fault,7.4,radar,4,4.313889375179694,True
static_maneuver,44,frozen_ego_fault,7.4,camera,2,0.9721287732817512,True
static_maneuver,44,frozen_ego_fault,7.5,radar,4,1.9156748076115322,True
static_maneuver,44,frozen_ego_fault,7.5,camera,2,3.4833033136687748,True
static_maneuver,44,frozen_ego_fault,7.6000000000000005,radar,4,1.1917301026508371,True
static_maneuver,44,frozen_ego_fault,7.6000000000000005,camera,2,0.6139810955270639,True
static_maneuver,44,frozen_ego_fault,7.7,radar,4,2.142342446926613,True
static_maneuver,44,frozen_ego_fault,7.7,camera,2,2.338259542028199,True
static_maneuver,44,frozen_ego_fault,7.800000000000001,radar,4,8.612496054892187,True
static_maneuver,44,frozen_ego_fault,7.800000000000001,camera,2,0.9103714403376444,True
static_maneuver,44,frozen_ego_fault,7.9,radar,4,5.1000317486721425,True
static_maneuver,44,frozen_ego_fault,7.9,camera,2,1.2918625852922843,True
static_maneuver,44,frozen_ego_fault,8.0,radar,4,0.22689674784410438,True
static_maneuver,44,frozen_ego_fault,8.0,camera,2,1.72368353613184,True
static_maneuver,44,frozen_ego_fault,8.1,radar,4,3.1246940295029377,True
static_maneuver,44,frozen_ego_fault,8.1,camera,2,0.9056512914037093,True
static_maneuver,44,frozen_ego_fault,8.200000000000001,radar,4,1.76867600128883,True
static_maneuver,44,frozen_ego_fault,8.200000000000001,camera,2,1.1529459932427415,True
static_maneuver,44,frozen_ego_fault,8.3,radar,4,1.4411330138759932,True
static_maneuver,44,frozen_ego_fault,8.3,camera,2,0.8738974171282401,True
static_maneuver,44,frozen_ego_fault,8.4,radar,4,1.4390969813391146,True
static_maneuver,44,frozen_ego_fault,8.4,camera,2,1.8278414938011744,True
static_maneuver,44,frozen_ego_fault,8.5,radar,4,3.288073320209813,True
static_maneuver,44,frozen_ego_fault,8.5,camera,2,1.50568084598352,True
static_maneuver,44,frozen_ego_fault,8.6,radar,4,2.9915330570149252,True
static_maneuver,44,frozen_ego_fault,8.6,camera,2,2.983202620489357,True
static_maneuver,44,frozen_ego_fault,8.700000000000001,radar,4,1.5291311538372225,True
static_maneuver,44,frozen_ego_fault,8.700000000000001,camera,2,0.6004348355036327,True
static_maneuver,44,frozen_ego_fault,8.8,radar,4,1.571343750704281,True
static_maneuver,44,frozen_ego_fault,8.8,camera,2,0.13391663348638283,True
static_maneuver,44,frozen_ego_fault,8.9,radar,4,2.4011026499243715,True
static_maneuver,44,frozen_ego_fault,8.9,camera,2,0.611191267774234,True
static_maneuver,44,frozen_ego_fault,9.0,radar,4,6.012509362158265,True
static_maneuver,44,frozen_ego_fault,9.0,camera,2,2.260981848974056,True
static_maneuver,44,frozen_ego_fault,9.1,radar,4,5.617807456870922,True
static_maneuver,44,frozen_ego_fault,9.1,camera,2,0.7079634499221383,True
static_maneuver,44,frozen_ego_fault,9.200000000000001,radar,4,1.8386113252657328,True
static_maneuver,44,frozen_ego_fault,9.200000000000001,camera,2,1.5341693984061917,True
static_maneuver,44,frozen_ego_fault,9.3,radar,4,0.8458456698943194,True
static_maneuver,44,frozen_ego_fault,9.3,camera,2,3.5297215259857118,True
static_maneuver,44,frozen_ego_fault,9.4,radar,4,5.360164862858022,True
static_maneuver,44,frozen_ego_fault,9.4,camera,2,0.6699989919423954,True
static_maneuver,44,frozen_ego_fault,9.5,radar,4,3.478556204494902,True
static_maneuver,44,frozen_ego_fault,9.5,camera,2,0.06699040792400066,True
static_maneuver,44,frozen_ego_fault,9.600000000000001,radar,4,5.868917650737989,True
static_maneuver,44,frozen_ego_fault,9.600000000000001,camera,2,0.7485138497437201,True
static_maneuver,44,frozen_ego_fault,9.700000000000001,radar,4,1.2732033873286595,True
static_maneuver,44,frozen_ego_fault,9.700000000000001,camera,2,1.584505169892144,True
static_maneuver,44,frozen_ego_fault,9.8,radar,4,6.4105035753908775,True
static_maneuver,44,frozen_ego_fault,9.8,camera,2,0.5749770970586552,True
static_maneuver,44,frozen_ego_fault,9.9,radar,4,4.640875098184438,True
static_maneuver,44,frozen_ego_fault,9.9,camera,2,0.7586246314895725,True
static_maneuver,44,frozen_ego_fault,10.0,radar,4,2.647205782710804,True
static_maneuver,44,frozen_ego_fault,10.0,camera,2,3.208225534647523,True
static_maneuver,44,frozen_ego_fault,10.100000000000001,radar,4,8.191452510825377,True
static_maneuver,44,frozen_ego_fault,10.100000000000001,camera,2,1.056570523871388,True
static_maneuver,44,frozen_ego_fault,10.200000000000001,radar,4,2.9099550112844925,True
static_maneuver,44,frozen_ego_fault,10.200000000000001,camera,2,0.4232354756421543,True
static_maneuver,44,frozen_ego_fault,10.3,radar,4,4.1183293449215785,True
static_maneuver,44,frozen_ego_fault,10.3,camera,2,0.03626570113021285,True
static_maneuver,44,frozen_ego_fault,10.4,radar,4,4.623900192245879,True
static_maneuver,44,frozen_ego_fault,10.4,camera,2,1.2521882962124595,True
static_maneuver,44,frozen_ego_fault,10.5,radar,4,2.3101026923328956,True
static_maneuver,44,frozen_ego_fault,10.5,camera,2,0.0993676253191845,True
static_maneuver,44,frozen_ego_fault,10.600000000000001,radar,4,3.2410711435645942,True
static_maneuver,44,frozen_ego_fault,10.600000000000001,camera,2,1.2894682463775073,True
static_maneuver,44,frozen_ego_fault,10.700000000000001,radar,4,0.6965369621632697,True
static_maneuver,44,frozen_ego_fault,10.700000000000001,camera,2,0.5171287524170081,True
static_maneuver,44,frozen_ego_fault,10.8,radar,4,4.241775365914759,True
static_maneuver,44,frozen_ego_fault,10.8,camera,2,2.2415780817863626,True
static_maneuver,44,frozen_ego_fault,10.9,radar,4,3.251690826222568,True
static_maneuver,44,frozen_ego_fault,10.9,camera,2,3.679028736303657,True
static_maneuver,44,frozen_ego_fault,11.0,radar,4,5.968539300104466,True
static_maneuver,44,frozen_ego_fault,11.0,camera,2,7.494546942111239,True
static_maneuver,44,frozen_ego_fault,11.100000000000001,radar,4,3.976521819172395,True
static_maneuver,44,frozen_ego_fault,11.100000000000001,camera,2,2.093122771938519,True
static_maneuver,44,frozen_ego_fault,11.200000000000001,radar,4,1.3297020916739162,True
static_maneuver,44,frozen_ego_fault,11.200000000000001,camera,2,4.2120280351655905,True
static_maneuver,44,frozen_ego_fault,11.3,radar,4,0.5638297698217969,True
static_maneuver,44,frozen_ego_fault,11.3,camera,2,0.13065425476888917,True
static_maneuver,44,frozen_ego_fault,11.4,radar,4,7.745588369883722,True
static_maneuver,44,frozen_ego_fault,11.4,camera,2,0.2233310181667997,True
static_maneuver,44,frozen_ego_fault,11.5,radar,4,4.97838550393216,True
static_maneuver,44,frozen_ego_fault,11.5,camera,2,0.1341125069638336,True
static_maneuver,44,frozen_ego_fault,11.600000000000001,radar,4,6.4561478955569,True
static_maneuver,44,frozen_ego_fault,11.600000000000001,camera,2,1.50689930909204,True
static_maneuver,44,frozen_ego_fault,11.700000000000001,radar,4,4.4467046414770675,True
static_maneuver,44,frozen_ego_fault,11.700000000000001,camera,2,0.3904632703294418,True
static_maneuver,44,frozen_ego_fault,11.8,radar,4,2.1139391722284837,True
static_maneuver,44,frozen_ego_fault,11.8,camera,2,1.1803561244349448,True
static_maneuver,44,frozen_ego_fault,11.9,radar,4,4.325821292372356,True
static_maneuver,44,frozen_ego_fault,11.9,camera,2,1.4703842197763266,True
static_maneuver,44,frozen_ego_fault,12.0,radar,4,3.0160300383143954,True
static_maneuver,44,frozen_ego_fault,12.0,camera,2,2.1370971332673,True
moving_line,42,v15_position_adapter,0.1,radar_xyz,3,1.7299375844867029,True
moving_line,42,v15_position_adapter,0.2,radar_xyz,3,0.3037258720502092,True
moving_line,42,v15_position_adapter,0.30000000000000004,radar_xyz,3,0.4028450828702033,True
moving_line,42,v15_position_adapter,0.4,radar_xyz,3,1.6338263334066312,True
moving_line,42,v15_position_adapter,0.5,radar_xyz,3,2.596484791252884,True
moving_line,42,v15_position_adapter,0.6000000000000001,radar_xyz,3,2.3539402062196366,True
moving_line,42,v15_position_adapter,0.7000000000000001,radar_xyz,3,1.656633803761465,True
moving_line,42,v15_position_adapter,0.8,radar_xyz,3,0.8389825540842798,True
moving_line,42,v15_position_adapter,0.9,radar_xyz,3,1.3223965835281948,True
moving_line,42,v15_position_adapter,1.0,radar_xyz,3,2.066563151547198,True
moving_line,42,v15_position_adapter,1.1,radar_xyz,3,1.7411398739552262,True
moving_line,42,v15_position_adapter,1.2000000000000002,radar_xyz,3,0.026113030690721628,True
moving_line,42,v15_position_adapter,1.3,radar_xyz,3,3.3000793564326267,True
moving_line,42,v15_position_adapter,1.4000000000000001,radar_xyz,3,0.7912917505559507,True
moving_line,42,v15_position_adapter,1.5,radar_xyz,3,1.843843943416024,True
moving_line,42,v15_position_adapter,1.6,radar_xyz,3,1.7939279788383178,True
moving_line,42,v15_position_adapter,1.7000000000000002,radar_xyz,3,0.8120263676840596,True
moving_line,42,v15_position_adapter,1.8,radar_xyz,3,2.0721251891377115,True
moving_line,42,v15_position_adapter,1.9000000000000001,radar_xyz,3,0.1479191142148788,True
moving_line,42,v15_position_adapter,2.0,radar_xyz,3,2.1318012202290837,True
moving_line,42,v15_position_adapter,2.1,radar_xyz,3,3.9208271479589105,True
moving_line,42,v15_position_adapter,2.2,radar_xyz,3,2.347039280779202,True
moving_line,42,v15_position_adapter,2.3000000000000003,radar_xyz,3,2.8074333706198855,True
moving_line,42,v15_position_adapter,2.4000000000000004,radar_xyz,3,2.715003865477657,True
moving_line,42,v15_position_adapter,2.5,radar_xyz,3,1.7032273298633664,True
moving_line,42,v15_position_adapter,2.6,radar_xyz,3,0.5673168542295132,True
moving_line,42,v15_position_adapter,2.7,radar_xyz,3,4.196584781270726,True
moving_line,42,v15_position_adapter,2.8000000000000003,radar_xyz,3,2.1483553322213833,True
moving_line,42,v15_position_adapter,2.9000000000000004,radar_xyz,3,6.690114278625241,True
moving_line,42,v15_position_adapter,3.0,radar_xyz,3,3.1679570782074014,True
moving_line,42,v15_position_adapter,3.1,radar_xyz,3,4.034243614483259,True
moving_line,42,v15_position_adapter,3.2,radar_xyz,3,1.8671833097980814,True
moving_line,42,v15_position_adapter,3.3000000000000003,radar_xyz,3,2.213685626445142,True
moving_line,42,v15_position_adapter,3.4000000000000004,radar_xyz,3,5.34289864211841,True
moving_line,42,v15_position_adapter,3.5,radar_xyz,3,2.2141070941548238,True
moving_line,42,v15_position_adapter,3.6,radar_xyz,3,0.8800879288257969,True
moving_line,42,v15_position_adapter,3.7,radar_xyz,3,0.29712444216828016,True
moving_line,42,v15_position_adapter,3.8000000000000003,radar_xyz,3,1.9076215774715952,True
moving_line,42,v15_position_adapter,3.9000000000000004,radar_xyz,3,2.1917735783293137,True
moving_line,42,v15_position_adapter,4.0,radar_xyz,3,1.9759714934730042,True
moving_line,42,v15_position_adapter,4.1000000000000005,radar_xyz,3,13.745280876734565,True
moving_line,42,v15_position_adapter,4.2,radar_xyz,3,6.5570574833709445,True
moving_line,42,v15_position_adapter,4.3,radar_xyz,3,0.006573304523096657,True
moving_line,42,v15_position_adapter,4.4,radar_xyz,3,0.7596063446038337,True
moving_line,42,v15_position_adapter,4.5,radar_xyz,3,4.790047470518523,True
moving_line,42,v15_position_adapter,4.6000000000000005,radar_xyz,3,1.5651558060503938,True
moving_line,42,v15_position_adapter,4.7,radar_xyz,3,3.0605754787343127,True
moving_line,42,v15_position_adapter,4.800000000000001,radar_xyz,3,0.15106956029982793,True
moving_line,42,v15_position_adapter,4.9,radar_xyz,3,0.37882358623773976,True
moving_line,42,v15_position_adapter,5.0,radar_xyz,3,2.9401782237984597,True
moving_line,42,v15_position_adapter,5.1000000000000005,radar_xyz,3,2.93870192819552,True
moving_line,42,v15_position_adapter,5.2,radar_xyz,3,1.8668771748435058,True
moving_line,42,v15_position_adapter,5.300000000000001,radar_xyz,3,0.21122132061480506,True
moving_line,42,v15_position_adapter,5.4,radar_xyz,3,4.583988077946331,True
moving_line,42,v15_position_adapter,5.5,radar_xyz,3,1.8213728690797262,True
moving_line,42,v15_position_adapter,5.6000000000000005,radar_xyz,3,5.1239991599806745,True
moving_line,42,v15_position_adapter,5.7,radar_xyz,3,5.6404818996732295,True
moving_line,42,v15_position_adapter,5.800000000000001,radar_xyz,3,5.2276307372823885,True
moving_line,42,v15_position_adapter,5.9,radar_xyz,3,1.0443348346854215,True
moving_line,42,v15_position_adapter,6.0,radar_xyz,3,1.0285159079991335,True
moving_line,42,v15_position_adapter,6.1000000000000005,radar_xyz,3,1.754712756841781,True
moving_line,42,v15_position_adapter,6.2,radar_xyz,3,5.814909061245302,True
moving_line,42,v15_position_adapter,6.300000000000001,radar_xyz,3,2.6787535524656776,True
moving_line,42,v15_position_adapter,6.4,radar_xyz,3,3.2431798939719823,True
moving_line,42,v15_position_adapter,6.5,radar_xyz,3,4.1507299339318005,True
moving_line,42,v15_position_adapter,6.6000000000000005,radar_xyz,3,3.7838396339485425,True
moving_line,42,v15_position_adapter,6.7,radar_xyz,3,1.7890871747909207,True
moving_line,42,v15_position_adapter,6.800000000000001,radar_xyz,3,10.622880713736873,True
moving_line,42,v15_position_adapter,6.9,radar_xyz,3,3.0417840888990053,True
moving_line,42,v15_position_adapter,7.0,radar_xyz,3,3.0333029187069758,True
moving_line,42,v15_position_adapter,7.1000000000000005,radar_xyz,3,2.996393629012665,True
moving_line,42,v15_position_adapter,7.2,radar_xyz,3,1.5722483654564354,True
moving_line,42,v15_position_adapter,7.300000000000001,radar_xyz,3,0.4887221735465211,True
moving_line,42,v15_position_adapter,7.4,radar_xyz,3,1.2881161738734384,True
moving_line,42,v15_position_adapter,7.5,radar_xyz,3,7.160014532255304,True
moving_line,42,v15_position_adapter,7.6000000000000005,radar_xyz,3,1.2739757147285502,True
moving_line,42,v15_position_adapter,7.7,radar_xyz,3,4.727403459974485,True
moving_line,42,v15_position_adapter,7.800000000000001,radar_xyz,3,1.6701748052465393,True
moving_line,42,v15_position_adapter,7.9,radar_xyz,3,1.7892914450205366,True
moving_line,42,v15_position_adapter,8.0,radar_xyz,3,0.660975885853736,True
moving_line,42,v15_position_adapter,8.1,radar_xyz,3,2.595117427000352,True
moving_line,42,v15_position_adapter,8.200000000000001,radar_xyz,3,0.8870271832747487,True
moving_line,42,v15_position_adapter,8.3,radar_xyz,3,4.612356330892993,True
moving_line,42,v15_position_adapter,8.4,radar_xyz,3,7.272936686019722,True
moving_line,42,v15_position_adapter,8.5,radar_xyz,3,0.5732120729755594,True
moving_line,42,v15_position_adapter,8.6,radar_xyz,3,5.662657900165757,True
moving_line,42,v15_position_adapter,8.700000000000001,radar_xyz,3,5.672535251141623,True
moving_line,42,v15_position_adapter,8.8,radar_xyz,3,3.3669638085666667,True
moving_line,42,v15_position_adapter,8.9,radar_xyz,3,3.452660859002313,True
moving_line,42,v15_position_adapter,9.0,radar_xyz,3,1.2167438806742694,True
moving_line,42,v15_position_adapter,9.1,radar_xyz,3,1.0991746422800315,True
moving_line,42,v15_position_adapter,9.200000000000001,radar_xyz,3,1.218532052199973,True
moving_line,42,v15_position_adapter,9.3,radar_xyz,3,0.7656465220193102,True
moving_line,42,v15_position_adapter,9.4,radar_xyz,3,2.411715624202588,True
moving_line,42,v15_position_adapter,9.5,radar_xyz,3,2.0929264582931126,True
moving_line,42,v15_position_adapter,9.600000000000001,radar_xyz,3,2.646755541182081,True
moving_line,42,v15_position_adapter,9.700000000000001,radar_xyz,3,3.93198166252676,True
moving_line,42,v15_position_adapter,9.8,radar_xyz,3,1.4550993057489279,True
moving_line,42,v15_position_adapter,9.9,radar_xyz,3,1.8592762037558634,True
moving_line,42,v15_position_adapter,10.0,radar_xyz,3,3.3808556050260266,True
moving_line,42,v15_position_adapter,10.100000000000001,radar_xyz,3,2.635411833331875,True
moving_line,42,v15_position_adapter,10.200000000000001,radar_xyz,3,4.27861967205699,True
moving_line,42,v15_position_adapter,10.3,radar_xyz,3,0.16117198726098114,True
moving_line,42,v15_position_adapter,10.4,radar_xyz,3,2.040631512894079,True
moving_line,42,v15_position_adapter,10.5,radar_xyz,3,6.235255065824992,True
moving_line,42,v15_position_adapter,10.600000000000001,radar_xyz,3,1.9591704180202012,True
moving_line,42,v15_position_adapter,10.700000000000001,radar_xyz,3,1.9960924956194257,True
moving_line,42,v15_position_adapter,10.8,radar_xyz,3,4.555258995247831,True
moving_line,42,v15_position_adapter,10.9,radar_xyz,3,0.8590176429585274,True
moving_line,42,v15_position_adapter,11.0,radar_xyz,3,5.25892665180333,True
moving_line,42,v15_position_adapter,11.100000000000001,radar_xyz,3,6.7007402912347676,True
moving_line,42,v15_position_adapter,11.200000000000001,radar_xyz,3,1.9468114145545754,True
moving_line,42,v15_position_adapter,11.3,radar_xyz,3,2.4877615213894613,True
moving_line,42,v15_position_adapter,11.4,radar_xyz,3,3.055488265707121,True
moving_line,42,v15_position_adapter,11.5,radar_xyz,3,5.047706015250249,True
moving_line,42,v15_position_adapter,11.600000000000001,radar_xyz,3,4.76988988094804,True
moving_line,42,v15_position_adapter,11.700000000000001,radar_xyz,3,0.7429897475028842,True
moving_line,42,v15_position_adapter,11.8,radar_xyz,3,2.0803708190348056,True
moving_line,42,v15_position_adapter,11.9,radar_xyz,3,4.383285167340322,True
moving_line,42,v15_position_adapter,12.0,radar_xyz,3,5.909068640483575,True
moving_line,42,v2_radar,0.1,radar,4,1.7449736497333337,True
moving_line,42,v2_radar,0.2,radar,4,0.740052118872925,True
moving_line,42,v2_radar,0.30000000000000004,radar,4,0.7278670614605993,True
moving_line,42,v2_radar,0.4,radar,4,1.8396353699091128,True
moving_line,42,v2_radar,0.5,radar,4,3.4913975099945986,True
moving_line,42,v2_radar,0.6000000000000001,radar,4,1.7343489286456781,True
moving_line,42,v2_radar,0.7000000000000001,radar,4,1.7050626141942886,True
moving_line,42,v2_radar,0.8,radar,4,0.7442252566062444,True
moving_line,42,v2_radar,0.9,radar,4,1.6919174091302076,True
moving_line,42,v2_radar,1.0,radar,4,3.482858678865498,True
moving_line,42,v2_radar,1.1,radar,4,1.7138606943708794,True
moving_line,42,v2_radar,1.2000000000000002,radar,4,1.0829154608071792,True
moving_line,42,v2_radar,1.3,radar,4,2.0721175837502415,True
moving_line,42,v2_radar,1.4000000000000001,radar,4,1.8573477264192921,True
moving_line,42,v2_radar,1.5,radar,4,0.9022735585276945,True
moving_line,42,v2_radar,1.6,radar,4,3.078464207237394,True
moving_line,42,v2_radar,1.7000000000000002,radar,4,1.4759345064374922,True
moving_line,42,v2_radar,1.8,radar,4,3.0071528282200797,True
moving_line,42,v2_radar,1.9000000000000001,radar,4,0.21286884465339587,True
moving_line,42,v2_radar,2.0,radar,4,2.4859011828545516,True
moving_line,42,v2_radar,2.1,radar,4,4.838355538225247,True
moving_line,42,v2_radar,2.2,radar,4,3.0446883325539025,True
moving_line,42,v2_radar,2.3000000000000003,radar,4,9.317946773500315,True
moving_line,42,v2_radar,2.4000000000000004,radar,4,2.6916508497635077,True
moving_line,42,v2_radar,2.5,radar,4,2.0951592623131363,True
moving_line,42,v2_radar,2.6,radar,4,1.3443473953363907,True
moving_line,42,v2_radar,2.7,radar,4,6.8811115547594,True
moving_line,42,v2_radar,2.8000000000000003,radar,4,1.2739500305559268,True
moving_line,42,v2_radar,2.9000000000000004,radar,4,5.775670023723774,True
moving_line,42,v2_radar,3.0,radar,4,3.5450262809912894,True
moving_line,42,v2_radar,3.1,radar,4,4.764713035197966,True
moving_line,42,v2_radar,3.2,radar,4,3.4385713117647843,True
moving_line,42,v2_radar,3.3000000000000003,radar,4,2.450564803803607,True
moving_line,42,v2_radar,3.4000000000000004,radar,4,6.530506906397682,True
moving_line,42,v2_radar,3.5,radar,4,2.045040489944022,True
moving_line,42,v2_radar,3.6,radar,4,2.439497789430896,True
moving_line,42,v2_radar,3.7,radar,4,1.3162734477451445,True
moving_line,42,v2_radar,3.8000000000000003,radar,4,2.0923284964587263,True
moving_line,42,v2_radar,3.9000000000000004,radar,4,2.4884339224231264,True
moving_line,42,v2_radar,4.0,radar,4,2.472576640281257,True
moving_line,42,v2_radar,4.1000000000000005,radar,4,16.482806869944966,False
moving_line,42,v2_radar,4.2,radar,4,5.854996976046871,True
moving_line,42,v2_radar,4.3,radar,4,0.7344856901457465,True
moving_line,42,v2_radar,4.4,radar,4,3.2550916936984766,True
moving_line,42,v2_radar,4.5,radar,4,4.508706712146133,True
moving_line,42,v2_radar,4.6000000000000005,radar,4,3.316511648055307,True
moving_line,42,v2_radar,4.7,radar,4,3.0856026983330027,True
moving_line,42,v2_radar,4.800000000000001,radar,4,0.04566838897608171,True
moving_line,42,v2_radar,4.9,radar,4,0.5611670829790537,True
moving_line,42,v2_radar,5.0,radar,4,5.409100036023279,True
moving_line,42,v2_radar,5.1000000000000005,radar,4,4.20038338920872,True
moving_line,42,v2_radar,5.2,radar,4,3.5333388494941325,True
moving_line,42,v2_radar,5.300000000000001,radar,4,2.240597412506872,True
moving_line,42,v2_radar,5.4,radar,4,7.5040993864445475,True
moving_line,42,v2_radar,5.5,radar,4,3.4316180785395147,True
moving_line,42,v2_radar,5.6000000000000005,radar,4,2.285040461536159,True
moving_line,42,v2_radar,5.7,radar,4,5.072354555139301,True
moving_line,42,v2_radar,5.800000000000001,radar,4,5.309096232394446,True
moving_line,42,v2_radar,5.9,radar,4,1.1120502660859857,True
moving_line,42,v2_radar,6.0,radar,4,1.1319803673240791,True
moving_line,42,v2_radar,6.1000000000000005,radar,4,2.9805540583233716,True
moving_line,42,v2_radar,6.2,radar,4,5.665012702569149,True
moving_line,42,v2_radar,6.300000000000001,radar,4,2.89182248310196,True
moving_line,42,v2_radar,6.4,radar,4,3.823064328279634,True
moving_line,42,v2_radar,6.5,radar,4,7.104964225601033,True
moving_line,42,v2_radar,6.6000000000000005,radar,4,2.051308485517232,True
moving_line,42,v2_radar,6.7,radar,4,0.9694404962248364,True
moving_line,42,v2_radar,6.800000000000001,radar,4,13.147666536824765,True
moving_line,42,v2_radar,6.9,radar,4,3.477698583505012,True
moving_line,42,v2_radar,7.0,radar,4,2.5750472697306903,True
moving_line,42,v2_radar,7.1000000000000005,radar,4,4.583702631460821,True
moving_line,42,v2_radar,7.2,radar,4,4.356329025182827,True
moving_line,42,v2_radar,7.300000000000001,radar,4,1.255121569915952,True
moving_line,42,v2_radar,7.4,radar,4,2.086106237586314,True
moving_line,42,v2_radar,7.5,radar,4,7.84651809558099,True
moving_line,42,v2_radar,7.6000000000000005,radar,4,1.7541673014591832,True
moving_line,42,v2_radar,7.7,radar,4,5.1938265173624805,True
moving_line,42,v2_radar,7.800000000000001,radar,4,2.304259407113703,True
moving_line,42,v2_radar,7.9,radar,4,2.6062119418368996,True
moving_line,42,v2_radar,8.0,radar,4,2.5382032282978546,True
moving_line,42,v2_radar,8.1,radar,4,2.077845784295981,True
moving_line,42,v2_radar,8.200000000000001,radar,4,0.8506041148242222,True
moving_line,42,v2_radar,8.3,radar,4,6.478950101034081,True
moving_line,42,v2_radar,8.4,radar,4,10.038247623851364,True
moving_line,42,v2_radar,8.5,radar,4,1.6348338271494136,True
moving_line,42,v2_radar,8.6,radar,4,3.055342615872073,True
moving_line,42,v2_radar,8.700000000000001,radar,4,4.633275276966782,True
moving_line,42,v2_radar,8.8,radar,4,4.776349746990476,True
moving_line,42,v2_radar,8.9,radar,4,3.5375539794768107,True
moving_line,42,v2_radar,9.0,radar,4,2.757155101661345,True
moving_line,42,v2_radar,9.1,radar,4,0.9073188098905889,True
moving_line,42,v2_radar,9.200000000000001,radar,4,4.09565025242612,True
moving_line,42,v2_radar,9.3,radar,4,2.2182022610045733,True
moving_line,42,v2_radar,9.4,radar,4,2.8070593702040183,True
moving_line,42,v2_radar,9.5,radar,4,2.1182021443087207,True
moving_line,42,v2_radar,9.600000000000001,radar,4,3.485643072859983,True
moving_line,42,v2_radar,9.700000000000001,radar,4,5.308223633076986,True
moving_line,42,v2_radar,9.8,radar,4,3.112692557929527,True
moving_line,42,v2_radar,9.9,radar,4,2.0528335286950163,True
moving_line,42,v2_radar,10.0,radar,4,3.7187267020473933,True
moving_line,42,v2_radar,10.100000000000001,radar,4,3.398230022419589,True
moving_line,42,v2_radar,10.200000000000001,radar,4,3.8071056727873764,True
moving_line,42,v2_radar,10.3,radar,4,0.7701688983422832,True
moving_line,42,v2_radar,10.4,radar,4,2.8572918661230773,True
moving_line,42,v2_radar,10.5,radar,4,8.959963090721194,True
moving_line,42,v2_radar,10.600000000000001,radar,4,4.634507670515006,True
moving_line,42,v2_radar,10.700000000000001,radar,4,3.8107708763208925,True
moving_line,42,v2_radar,10.8,radar,4,4.199658937928148,True
moving_line,42,v2_radar,10.9,radar,4,1.056855341604685,True
moving_line,42,v2_radar,11.0,radar,4,3.9132041848805144,True
moving_line,42,v2_radar,11.100000000000001,radar,4,7.7247911165091265,True
moving_line,42,v2_radar,11.200000000000001,radar,4,3.2821834798261693,True
moving_line,42,v2_radar,11.3,radar,4,2.0230069991597226,True
moving_line,42,v2_radar,11.4,radar,4,3.1706781263378847,True
moving_line,42,v2_radar,11.5,radar,4,4.727517638501977,True
moving_line,42,v2_radar,11.600000000000001,radar,4,6.2580312777121705,True
moving_line,42,v2_radar,11.700000000000001,radar,4,1.4826542639970912,True
moving_line,42,v2_radar,11.8,radar,4,1.87072131430303,True
moving_line,42,v2_radar,11.9,radar,4,4.818167737209286,True
moving_line,42,v2_radar,12.0,radar,4,6.773789276888125,True
moving_line,42,v2_range_rate_camera,0.0,camera,2,0.6071402291747785,True
moving_line,42,v2_range_rate_camera,0.1,radar,2,0.02025278522522114,True
moving_line,42,v2_range_rate_camera,0.1,camera,2,1.4898843869022358,True
moving_line,42,v2_range_rate_camera,0.2,radar,2,0.306630160691621,True
moving_line,42,v2_range_rate_camera,0.2,camera,2,3.7093886700567045,True
moving_line,42,v2_range_rate_camera,0.30000000000000004,radar,2,0.6419259196136091,True
moving_line,42,v2_range_rate_camera,0.30000000000000004,camera,2,0.23173520521895113,True
moving_line,42,v2_range_rate_camera,0.4,radar,2,0.7330800899215129,True
moving_line,42,v2_range_rate_camera,0.4,camera,2,1.6162057092114779,True
moving_line,42,v2_range_rate_camera,0.5,radar,2,3.177428387625047,True
moving_line,42,v2_range_rate_camera,0.5,camera,2,0.7079141619653532,True
moving_line,42,v2_range_rate_camera,0.6000000000000001,radar,2,0.49009694421719574,True
moving_line,42,v2_range_rate_camera,0.6000000000000001,camera,2,0.5254602909135827,True
moving_line,42,v2_range_rate_camera,0.7000000000000001,radar,2,1.2524780773469402,True
moving_line,42,v2_range_rate_camera,0.7000000000000001,camera,2,0.6473419532317858,True
moving_line,42,v2_range_rate_camera,0.8,radar,2,0.16990577122810888,True
moving_line,42,v2_range_rate_camera,0.8,camera,2,5.412385753585617,True
moving_line,42,v2_range_rate_camera,0.9,radar,2,0.6754435988566461,True
moving_line,42,v2_range_rate_camera,0.9,camera,2,0.6711571304778304,True
moving_line,42,v2_range_rate_camera,1.0,radar,2,3.122539475628787,True
moving_line,42,v2_range_rate_camera,1.0,camera,2,0.8850277051373082,True
moving_line,42,v2_range_rate_camera,1.1,radar,2,0.08917839583414254,True
moving_line,42,v2_range_rate_camera,1.1,camera,2,3.284211382631921,True
moving_line,42,v2_range_rate_camera,1.2000000000000002,radar,2,1.0537470852295832,True
moving_line,42,v2_range_rate_camera,1.2000000000000002,camera,2,0.0770142930679561,True
moving_line,42,v2_range_rate_camera,1.3,radar,2,0.5990466561565746,True
moving_line,42,v2_range_rate_camera,1.3,camera,2,0.1772359367713296,True
moving_line,42,v2_range_rate_camera,1.4000000000000001,radar,2,1.3371562070385965,True
moving_line,42,v2_range_rate_camera,1.4000000000000001,camera,2,1.1950941812659694,True
moving_line,42,v2_range_rate_camera,1.5,radar,2,0.6533896871931484,True
moving_line,42,v2_range_rate_camera,1.5,camera,2,2.470833531030742,True
moving_line,42,v2_range_rate_camera,1.6,radar,2,1.7601453591661973,True
moving_line,42,v2_range_rate_camera,1.6,camera,2,2.7866607049850787,True
moving_line,42,v2_range_rate_camera,1.7000000000000002,radar,2,0.7646282315751936,True
moving_line,42,v2_range_rate_camera,1.7000000000000002,camera,2,0.11582241236202623,True
moving_line,42,v2_range_rate_camera,1.8,radar,2,2.625199684022867,True
moving_line,42,v2_range_rate_camera,1.8,camera,2,1.169770207908764,True
moving_line,42,v2_range_rate_camera,1.9000000000000001,radar,2,0.1488863994165929,True
moving_line,42,v2_range_rate_camera,1.9000000000000001,camera,2,3.904266106710639,True
moving_line,42,v2_range_rate_camera,2.0,radar,2,0.88189062842187,True
moving_line,42,v2_range_rate_camera,2.0,camera,2,0.8153163999936098,True
moving_line,42,v2_range_rate_camera,2.1,radar,2,3.40204928490612,True
moving_line,42,v2_range_rate_camera,2.1,camera,2,1.5240351408798087,True
moving_line,42,v2_range_rate_camera,2.2,radar,2,0.7921669955508139,True
moving_line,42,v2_range_rate_camera,2.2,camera,2,1.6420814738469092,True
moving_line,42,v2_range_rate_camera,2.3000000000000003,radar,2,8.322698759546968,True
moving_line,42,v2_range_rate_camera,2.3000000000000003,camera,2,4.29859482783137,True
moving_line,42,v2_range_rate_camera,2.4000000000000004,radar,2,2.5052219173516534,True
moving_line,42,v2_range_rate_camera,2.4000000000000004,camera,2,1.8245246731997165,True
moving_line,42,v2_range_rate_camera,2.5,radar,2,0.8435537191368843,True
moving_line,42,v2_range_rate_camera,2.5,camera,2,1.4214708473411717,True
moving_line,42,v2_range_rate_camera,2.6,radar,2,0.8500639973659566,True
moving_line,42,v2_range_rate_camera,2.6,camera,2,2.594596768766365,True
moving_line,42,v2_range_rate_camera,2.7,radar,2,4.840508915286846,True
moving_line,42,v2_range_rate_camera,2.7,camera,2,1.1431074879891812,True
moving_line,42,v2_range_rate_camera,2.8000000000000003,radar,2,0.09312450007873892,True
moving_line,42,v2_range_rate_camera,2.8000000000000003,camera,2,1.9919135351262298,True
moving_line,42,v2_range_rate_camera,2.9000000000000004,radar,2,1.8609090542117905,True
moving_line,42,v2_range_rate_camera,2.9000000000000004,camera,2,0.20754055673906244,True
moving_line,42,v2_range_rate_camera,3.0,radar,2,1.5269830693398188,True
moving_line,42,v2_range_rate_camera,3.0,camera,2,1.8202381989188952,True
moving_line,42,v2_range_rate_camera,3.1,radar,2,0.8099549567988293,True
moving_line,42,v2_range_rate_camera,3.1,camera,2,1.9069899424905175,True
moving_line,42,v2_range_rate_camera,3.2,radar,2,2.022051539016857,True
moving_line,42,v2_range_rate_camera,3.2,camera,2,0.40699964154296553,True
moving_line,42,v2_range_rate_camera,3.3000000000000003,radar,2,0.24477541342525044,True
moving_line,42,v2_range_rate_camera,3.3000000000000003,camera,2,0.7621055460994948,True
moving_line,42,v2_range_rate_camera,3.4000000000000004,radar,2,4.328986589851272,True
moving_line,42,v2_range_rate_camera,3.4000000000000004,camera,2,1.7956313076749306,True
moving_line,42,v2_range_rate_camera,3.5,radar,2,1.6028726209496904,True
moving_line,42,v2_range_rate_camera,3.5,camera,2,0.6746019570809678,True
moving_line,42,v2_range_rate_camera,3.6,radar,2,2.0638498904698275,True
moving_line,42,v2_range_rate_camera,3.6,camera,2,0.028951611236102622,True
moving_line,42,v2_range_rate_camera,3.7,radar,2,1.0423481744857592,True
moving_line,42,v2_range_rate_camera,3.7,camera,2,6.248218129238808,True
moving_line,42,v2_range_rate_camera,3.8000000000000003,radar,2,0.6877822196991488,True
moving_line,42,v2_range_rate_camera,3.8000000000000003,camera,2,0.25138932082409415,True
moving_line,42,v2_range_rate_camera,3.9000000000000004,radar,2,0.4197266550276543,True
moving_line,42,v2_range_rate_camera,3.9000000000000004,camera,2,4.301518545211838,True
moving_line,42,v2_range_rate_camera,4.0,radar,2,0.5998575385817457,True
moving_line,42,v2_range_rate_camera,4.0,camera,2,4.937539742812665,True
moving_line,42,v2_range_rate_camera,4.1000000000000005,radar,2,2.742859354648822,True
moving_line,42,v2_range_rate_camera,4.1000000000000005,camera,2,1.3846317089324096,True
moving_line,42,v2_range_rate_camera,4.2,radar,2,4.969189648355773,True
moving_line,42,v2_range_rate_camera,4.2,camera,2,0.020248040856672835,True
moving_line,42,v2_range_rate_camera,4.3,radar,2,0.6141826283044003,True
moving_line,42,v2_range_rate_camera,4.3,camera,2,0.0393266427691771,True
moving_line,42,v2_range_rate_camera,4.4,radar,2,1.7614433340137299,True
moving_line,42,v2_range_rate_camera,4.4,camera,2,0.2862554209524236,True
moving_line,42,v2_range_rate_camera,4.5,radar,2,0.4111537882016303,True
moving_line,42,v2_range_rate_camera,4.5,camera,2,1.6209072550044246,True
moving_line,42,v2_range_rate_camera,4.6000000000000005,radar,2,1.1442199974854463,True
moving_line,42,v2_range_rate_camera,4.6000000000000005,camera,2,1.6064368584002573,True
moving_line,42,v2_range_rate_camera,4.7,radar,2,1.558030697391281,True
moving_line,42,v2_range_rate_camera,4.7,camera,2,0.7503615961421188,True
moving_line,42,v2_range_rate_camera,4.800000000000001,radar,2,0.04609878748499074,True
moving_line,42,v2_range_rate_camera,4.800000000000001,camera,2,2.7623004616537594,True
moving_line,42,v2_range_rate_camera,4.9,radar,2,0.03212099303325546,True
moving_line,42,v2_range_rate_camera,4.9,camera,2,7.032779153115794,True
moving_line,42,v2_range_rate_camera,5.0,radar,2,4.475732794858569,True
moving_line,42,v2_range_rate_camera,5.0,camera,2,0.03341888456746389,True
moving_line,42,v2_range_rate_camera,5.1000000000000005,radar,2,1.877866806695322,True
moving_line,42,v2_range_rate_camera,5.1000000000000005,camera,2,2.7481327683032992,True
moving_line,42,v2_range_rate_camera,5.2,radar,2,2.9232852046099285,True
moving_line,42,v2_range_rate_camera,5.2,camera,2,0.07709059381136243,True
moving_line,42,v2_range_rate_camera,5.300000000000001,radar,2,1.9780614443153663,True
moving_line,42,v2_range_rate_camera,5.300000000000001,camera,2,1.5299027952831465,True
moving_line,42,v2_range_rate_camera,5.4,radar,2,3.2756862190359417,True
moving_line,42,v2_range_rate_camera,5.4,camera,2,2.256974166447221,True
moving_line,42,v2_range_rate_camera,5.5,radar,2,1.5204223254679121,True
moving_line,42,v2_range_rate_camera,5.5,camera,2,0.920283642369954,True
moving_line,42,v2_range_rate_camera,5.6000000000000005,radar,2,1.0153106197910535,True
moving_line,42,v2_range_rate_camera,5.6000000000000005,camera,2,3.0639459659948325,True
moving_line,42,v2_range_rate_camera,5.7,radar,2,0.05794524947236277,True
moving_line,42,v2_range_rate_camera,5.7,camera,2,0.631291380274624,True
moving_line,42,v2_range_rate_camera,5.800000000000001,radar,2,4.062441631773353,True
moving_line,42,v2_range_rate_camera,5.800000000000001,camera,2,0.4474728648921574,True
moving_line,42,v2_range_rate_camera,5.9,radar,2,0.7960745328902618,True
moving_line,42,v2_range_rate_camera,5.9,camera,2,0.4520059685473371,True
moving_line,42,v2_range_rate_camera,6.0,radar,2,0.25719695920888075,True
moving_line,42,v2_range_rate_camera,6.0,camera,2,1.2824888896174376,True
moving_line,42,v2_range_rate_camera,6.1000000000000005,radar,2,1.6704913405516126,True
moving_line,42,v2_range_rate_camera,6.1000000000000005,camera,2,0.4103206376329375,True
moving_line,42,v2_range_rate_camera,6.2,radar,2,0.8984874032966759,True
moving_line,42,v2_range_rate_camera,6.2,camera,2,6.961166734240363,True
moving_line,42,v2_range_rate_camera,6.300000000000001,radar,2,1.9067573725795872,True
moving_line,42,v2_range_rate_camera,6.300000000000001,camera,2,1.9590324824517453,True
moving_line,42,v2_range_rate_camera,6.4,radar,2,3.755925952550197,True
moving_line,42,v2_range_rate_camera,6.4,camera,2,1.0008812918226795,True
moving_line,42,v2_range_rate_camera,6.5,radar,2,6.154974236891316,True
moving_line,42,v2_range_rate_camera,6.5,camera,2,1.9272473739380673,True
moving_line,42,v2_range_rate_camera,6.6000000000000005,radar,2,0.5582926995551138,True
moving_line,42,v2_range_rate_camera,6.6000000000000005,camera,2,0.808833688493995,True
moving_line,42,v2_range_rate_camera,6.7,radar,2,0.5730256039954368,True
moving_line,42,v2_range_rate_camera,6.7,camera,2,1.1103441091686483,True
moving_line,42,v2_range_rate_camera,6.800000000000001,radar,2,4.548177956069144,True
moving_line,42,v2_range_rate_camera,6.800000000000001,camera,2,0.6442539421669519,True
moving_line,42,v2_range_rate_camera,6.9,radar,2,0.5595529084907982,True
moving_line,42,v2_range_rate_camera,6.9,camera,2,0.41685027143372827,True
moving_line,42,v2_range_rate_camera,7.0,radar,2,0.17008439114514007,True
moving_line,42,v2_range_rate_camera,7.0,camera,2,1.6190296304824998,True
moving_line,42,v2_range_rate_camera,7.1000000000000005,radar,2,2.81758119470868,True
moving_line,42,v2_range_rate_camera,7.1000000000000005,camera,2,0.18733313678464442,True
moving_line,42,v2_range_rate_camera,7.2,radar,2,2.84433368503257,True
moving_line,42,v2_range_rate_camera,7.2,camera,2,1.803055505828164,True
moving_line,42,v2_range_rate_camera,7.300000000000001,radar,2,0.9192839830288307,True
moving_line,42,v2_range_rate_camera,7.300000000000001,camera,2,2.089331575267128,True
moving_line,42,v2_range_rate_camera,7.4,radar,2,0.830715168973103,True
moving_line,42,v2_range_rate_camera,7.4,camera,2,1.2215043240496664,True
moving_line,42,v2_range_rate_camera,7.5,radar,2,0.648556226767386,True
moving_line,42,v2_range_rate_camera,7.5,camera,2,0.1447478195678645,True
moving_line,42,v2_range_rate_camera,7.6000000000000005,radar,2,1.7023636767629438,True
moving_line,42,v2_range_rate_camera,7.6000000000000005,camera,2,0.8749032801538331,True
moving_line,42,v2_range_rate_camera,7.7,radar,2,2.75363937986518,True
moving_line,42,v2_range_rate_camera,7.7,camera,2,3.1802724094254766,True
moving_line,42,v2_range_rate_camera,7.800000000000001,radar,2,2.1401767435388637,True
moving_line,42,v2_range_rate_camera,7.800000000000001,camera,2,0.3465719914641517,True
moving_line,42,v2_range_rate_camera,7.9,radar,2,1.0580991235972463,True
moving_line,42,v2_range_rate_camera,7.9,camera,2,2.470032968804639,True
moving_line,42,v2_range_rate_camera,8.0,radar,2,1.858851983524438,True
moving_line,42,v2_range_rate_camera,8.0,camera,2,1.9663034480016368,True
moving_line,42,v2_range_rate_camera,8.1,radar,2,0.3846719263136392,True
moving_line,42,v2_range_rate_camera,8.1,camera,2,1.0001171651906804,True
moving_line,42,v2_range_rate_camera,8.200000000000001,radar,2,0.014893797276444104,True
moving_line,42,v2_range_rate_camera,8.200000000000001,camera,2,4.005917441126426,True
moving_line,42,v2_range_rate_camera,8.3,radar,2,4.507737412844544,True
moving_line,42,v2_range_rate_camera,8.3,camera,2,1.8368362297087644,True
moving_line,42,v2_range_rate_camera,8.4,radar,2,6.394440301330891,True
moving_line,42,v2_range_rate_camera,8.4,camera,2,0.8726934801049516,True
moving_line,42,v2_range_rate_camera,8.5,radar,2,1.0514623365664448,True
moving_line,42,v2_range_rate_camera,8.5,camera,2,1.8904183508960115,True
moving_line,42,v2_range_rate_camera,8.6,radar,2,1.6214825817207503,True
moving_line,42,v2_range_rate_camera,8.6,camera,2,0.7109828035834264,True
moving_line,42,v2_range_rate_camera,8.700000000000001,radar,2,3.5118986227193023,True
moving_line,42,v2_range_rate_camera,8.700000000000001,camera,2,2.6993829825473834,True
moving_line,42,v2_range_rate_camera,8.8,radar,2,1.774977808649453,True
moving_line,42,v2_range_rate_camera,8.8,camera,2,0.8624732034497117,True
moving_line,42,v2_range_rate_camera,8.9,radar,2,1.4629511912308328,True
moving_line,42,v2_range_rate_camera,8.9,camera,2,4.162104975255335,True
moving_line,42,v2_range_rate_camera,9.0,radar,2,2.4380157631728823,True
moving_line,42,v2_range_rate_camera,9.0,camera,2,0.4204668395700563,True
moving_line,42,v2_range_rate_camera,9.1,radar,2,0.7455770310898954,True
moving_line,42,v2_range_rate_camera,9.1,camera,2,1.3983675663585453,True
moving_line,42,v2_range_rate_camera,9.200000000000001,radar,2,3.4589384414890545,True
moving_line,42,v2_range_rate_camera,9.200000000000001,camera,2,0.8296485780494653,True
moving_line,42,v2_range_rate_camera,9.3,radar,2,2.062345832458687,True
moving_line,42,v2_range_rate_camera,9.3,camera,2,0.27356852628007045,True
moving_line,42,v2_range_rate_camera,9.4,radar,2,1.9862366248433796,True
moving_line,42,v2_range_rate_camera,9.4,camera,2,0.8290573873299784,True
moving_line,42,v2_range_rate_camera,9.5,radar,2,1.2501113338638072,True
moving_line,42,v2_range_rate_camera,9.5,camera,2,0.76869537326505,True
moving_line,42,v2_range_rate_camera,9.600000000000001,radar,2,3.232147573357607,True
moving_line,42,v2_range_rate_camera,9.600000000000001,camera,2,4.456237762961751,True
moving_line,42,v2_range_rate_camera,9.700000000000001,radar,2,1.5034904620299596,True
moving_line,42,v2_range_rate_camera,9.700000000000001,camera,2,0.09589699504404958,True
moving_line,42,v2_range_rate_camera,9.8,radar,2,1.645579125633262,True
moving_line,42,v2_range_rate_camera,9.8,camera,2,5.689055903436123,True
moving_line,42,v2_range_rate_camera,9.9,radar,2,1.7777362708654187,True
moving_line,42,v2_range_rate_camera,9.9,camera,2,0.056741946106045535,True
moving_line,42,v2_range_rate_camera,10.0,radar,2,0.7530691157012359,True
moving_line,42,v2_range_rate_camera,10.0,camera,2,3.8438962009391284,True
moving_line,42,v2_range_rate_camera,10.100000000000001,radar,2,1.1293003065155345,True
moving_line,42,v2_range_rate_camera,10.100000000000001,camera,2,1.3114175529716894,True
moving_line,42,v2_range_rate_camera,10.200000000000001,radar,2,1.5755558188653194,True
moving_line,42,v2_range_rate_camera,10.200000000000001,camera,2,1.040292245965837,True
moving_line,42,v2_range_rate_camera,10.3,radar,2,0.7400820323915906,True
moving_line,42,v2_range_rate_camera,10.3,camera,2,0.36081662796186026,True
moving_line,42,v2_range_rate_camera,10.4,radar,2,1.3034362442043899,True
moving_line,42,v2_range_rate_camera,10.4,camera,2,4.357074559112362,True
moving_line,42,v2_range_rate_camera,10.5,radar,2,4.959600593057014,True
moving_line,42,v2_range_rate_camera,10.5,camera,2,0.3902646985624644,True
moving_line,42,v2_range_rate_camera,10.600000000000001,radar,2,3.0802360942096216,True
moving_line,42,v2_range_rate_camera,10.600000000000001,camera,2,2.184260679311559,True
moving_line,42,v2_range_rate_camera,10.700000000000001,radar,2,3.824509893357725,True
moving_line,42,v2_range_rate_camera,10.700000000000001,camera,2,3.08789188452831,True
moving_line,42,v2_range_rate_camera,10.8,radar,2,0.12905133172661412,True
moving_line,42,v2_range_rate_camera,10.8,camera,2,2.5017349442527586,True
moving_line,42,v2_range_rate_camera,10.9,radar,2,0.268098064097328,True
moving_line,42,v2_range_rate_camera,10.9,camera,2,0.4657422840250726,True
moving_line,42,v2_range_rate_camera,11.0,radar,2,3.3303138576047773,True
moving_line,42,v2_range_rate_camera,11.0,camera,2,1.4362202745285264,True
moving_line,42,v2_range_rate_camera,11.100000000000001,radar,2,2.8582585075240043,True
moving_line,42,v2_range_rate_camera,11.100000000000001,camera,2,1.3538013395250281,True
moving_line,42,v2_range_rate_camera,11.200000000000001,radar,2,1.341084309014742,True
moving_line,42,v2_range_rate_camera,11.200000000000001,camera,2,1.962303008109406,True
moving_line,42,v2_range_rate_camera,11.3,radar,2,0.36846598229857686,True
moving_line,42,v2_range_rate_camera,11.3,camera,2,0.27648471234189864,True
moving_line,42,v2_range_rate_camera,11.4,radar,2,0.1021856619231234,True
moving_line,42,v2_range_rate_camera,11.4,camera,2,3.114406620243222,True
moving_line,42,v2_range_rate_camera,11.5,radar,2,0.2182239240392773,True
moving_line,42,v2_range_rate_camera,11.5,camera,2,2.094494290511106,True
moving_line,42,v2_range_rate_camera,11.600000000000001,radar,2,4.54561240055547,True
moving_line,42,v2_range_rate_camera,11.600000000000001,camera,2,0.6458294105514685,True
moving_line,42,v2_range_rate_camera,11.700000000000001,radar,2,0.6950078086519562,True
moving_line,42,v2_range_rate_camera,11.700000000000001,camera,2,1.5785092786124766,True
moving_line,42,v2_range_rate_camera,11.8,radar,2,0.4198340718282171,True
moving_line,42,v2_range_rate_camera,11.8,camera,2,0.3688701504660227,True
moving_line,42,v2_range_rate_camera,11.9,radar,2,0.9045884964823727,True
moving_line,42,v2_range_rate_camera,11.9,camera,2,1.0020312790687695,True
moving_line,42,v2_range_rate_camera,12.0,radar,2,1.2591844234472997,True
moving_line,42,v2_range_rate_camera,12.0,camera,2,1.9299473518955184,True
moving_line,42,v2_full,0.0,camera,2,0.6071402291747785,True
moving_line,42,v2_full,0.1,radar,4,1.1574833593452685,True
moving_line,42,v2_full,0.1,camera,2,0.9489404514816095,True
moving_line,42,v2_full,0.2,radar,4,1.614431626911351,True
moving_line,42,v2_full,0.2,camera,2,3.936090938038533,True
moving_line,42,v2_full,0.30000000000000004,radar,4,1.1033808618618781,True
moving_line,42,v2_full,0.30000000000000004,camera,2,0.21286484594969252,True
moving_line,42,v2_full,0.4,radar,4,1.9655231914796953,True
moving_line,42,v2_full,0.4,camera,2,1.0458637026718056,True
moving_line,42,v2_full,0.5,radar,4,3.7072296842530696,True
moving_line,42,v2_full,0.5,camera,2,0.5414307858611935,True
moving_line,42,v2_full,0.6000000000000001,radar,4,1.4236770231976044,True
moving_line,42,v2_full,0.6000000000000001,camera,2,0.5428746757071823,True
moving_line,42,v2_full,0.7000000000000001,radar,4,1.606239376809642,True
moving_line,42,v2_full,0.7000000000000001,camera,2,0.5491957185267471,True
moving_line,42,v2_full,0.8,radar,4,1.1046400983432982,True
moving_line,42,v2_full,0.8,camera,2,5.065438884784982,True
moving_line,42,v2_full,0.9,radar,4,3.09434190600269,True
moving_line,42,v2_full,0.9,camera,2,0.9534881380179142,True
moving_line,42,v2_full,1.0,radar,4,3.566239177738733,True
moving_line,42,v2_full,1.0,camera,2,0.9100619268496098,True
moving_line,42,v2_full,1.1,radar,4,0.7739337752718854,True
moving_line,42,v2_full,1.1,camera,2,2.720961483624359,True
moving_line,42,v2_full,1.2000000000000002,radar,4,1.4979778625803195,True
moving_line,42,v2_full,1.2000000000000002,camera,2,0.16396998344978755,True
moving_line,42,v2_full,1.3,radar,4,1.1266376143318297,True
moving_line,42,v2_full,1.3,camera,2,0.21268225258251303,True
moving_line,42,v2_full,1.4000000000000001,radar,4,1.758122064434201,True
moving_line,42,v2_full,1.4000000000000001,camera,2,1.20905958643331,True
moving_line,42,v2_full,1.5,radar,4,0.8871276507227344,True
moving_line,42,v2_full,1.5,camera,2,2.6597922020235214,True
moving_line,42,v2_full,1.6,radar,4,2.8221078100310883,True
moving_line,42,v2_full,1.6,camera,2,2.452663057934948,True
moving_line,42,v2_full,1.7000000000000002,radar,4,2.0004795704871925,True
moving_line,42,v2_full,1.7000000000000002,camera,2,0.24104462734194043,True
moving_line,42,v2_full,1.8,radar,4,2.740023092188313,True
moving_line,42,v2_full,1.8,camera,2,1.2579974950934405,True
moving_line,42,v2_full,1.9000000000000001,radar,4,0.1590016431261823,True
moving_line,42,v2_full,1.9000000000000001,camera,2,3.7529880144550725,True
moving_line,42,v2_full,2.0,radar,4,2.529112539083871,True
moving_line,42,v2_full,2.0,camera,2,0.9666504360617869,True
moving_line,42,v2_full,2.1,radar,4,4.564912344966149,True
moving_line,42,v2_full,2.1,camera,2,1.6052976998323178,True
moving_line,42,v2_full,2.2,radar,4,3.8593157266890814,True
moving_line,42,v2_full,2.2,camera,2,1.461082625871748,True
moving_line,42,v2_full,2.3000000000000003,radar,4,9.605331616543117,True
moving_line,42,v2_full,2.3000000000000003,camera,2,4.68211195170354,True
moving_line,42,v2_full,2.4000000000000004,radar,4,3.0500992260167195,True
moving_line,42,v2_full,2.4000000000000004,camera,2,1.4328582893700914,True
moving_line,42,v2_full,2.5,radar,4,3.6140187541566497,True
moving_line,42,v2_full,2.5,camera,2,1.3072977461253596,True
moving_line,42,v2_full,2.6,radar,4,2.012141959161785,True
moving_line,42,v2_full,2.6,camera,2,3.5261955449696543,True
moving_line,42,v2_full,2.7,radar,4,6.098298864663503,True
moving_line,42,v2_full,2.7,camera,2,1.00684650816254,True
moving_line,42,v2_full,2.8000000000000003,radar,4,0.7430538263986548,True
moving_line,42,v2_full,2.8000000000000003,camera,2,2.3350305319000424,True
moving_line,42,v2_full,2.9000000000000004,radar,4,4.282826184696794,True
moving_line,42,v2_full,2.9000000000000004,camera,2,0.17934820447706365,True
moving_line,42,v2_full,3.0,radar,4,2.909346722201518,True
moving_line,42,v2_full,3.0,camera,2,2.0959353706453276,True
moving_line,42,v2_full,3.1,radar,4,5.54261049794446,True
moving_line,42,v2_full,3.1,camera,2,1.5137579481695498,True
moving_line,42,v2_full,3.2,radar,4,3.4873516679417302,True
moving_line,42,v2_full,3.2,camera,2,0.3972494562061396,True
moving_line,42,v2_full,3.3000000000000003,radar,4,2.5280781208143486,True
moving_line,42,v2_full,3.3000000000000003,camera,2,1.0392395978563689,True
moving_line,42,v2_full,3.4000000000000004,radar,4,6.166603626976302,True
moving_line,42,v2_full,3.4000000000000004,camera,2,2.088225834602908,True
moving_line,42,v2_full,3.5,radar,4,1.8412914004068939,True
moving_line,42,v2_full,3.5,camera,2,0.7088268936189451,True
moving_line,42,v2_full,3.6,radar,4,2.477631052893689,True
moving_line,42,v2_full,3.6,camera,2,0.062355001033233944,True
moving_line,42,v2_full,3.7,radar,4,1.1345230486868765,True
moving_line,42,v2_full,3.7,camera,2,6.1110132117042335,True
moving_line,42,v2_full,3.8000000000000003,radar,4,2.341405391362148,True
moving_line,42,v2_full,3.8000000000000003,camera,2,0.3932760807959327,True
moving_line,42,v2_full,3.9000000000000004,radar,4,4.016470917116066,True
moving_line,42,v2_full,3.9000000000000004,camera,2,5.515716353403543,True
moving_line,42,v2_full,4.0,radar,4,5.1584059175159735,True
moving_line,42,v2_full,4.0,camera,2,4.172877032583016,True
moving_line,42,v2_full,4.1000000000000005,radar,4,14.200037032508492,False
moving_line,42,v2_full,4.1000000000000005,camera,2,1.9728015375056658,True
moving_line,42,v2_full,4.2,radar,4,4.422968806823009,True
moving_line,42,v2_full,4.2,camera,2,0.07457176453334002,True
moving_line,42,v2_full,4.3,radar,4,0.313169370338502,True
moving_line,42,v2_full,4.3,camera,2,0.11103133664341504,True
moving_line,42,v2_full,4.4,radar,4,2.3009499348979583,True
moving_line,42,v2_full,4.4,camera,2,0.31373403823211216,True
moving_line,42,v2_full,4.5,radar,4,4.357935109886446,True
moving_line,42,v2_full,4.5,camera,2,1.9019175120258098,True
moving_line,42,v2_full,4.6000000000000005,radar,4,2.905731704651321,True
moving_line,42,v2_full,4.6000000000000005,camera,2,1.1907695101150624,True
moving_line,42,v2_full,4.7,radar,4,3.018619176416745,True
moving_line,42,v2_full,4.7,camera,2,0.8189090584178828,True
moving_line,42,v2_full,4.800000000000001,radar,4,0.05103637972117885,True
moving_line,42,v2_full,4.800000000000001,camera,2,2.6983387055570884,True
moving_line,42,v2_full,4.9,radar,4,0.6830747789979136,True
moving_line,42,v2_full,4.9,camera,2,6.676813551145367,True
moving_line,42,v2_full,5.0,radar,4,5.441138796374142,True
moving_line,42,v2_full,5.0,camera,2,0.10096771123145622,True
moving_line,42,v2_full,5.1000000000000005,radar,4,4.518416678442815,True
moving_line,42,v2_full,5.1000000000000005,camera,2,3.3702785423959156,True
moving_line,42,v2_full,5.2,radar,4,3.8475611089395945,True
moving_line,42,v2_full,5.2,camera,2,0.04800320401900714,True
moving_line,42,v2_full,5.300000000000001,radar,4,2.6644142735779766,True
moving_line,42,v2_full,5.300000000000001,camera,2,2.0254554929513144,True
moving_line,42,v2_full,5.4,radar,4,5.4609660848706225,True
moving_line,42,v2_full,5.4,camera,2,2.2415800737329583,True
moving_line,42,v2_full,5.5,radar,4,3.0871179957084687,True
moving_line,42,v2_full,5.5,camera,2,1.07701666752844,True
moving_line,42,v2_full,5.6000000000000005,radar,4,2.543444517275174,True
moving_line,42,v2_full,5.6000000000000005,camera,2,3.0153835152929385,True
moving_line,42,v2_full,5.7,radar,4,5.994435544025792,True
moving_line,42,v2_full,5.7,camera,2,0.6331483148790731,True
moving_line,42,v2_full,5.800000000000001,radar,4,4.830759771092246,True
moving_line,42,v2_full,5.800000000000001,camera,2,0.5424590818577528,True
moving_line,42,v2_full,5.9,radar,4,0.9627947556499681,True
moving_line,42,v2_full,5.9,camera,2,0.5062751763238783,True
moving_line,42,v2_full,6.0,radar,4,1.7104999439105943,True
moving_line,42,v2_full,6.0,camera,2,1.422924514650512,True
moving_line,42,v2_full,6.1000000000000005,radar,4,2.659982365960655,True
moving_line,42,v2_full,6.1000000000000005,camera,2,0.5789073395787444,True
moving_line,42,v2_full,6.2,radar,4,7.425877739717082,True
moving_line,42,v2_full,6.2,camera,2,5.929240396798051,True
moving_line,42,v2_full,6.300000000000001,radar,4,3.5163379851841086,True
moving_line,42,v2_full,6.300000000000001,camera,2,1.4089342680809112,True
moving_line,42,v2_full,6.4,radar,4,3.9051804245484414,True
moving_line,42,v2_full,6.4,camera,2,0.9587045574689924,True
moving_line,42,v2_full,6.5,radar,4,6.4586937267913545,True
moving_line,42,v2_full,6.5,camera,2,2.330911238912829,True
moving_line,42,v2_full,6.6000000000000005,radar,4,1.6432974416969566,True
moving_line,42,v2_full,6.6000000000000005,camera,2,0.877284261794957,True
moving_line,42,v2_full,6.7,radar,4,1.0062463812515186,True
moving_line,42,v2_full,6.7,camera,2,1.0910744542358413,True
moving_line,42,v2_full,6.800000000000001,radar,4,11.847669201599123,True
moving_line,42,v2_full,6.800000000000001,camera,2,0.6757715296581909,True
moving_line,42,v2_full,6.9,radar,4,3.723542006765487,True
moving_line,42,v2_full,6.9,camera,2,0.3717331793817533,True
moving_line,42,v2_full,7.0,radar,4,2.228968450435103,True
moving_line,42,v2_full,7.0,camera,2,2.041915282145119,True
moving_line,42,v2_full,7.1000000000000005,radar,4,5.19746382559758,True
moving_line,42,v2_full,7.1000000000000005,camera,2,0.46310253535501067,True
moving_line,42,v2_full,7.2,radar,4,3.6906449957184706,True
moving_line,42,v2_full,7.2,camera,2,2.041812458767329,True
moving_line,42,v2_full,7.300000000000001,radar,4,1.1348919653607503,True
moving_line,42,v2_full,7.300000000000001,camera,2,1.8482428720302913,True
moving_line,42,v2_full,7.4,radar,4,1.876647080117293,True
moving_line,42,v2_full,7.4,camera,2,1.419060635432588,True
moving_line,42,v2_full,7.5,radar,4,9.201084762959454,True
moving_line,42,v2_full,7.5,camera,2,0.01357890432202978,True
moving_line,42,v2_full,7.6000000000000005,radar,4,1.8423453980471955,True
moving_line,42,v2_full,7.6000000000000005,camera,2,0.7127256510674359,True
moving_line,42,v2_full,7.7,radar,4,4.0836834085589455,True
moving_line,42,v2_full,7.7,camera,2,3.2662489480657904,True
moving_line,42,v2_full,7.800000000000001,radar,4,2.3888642932281905,True
moving_line,42,v2_full,7.800000000000001,camera,2,0.27757562548390846,True
moving_line,42,v2_full,7.9,radar,4,3.2378851181361887,True
moving_line,42,v2_full,7.9,camera,2,2.289455758544346,True
moving_line,42,v2_full,8.0,radar,4,2.5635460941307326,True
moving_line,42,v2_full,8.0,camera,2,1.9496655722764935,True
moving_line,42,v2_full,8.1,radar,4,1.794502588280476,True
moving_line,42,v2_full,8.1,camera,2,0.9194278827184273,True
moving_line,42,v2_full,8.200000000000001,radar,4,1.123958988309999,True
moving_line,42,v2_full,8.200000000000001,camera,2,4.062123659610538,True
moving_line,42,v2_full,8.3,radar,4,6.851286290916433,True
moving_line,42,v2_full,8.3,camera,2,1.454494488171031,True
moving_line,42,v2_full,8.4,radar,4,11.281570643267743,True
moving_line,42,v2_full,8.4,camera,2,1.3043509464940946,True
moving_line,42,v2_full,8.5,radar,4,1.0956014680526402,True
moving_line,42,v2_full,8.5,camera,2,2.6022573459024296,True
moving_line,42,v2_full,8.6,radar,4,4.756501751304788,True
moving_line,42,v2_full,8.6,camera,2,0.2912670819189103,True
moving_line,42,v2_full,8.700000000000001,radar,4,5.301354045188014,True
moving_line,42,v2_full,8.700000000000001,camera,2,3.9075564602198236,True
moving_line,42,v2_full,8.8,radar,4,2.8917300678480786,True
moving_line,42,v2_full,8.8,camera,2,0.6077408523008674,True
moving_line,42,v2_full,8.9,radar,4,3.0390249119630783,True
moving_line,42,v2_full,8.9,camera,2,4.011273513200763,True
moving_line,42,v2_full,9.0,radar,4,2.489575033088171,True
moving_line,42,v2_full,9.0,camera,2,0.3980035217025822,True
moving_line,42,v2_full,9.1,radar,4,1.3739801915784062,True
moving_line,42,v2_full,9.1,camera,2,1.5445996440760503,True
moving_line,42,v2_full,9.200000000000001,radar,4,3.584541516802717,True
moving_line,42,v2_full,9.200000000000001,camera,2,0.8237150246801228,True
moving_line,42,v2_full,9.3,radar,4,2.1628045991207383,True
moving_line,42,v2_full,9.3,camera,2,0.23856038163677007,True
moving_line,42,v2_full,9.4,radar,4,2.595598115549436,True
moving_line,42,v2_full,9.4,camera,2,0.7037095603885781,True
moving_line,42,v2_full,9.5,radar,4,2.2158642287344437,True
moving_line,42,v2_full,9.5,camera,2,0.9927622819595748,True
moving_line,42,v2_full,9.600000000000001,radar,4,3.328332842021781,True
moving_line,42,v2_full,9.600000000000001,camera,2,4.74012998201742,True
moving_line,42,v2_full,9.700000000000001,radar,4,5.062366670461515,True
moving_line,42,v2_full,9.700000000000001,camera,2,0.14497816936955293,True
moving_line,42,v2_full,9.8,radar,4,3.8236158863325076,True
moving_line,42,v2_full,9.8,camera,2,4.986604165818977,True
moving_line,42,v2_full,9.9,radar,4,2.3049798747981782,True
moving_line,42,v2_full,9.9,camera,2,0.014690186742028263,True
moving_line,42,v2_full,10.0,radar,4,3.417797583250327,True
moving_line,42,v2_full,10.0,camera,2,3.83276729279722,True
moving_line,42,v2_full,10.100000000000001,radar,4,4.097587153391536,True
moving_line,42,v2_full,10.100000000000001,camera,2,1.6813605625733543,True
moving_line,42,v2_full,10.200000000000001,radar,4,4.07671615074351,True
moving_line,42,v2_full,10.200000000000001,camera,2,0.6346575512853826,True
moving_line,42,v2_full,10.3,radar,4,0.8883721357560638,True
moving_line,42,v2_full,10.3,camera,2,0.39159064510013963,True
moving_line,42,v2_full,10.4,radar,4,3.2365469503042616,True
moving_line,42,v2_full,10.4,camera,2,4.566424300931623,True
moving_line,42,v2_full,10.5,radar,4,9.548847659890457,True
moving_line,42,v2_full,10.5,camera,2,0.27592354588239676,True
moving_line,42,v2_full,10.600000000000001,radar,4,3.5251940225936815,True
moving_line,42,v2_full,10.600000000000001,camera,2,2.186394883821859,True
moving_line,42,v2_full,10.700000000000001,radar,4,4.140633758109933,True
moving_line,42,v2_full,10.700000000000001,camera,2,3.030058742623308,True
moving_line,42,v2_full,10.8,radar,4,3.2745669745935797,True
moving_line,42,v2_full,10.8,camera,2,3.152775881879654,True
moving_line,42,v2_full,10.9,radar,4,0.844271937490684,True
moving_line,42,v2_full,10.9,camera,2,0.5241607213076451,True
moving_line,42,v2_full,11.0,radar,4,3.95873940695822,True
moving_line,42,v2_full,11.0,camera,2,1.5337234866823777,True
moving_line,42,v2_full,11.100000000000001,radar,4,10.391215529067102,True
moving_line,42,v2_full,11.100000000000001,camera,2,0.8476789591229532,True
moving_line,42,v2_full,11.200000000000001,radar,4,2.517912054816335,True
moving_line,42,v2_full,11.200000000000001,camera,2,1.9751600942805383,True
moving_line,42,v2_full,11.3,radar,4,2.171223992135125,True
moving_line,42,v2_full,11.3,camera,2,0.19262968124837077,True
moving_line,42,v2_full,11.4,radar,4,3.5724888890784166,True
moving_line,42,v2_full,11.4,camera,2,2.2204164013200987,True
moving_line,42,v2_full,11.5,radar,4,6.621101046621461,True
moving_line,42,v2_full,11.5,camera,2,1.4898788303806394,True
moving_line,42,v2_full,11.600000000000001,radar,4,5.480523014017839,True
moving_line,42,v2_full,11.600000000000001,camera,2,0.8045980152632797,True
moving_line,42,v2_full,11.700000000000001,radar,4,2.9478564355562042,True
moving_line,42,v2_full,11.700000000000001,camera,2,1.0750059495921844,True
moving_line,42,v2_full,11.8,radar,4,0.9688176581026366,True
moving_line,42,v2_full,11.8,camera,2,0.27867395536825645,True
moving_line,42,v2_full,11.9,radar,4,4.432671007673658,True
moving_line,42,v2_full,11.9,camera,2,0.853887278918763,True
moving_line,42,v2_full,12.0,radar,4,9.410632718407411,True
moving_line,42,v2_full,12.0,camera,2,1.936545330715026,True
moving_line,42,frozen_ego_fault,0.0,camera,2,0.6071402291747785,True
moving_line,42,frozen_ego_fault,0.1,radar,4,1.5732085248022607,True
moving_line,42,frozen_ego_fault,0.1,camera,2,1.986719461907464,True
moving_line,42,frozen_ego_fault,0.2,radar,4,1.2302215739289792,True
moving_line,42,frozen_ego_fault,0.2,camera,2,3.5092334526952698,True
moving_line,42,frozen_ego_fault,0.30000000000000004,radar,4,1.191309431344341,True
moving_line,42,frozen_ego_fault,0.30000000000000004,camera,2,0.14110317264234556,True
moving_line,42,frozen_ego_fault,0.4,radar,4,1.9936294698840276,True
moving_line,42,frozen_ego_fault,0.4,camera,2,0.8947612977159404,True
moving_line,42,frozen_ego_fault,0.5,radar,4,3.727066050285923,True
moving_line,42,frozen_ego_fault,0.5,camera,2,0.4805084073556274,True
moving_line,42,frozen_ego_fault,0.6000000000000001,radar,4,1.487746587473699,True
moving_line,42,frozen_ego_fault,0.6000000000000001,camera,2,0.5124646788272628,True
moving_line,42,frozen_ego_fault,0.7000000000000001,radar,4,1.5611665678222115,True
moving_line,42,frozen_ego_fault,0.7000000000000001,camera,2,0.5481072149643818,True
moving_line,42,frozen_ego_fault,0.8,radar,4,1.0976451339531563,True
moving_line,42,frozen_ego_fault,0.8,camera,2,5.118939638687086,True
moving_line,42,frozen_ego_fault,0.9,radar,4,3.1287590189320085,True
moving_line,42,frozen_ego_fault,0.9,camera,2,0.9842241603436186,True
moving_line,42,frozen_ego_fault,1.0,radar,4,3.579792560027612,True
moving_line,42,frozen_ego_fault,1.0,camera,2,0.8395781336422576,True
moving_line,42,frozen_ego_fault,1.1,radar,4,0.8032188949391774,True
moving_line,42,frozen_ego_fault,1.1,camera,2,2.824131783673373,True
moving_line,42,frozen_ego_fault,1.2000000000000002,radar,4,1.474334373236353,True
moving_line,42,frozen_ego_fault,1.2000000000000002,camera,2,0.12720602852811017,True
moving_line,42,frozen_ego_fault,1.3,radar,4,1.1438825500005279,True
moving_line,42,frozen_ego_fault,1.3,camera,2,0.16527412853636414,True
moving_line,42,frozen_ego_fault,1.4000000000000001,radar,4,1.715332444349522,True
moving_line,42,frozen_ego_fault,1.4000000000000001,camera,2,1.0579811776126704,True
moving_line,42,frozen_ego_fault,1.5,radar,4,0.8698287928725139,True
moving_line,42,frozen_ego_fault,1.5,camera,2,2.884677796626766,True
moving_line,42,frozen_ego_fault,1.6,radar,4,2.86349697700576,True
moving_line,42,frozen_ego_fault,1.6,camera,2,2.3674406262790275,True
moving_line,42,frozen_ego_fault,1.7000000000000002,radar,4,1.9025675388983365,True
moving_line,42,frozen_ego_fault,1.7000000000000002,camera,2,0.30885626316983156,True
moving_line,42,frozen_ego_fault,1.8,radar,4,2.793871344982227,True
moving_line,42,frozen_ego_fault,1.8,camera,2,1.2449321355869316,True
moving_line,42,frozen_ego_fault,1.9000000000000001,radar,4,0.1532205074540476,True
moving_line,42,frozen_ego_fault,1.9000000000000001,camera,2,3.3636273654070026,True
moving_line,42,frozen_ego_fault,2.0,radar,4,2.5321965833121736,True
moving_line,42,frozen_ego_fault,2.0,camera,2,0.8607373414081427,True
moving_line,42,frozen_ego_fault,2.1,radar,4,4.555746795594244,True
moving_line,42,frozen_ego_fault,2.1,camera,2,1.8380175332716382,True
moving_line,42,frozen_ego_fault,2.2,radar,4,3.742707219877952,True
moving_line,42,frozen_ego_fault,2.2,camera,2,1.5218976181276,True
moving_line,42,frozen_ego_fault,2.3000000000000003,radar,4,9.570714974814146,True
moving_line,42,frozen_ego_fault,2.3000000000000003,camera,2,5.281781248303879,True
moving_line,42,frozen_ego_fault,2.4000000000000004,radar,4,3.008978949936202,True
moving_line,42,frozen_ego_fault,2.4000000000000004,camera,2,1.134040351765681,True
moving_line,42,frozen_ego_fault,2.5,radar,4,3.497961702491946,True
moving_line,42,frozen_ego_fault,2.5,camera,2,1.403222135743251,True
moving_line,42,frozen_ego_fault,2.6,radar,4,1.9610187983403908,True
moving_line,42,frozen_ego_fault,2.6,camera,2,3.866439327852832,True
moving_line,42,frozen_ego_fault,2.7,radar,4,6.15636731301632,True
moving_line,42,frozen_ego_fault,2.7,camera,2,0.7507425409807137,True
moving_line,42,frozen_ego_fault,2.8000000000000003,radar,4,0.6933943174810233,True
moving_line,42,frozen_ego_fault,2.8000000000000003,camera,2,2.5536529917369286,True
moving_line,42,frozen_ego_fault,2.9000000000000004,radar,4,4.440753791587979,True
moving_line,42,frozen_ego_fault,2.9000000000000004,camera,2,0.17038319708020516,True
moving_line,42,frozen_ego_fault,3.0,radar,4,2.8661382042952046,True
moving_line,42,frozen_ego_fault,3.0,camera,2,1.9468411423657261,True
moving_line,42,frozen_ego_fault,3.1,radar,4,5.40830285626668,True
moving_line,42,frozen_ego_fault,3.1,camera,2,1.1705042646959751,True
moving_line,42,frozen_ego_fault,3.2,radar,4,3.4002650779489563,True
moving_line,42,frozen_ego_fault,3.2,camera,2,0.5770629792339886,True
moving_line,42,frozen_ego_fault,3.3000000000000003,radar,4,2.5989705047957163,True
moving_line,42,frozen_ego_fault,3.3000000000000003,camera,2,1.3322292577401695,True
moving_line,42,frozen_ego_fault,3.4000000000000004,radar,4,6.098357410221439,True
moving_line,42,frozen_ego_fault,3.4000000000000004,camera,2,2.63021534060839,True
moving_line,42,frozen_ego_fault,3.5,radar,4,1.8191848164806939,True
moving_line,42,frozen_ego_fault,3.5,camera,2,0.8619452225684877,True
moving_line,42,frozen_ego_fault,3.6,radar,4,2.508578399146631,True
moving_line,42,frozen_ego_fault,3.6,camera,2,0.1323148018402135,True
moving_line,42,frozen_ego_fault,3.7,radar,4,1.0954835145209962,True
moving_line,42,frozen_ego_fault,3.7,camera,2,5.275290145995445,True
moving_line,42,frozen_ego_fault,3.8000000000000003,radar,4,2.2010252827841295,True
moving_line,42,frozen_ego_fault,3.8000000000000003,camera,2,0.6824502191517213,True
moving_line,42,frozen_ego_fault,3.9000000000000004,radar,4,3.782468591890696,True
moving_line,42,frozen_ego_fault,3.9000000000000004,camera,2,6.307135648000815,True
moving_line,42,frozen_ego_fault,4.0,radar,4,4.965535430739799,True
moving_line,42,frozen_ego_fault,4.0,camera,2,3.729368955708527,True
moving_line,42,frozen_ego_fault,4.1000000000000005,radar,4,14.677982249667695,False
moving_line,42,frozen_ego_fault,4.1000000000000005,camera,2,2.603515990102155,True
moving_line,42,frozen_ego_fault,4.2,radar,4,4.388484701195971,True
moving_line,42,frozen_ego_fault,4.2,camera,2,0.21898991898819367,True
moving_line,42,frozen_ego_fault,4.3,radar,4,0.2757827074868696,True
moving_line,42,frozen_ego_fault,4.3,camera,2,0.2922728802527858,True
moving_line,42,frozen_ego_fault,4.4,radar,4,2.4318198490758145,True
moving_line,42,frozen_ego_fault,4.4,camera,2,0.4786500538582049,True
moving_line,42,frozen_ego_fault,4.5,radar,4,4.374105871282754,True
moving_line,42,frozen_ego_fault,4.5,camera,2,1.4383836190986716,True
moving_line,42,frozen_ego_fault,4.6000000000000005,radar,4,3.041025945224068,True
moving_line,42,frozen_ego_fault,4.6000000000000005,camera,2,1.2943284041591396,True
moving_line,42,frozen_ego_fault,4.7,radar,4,2.9322062522233754,True
moving_line,42,frozen_ego_fault,4.7,camera,2,1.0147052890577646,True
moving_line,42,frozen_ego_fault,4.800000000000001,radar,4,0.03017670032861569,True
moving_line,42,frozen_ego_fault,4.800000000000001,camera,2,2.4244745304549644,True
moving_line,42,frozen_ego_fault,4.9,radar,4,0.773438895424032,True
moving_line,42,frozen_ego_fault,4.9,camera,2,7.724289317256128,True
moving_line,42,frozen_ego_fault,5.0,radar,4,5.448096438057369,True
moving_line,42,frozen_ego_fault,5.0,camera,2,0.025849187880488816,True
moving_line,42,frozen_ego_fault,5.1000000000000005,radar,4,4.744843687616859,True
moving_line,42,frozen_ego_fault,5.1000000000000005,camera,2,2.7436285301150383,True
moving_line,42,frozen_ego_fault,5.2,radar,4,3.973539386675577,True
moving_line,42,frozen_ego_fault,5.2,camera,2,0.07096276392979782,True
moving_line,42,frozen_ego_fault,5.300000000000001,radar,4,2.668285211784201,True
moving_line,42,frozen_ego_fault,5.300000000000001,camera,2,1.548643311144547,True
moving_line,42,frozen_ego_fault,5.4,radar,4,5.323612085658658,True
moving_line,42,frozen_ego_fault,5.4,camera,2,3.018819895602901,True
moving_line,42,frozen_ego_fault,5.5,radar,4,3.000489760780744,True
moving_line,42,frozen_ego_fault,5.5,camera,2,1.1292223049539187,True
moving_line,42,frozen_ego_fault,5.6000000000000005,radar,4,2.713154704550165,True
moving_line,42,frozen_ego_fault,5.6000000000000005,camera,2,3.9104660226811787,True
moving_line,42,frozen_ego_fault,5.7,radar,4,6.199636016381963,True
moving_line,42,frozen_ego_fault,5.7,camera,2,0.331589437013971,True
moving_line,42,frozen_ego_fault,5.800000000000001,radar,4,4.950067281072226,True
moving_line,42,frozen_ego_fault,5.800000000000001,camera,2,0.2652355462522718,True
moving_line,42,frozen_ego_fault,5.9,radar,4,0.9026242459234396,True
moving_line,42,frozen_ego_fault,5.9,camera,2,0.4310157477337165,True
moving_line,42,frozen_ego_fault,6.0,radar,4,1.8136123093908885,True
moving_line,42,frozen_ego_fault,6.0,camera,2,0.9832873410658731,True
moving_line,42,frozen_ego_fault,6.1000000000000005,radar,4,2.568441642610942,True
moving_line,42,frozen_ego_fault,6.1000000000000005,camera,2,0.26517167452133483,True
moving_line,42,frozen_ego_fault,6.2,radar,4,7.618258800733814,True
moving_line,42,frozen_ego_fault,6.2,camera,2,5.892504464065198,True
moving_line,42,frozen_ego_fault,6.300000000000001,radar,4,3.4660499043020843,True
moving_line,42,frozen_ego_fault,6.300000000000001,camera,2,2.014803456630167,True
moving_line,42,frozen_ego_fault,6.4,radar,4,3.8909144512792597,True
moving_line,42,frozen_ego_fault,6.4,camera,2,0.5346116681580336,True
moving_line,42,frozen_ego_fault,6.5,radar,4,6.435062955823221,True
moving_line,42,frozen_ego_fault,6.5,camera,2,1.9493952720811745,True
moving_line,42,frozen_ego_fault,6.6000000000000005,radar,4,1.7911501781621069,True
moving_line,42,frozen_ego_fault,6.6000000000000005,camera,2,1.0865475045108077,True
moving_line,42,frozen_ego_fault,6.7,radar,4,1.067158532019113,True
moving_line,42,frozen_ego_fault,6.7,camera,2,1.2316490881936566,True
moving_line,42,frozen_ego_fault,6.800000000000001,radar,4,11.507967921954302,True
moving_line,42,frozen_ego_fault,6.800000000000001,camera,2,1.1636361417653225,True
moving_line,42,frozen_ego_fault,6.9,radar,4,4.023443353435882,True
moving_line,42,frozen_ego_fault,6.9,camera,2,0.38164890938499274,True
moving_line,42,frozen_ego_fault,7.0,radar,4,2.077957375799403,True
moving_line,42,frozen_ego_fault,7.0,camera,2,2.506309186566327,True
moving_line,42,frozen_ego_fault,7.1000000000000005,radar,4,5.2011090330216065,True
moving_line,42,frozen_ego_fault,7.1000000000000005,camera,2,0.9079578553996287,True
moving_line,42,frozen_ego_fault,7.2,radar,4,3.5613088955916603,True
moving_line,42,frozen_ego_fault,7.2,camera,2,2.0697426494331044,True
moving_line,42,frozen_ego_fault,7.300000000000001,radar,4,1.21355743692558,True
moving_line,42,frozen_ego_fault,7.300000000000001,camera,2,1.4556758144722535,True
moving_line,42,frozen_ego_fault,7.4,radar,4,1.9078519851996707,True
moving_line,42,frozen_ego_fault,7.4,camera,2,0.8468304175877293,True
moving_line,42,frozen_ego_fault,7.5,radar,4,9.681695475631994,True
moving_line,42,frozen_ego_fault,7.5,camera,2,0.07504840637325154,True
moving_line,42,frozen_ego_fault,7.6000000000000005,radar,4,1.846366947973701,True
moving_line,42,frozen_ego_fault,7.6000000000000005,camera,2,0.6960856653398568,True
moving_line,42,frozen_ego_fault,7.7,radar,4,3.761291740312972,True
moving_line,42,frozen_ego_fault,7.7,camera,2,3.6027685403193823,True
moving_line,42,frozen_ego_fault,7.800000000000001,radar,4,2.522115216029113,True
moving_line,42,frozen_ego_fault,7.800000000000001,camera,2,0.5339631491331425,True
moving_line,42,frozen_ego_fault,7.9,radar,4,3.498782360337602,True
moving_line,42,frozen_ego_fault,7.9,camera,2,2.250940256801817,True
moving_line,42,frozen_ego_fault,8.0,radar,4,2.809355754533582,True
moving_line,42,frozen_ego_fault,8.0,camera,2,2.0107535802686045,True
moving_line,42,frozen_ego_fault,8.1,radar,4,1.6493933194965276,True
moving_line,42,frozen_ego_fault,8.1,camera,2,0.5357293518190535,True
moving_line,42,frozen_ego_fault,8.200000000000001,radar,4,1.1102491727381192,True
moving_line,42,frozen_ego_fault,8.200000000000001,camera,2,5.163189504159733,True
moving_line,42,frozen_ego_fault,8.3,radar,4,6.852085476678507,True
moving_line,42,frozen_ego_fault,8.3,camera,2,1.5879452224049075,True
moving_line,42,frozen_ego_fault,8.4,radar,4,11.664230174957039,True
moving_line,42,frozen_ego_fault,8.4,camera,2,1.1128720098263323,True
moving_line,42,frozen_ego_fault,8.5,radar,4,1.1284651867933502,True
moving_line,42,frozen_ego_fault,8.5,camera,2,1.8820217060497901,True
moving_line,42,frozen_ego_fault,8.6,radar,4,4.88922056547648,True
moving_line,42,frozen_ego_fault,8.6,camera,2,0.5693668142294686,True
moving_line,42,frozen_ego_fault,8.700000000000001,radar,4,5.547282432089525,True
moving_line,42,frozen_ego_fault,8.700000000000001,camera,2,2.9921311557234613,True
moving_line,42,frozen_ego_fault,8.8,radar,4,3.0487088343462894,True
moving_line,42,frozen_ego_fault,8.8,camera,2,0.9033548254399338,True
moving_line,42,frozen_ego_fault,8.9,radar,4,2.9478627711939924,True
moving_line,42,frozen_ego_fault,8.9,camera,2,5.0802362358707915,True
moving_line,42,frozen_ego_fault,9.0,radar,4,2.3365420194700204,True
moving_line,42,frozen_ego_fault,9.0,camera,2,0.15327769604020902,True
moving_line,42,frozen_ego_fault,9.1,radar,4,1.391236346737626,True
moving_line,42,frozen_ego_fault,9.1,camera,2,1.0927284857761985,True
moving_line,42,frozen_ego_fault,9.200000000000001,radar,4,3.8620034464399744,True
moving_line,42,frozen_ego_fault,9.200000000000001,camera,2,1.0626308732353753,True
moving_line,42,frozen_ego_fault,9.3,radar,4,1.9494528596805893,True
moving_line,42,frozen_ego_fault,9.3,camera,2,0.099615091564253,True
moving_line,42,frozen_ego_fault,9.4,radar,4,2.6753862994380078,True
moving_line,42,frozen_ego_fault,9.4,camera,2,0.46410906106907057,True
moving_line,42,frozen_ego_fault,9.5,radar,4,2.210830091825036,True
moving_line,42,frozen_ego_fault,9.5,camera,2,1.0664375517693871,True
moving_line,42,frozen_ego_fault,9.600000000000001,radar,4,3.444775128423397,True
moving_line,42,frozen_ego_fault,9.600000000000001,camera,2,5.835115525579528,True
moving_line,42,frozen_ego_fault,9.700000000000001,radar,4,4.963850487240889,True
moving_line,42,frozen_ego_fault,9.700000000000001,camera,2,0.29715789596636083,True
moving_line,42,frozen_ego_fault,9.8,radar,4,3.8176000879085668,True
moving_line,42,frozen_ego_fault,9.8,camera,2,4.019199706789018,True
moving_line,42,frozen_ego_fault,9.9,radar,4,2.1196081397114392,True
moving_line,42,frozen_ego_fault,9.9,camera,2,0.08625286540755879,True
moving_line,42,frozen_ego_fault,10.0,radar,4,3.5524962476526576,True
moving_line,42,frozen_ego_fault,10.0,camera,2,4.156631599826828,True
moving_line,42,frozen_ego_fault,10.100000000000001,radar,4,3.9596723538533767,True
moving_line,42,frozen_ego_fault,10.100000000000001,camera,2,2.135611876592167,True
moving_line,42,frozen_ego_fault,10.200000000000001,radar,4,3.9793744000685485,True
moving_line,42,frozen_ego_fault,10.200000000000001,camera,2,0.35783571443962975,True
moving_line,42,frozen_ego_fault,10.3,radar,4,0.953533475900175,True
moving_line,42,frozen_ego_fault,10.3,camera,2,0.45842776538643926,True
moving_line,42,frozen_ego_fault,10.4,radar,4,3.0795777547903764,True
moving_line,42,frozen_ego_fault,10.4,camera,2,5.154543673117181,True
moving_line,42,frozen_ego_fault,10.5,radar,4,9.715719579505238,True
moving_line,42,frozen_ego_fault,10.5,camera,2,0.379668431814711,True
moving_line,42,frozen_ego_fault,10.600000000000001,radar,4,3.3647343302355646,True
moving_line,42,frozen_ego_fault,10.600000000000001,camera,2,2.607269661420818,True
moving_line,42,frozen_ego_fault,10.700000000000001,radar,4,4.1074297088064124,True
moving_line,42,frozen_ego_fault,10.700000000000001,camera,2,2.641071270972266,True
moving_line,42,frozen_ego_fault,10.8,radar,4,3.4482808111771677,True
moving_line,42,frozen_ego_fault,10.8,camera,2,2.4959204280015097,True
moving_line,42,frozen_ego_fault,10.9,radar,4,0.8046965242938177,True
moving_line,42,frozen_ego_fault,10.9,camera,2,0.3355556884057639,True
moving_line,42,frozen_ego_fault,11.0,radar,4,3.861697410386337,True
moving_line,42,frozen_ego_fault,11.0,camera,2,1.9525956247444476,True
moving_line,42,frozen_ego_fault,11.100000000000001,radar,4,10.373202303628087,True
moving_line,42,frozen_ego_fault,11.100000000000001,camera,2,0.8761138295953731,True
moving_line,42,frozen_ego_fault,11.200000000000001,radar,4,2.5251946326119525,True
moving_line,42,frozen_ego_fault,11.200000000000001,camera,2,1.5291513141716016,True
moving_line,42,frozen_ego_fault,11.3,radar,4,2.358542469437468,True
moving_line,42,frozen_ego_fault,11.3,camera,2,0.299779341485381,True
moving_line,42,frozen_ego_fault,11.4,radar,4,3.7012050724361334,True
moving_line,42,frozen_ego_fault,11.4,camera,2,2.781423796109458,True
moving_line,42,frozen_ego_fault,11.5,radar,4,6.743848447097799,True
moving_line,42,frozen_ego_fault,11.5,camera,2,1.9085461915291366,True
moving_line,42,frozen_ego_fault,11.600000000000001,radar,4,5.335245709456725,True
moving_line,42,frozen_ego_fault,11.600000000000001,camera,2,0.5300339418579548,True
moving_line,42,frozen_ego_fault,11.700000000000001,radar,4,3.0938736926104635,True
moving_line,42,frozen_ego_fault,11.700000000000001,camera,2,1.3714346848953798,True
moving_line,42,frozen_ego_fault,11.8,radar,4,1.0193465637278132,True
moving_line,42,frozen_ego_fault,11.8,camera,2,0.4671997081148892,True
moving_line,42,frozen_ego_fault,11.9,radar,4,4.2077402388171015,True
moving_line,42,frozen_ego_fault,11.9,camera,2,0.8369293371477967,True
moving_line,42,frozen_ego_fault,12.0,radar,4,9.27013903058282,True
moving_line,42,frozen_ego_fault,12.0,camera,2,2.05714112087178,True
moving_line,43,v15_position_adapter,0.1,radar_xyz,3,2.1214256589957894,True
moving_line,43,v15_position_adapter,0.2,radar_xyz,3,0.14981059427685606,True
moving_line,43,v15_position_adapter,0.30000000000000004,radar_xyz,3,3.2227051762815493,True
moving_line,43,v15_position_adapter,0.4,radar_xyz,3,0.8342652526004548,True
moving_line,43,v15_position_adapter,0.5,radar_xyz,3,8.735228185094787,True
moving_line,43,v15_position_adapter,0.6000000000000001,radar_xyz,3,0.8367446308347442,True
moving_line,43,v15_position_adapter,0.7000000000000001,radar_xyz,3,4.752938408323035,True
moving_line,43,v15_position_adapter,0.8,radar_xyz,3,1.1995383511519977,True
moving_line,43,v15_position_adapter,0.9,radar_xyz,3,5.620192057659105,True
moving_line,43,v15_position_adapter,1.0,radar_xyz,3,1.488268506151476,True
moving_line,43,v15_position_adapter,1.1,radar_xyz,3,3.27268844934061,True
moving_line,43,v15_position_adapter,1.2000000000000002,radar_xyz,3,1.9786869866246444,True
moving_line,43,v15_position_adapter,1.3,radar_xyz,3,11.01970482267645,True
moving_line,43,v15_position_adapter,1.4000000000000001,radar_xyz,3,1.8999832500971532,True
moving_line,43,v15_position_adapter,1.5,radar_xyz,3,12.49100527468844,True
moving_line,43,v15_position_adapter,1.6,radar_xyz,3,2.3293200682095705,True
moving_line,43,v15_position_adapter,1.7000000000000002,radar_xyz,3,1.5409089462819632,True
moving_line,43,v15_position_adapter,1.8,radar_xyz,3,0.4637926382458176,True
moving_line,43,v15_position_adapter,1.9000000000000001,radar_xyz,3,1.175222398675162,True
moving_line,43,v15_position_adapter,2.0,radar_xyz,3,2.2535003014112176,True
moving_line,43,v15_position_adapter,2.1,radar_xyz,3,0.4106503061084944,True
moving_line,43,v15_position_adapter,2.2,radar_xyz,3,0.88686585456545,True
moving_line,43,v15_position_adapter,2.3000000000000003,radar_xyz,3,0.23849850272090561,True
moving_line,43,v15_position_adapter,2.4000000000000004,radar_xyz,3,1.8019572205063104,True
moving_line,43,v15_position_adapter,2.5,radar_xyz,3,5.051275237411871,True
moving_line,43,v15_position_adapter,2.6,radar_xyz,3,14.977870767732938,True
moving_line,43,v15_position_adapter,2.7,radar_xyz,3,2.5339681783104178,True
moving_line,43,v15_position_adapter,2.8000000000000003,radar_xyz,3,1.2194533660384281,True
moving_line,43,v15_position_adapter,2.9000000000000004,radar_xyz,3,2.333391011905881,True
moving_line,43,v15_position_adapter,3.0,radar_xyz,3,0.33785864857099807,True
moving_line,43,v15_position_adapter,3.1,radar_xyz,3,3.06628718459404,True
moving_line,43,v15_position_adapter,3.2,radar_xyz,3,1.1136217263828123,True
moving_line,43,v15_position_adapter,3.3000000000000003,radar_xyz,3,3.932216263327684,True
moving_line,43,v15_position_adapter,3.4000000000000004,radar_xyz,3,3.1799470196737145,True
moving_line,43,v15_position_adapter,3.5,radar_xyz,3,1.076360798785845,True
moving_line,43,v15_position_adapter,3.6,radar_xyz,3,3.0509710685896057,True
moving_line,43,v15_position_adapter,3.7,radar_xyz,3,4.358468906317848,True
moving_line,43,v15_position_adapter,3.8000000000000003,radar_xyz,3,1.508115455102432,True
moving_line,43,v15_position_adapter,3.9000000000000004,radar_xyz,3,0.5127241986621294,True
moving_line,43,v15_position_adapter,4.0,radar_xyz,3,2.8998407342399313,True
moving_line,43,v15_position_adapter,4.1000000000000005,radar_xyz,3,0.2409458539213473,True
moving_line,43,v15_position_adapter,4.2,radar_xyz,3,4.470512719230678,True
moving_line,43,v15_position_adapter,4.3,radar_xyz,3,1.46411769559104,True
moving_line,43,v15_position_adapter,4.4,radar_xyz,3,1.2371481434748202,True
moving_line,43,v15_position_adapter,4.5,radar_xyz,3,0.8895093479776858,True
moving_line,43,v15_position_adapter,4.6000000000000005,radar_xyz,3,1.6086355625214086,True
moving_line,43,v15_position_adapter,4.7,radar_xyz,3,0.27162173847527027,True
moving_line,43,v15_position_adapter,4.800000000000001,radar_xyz,3,0.29016212231822713,True
moving_line,43,v15_position_adapter,4.9,radar_xyz,3,1.5787941548260256,True
moving_line,43,v15_position_adapter,5.0,radar_xyz,3,1.92730896986047,True
moving_line,43,v15_position_adapter,5.1000000000000005,radar_xyz,3,3.7534572765058236,True
moving_line,43,v15_position_adapter,5.2,radar_xyz,3,2.612292609502793,True
moving_line,43,v15_position_adapter,5.300000000000001,radar_xyz,3,2.6494778094279425,True
moving_line,43,v15_position_adapter,5.4,radar_xyz,3,1.5514110859727246,True
moving_line,43,v15_position_adapter,5.5,radar_xyz,3,1.5373365914368324,True
moving_line,43,v15_position_adapter,5.6000000000000005,radar_xyz,3,0.3781594241994432,True
moving_line,43,v15_position_adapter,5.7,radar_xyz,3,4.235037596168282,True
moving_line,43,v15_position_adapter,5.800000000000001,radar_xyz,3,1.647378464178694,True
moving_line,43,v15_position_adapter,5.9,radar_xyz,3,0.450853791961189,True
moving_line,43,v15_position_adapter,6.0,radar_xyz,3,2.8665607239901054,True
moving_line,43,v15_position_adapter,6.1000000000000005,radar_xyz,3,4.565547941142477,True
moving_line,43,v15_position_adapter,6.2,radar_xyz,3,3.6968006282292216,True
moving_line,43,v15_position_adapter,6.300000000000001,radar_xyz,3,3.1932956369869414,True
moving_line,43,v15_position_adapter,6.4,radar_xyz,3,4.735516751490998,True
moving_line,43,v15_position_adapter,6.5,radar_xyz,3,0.31747165590713355,True
moving_line,43,v15_position_adapter,6.6000000000000005,radar_xyz,3,1.9320685879880353,True
moving_line,43,v15_position_adapter,6.7,radar_xyz,3,6.552708606783975,True
moving_line,43,v15_position_adapter,6.800000000000001,radar_xyz,3,1.4337427981079183,True
moving_line,43,v15_position_adapter,6.9,radar_xyz,3,1.369245142162122,True
moving_line,43,v15_position_adapter,7.0,radar_xyz,3,3.829236842250833,True
moving_line,43,v15_position_adapter,7.1000000000000005,radar_xyz,3,2.945720929661543,True
moving_line,43,v15_position_adapter,7.2,radar_xyz,3,1.0290047490593723,True
moving_line,43,v15_position_adapter,7.300000000000001,radar_xyz,3,1.1524218488533045,True
moving_line,43,v15_position_adapter,7.4,radar_xyz,3,2.201036735123213,True
moving_line,43,v15_position_adapter,7.5,radar_xyz,3,0.925741181351427,True
moving_line,43,v15_position_adapter,7.6000000000000005,radar_xyz,3,7.688804807479055,True
moving_line,43,v15_position_adapter,7.7,radar_xyz,3,8.294593128140495,True
moving_line,43,v15_position_adapter,7.800000000000001,radar_xyz,3,0.442447766925848,True
moving_line,43,v15_position_adapter,7.9,radar_xyz,3,3.268928262340633,True
moving_line,43,v15_position_adapter,8.0,radar_xyz,3,1.4685398264205978,True
moving_line,43,v15_position_adapter,8.1,radar_xyz,3,1.5261100912741903,True
moving_line,43,v15_position_adapter,8.200000000000001,radar_xyz,3,1.9390486835822653,True
moving_line,43,v15_position_adapter,8.3,radar_xyz,3,1.8448644902361002,True
moving_line,43,v15_position_adapter,8.4,radar_xyz,3,3.7729109696667233,True
moving_line,43,v15_position_adapter,8.5,radar_xyz,3,0.20708526419608944,True
moving_line,43,v15_position_adapter,8.6,radar_xyz,3,3.4721305185801383,True
moving_line,43,v15_position_adapter,8.700000000000001,radar_xyz,3,0.5487502704365944,True
moving_line,43,v15_position_adapter,8.8,radar_xyz,3,2.6278563767659073,True
moving_line,43,v15_position_adapter,8.9,radar_xyz,3,2.8280545701745217,True
moving_line,43,v15_position_adapter,9.0,radar_xyz,3,4.648090805594867,True
moving_line,43,v15_position_adapter,9.1,radar_xyz,3,1.5375654776417893,True
moving_line,43,v15_position_adapter,9.200000000000001,radar_xyz,3,6.297671754710031,True
moving_line,43,v15_position_adapter,9.3,radar_xyz,3,2.6384806717219194,True
moving_line,43,v15_position_adapter,9.4,radar_xyz,3,3.688632590222752,True
moving_line,43,v15_position_adapter,9.5,radar_xyz,3,1.6051808148274898,True
moving_line,43,v15_position_adapter,9.600000000000001,radar_xyz,3,0.9272134855328471,True
moving_line,43,v15_position_adapter,9.700000000000001,radar_xyz,3,2.2212424482675304,True
moving_line,43,v15_position_adapter,9.8,radar_xyz,3,0.4155636183786917,True
moving_line,43,v15_position_adapter,9.9,radar_xyz,3,3.309501653961955,True
moving_line,43,v15_position_adapter,10.0,radar_xyz,3,3.8112690119825325,True
moving_line,43,v15_position_adapter,10.100000000000001,radar_xyz,3,6.4170367023221155,True
moving_line,43,v15_position_adapter,10.200000000000001,radar_xyz,3,0.6875233043306498,True
moving_line,43,v15_position_adapter,10.3,radar_xyz,3,4.943890126317587,True
moving_line,43,v15_position_adapter,10.4,radar_xyz,3,0.13715989574045323,True
moving_line,43,v15_position_adapter,10.5,radar_xyz,3,1.30318986834952,True
moving_line,43,v15_position_adapter,10.600000000000001,radar_xyz,3,2.4483622680969654,True
moving_line,43,v15_position_adapter,10.700000000000001,radar_xyz,3,6.970563732275358,True
moving_line,43,v15_position_adapter,10.8,radar_xyz,3,9.011132874028002,True
moving_line,43,v15_position_adapter,10.9,radar_xyz,3,5.623953226843608,True
moving_line,43,v15_position_adapter,11.0,radar_xyz,3,6.759257156591028,True
moving_line,43,v15_position_adapter,11.100000000000001,radar_xyz,3,0.9922931884615106,True
moving_line,43,v15_position_adapter,11.200000000000001,radar_xyz,3,0.746447490373211,True
moving_line,43,v15_position_adapter,11.3,radar_xyz,3,5.282627520286789,True
moving_line,43,v15_position_adapter,11.4,radar_xyz,3,1.594899162290935,True
moving_line,43,v15_position_adapter,11.5,radar_xyz,3,1.067583664985245,True
moving_line,43,v15_position_adapter,11.600000000000001,radar_xyz,3,5.962584568257689,True
moving_line,43,v15_position_adapter,11.700000000000001,radar_xyz,3,6.934880226758683,True
moving_line,43,v15_position_adapter,11.8,radar_xyz,3,3.421969119372507,True
moving_line,43,v15_position_adapter,11.9,radar_xyz,3,2.3878688377308857,True
moving_line,43,v15_position_adapter,12.0,radar_xyz,3,6.34977772876887,True
moving_line,43,v2_radar,0.1,radar,4,2.153189339106742,True
moving_line,43,v2_radar,0.2,radar,4,0.5673190731494016,True
moving_line,43,v2_radar,0.30000000000000004,radar,4,3.0874927915890193,True
moving_line,43,v2_radar,0.4,radar,4,3.0997771732458768,True
moving_line,43,v2_radar,0.5,radar,4,6.898526559746517,True
moving_line,43,v2_radar,0.6000000000000001,radar,4,2.1549598576105846,True
moving_line,43,v2_radar,0.7000000000000001,radar,4,4.1588911713305485,True
moving_line,43,v2_radar,0.8,radar,4,1.2106871504162033,True
moving_line,43,v2_radar,0.9,radar,4,5.379585132667714,True
moving_line,43,v2_radar,1.0,radar,4,2.854901890682524,True
moving_line,43,v2_radar,1.1,radar,4,4.020849583693598,True
moving_line,43,v2_radar,1.2000000000000002,radar,4,2.6448215574916745,True
moving_line,43,v2_radar,1.3,radar,4,8.767700133274442,True
moving_line,43,v2_radar,1.4000000000000001,radar,4,1.8352083128266916,True
moving_line,43,v2_radar,1.5,radar,4,13.346547288768905,False
moving_line,43,v2_radar,1.6,radar,4,5.867934013543021,True
moving_line,43,v2_radar,1.7000000000000002,radar,4,7.369076788448571,True
moving_line,43,v2_radar,1.8,radar,4,1.622814505689908,True
moving_line,43,v2_radar,1.9000000000000001,radar,4,2.211944424882177,True
moving_line,43,v2_radar,2.0,radar,4,4.125067659127043,True
moving_line,43,v2_radar,2.1,radar,4,2.2107250641547385,True
moving_line,43,v2_radar,2.2,radar,4,1.8150168733906695,True
moving_line,43,v2_radar,2.3000000000000003,radar,4,0.6132992196792808,True
moving_line,43,v2_radar,2.4000000000000004,radar,4,4.005028358097481,True
moving_line,43,v2_radar,2.5,radar,4,3.644106334417863,True
moving_line,43,v2_radar,2.6,radar,4,16.229819585833344,False
moving_line,43,v2_radar,2.7,radar,4,3.6838354129829733,True
moving_line,43,v2_radar,2.8000000000000003,radar,4,6.017948417307321,True
moving_line,43,v2_radar,2.9000000000000004,radar,4,3.2497145011740303,True
moving_line,43,v2_radar,3.0,radar,4,0.8106976893690754,True
moving_line,43,v2_radar,3.1,radar,4,4.23777759200641,True
moving_line,43,v2_radar,3.2,radar,4,1.8761865181299562,True
moving_line,43,v2_radar,3.3000000000000003,radar,4,3.767450819601723,True
moving_line,43,v2_radar,3.4000000000000004,radar,4,3.327032986674454,True
moving_line,43,v2_radar,3.5,radar,4,2.1785604356738144,True
moving_line,43,v2_radar,3.6,radar,4,2.3653360076862358,True
moving_line,43,v2_radar,3.7,radar,4,5.689430912931773,True
moving_line,43,v2_radar,3.8000000000000003,radar,4,1.0052828799489755,True
moving_line,43,v2_radar,3.9000000000000004,radar,4,1.789616171990291,True
moving_line,43,v2_radar,4.0,radar,4,4.1952016053367736,True
moving_line,43,v2_radar,4.1000000000000005,radar,4,0.7016857911750154,True
moving_line,43,v2_radar,4.2,radar,4,3.6520113205942564,True
moving_line,43,v2_radar,4.3,radar,4,1.3059429358880212,True
moving_line,43,v2_radar,4.4,radar,4,2.5796771569417847,True
moving_line,43,v2_radar,4.5,radar,4,0.9224237417463014,True
moving_line,43,v2_radar,4.6000000000000005,radar,4,1.6120257437579957,True
moving_line,43,v2_radar,4.7,radar,4,2.7977813115260224,True
moving_line,43,v2_radar,4.800000000000001,radar,4,0.5354952056931428,True
moving_line,43,v2_radar,4.9,radar,4,1.4609181749477644,True
moving_line,43,v2_radar,5.0,radar,4,2.008369420855824,True
moving_line,43,v2_radar,5.1000000000000005,radar,4,4.258310747049509,True
moving_line,43,v2_radar,5.2,radar,4,2.53507159062435,True
moving_line,43,v2_radar,5.300000000000001,radar,4,3.2969215949667507,True
moving_line,43,v2_radar,5.4,radar,4,1.950029475491561,True
moving_line,43,v2_radar,5.5,radar,4,1.6472502148558275,True
moving_line,43,v2_radar,5.6000000000000005,radar,4,0.3425966352064019,True
moving_line,43,v2_radar,5.7,radar,4,4.7145291980730315,True
moving_line,43,v2_radar,5.800000000000001,radar,4,2.6412397266621275,True
moving_line,43,v2_radar,5.9,radar,4,0.8240379697840081,True
moving_line,43,v2_radar,6.0,radar,4,2.674174878387838,True
moving_line,43,v2_radar,6.1000000000000005,radar,4,3.6626296968092915,True
moving_line,43,v2_radar,6.2,radar,4,3.6192436834550663,True
moving_line,43,v2_radar,6.300000000000001,radar,4,4.225503949665004,True
moving_line,43,v2_radar,6.4,radar,4,5.6878990820101,True
moving_line,43,v2_radar,6.5,radar,4,1.775974484333651,True
moving_line,43,v2_radar,6.6000000000000005,radar,4,2.2613809914951557,True
moving_line,43,v2_radar,6.7,radar,4,7.03136500359814,True
moving_line,43,v2_radar,6.800000000000001,radar,4,2.1769573159600766,True
moving_line,43,v2_radar,6.9,radar,4,2.840128395647287,True
moving_line,43,v2_radar,7.0,radar,4,5.704821350321454,True
moving_line,43,v2_radar,7.1000000000000005,radar,4,3.4394524921441176,True
moving_line,43,v2_radar,7.2,radar,4,1.8102169677378241,True
moving_line,43,v2_radar,7.300000000000001,radar,4,2.278264804809378,True
moving_line,43,v2_radar,7.4,radar,4,3.916736753141431,True
moving_line,43,v2_radar,7.5,radar,4,3.4428839995554554,True
moving_line,43,v2_radar,7.6000000000000005,radar,4,6.864445627756594,True
moving_line,43,v2_radar,7.7,radar,4,7.8044702930871095,True
moving_line,43,v2_radar,7.800000000000001,radar,4,0.7090775359072475,True
moving_line,43,v2_radar,7.9,radar,4,4.768202502103452,True
moving_line,43,v2_radar,8.0,radar,4,1.560417125084813,True
moving_line,43,v2_radar,8.1,radar,4,1.5397432026283364,True
moving_line,43,v2_radar,8.200000000000001,radar,4,2.1213367889473944,True
moving_line,43,v2_radar,8.3,radar,4,1.6883997012856438,True
moving_line,43,v2_radar,8.4,radar,4,3.8809075868774547,True
moving_line,43,v2_radar,8.5,radar,4,1.4269920548892827,True
moving_line,43,v2_radar,8.6,radar,4,5.113393767944546,True
moving_line,43,v2_radar,8.700000000000001,radar,4,0.5526305297180423,True
moving_line,43,v2_radar,8.8,radar,4,2.6169229925589095,True
moving_line,43,v2_radar,8.9,radar,4,4.75282328778904,True
moving_line,43,v2_radar,9.0,radar,4,5.8217689549631935,True
moving_line,43,v2_radar,9.1,radar,4,1.6448085753555453,True
moving_line,43,v2_radar,9.200000000000001,radar,4,8.813425800116253,True
moving_line,43,v2_radar,9.3,radar,4,4.357613785284221,True
moving_line,43,v2_radar,9.4,radar,4,5.216893545183635,True
moving_line,43,v2_radar,9.5,radar,4,2.7444165329705705,True
moving_line,43,v2_radar,9.600000000000001,radar,4,1.59207405671918,True
moving_line,43,v2_radar,9.700000000000001,radar,4,1.9326423659941294,True
moving_line,43,v2_radar,9.8,radar,4,0.5479593668990004,True
moving_line,43,v2_radar,9.9,radar,4,3.777850294018595,True
moving_line,43,v2_radar,10.0,radar,4,4.700757763182582,True
moving_line,43,v2_radar,10.100000000000001,radar,4,6.746459784674587,True
moving_line,43,v2_radar,10.200000000000001,radar,4,0.780336636749014,True
moving_line,43,v2_radar,10.3,radar,4,4.978830987363701,True
moving_line,43,v2_radar,10.4,radar,4,0.5478655444592853,True
moving_line,43,v2_radar,10.5,radar,4,2.3360242420497626,True
moving_line,43,v2_radar,10.600000000000001,radar,4,2.7398201452964086,True
moving_line,43,v2_radar,10.700000000000001,radar,4,10.642262187899902,True
moving_line,43,v2_radar,10.8,radar,4,7.557892470575984,True
moving_line,43,v2_radar,10.9,radar,4,7.132525769615078,True
moving_line,43,v2_radar,11.0,radar,4,7.042386133340616,True
moving_line,43,v2_radar,11.100000000000001,radar,4,1.3491644665467946,True
moving_line,43,v2_radar,11.200000000000001,radar,4,0.14097675746241187,True
moving_line,43,v2_radar,11.3,radar,4,6.329582678785205,True
moving_line,43,v2_radar,11.4,radar,4,1.3985584284845127,True
moving_line,43,v2_radar,11.5,radar,4,1.9534461156430463,True
moving_line,43,v2_radar,11.600000000000001,radar,4,5.485400479527892,True
moving_line,43,v2_radar,11.700000000000001,radar,4,8.054698419268943,True
moving_line,43,v2_radar,11.8,radar,4,4.9012442746762535,True
moving_line,43,v2_radar,11.9,radar,4,3.5324270434673006,True
moving_line,43,v2_radar,12.0,radar,4,7.527297886095242,True
moving_line,43,v2_range_rate_camera,0.0,camera,2,1.623434829825611,True
moving_line,43,v2_range_rate_camera,0.1,radar,2,0.045355641870348753,True
moving_line,43,v2_range_rate_camera,0.1,camera,2,0.9850542938539573,True
moving_line,43,v2_range_rate_camera,0.2,radar,2,0.6093629600830937,True
moving_line,43,v2_range_rate_camera,0.2,camera,2,2.523235045457877,True
moving_line,43,v2_range_rate_camera,0.30000000000000004,radar,2,0.08960657959569089,True
moving_line,43,v2_range_rate_camera,0.30000000000000004,camera,2,1.471343465443083,True
moving_line,43,v2_range_rate_camera,0.4,radar,2,3.052155808584299,True
moving_line,43,v2_range_rate_camera,0.4,camera,2,2.32593763637544,True
moving_line,43,v2_range_rate_camera,0.5,radar,2,1.0196948129358512,True
moving_line,43,v2_range_rate_camera,0.5,camera,2,0.42526681947248723,True
moving_line,43,v2_range_rate_camera,0.6000000000000001,radar,2,1.8893823560894754,True
moving_line,43,v2_range_rate_camera,0.6000000000000001,camera,2,1.246060628564997,True
moving_line,43,v2_range_rate_camera,0.7000000000000001,radar,2,2.15951518615696,True
moving_line,43,v2_range_rate_camera,0.7000000000000001,camera,2,3.571996053405926,True
moving_line,43,v2_range_rate_camera,0.8,radar,2,0.9854788516608882,True
moving_line,43,v2_range_rate_camera,0.8,camera,2,1.1459892318789549,True
moving_line,43,v2_range_rate_camera,0.9,radar,2,0.2713545886385241,True
moving_line,43,v2_range_rate_camera,0.9,camera,2,0.2860621956133276,True
moving_line,43,v2_range_rate_camera,1.0,radar,2,2.493185900438325,True
moving_line,43,v2_range_rate_camera,1.0,camera,2,0.6240026537162283,True
moving_line,43,v2_range_rate_camera,1.1,radar,2,0.6675876199293355,True
moving_line,43,v2_range_rate_camera,1.1,camera,2,1.6174589600554916,True
moving_line,43,v2_range_rate_camera,1.2000000000000002,radar,2,0.9040251672990394,True
moving_line,43,v2_range_rate_camera,1.2000000000000002,camera,2,0.34707574038279926,True
moving_line,43,v2_range_rate_camera,1.3,radar,2,6.470274639092673,True
moving_line,43,v2_range_rate_camera,1.3,camera,2,2.497990948974317,True
moving_line,43,v2_range_rate_camera,1.4000000000000001,radar,2,0.13507424772849802,True
moving_line,43,v2_range_rate_camera,1.4000000000000001,camera,2,3.7767808546634747,True
moving_line,43,v2_range_rate_camera,1.5,radar,2,3.476279741986132,True
moving_line,43,v2_range_rate_camera,1.5,camera,2,2.6254584196346604,True
moving_line,43,v2_range_rate_camera,1.6,radar,2,1.6102933059725342,True
moving_line,43,v2_range_rate_camera,1.6,camera,2,0.6646496118087302,True
moving_line,43,v2_range_rate_camera,1.7000000000000002,radar,2,4.28087819838419,True
moving_line,43,v2_range_rate_camera,1.7000000000000002,camera,2,2.0171413749908664,True
moving_line,43,v2_range_rate_camera,1.8,radar,2,1.2718433019465425,True
moving_line,43,v2_range_rate_camera,1.8,camera,2,3.7016367698648387,True
moving_line,43,v2_range_rate_camera,1.9000000000000001,radar,2,1.1694459597835098,True
moving_line,43,v2_range_rate_camera,1.9000000000000001,camera,2,0.6722410245703544,True
moving_line,43,v2_range_rate_camera,2.0,radar,2,1.0298132602730643,True
moving_line,43,v2_range_rate_camera,2.0,camera,2,0.6284806152276654,True
moving_line,43,v2_range_rate_camera,2.1,radar,2,2.101308186250379,True
moving_line,43,v2_range_rate_camera,2.1,camera,2,5.1473765445227455,True
moving_line,43,v2_range_rate_camera,2.2,radar,2,1.2610652956983135,True
moving_line,43,v2_range_rate_camera,2.2,camera,2,0.42810460954346446,True
moving_line,43,v2_range_rate_camera,2.3000000000000003,radar,2,0.5375963349196847,True
moving_line,43,v2_range_rate_camera,2.3000000000000003,camera,2,1.680940765111816,True
moving_line,43,v2_range_rate_camera,2.4000000000000004,radar,2,3.8831390875887464,True
moving_line,43,v2_range_rate_camera,2.4000000000000004,camera,2,1.5724100501836893,True
moving_line,43,v2_range_rate_camera,2.5,radar,2,1.1413373094160009,True
moving_line,43,v2_range_rate_camera,2.5,camera,2,0.490161766858158,True
moving_line,43,v2_range_rate_camera,2.6,radar,2,1.7210194489100825,True
moving_line,43,v2_range_rate_camera,2.6,camera,2,3.0067860943591636,True
moving_line,43,v2_range_rate_camera,2.7,radar,2,1.0788347254791049,True
moving_line,43,v2_range_rate_camera,2.7,camera,2,1.4482593362223783,True
moving_line,43,v2_range_rate_camera,2.8000000000000003,radar,2,4.213624904484424,True
moving_line,43,v2_range_rate_camera,2.8000000000000003,camera,2,7.655722286403308,True
moving_line,43,v2_range_rate_camera,2.9000000000000004,radar,2,2.0810584334976934,True
moving_line,43,v2_range_rate_camera,2.9000000000000004,camera,2,0.2681481207008087,True
moving_line,43,v2_range_rate_camera,3.0,radar,2,0.4337236966350849,True
moving_line,43,v2_range_rate_camera,3.0,camera,2,0.6006613702317006,True
moving_line,43,v2_range_rate_camera,3.1,radar,2,1.852782177194547,True
moving_line,43,v2_range_rate_camera,3.1,camera,2,2.2060752662515584,True
moving_line,43,v2_range_rate_camera,3.2,radar,2,0.5872412029184245,True
moving_line,43,v2_range_rate_camera,3.2,camera,2,3.64178115974337,True
moving_line,43,v2_range_rate_camera,3.3000000000000003,radar,2,1.6347452184641302,True
moving_line,43,v2_range_rate_camera,3.3000000000000003,camera,2,2.9399944389243085,True
moving_line,43,v2_range_rate_camera,3.4000000000000004,radar,2,1.0863878908861968,True
moving_line,43,v2_range_rate_camera,3.4000000000000004,camera,2,0.9503954930937776,True
moving_line,43,v2_range_rate_camera,3.5,radar,2,1.9967412116358711,True
moving_line,43,v2_range_rate_camera,3.5,camera,2,0.411007012429221,True
moving_line,43,v2_range_rate_camera,3.6,radar,2,1.1031671259172737,True
moving_line,43,v2_range_rate_camera,3.6,camera,2,3.0179621701675683,True
moving_line,43,v2_range_rate_camera,3.7,radar,2,5.200678625771947,True
moving_line,43,v2_range_rate_camera,3.7,camera,2,8.392437977313811,True
moving_line,43,v2_range_rate_camera,3.8000000000000003,radar,2,0.16889709638249042,True
moving_line,43,v2_range_rate_camera,3.8000000000000003,camera,2,0.05385522748194921,True
moving_line,43,v2_range_rate_camera,3.9000000000000004,radar,2,1.2941997543998984,True
moving_line,43,v2_range_rate_camera,3.9000000000000004,camera,2,2.367405107371301,True
moving_line,43,v2_range_rate_camera,4.0,radar,2,2.116853302081658,True
moving_line,43,v2_range_rate_camera,4.0,camera,2,2.9282577406607246,True
moving_line,43,v2_range_rate_camera,4.1000000000000005,radar,2,0.6144835354518643,True
moving_line,43,v2_range_rate_camera,4.1000000000000005,camera,2,4.501829592067835,True
moving_line,43,v2_range_rate_camera,4.2,radar,2,0.6601306962766529,True
moving_line,43,v2_range_rate_camera,4.2,camera,2,1.5149589118995246,True
moving_line,43,v2_range_rate_camera,4.3,radar,2,0.5017258664772354,True
moving_line,43,v2_range_rate_camera,4.3,camera,2,1.105283107108007,True
moving_line,43,v2_range_rate_camera,4.4,radar,2,1.276930756365212,True
moving_line,43,v2_range_rate_camera,4.4,camera,2,2.248919077337035,True
moving_line,43,v2_range_rate_camera,4.5,radar,2,0.07810578541027004,True
moving_line,43,v2_range_rate_camera,4.5,camera,2,0.24259721682478505,True
moving_line,43,v2_range_rate_camera,4.6000000000000005,radar,2,0.15221953137588656,True
moving_line,43,v2_range_rate_camera,4.6000000000000005,camera,2,3.076903248464706,True
moving_line,43,v2_range_rate_camera,4.7,radar,2,2.7135061828999145,True
moving_line,43,v2_range_rate_camera,4.7,camera,2,0.04741935826330254,True
moving_line,43,v2_range_rate_camera,4.800000000000001,radar,2,0.3957800592680975,True
moving_line,43,v2_range_rate_camera,4.800000000000001,camera,2,4.094097898000804,True
moving_line,43,v2_range_rate_camera,4.9,radar,2,0.05083759880872994,True
moving_line,43,v2_range_rate_camera,4.9,camera,2,1.77150859568309,True
moving_line,43,v2_range_rate_camera,5.0,radar,2,0.3635841677726984,True
moving_line,43,v2_range_rate_camera,5.0,camera,2,0.5539518913016482,True
moving_line,43,v2_range_rate_camera,5.1000000000000005,radar,2,0.43487591389748975,True
moving_line,43,v2_range_rate_camera,5.1000000000000005,camera,2,1.42470516038263,True
moving_line,43,v2_range_rate_camera,5.2,radar,2,0.09306471207285477,True
moving_line,43,v2_range_rate_camera,5.2,camera,2,0.4782686071648007,True
moving_line,43,v2_range_rate_camera,5.300000000000001,radar,2,2.651560300156554,True
moving_line,43,v2_range_rate_camera,5.300000000000001,camera,2,0.19516501182000784,True
moving_line,43,v2_range_rate_camera,5.4,radar,2,1.7762156870666808,True
moving_line,43,v2_range_rate_camera,5.4,camera,2,0.11458502884001795,True
moving_line,43,v2_range_rate_camera,5.5,radar,2,0.169430710857272,True
moving_line,43,v2_range_rate_camera,5.5,camera,2,3.480991354713908,True
moving_line,43,v2_range_rate_camera,5.6000000000000005,radar,2,0.30878639235350797,True
moving_line,43,v2_range_rate_camera,5.6000000000000005,camera,2,2.982251832154263,True
moving_line,43,v2_range_rate_camera,5.7,radar,2,1.347306201261183,True
moving_line,43,v2_range_rate_camera,5.7,camera,2,1.5557101350273146,True
moving_line,43,v2_range_rate_camera,5.800000000000001,radar,2,1.6238679741188624,True
moving_line,43,v2_range_rate_camera,5.800000000000001,camera,2,1.1191739240207714,True
moving_line,43,v2_range_rate_camera,5.9,radar,2,0.38360480795033947,True
moving_line,43,v2_range_rate_camera,5.9,camera,2,1.6441857943204683,True
moving_line,43,v2_range_rate_camera,6.0,radar,2,0.06086161804237494,True
moving_line,43,v2_range_rate_camera,6.0,camera,2,0.43482744641096904,True
moving_line,43,v2_range_rate_camera,6.1000000000000005,radar,2,1.2091465414738,True
moving_line,43,v2_range_rate_camera,6.1000000000000005,camera,2,0.010826834284106183,True
moving_line,43,v2_range_rate_camera,6.2,radar,2,2.738020300987031,True
moving_line,43,v2_range_rate_camera,6.2,camera,2,2.105357902389622,True
moving_line,43,v2_range_rate_camera,6.300000000000001,radar,2,2.2355872966377217,True
moving_line,43,v2_range_rate_camera,6.300000000000001,camera,2,0.6265160488875896,True
moving_line,43,v2_range_rate_camera,6.4,radar,2,4.72335251987805,True
moving_line,43,v2_range_rate_camera,6.4,camera,2,2.982983947763126,True
moving_line,43,v2_range_rate_camera,6.5,radar,2,1.4881768782233846,True
moving_line,43,v2_range_rate_camera,6.5,camera,2,1.9684156956859555,True
moving_line,43,v2_range_rate_camera,6.6000000000000005,radar,2,2.0991249867345347,True
moving_line,43,v2_range_rate_camera,6.6000000000000005,camera,2,3.880057345349627,True
moving_line,43,v2_range_rate_camera,6.7,radar,2,0.7916373834940671,True
moving_line,43,v2_range_rate_camera,6.7,camera,2,1.5781056555213913,True
moving_line,43,v2_range_rate_camera,6.800000000000001,radar,2,1.8748566829054247,True
moving_line,43,v2_range_rate_camera,6.800000000000001,camera,2,0.17304246909851492,True
moving_line,43,v2_range_rate_camera,6.9,radar,2,1.8784326955242536,True
moving_line,43,v2_range_rate_camera,6.9,camera,2,2.9911270442740956,True
moving_line,43,v2_range_rate_camera,7.0,radar,2,4.271122859051144,True
moving_line,43,v2_range_rate_camera,7.0,camera,2,2.039066594161852,True
moving_line,43,v2_range_rate_camera,7.1000000000000005,radar,2,0.47559786232448464,True
moving_line,43,v2_range_rate_camera,7.1000000000000005,camera,2,1.2394576888636495,True
moving_line,43,v2_range_rate_camera,7.2,radar,2,0.8878108435738419,True
moving_line,43,v2_range_rate_camera,7.2,camera,2,2.7903715601193437,True
moving_line,43,v2_range_rate_camera,7.300000000000001,radar,2,1.8213957485447148,True
moving_line,43,v2_range_rate_camera,7.300000000000001,camera,2,5.723339673063041,True
moving_line,43,v2_range_rate_camera,7.4,radar,2,3.0313404052027013,True
moving_line,43,v2_range_rate_camera,7.4,camera,2,0.5788369369526494,True
moving_line,43,v2_range_rate_camera,7.5,radar,2,3.307892693195622,True
moving_line,43,v2_range_rate_camera,7.5,camera,2,2.0239691223040404,True
moving_line,43,v2_range_rate_camera,7.6000000000000005,radar,2,0.4259463417867453,True
moving_line,43,v2_range_rate_camera,7.6000000000000005,camera,2,1.326217540295791,True
moving_line,43,v2_range_rate_camera,7.7,radar,2,5.71832884500401,True
moving_line,43,v2_range_rate_camera,7.7,camera,2,1.246107126491583,True
moving_line,43,v2_range_rate_camera,7.800000000000001,radar,2,0.3120861225631562,True
moving_line,43,v2_range_rate_camera,7.800000000000001,camera,2,1.2180825098855816,True
moving_line,43,v2_range_rate_camera,7.9,radar,2,2.5191723153845684,True
moving_line,43,v2_range_rate_camera,7.9,camera,2,1.9340546065663655,True
moving_line,43,v2_range_rate_camera,8.0,radar,2,0.23672762016971388,True
moving_line,43,v2_range_rate_camera,8.0,camera,2,0.6052779436621911,True
moving_line,43,v2_range_rate_camera,8.1,radar,2,0.07301219758733339,True
moving_line,43,v2_range_rate_camera,8.1,camera,2,0.6213970045810238,True
moving_line,43,v2_range_rate_camera,8.200000000000001,radar,2,0.2937625051048316,True
moving_line,43,v2_range_rate_camera,8.200000000000001,camera,2,1.5201177838024327,True
moving_line,43,v2_range_rate_camera,8.3,radar,2,0.4455162018067265,True
moving_line,43,v2_range_rate_camera,8.3,camera,2,2.3755562529559504,True
moving_line,43,v2_range_rate_camera,8.4,radar,2,0.2293901831014751,True
moving_line,43,v2_range_rate_camera,8.4,camera,2,0.4052683285674786,True
moving_line,43,v2_range_rate_camera,8.5,radar,2,1.2739587234695164,True
moving_line,43,v2_range_rate_camera,8.5,camera,2,0.2686127442422073,True
moving_line,43,v2_range_rate_camera,8.6,radar,2,3.957208902779052,True
moving_line,43,v2_range_rate_camera,8.6,camera,2,1.3823942080633997,True
moving_line,43,v2_range_rate_camera,8.700000000000001,radar,2,0.18258744596541418,True
moving_line,43,v2_range_rate_camera,8.700000000000001,camera,2,1.08461922764524,True
moving_line,43,v2_range_rate_camera,8.8,radar,2,0.08319983949635562,True
moving_line,43,v2_range_rate_camera,8.8,camera,2,1.062378862041003,True
moving_line,43,v2_range_rate_camera,8.9,radar,2,4.00301207373878,True
moving_line,43,v2_range_rate_camera,8.9,camera,2,2.9624821915835713,True
moving_line,43,v2_range_rate_camera,9.0,radar,2,2.7366158054668284,True
moving_line,43,v2_range_rate_camera,9.0,camera,2,0.7604355121852241,True
moving_line,43,v2_range_rate_camera,9.1,radar,2,0.9429450657810097,True
moving_line,43,v2_range_rate_camera,9.1,camera,2,0.009145996695377077,True
moving_line,43,v2_range_rate_camera,9.200000000000001,radar,2,2.688410135948999,True
moving_line,43,v2_range_rate_camera,9.200000000000001,camera,2,0.01663878283234757,True
moving_line,43,v2_range_rate_camera,9.3,radar,2,3.219400075058654,True
moving_line,43,v2_range_rate_camera,9.3,camera,2,2.5521326065385517,True
moving_line,43,v2_range_rate_camera,9.4,radar,2,4.899061683920925,True
moving_line,43,v2_range_rate_camera,9.4,camera,2,0.577834801079595,True
moving_line,43,v2_range_rate_camera,9.5,radar,2,1.3670405802186187,True
moving_line,43,v2_range_rate_camera,9.5,camera,2,0.007135490407422928,True
moving_line,43,v2_range_rate_camera,9.600000000000001,radar,2,0.7278089289321249,True
moving_line,43,v2_range_rate_camera,9.600000000000001,camera,2,4.579817415219502,True
moving_line,43,v2_range_rate_camera,9.700000000000001,radar,2,0.07395369176367525,True
moving_line,43,v2_range_rate_camera,9.700000000000001,camera,2,2.3896660487479258,True
moving_line,43,v2_range_rate_camera,9.8,radar,2,0.18769657989187416,True
moving_line,43,v2_range_rate_camera,9.8,camera,2,2.292199527190072,True
moving_line,43,v2_range_rate_camera,9.9,radar,2,0.7472307741906414,True
moving_line,43,v2_range_rate_camera,9.9,camera,2,6.2345155771588185,True
moving_line,43,v2_range_rate_camera,10.0,radar,2,0.9726138025441742,True
moving_line,43,v2_range_rate_camera,10.0,camera,2,1.5969349277427367,True
moving_line,43,v2_range_rate_camera,10.100000000000001,radar,2,1.1805778275018708,True
moving_line,43,v2_range_rate_camera,10.100000000000001,camera,2,2.1200658938663697,True
moving_line,43,v2_range_rate_camera,10.200000000000001,radar,2,0.14406820569583265,True
moving_line,43,v2_range_rate_camera,10.200000000000001,camera,2,0.013620266967795152,True
moving_line,43,v2_range_rate_camera,10.3,radar,2,0.7006946982196127,True
moving_line,43,v2_range_rate_camera,10.3,camera,2,0.18654435660378252,True
moving_line,43,v2_range_rate_camera,10.4,radar,2,0.42094380375397,True
moving_line,43,v2_range_rate_camera,10.4,camera,2,0.34584746906927594,True
moving_line,43,v2_range_rate_camera,10.5,radar,2,1.0513600825471958,True
moving_line,43,v2_range_rate_camera,10.5,camera,2,1.0597234485411124,True
moving_line,43,v2_range_rate_camera,10.600000000000001,radar,2,0.8262018017581525,True
moving_line,43,v2_range_rate_camera,10.600000000000001,camera,2,7.937267148676366,True
moving_line,43,v2_range_rate_camera,10.700000000000001,radar,2,8.510444855814297,True
moving_line,43,v2_range_rate_camera,10.700000000000001,camera,2,0.31769216835427005,True
moving_line,43,v2_range_rate_camera,10.8,radar,2,5.953086860074606,True
moving_line,43,v2_range_rate_camera,10.8,camera,2,2.7559096765816498,True
moving_line,43,v2_range_rate_camera,10.9,radar,2,4.876388487921451,True
moving_line,43,v2_range_rate_camera,10.9,camera,2,0.2882689096259655,True
moving_line,43,v2_range_rate_camera,11.0,radar,2,0.22312520558706744,True
moving_line,43,v2_range_rate_camera,11.0,camera,2,1.21459547615943,True
moving_line,43,v2_range_rate_camera,11.100000000000001,radar,2,0.38060642584815485,True
moving_line,43,v2_range_rate_camera,11.100000000000001,camera,2,3.154286504763936,True
moving_line,43,v2_range_rate_camera,11.200000000000001,radar,2,0.12304870379700823,True
moving_line,43,v2_range_rate_camera,11.200000000000001,camera,2,2.4892037965051905,True
moving_line,43,v2_range_rate_camera,11.3,radar,2,1.2637997697502552,True
moving_line,43,v2_range_rate_camera,11.3,camera,2,5.392958594762745,True
moving_line,43,v2_range_rate_camera,11.4,radar,2,0.2184333875556976,True
moving_line,43,v2_range_rate_camera,11.4,camera,2,4.319166092135923,True
moving_line,43,v2_range_rate_camera,11.5,radar,2,1.048505278226518,True
moving_line,43,v2_range_rate_camera,11.5,camera,2,0.11390180558353742,True
moving_line,43,v2_range_rate_camera,11.600000000000001,radar,2,3.497244623329472,True
moving_line,43,v2_range_rate_camera,11.600000000000001,camera,2,2.4971263073723966,True
moving_line,43,v2_range_rate_camera,11.700000000000001,radar,2,2.9184992205026266,True
moving_line,43,v2_range_rate_camera,11.700000000000001,camera,2,0.5701617560681251,True
moving_line,43,v2_range_rate_camera,11.8,radar,2,2.3120598951793685,True
moving_line,43,v2_range_rate_camera,11.8,camera,2,1.292896562313561,True
moving_line,43,v2_range_rate_camera,11.9,radar,2,1.0495485408711338,True
moving_line,43,v2_range_rate_camera,11.9,camera,2,1.0069581706949318,True
moving_line,43,v2_range_rate_camera,12.0,radar,2,2.6215084702198284,True
moving_line,43,v2_range_rate_camera,12.0,camera,2,0.5238983479388931,True
moving_line,43,v2_full,0.0,camera,2,1.623434829825611,True
moving_line,43,v2_full,0.1,radar,4,2.674571433199673,True
moving_line,43,v2_full,0.1,camera,2,0.2134450294632874,True
moving_line,43,v2_full,0.2,radar,4,0.6722564742457207,True
moving_line,43,v2_full,0.2,camera,2,3.6503804640303907,True
moving_line,43,v2_full,0.30000000000000004,radar,4,3.312536558725567,True
moving_line,43,v2_full,0.30000000000000004,camera,2,0.9606544431753059,True
moving_line,43,v2_full,0.4,radar,4,3.5010419308417746,True
moving_line,43,v2_full,0.4,camera,2,2.9770752553853224,True
moving_line,43,v2_full,0.5,radar,4,5.291598356520574,True
moving_line,43,v2_full,0.5,camera,2,0.4978822705715024,True
moving_line,43,v2_full,0.6000000000000001,radar,4,1.9095728397772582,True
moving_line,43,v2_full,0.6000000000000001,camera,2,1.4637313619353327,True
moving_line,43,v2_full,0.7000000000000001,radar,4,5.0463305707908335,True
moving_line,43,v2_full,0.7000000000000001,camera,2,4.1097546393886795,True
moving_line,43,v2_full,0.8,radar,4,1.4661494776605173,True
moving_line,43,v2_full,0.8,camera,2,1.697678335335283,True
moving_line,43,v2_full,0.9,radar,4,2.991277296987295,True
moving_line,43,v2_full,0.9,camera,2,0.2849323339088944,True
moving_line,43,v2_full,1.0,radar,4,2.7897600722994644,True
moving_line,43,v2_full,1.0,camera,2,0.5968782352399397,True
moving_line,43,v2_full,1.1,radar,4,6.4440451695418,True
moving_line,43,v2_full,1.1,camera,2,1.3586239932186763,True
moving_line,43,v2_full,1.2000000000000002,radar,4,2.66037703586733,True
moving_line,43,v2_full,1.2000000000000002,camera,2,0.2722661409632258,True
moving_line,43,v2_full,1.3,radar,4,10.91201937872921,True
moving_line,43,v2_full,1.3,camera,2,3.2412814269883965,True
moving_line,43,v2_full,1.4000000000000001,radar,4,3.8835708539421634,True
moving_line,43,v2_full,1.4000000000000001,camera,2,2.0984005080544454,True
moving_line,43,v2_full,1.5,radar,4,9.529713222234967,True
moving_line,43,v2_full,1.5,camera,2,3.151134789523184,True
moving_line,43,v2_full,1.6,radar,4,2.742218009618956,True
moving_line,43,v2_full,1.6,camera,2,0.7416836108143731,True
moving_line,43,v2_full,1.7000000000000002,radar,4,5.277910220633253,True
moving_line,43,v2_full,1.7000000000000002,camera,2,1.7994789389846342,True
moving_line,43,v2_full,1.8,radar,4,1.6951303229032109,True
moving_line,43,v2_full,1.8,camera,2,3.813559981191858,True
moving_line,43,v2_full,1.9000000000000001,radar,4,3.6013819731252013,True
moving_line,43,v2_full,1.9000000000000001,camera,2,0.8076727029062665,True
moving_line,43,v2_full,2.0,radar,4,4.013745893058251,True
moving_line,43,v2_full,2.0,camera,2,0.46117353338718864,True
moving_line,43,v2_full,2.1,radar,4,2.7375671735434146,True
moving_line,43,v2_full,2.1,camera,2,4.202889026619616,True
moving_line,43,v2_full,2.2,radar,4,3.4851765158900725,True
moving_line,43,v2_full,2.2,camera,2,0.40584620881716726,True
moving_line,43,v2_full,2.3000000000000003,radar,4,1.0373547325000347,True
moving_line,43,v2_full,2.3000000000000003,camera,2,1.6241022262338458,True
moving_line,43,v2_full,2.4000000000000004,radar,4,5.142172446159464,True
moving_line,43,v2_full,2.4000000000000004,camera,2,2.1885379112985315,True
moving_line,43,v2_full,2.5,radar,4,2.0637705749439736,True
moving_line,43,v2_full,2.5,camera,2,0.34684209128195004,True
moving_line,43,v2_full,2.6,radar,4,13.468870929314484,False
moving_line,43,v2_full,2.6,camera,2,3.2374273231930903,True
moving_line,43,v2_full,2.7,radar,4,2.3108333179720706,True
moving_line,43,v2_full,2.7,camera,2,1.6327156170514527,True
moving_line,43,v2_full,2.8000000000000003,radar,4,4.295064813685941,True
moving_line,43,v2_full,2.8000000000000003,camera,2,8.173499560169748,True
moving_line,43,v2_full,2.9000000000000004,radar,4,2.960572832929113,True
moving_line,43,v2_full,2.9000000000000004,camera,2,0.29265914084795774,True
moving_line,43,v2_full,3.0,radar,4,0.8531824726336061,True
moving_line,43,v2_full,3.0,camera,2,0.6330006659749817,True
moving_line,43,v2_full,3.1,radar,4,4.1399020646222855,True
moving_line,43,v2_full,3.1,camera,2,2.121147335790689,True
moving_line,43,v2_full,3.2,radar,4,2.350898973723608,True
moving_line,43,v2_full,3.2,camera,2,3.359516138687868,True
moving_line,43,v2_full,3.3000000000000003,radar,4,4.723183740414712,True
moving_line,43,v2_full,3.3000000000000003,camera,2,2.6725959890136797,True
moving_line,43,v2_full,3.4000000000000004,radar,4,2.499021981247597,True
moving_line,43,v2_full,3.4000000000000004,camera,2,0.9584666835210498,True
moving_line,43,v2_full,3.5,radar,4,2.2444949301859043,True
moving_line,43,v2_full,3.5,camera,2,0.4528914426984154,True
moving_line,43,v2_full,3.6,radar,4,3.3599492610222734,True
moving_line,43,v2_full,3.6,camera,2,3.255278394449367,True
moving_line,43,v2_full,3.7,radar,4,5.601693600214736,True
moving_line,43,v2_full,3.7,camera,2,8.21105127433552,True
moving_line,43,v2_full,3.8000000000000003,radar,4,0.9357329810827896,True
moving_line,43,v2_full,3.8000000000000003,camera,2,0.04196467750977235,True
moving_line,43,v2_full,3.9000000000000004,radar,4,2.8413005166178973,True
moving_line,43,v2_full,3.9000000000000004,camera,2,3.1466511663496664,True
moving_line,43,v2_full,4.0,radar,4,2.487156306655269,True
moving_line,43,v2_full,4.0,camera,2,2.6333447817376383,True
moving_line,43,v2_full,4.1000000000000005,radar,4,0.82656627382564,True
moving_line,43,v2_full,4.1000000000000005,camera,2,4.214228196651051,True
moving_line,43,v2_full,4.2,radar,4,6.07059097122491,True
moving_line,43,v2_full,4.2,camera,2,1.4122925720012056,True
moving_line,43,v2_full,4.3,radar,4,2.0113793937808615,True
moving_line,43,v2_full,4.3,camera,2,0.624136722483571,True
moving_line,43,v2_full,4.4,radar,4,3.5440155084818583,True
moving_line,43,v2_full,4.4,camera,2,1.4975343637029044,True
moving_line,43,v2_full,4.5,radar,4,0.6259028942183372,True
moving_line,43,v2_full,4.5,camera,2,0.5132649256018507,True
moving_line,43,v2_full,4.6000000000000005,radar,4,0.718162157766299,True
moving_line,43,v2_full,4.6000000000000005,camera,2,2.8390414033552296,True
moving_line,43,v2_full,4.7,radar,4,2.8932636709126984,True
moving_line,43,v2_full,4.7,camera,2,0.08286355737459156,True
moving_line,43,v2_full,4.800000000000001,radar,4,0.8223846755036366,True
moving_line,43,v2_full,4.800000000000001,camera,2,4.522396569707153,True
moving_line,43,v2_full,4.9,radar,4,0.7381077839674534,True
moving_line,43,v2_full,4.9,camera,2,1.7967976080211145,True
moving_line,43,v2_full,5.0,radar,4,1.3670197264159332,True
moving_line,43,v2_full,5.0,camera,2,0.5360428564898833,True
moving_line,43,v2_full,5.1000000000000005,radar,4,5.808182181598604,True
moving_line,43,v2_full,5.1000000000000005,camera,2,1.2417199456540011,True
moving_line,43,v2_full,5.2,radar,4,2.213971390799998,True
moving_line,43,v2_full,5.2,camera,2,0.5363556943965551,True
moving_line,43,v2_full,5.300000000000001,radar,4,3.0847458426089087,True
moving_line,43,v2_full,5.300000000000001,camera,2,0.20091635815289016,True
moving_line,43,v2_full,5.4,radar,4,2.3041743133428474,True
moving_line,43,v2_full,5.4,camera,2,0.13765539042416325,True
moving_line,43,v2_full,5.5,radar,4,2.589155856484742,True
moving_line,43,v2_full,5.5,camera,2,3.0866462777234407,True
moving_line,43,v2_full,5.6000000000000005,radar,4,0.356811135544652,True
moving_line,43,v2_full,5.6000000000000005,camera,2,2.5284241708304465,True
moving_line,43,v2_full,5.7,radar,4,6.32680175163747,True
moving_line,43,v2_full,5.7,camera,2,2.332873035821454,True
moving_line,43,v2_full,5.800000000000001,radar,4,1.8338963212372787,True
moving_line,43,v2_full,5.800000000000001,camera,2,1.4911904611494542,True
moving_line,43,v2_full,5.9,radar,4,2.0927552248401295,True
moving_line,43,v2_full,5.9,camera,2,1.9422176048675777,True
moving_line,43,v2_full,6.0,radar,4,0.9641540371877678,True
moving_line,43,v2_full,6.0,camera,2,0.4375553755173494,True
moving_line,43,v2_full,6.1000000000000005,radar,4,2.9452953819397933,True
moving_line,43,v2_full,6.1000000000000005,camera,2,0.009190323653211804,True
moving_line,43,v2_full,6.2,radar,4,3.8480349197858974,True
moving_line,43,v2_full,6.2,camera,2,2.558818539193842,True
moving_line,43,v2_full,6.300000000000001,radar,4,4.652892280905449,True
moving_line,43,v2_full,6.300000000000001,camera,2,0.8990063369873261,True
moving_line,43,v2_full,6.4,radar,4,5.130954404778065,True
moving_line,43,v2_full,6.4,camera,2,2.374881216753775,True
moving_line,43,v2_full,6.5,radar,4,1.6114407289075916,True
moving_line,43,v2_full,6.5,camera,2,1.7705190003641453,True
moving_line,43,v2_full,6.6000000000000005,radar,4,2.4190942599721335,True
moving_line,43,v2_full,6.6000000000000005,camera,2,4.399963466813094,True
moving_line,43,v2_full,6.7,radar,4,6.067899767429509,True
moving_line,43,v2_full,6.7,camera,2,1.987087971136114,True
moving_line,43,v2_full,6.800000000000001,radar,4,2.021042170966704,True
moving_line,43,v2_full,6.800000000000001,camera,2,0.3261987868881287,True
moving_line,43,v2_full,6.9,radar,4,2.8893030837262126,True
moving_line,43,v2_full,6.9,camera,2,2.978553012623242,True
moving_line,43,v2_full,7.0,radar,4,5.084548637274767,True
moving_line,43,v2_full,7.0,camera,2,2.095057335597606,True
moving_line,43,v2_full,7.1000000000000005,radar,4,3.6274077924550325,True
moving_line,43,v2_full,7.1000000000000005,camera,2,1.559468032248558,True
moving_line,43,v2_full,7.2,radar,4,1.3371874858521313,True
moving_line,43,v2_full,7.2,camera,2,2.5433985087102537,True
moving_line,43,v2_full,7.300000000000001,radar,4,2.4965439404753003,True
moving_line,43,v2_full,7.300000000000001,camera,2,5.600765869518033,True
moving_line,43,v2_full,7.4,radar,4,4.135738486845129,True
moving_line,43,v2_full,7.4,camera,2,0.7980967219816527,True
moving_line,43,v2_full,7.5,radar,4,3.354695131070513,True
moving_line,43,v2_full,7.5,camera,2,1.9702084922142036,True
moving_line,43,v2_full,7.6000000000000005,radar,4,6.568264175621978,True
moving_line,43,v2_full,7.6000000000000005,camera,2,1.379590569002463,True
moving_line,43,v2_full,7.7,radar,4,8.143728023298218,True
moving_line,43,v2_full,7.7,camera,2,1.7669271243683464,True
moving_line,43,v2_full,7.800000000000001,radar,4,0.7723972796725025,True
moving_line,43,v2_full,7.800000000000001,camera,2,0.8310639022711486,True
moving_line,43,v2_full,7.9,radar,4,5.688556304253724,True
moving_line,43,v2_full,7.9,camera,2,2.0479501151796846,True
moving_line,43,v2_full,8.0,radar,4,1.7378534675770247,True
moving_line,43,v2_full,8.0,camera,2,0.30126554205512107,True
moving_line,43,v2_full,8.1,radar,4,1.4991490406713444,True
moving_line,43,v2_full,8.1,camera,2,0.692496059099038,True
moving_line,43,v2_full,8.200000000000001,radar,4,1.1943105025175567,True
moving_line,43,v2_full,8.200000000000001,camera,2,1.7955961338419584,True
moving_line,43,v2_full,8.3,radar,4,1.554148573842776,True
moving_line,43,v2_full,8.3,camera,2,2.5691100088585177,True
moving_line,43,v2_full,8.4,radar,4,3.2363415552345294,True
moving_line,43,v2_full,8.4,camera,2,0.5975082200784755,True
moving_line,43,v2_full,8.5,radar,4,1.6059840649828938,True
moving_line,43,v2_full,8.5,camera,2,0.3086059491918641,True
moving_line,43,v2_full,8.6,radar,4,5.19675371063303,True
moving_line,43,v2_full,8.6,camera,2,1.6413438594293306,True
moving_line,43,v2_full,8.700000000000001,radar,4,0.27065663836668097,True
moving_line,43,v2_full,8.700000000000001,camera,2,1.3846321935793542,True
moving_line,43,v2_full,8.8,radar,4,2.536829528999832,True
moving_line,43,v2_full,8.8,camera,2,0.7843604627805911,True
moving_line,43,v2_full,8.9,radar,4,4.569368144404496,True
moving_line,43,v2_full,8.9,camera,2,2.8517319005780983,True
moving_line,43,v2_full,9.0,radar,4,6.756796024457387,True
moving_line,43,v2_full,9.0,camera,2,0.9536030698262651,True
moving_line,43,v2_full,9.1,radar,4,1.104082179490564,True
moving_line,43,v2_full,9.1,camera,2,0.05048632890116443,True
moving_line,43,v2_full,9.200000000000001,radar,4,13.021553192437882,True
moving_line,43,v2_full,9.200000000000001,camera,2,0.2514762258431397,True
moving_line,43,v2_full,9.3,radar,4,3.818996579146347,True
moving_line,43,v2_full,9.3,camera,2,3.580149141577688,True
moving_line,43,v2_full,9.4,radar,4,5.362849751460082,True
moving_line,43,v2_full,9.4,camera,2,0.2312211424598717,True
moving_line,43,v2_full,9.5,radar,4,2.732758978692435,True
moving_line,43,v2_full,9.5,camera,2,0.04409391851607099,True
moving_line,43,v2_full,9.600000000000001,radar,4,2.6858305849612583,True
moving_line,43,v2_full,9.600000000000001,camera,2,5.873502266928832,True
moving_line,43,v2_full,9.700000000000001,radar,4,1.7675057023186198,True
moving_line,43,v2_full,9.700000000000001,camera,2,2.1603771499271804,True
moving_line,43,v2_full,9.8,radar,4,0.5991396828251493,True
moving_line,43,v2_full,9.8,camera,2,1.7516056865187482,True
moving_line,43,v2_full,9.9,radar,4,1.7542749826449178,True
moving_line,43,v2_full,9.9,camera,2,6.079781128698849,True
moving_line,43,v2_full,10.0,radar,4,4.8772513571610405,True
moving_line,43,v2_full,10.0,camera,2,1.9445015305480937,True
moving_line,43,v2_full,10.100000000000001,radar,4,6.78663002021887,True
moving_line,43,v2_full,10.100000000000001,camera,2,2.220665825978568,True
moving_line,43,v2_full,10.200000000000001,radar,4,1.6985269839967014,True
moving_line,43,v2_full,10.200000000000001,camera,2,0.0891089520669712,True
moving_line,43,v2_full,10.3,radar,4,5.1874861301509565,True
moving_line,43,v2_full,10.3,camera,2,0.25807813415040337,True
moving_line,43,v2_full,10.4,radar,4,0.845946573379319,True
moving_line,43,v2_full,10.4,camera,2,0.44945826541223943,True
moving_line,43,v2_full,10.5,radar,4,1.3836431732723946,True
moving_line,43,v2_full,10.5,camera,2,1.0070160826931638,True
moving_line,43,v2_full,10.600000000000001,radar,4,2.6672127554434315,True
moving_line,43,v2_full,10.600000000000001,camera,2,8.508984488833693,True
moving_line,43,v2_full,10.700000000000001,radar,4,9.912539810617915,True
moving_line,43,v2_full,10.700000000000001,camera,2,0.35314909270235095,True
moving_line,43,v2_full,10.8,radar,4,7.73030865987275,True
moving_line,43,v2_full,10.8,camera,2,3.3309526459128462,True
moving_line,43,v2_full,10.9,radar,4,6.447953922859404,True
moving_line,43,v2_full,10.9,camera,2,0.38449381122645054,True
moving_line,43,v2_full,11.0,radar,4,7.659317031470285,True
moving_line,43,v2_full,11.0,camera,2,1.6277403392867706,True
moving_line,43,v2_full,11.100000000000001,radar,4,3.207833770013833,True
moving_line,43,v2_full,11.100000000000001,camera,2,2.558000928245414,True
moving_line,43,v2_full,11.200000000000001,radar,4,0.5827344809035414,True
moving_line,43,v2_full,11.200000000000001,camera,2,3.316108244101997,True
moving_line,43,v2_full,11.3,radar,4,4.591282570288201,True
moving_line,43,v2_full,11.3,camera,2,4.895050097110623,True
moving_line,43,v2_full,11.4,radar,4,2.0177293413690847,True
moving_line,43,v2_full,11.4,camera,2,3.724522732164394,True
moving_line,43,v2_full,11.5,radar,4,1.628613952913894,True
moving_line,43,v2_full,11.5,camera,2,0.1321180909583465,True
moving_line,43,v2_full,11.600000000000001,radar,4,5.019219411088942,True
moving_line,43,v2_full,11.600000000000001,camera,2,3.0788259618430796,True
moving_line,43,v2_full,11.700000000000001,radar,4,8.865713517243494,True
moving_line,43,v2_full,11.700000000000001,camera,2,0.5363544009358097,True
moving_line,43,v2_full,11.8,radar,4,3.6549842427852663,True
moving_line,43,v2_full,11.8,camera,2,1.7608150046724207,True
moving_line,43,v2_full,11.9,radar,4,2.5746401817801425,True
moving_line,43,v2_full,11.9,camera,2,1.0854003659502263,True
moving_line,43,v2_full,12.0,radar,4,7.0847267265833604,True
moving_line,43,v2_full,12.0,camera,2,0.8320180557870012,True
moving_line,43,frozen_ego_fault,0.0,camera,2,1.623434829825611,True
moving_line,43,frozen_ego_fault,0.1,radar,4,3.414120195062256,True
moving_line,43,frozen_ego_fault,0.1,camera,2,0.8411436461012164,True
moving_line,43,frozen_ego_fault,0.2,radar,4,0.9443857353804103,True
moving_line,43,frozen_ego_fault,0.2,camera,2,2.7995811938859108,True
moving_line,43,frozen_ego_fault,0.30000000000000004,radar,4,3.162516631143997,True
moving_line,43,frozen_ego_fault,0.30000000000000004,camera,2,0.72232052543539,True
moving_line,43,frozen_ego_fault,0.4,radar,4,3.4652414064551245,True
moving_line,43,frozen_ego_fault,0.4,camera,2,3.1048803266145613,True
moving_line,43,frozen_ego_fault,0.5,radar,4,5.298956107485341,True
moving_line,43,frozen_ego_fault,0.5,camera,2,0.45021754529000535,True
moving_line,43,frozen_ego_fault,0.6000000000000001,radar,4,1.932737066927513,True
moving_line,43,frozen_ego_fault,0.6000000000000001,camera,2,1.4704876683149408,True
moving_line,43,frozen_ego_fault,0.7000000000000001,radar,4,5.095017801749023,True
moving_line,43,frozen_ego_fault,0.7000000000000001,camera,2,4.100098749030769,True
moving_line,43,frozen_ego_fault,0.8,radar,4,1.4665950522373328,True
moving_line,43,frozen_ego_fault,0.8,camera,2,1.700844582645925,True
moving_line,43,frozen_ego_fault,0.9,radar,4,3.040088607823504,True
moving_line,43,frozen_ego_fault,0.9,camera,2,0.2640979593583896,True
moving_line,43,frozen_ego_fault,1.0,radar,4,2.7822006268018136,True
moving_line,43,frozen_ego_fault,1.0,camera,2,0.5852570562285723,True
moving_line,43,frozen_ego_fault,1.1,radar,4,6.431773081417978,True
moving_line,43,frozen_ego_fault,1.1,camera,2,1.479857064801822,True
moving_line,43,frozen_ego_fault,1.2000000000000002,radar,4,2.687269724344991,True
moving_line,43,frozen_ego_fault,1.2000000000000002,camera,2,0.30174613394600036,True
moving_line,43,frozen_ego_fault,1.3,radar,4,11.033990029900728,True
moving_line,43,frozen_ego_fault,1.3,camera,2,3.085481709573296,True
moving_line,43,frozen_ego_fault,1.4000000000000001,radar,4,3.9515939060944656,True
moving_line,43,frozen_ego_fault,1.4000000000000001,camera,2,2.3276971158939985,True
moving_line,43,frozen_ego_fault,1.5,radar,4,9.408763732438274,True
moving_line,43,frozen_ego_fault,1.5,camera,2,2.902123676709803,True
moving_line,43,frozen_ego_fault,1.6,radar,4,2.7638311235053563,True
moving_line,43,frozen_ego_fault,1.6,camera,2,0.6949324895878448,True
moving_line,43,frozen_ego_fault,1.7000000000000002,radar,4,5.156982299797877,True
moving_line,43,frozen_ego_fault,1.7000000000000002,camera,2,1.548233517379117,True
moving_line,43,frozen_ego_fault,1.8,radar,4,1.6463430295768824,True
moving_line,43,frozen_ego_fault,1.8,camera,2,4.229026174473109,True
moving_line,43,frozen_ego_fault,1.9000000000000001,radar,4,3.693894494614266,True
moving_line,43,frozen_ego_fault,1.9000000000000001,camera,2,0.9946932768294913,True
moving_line,43,frozen_ego_fault,2.0,radar,4,3.940870893874179,True
moving_line,43,frozen_ego_fault,2.0,camera,2,0.34411150104579047,True
moving_line,43,frozen_ego_fault,2.1,radar,4,2.769104327768467,True
moving_line,43,frozen_ego_fault,2.1,camera,2,4.018171652311389,True
moving_line,43,frozen_ego_fault,2.2,radar,4,3.497856774150909,True
moving_line,43,frozen_ego_fault,2.2,camera,2,0.266865537222981,True
moving_line,43,frozen_ego_fault,2.3000000000000003,radar,4,1.0196089158360784,True
moving_line,43,frozen_ego_fault,2.3000000000000003,camera,2,1.9720670269628706,True
moving_line,43,frozen_ego_fault,2.4000000000000004,radar,4,5.1564408006346385,True
moving_line,43,frozen_ego_fault,2.4000000000000004,camera,2,2.253802201503238,True
moving_line,43,frozen_ego_fault,2.5,radar,4,2.1363853380558777,True
moving_line,43,frozen_ego_fault,2.5,camera,2,0.3523225070919365,True
moving_line,43,frozen_ego_fault,2.6,radar,4,13.335800344442415,False
moving_line,43,frozen_ego_fault,2.6,camera,2,3.1911780133154797,True
moving_line,43,frozen_ego_fault,2.7,radar,4,2.382888178650652,True
moving_line,43,frozen_ego_fault,2.7,camera,2,1.3913141281712929,True
moving_line,43,frozen_ego_fault,2.8000000000000003,radar,4,4.220609226083571,True
moving_line,43,frozen_ego_fault,2.8000000000000003,camera,2,8.625509626278669,True
moving_line,43,frozen_ego_fault,2.9000000000000004,radar,4,3.0004105629337383,True
moving_line,43,frozen_ego_fault,2.9000000000000004,camera,2,0.1494699662269076,True
moving_line,43,frozen_ego_fault,3.0,radar,4,0.8988791377695042,True
moving_line,43,frozen_ego_fault,3.0,camera,2,0.4054173544559615,True
moving_line,43,frozen_ego_fault,3.1,radar,4,4.0112842918084395,True
moving_line,43,frozen_ego_fault,3.1,camera,2,1.7220131320559642,True
moving_line,43,frozen_ego_fault,3.2,radar,4,2.4586835220144776,True
moving_line,43,frozen_ego_fault,3.2,camera,2,3.9900614639147425,True
moving_line,43,frozen_ego_fault,3.3000000000000003,radar,4,4.731341000900355,True
moving_line,43,frozen_ego_fault,3.3000000000000003,camera,2,3.2490500818692767,True
moving_line,43,frozen_ego_fault,3.4000000000000004,radar,4,2.581569549792991,True
moving_line,43,frozen_ego_fault,3.4000000000000004,camera,2,0.6873116226908685,True
moving_line,43,frozen_ego_fault,3.5,radar,4,2.2088536877458824,True
moving_line,43,frozen_ego_fault,3.5,camera,2,0.6095214865415559,True
moving_line,43,frozen_ego_fault,3.6,radar,4,3.2612968387731454,True
moving_line,43,frozen_ego_fault,3.6,camera,2,2.9452731419188645,True
moving_line,43,frozen_ego_fault,3.7,radar,4,5.733270032191149,True
moving_line,43,frozen_ego_fault,3.7,camera,2,7.357915830332029,True
moving_line,43,frozen_ego_fault,3.8000000000000003,radar,4,1.0372350177281413,True
moving_line,43,frozen_ego_fault,3.8000000000000003,camera,2,0.05543397422516861,True
moving_line,43,frozen_ego_fault,3.9000000000000004,radar,4,2.9646634903430464,True
moving_line,43,frozen_ego_fault,3.9000000000000004,camera,2,2.576304006146294,True
moving_line,43,frozen_ego_fault,4.0,radar,4,2.418972131493646,True
moving_line,43,frozen_ego_fault,4.0,camera,2,3.2466241163989684,True
moving_line,43,frozen_ego_fault,4.1000000000000005,radar,4,0.8646802306365318,True
moving_line,43,frozen_ego_fault,4.1000000000000005,camera,2,4.709060762247362,True
moving_line,43,frozen_ego_fault,4.2,radar,4,6.268593127716392,True
moving_line,43,frozen_ego_fault,4.2,camera,2,1.2376705492296487,True
moving_line,43,frozen_ego_fault,4.3,radar,4,2.19107780053569,True
moving_line,43,frozen_ego_fault,4.3,camera,2,0.9609649925391435,True
moving_line,43,frozen_ego_fault,4.4,radar,4,3.657933666750739,True
moving_line,43,frozen_ego_fault,4.4,camera,2,1.9758951366998216,True
moving_line,43,frozen_ego_fault,4.5,radar,4,0.6560868272262663,True
moving_line,43,frozen_ego_fault,4.5,camera,2,0.2477892191073026,True
moving_line,43,frozen_ego_fault,4.6000000000000005,radar,4,0.6391111239744397,True
moving_line,43,frozen_ego_fault,4.6000000000000005,camera,2,3.4093405007917394,True
moving_line,43,frozen_ego_fault,4.7,radar,4,3.118887605145686,True
moving_line,43,frozen_ego_fault,4.7,camera,2,0.0076723121949273405,True
moving_line,43,frozen_ego_fault,4.800000000000001,radar,4,0.8738641908255338,True
moving_line,43,frozen_ego_fault,4.800000000000001,camera,2,3.7417687809041085,True
moving_line,43,frozen_ego_fault,4.9,radar,4,0.6203935210836927,True
moving_line,43,frozen_ego_fault,4.9,camera,2,1.2095807346280418,True
moving_line,43,frozen_ego_fault,5.0,radar,4,1.256495746622104,True
moving_line,43,frozen_ego_fault,5.0,camera,2,0.5033110162518599,True
moving_line,43,frozen_ego_fault,5.1000000000000005,radar,4,6.020798336561217,True
moving_line,43,frozen_ego_fault,5.1000000000000005,camera,2,1.8442537181457188,True
moving_line,43,frozen_ego_fault,5.2,radar,4,2.3142031227143316,True
moving_line,43,frozen_ego_fault,5.2,camera,2,0.4567561203155983,True
moving_line,43,frozen_ego_fault,5.300000000000001,radar,4,2.9689203905442683,True
moving_line,43,frozen_ego_fault,5.300000000000001,camera,2,0.060593000384012254,True
moving_line,43,frozen_ego_fault,5.4,radar,4,2.425251085787767,True
moving_line,43,frozen_ego_fault,5.4,camera,2,0.01397718364520816,True
moving_line,43,frozen_ego_fault,5.5,radar,4,2.8085250332172564,True
moving_line,43,frozen_ego_fault,5.5,camera,2,3.484457940780508,True
moving_line,43,frozen_ego_fault,5.6000000000000005,radar,4,0.41557074493195184,True
moving_line,43,frozen_ego_fault,5.6000000000000005,camera,2,3.4085516206108637,True
moving_line,43,frozen_ego_fault,5.7,radar,4,6.688662214218133,True
moving_line,43,frozen_ego_fault,5.7,camera,2,1.7017857458860497,True
moving_line,43,frozen_ego_fault,5.800000000000001,radar,4,1.8065907258335347,True
moving_line,43,frozen_ego_fault,5.800000000000001,camera,2,1.1591988804467919,True
moving_line,43,frozen_ego_fault,5.9,radar,4,2.326620807247882,True
moving_line,43,frozen_ego_fault,5.9,camera,2,1.7557713282449285,True
moving_line,43,frozen_ego_fault,6.0,radar,4,0.8384713006002418,True
moving_line,43,frozen_ego_fault,6.0,camera,2,0.5353030219114777,True
moving_line,43,frozen_ego_fault,6.1000000000000005,radar,4,2.833862121157909,True
moving_line,43,frozen_ego_fault,6.1000000000000005,camera,2,0.07814743452262775,True
moving_line,43,frozen_ego_fault,6.2,radar,4,3.7544200860530714,True
moving_line,43,frozen_ego_fault,6.2,camera,2,3.449754659727196,True
moving_line,43,frozen_ego_fault,6.300000000000001,radar,4,4.3082300242233895,True
moving_line,43,frozen_ego_fault,6.300000000000001,camera,2,1.3105141207666513,True
moving_line,43,frozen_ego_fault,6.4,radar,4,5.206584469183916,True
moving_line,43,frozen_ego_fault,6.4,camera,2,1.660585043214804,True
moving_line,43,frozen_ego_fault,6.5,radar,4,1.4970499045148355,True
moving_line,43,frozen_ego_fault,6.5,camera,2,1.8905792004853443,True
moving_line,43,frozen_ego_fault,6.6000000000000005,radar,4,2.5163695461842157,True
moving_line,43,frozen_ego_fault,6.6000000000000005,camera,2,5.432812698382145,True
moving_line,43,frozen_ego_fault,6.7,radar,4,6.263506882181772,True
moving_line,43,frozen_ego_fault,6.7,camera,2,1.343100119704542,True
moving_line,43,frozen_ego_fault,6.800000000000001,radar,4,2.157040405584019,True
moving_line,43,frozen_ego_fault,6.800000000000001,camera,2,0.21878796423312336,True
moving_line,43,frozen_ego_fault,6.9,radar,4,3.16225593309212,True
moving_line,43,frozen_ego_fault,6.9,camera,2,3.1190747231947036,True
moving_line,43,frozen_ego_fault,7.0,radar,4,4.7881905953171575,True
moving_line,43,frozen_ego_fault,7.0,camera,2,2.3150209534288204,True
moving_line,43,frozen_ego_fault,7.1000000000000005,radar,4,3.5028290233267247,True
moving_line,43,frozen_ego_fault,7.1000000000000005,camera,2,2.2522778072201004,True
moving_line,43,frozen_ego_fault,7.2,radar,4,1.6055113204123743,True
moving_line,43,frozen_ego_fault,7.2,camera,2,2.119322466331633,True
moving_line,43,frozen_ego_fault,7.300000000000001,radar,4,2.2181593431356372,True
moving_line,43,frozen_ego_fault,7.300000000000001,camera,2,4.642607532858295,True
moving_line,43,frozen_ego_fault,7.4,radar,4,4.212521644989346,True
moving_line,43,frozen_ego_fault,7.4,camera,2,1.2994243984222726,True
moving_line,43,frozen_ego_fault,7.5,radar,4,3.4692173372745874,True
moving_line,43,frozen_ego_fault,7.5,camera,2,1.5109042885928692,True
moving_line,43,frozen_ego_fault,7.6000000000000005,radar,4,6.594467391210801,True
moving_line,43,frozen_ego_fault,7.6000000000000005,camera,2,2.0896616405160016,True
moving_line,43,frozen_ego_fault,7.7,radar,4,8.290586061399468,True
moving_line,43,frozen_ego_fault,7.7,camera,2,1.221249243038753,True
moving_line,43,frozen_ego_fault,7.800000000000001,radar,4,0.7185294521755367,True
moving_line,43,frozen_ego_fault,7.800000000000001,camera,2,1.2024128343602203,True
moving_line,43,frozen_ego_fault,7.9,radar,4,6.169042424798456,True
moving_line,43,frozen_ego_fault,7.9,camera,2,2.0361259765240844,True
moving_line,43,frozen_ego_fault,8.0,radar,4,1.789588358397247,True
moving_line,43,frozen_ego_fault,8.0,camera,2,0.5781093969214186,True
moving_line,43,frozen_ego_fault,8.1,radar,4,1.5243097733114406,True
moving_line,43,frozen_ego_fault,8.1,camera,2,0.38739769611885533,True
moving_line,43,frozen_ego_fault,8.200000000000001,radar,4,1.0929242825469305,True
moving_line,43,frozen_ego_fault,8.200000000000001,camera,2,2.102680544187214,True
moving_line,43,frozen_ego_fault,8.3,radar,4,1.6498563553000254,True
moving_line,43,frozen_ego_fault,8.3,camera,2,1.7955394969569696,True
moving_line,43,frozen_ego_fault,8.4,radar,4,2.978652240723535,True
moving_line,43,frozen_ego_fault,8.4,camera,2,0.8790471886234867,True
moving_line,43,frozen_ego_fault,8.5,radar,4,1.5082107582165507,True
moving_line,43,frozen_ego_fault,8.5,camera,2,0.6630720001617018,True
moving_line,43,frozen_ego_fault,8.6,radar,4,5.224430245705477,True
moving_line,43,frozen_ego_fault,8.6,camera,2,2.245662768096636,True
moving_line,43,frozen_ego_fault,8.700000000000001,radar,4,0.3989768818270645,True
moving_line,43,frozen_ego_fault,8.700000000000001,camera,2,1.9353783912936193,True
moving_line,43,frozen_ego_fault,8.8,radar,4,2.4046659495838534,True
moving_line,43,frozen_ego_fault,8.8,camera,2,0.7010996090287482,True
moving_line,43,frozen_ego_fault,8.9,radar,4,4.417187347095043,True
moving_line,43,frozen_ego_fault,8.9,camera,2,2.2416080432460235,True
moving_line,43,frozen_ego_fault,9.0,radar,4,6.679494661197112,True
moving_line,43,frozen_ego_fault,9.0,camera,2,1.4215614510773917,True
moving_line,43,frozen_ego_fault,9.1,radar,4,1.2301963826444866,True
moving_line,43,frozen_ego_fault,9.1,camera,2,0.18133987925125314,True
moving_line,43,frozen_ego_fault,9.200000000000001,radar,4,12.301228029122846,True
moving_line,43,frozen_ego_fault,9.200000000000001,camera,2,0.5648609182800028,True
moving_line,43,frozen_ego_fault,9.3,radar,4,4.004372409667942,True
moving_line,43,frozen_ego_fault,9.3,camera,2,4.355540256394497,True
moving_line,43,frozen_ego_fault,9.4,radar,4,5.203233731365889,True
moving_line,43,frozen_ego_fault,9.4,camera,2,0.13141832301117246,True
moving_line,43,frozen_ego_fault,9.5,radar,4,2.4840244640341935,True
moving_line,43,frozen_ego_fault,9.5,camera,2,0.19494687378401018,True
moving_line,43,frozen_ego_fault,9.600000000000001,radar,4,2.705784168118809,True
moving_line,43,frozen_ego_fault,9.600000000000001,camera,2,7.091934142925223,True
moving_line,43,frozen_ego_fault,9.700000000000001,radar,4,1.7000919978813236,True
moving_line,43,frozen_ego_fault,9.700000000000001,camera,2,2.152211035128006,True
moving_line,43,frozen_ego_fault,9.8,radar,4,0.4531162093592399,True
moving_line,43,frozen_ego_fault,9.8,camera,2,1.3023494733825083,True
moving_line,43,frozen_ego_fault,9.9,radar,4,2.000227788119492,True
moving_line,43,frozen_ego_fault,9.9,camera,2,5.236764735917643,True
moving_line,43,frozen_ego_fault,10.0,radar,4,4.706589215273527,True
moving_line,43,frozen_ego_fault,10.0,camera,2,1.977569862385174,True
moving_line,43,frozen_ego_fault,10.100000000000001,radar,4,6.77252079096547,True
moving_line,43,frozen_ego_fault,10.100000000000001,camera,2,2.853764391112793,True
moving_line,43,frozen_ego_fault,10.200000000000001,radar,4,1.6216624868806833,True
moving_line,43,frozen_ego_fault,10.200000000000001,camera,2,0.22471017939534524,True
moving_line,43,frozen_ego_fault,10.3,radar,4,5.137762718629211,True
moving_line,43,frozen_ego_fault,10.3,camera,2,0.3408806428040537,True
moving_line,43,frozen_ego_fault,10.4,radar,4,0.7228541052329882,True
moving_line,43,frozen_ego_fault,10.4,camera,2,0.77364216887835,True
moving_line,43,frozen_ego_fault,10.5,radar,4,1.576167612283467,True
moving_line,43,frozen_ego_fault,10.5,camera,2,0.630637403350361,True
moving_line,43,frozen_ego_fault,10.600000000000001,radar,4,2.5111201996716703,True
moving_line,43,frozen_ego_fault,10.600000000000001,camera,2,9.005325262220326,True
moving_line,43,frozen_ego_fault,10.700000000000001,radar,4,9.871003523350625,True
moving_line,43,frozen_ego_fault,10.700000000000001,camera,2,0.20723552933814485,True
moving_line,43,frozen_ego_fault,10.8,radar,4,7.993925678634562,True
moving_line,43,frozen_ego_fault,10.8,camera,2,2.7890939556574805,True
moving_line,43,frozen_ego_fault,10.9,radar,4,6.383350992092402,True
moving_line,43,frozen_ego_fault,10.9,camera,2,0.1824500569964641,True
moving_line,43,frozen_ego_fault,11.0,radar,4,7.492857217762579,True
moving_line,43,frozen_ego_fault,11.0,camera,2,1.570141418144605,True
moving_line,43,frozen_ego_fault,11.100000000000001,radar,4,3.2572887439301943,True
moving_line,43,frozen_ego_fault,11.100000000000001,camera,2,2.9913972377588993,True
moving_line,43,frozen_ego_fault,11.200000000000001,radar,4,0.5979263465615878,True
moving_line,43,frozen_ego_fault,11.200000000000001,camera,2,3.2378348648919952,True
moving_line,43,frozen_ego_fault,11.3,radar,4,4.675862610838781,True
moving_line,43,frozen_ego_fault,11.3,camera,2,5.64037159165085,True
moving_line,43,frozen_ego_fault,11.4,radar,4,2.2108406142820742,True
moving_line,43,frozen_ego_fault,11.4,camera,2,4.419610758941902,True
moving_line,43,frozen_ego_fault,11.5,radar,4,1.6040080131919996,True
moving_line,43,frozen_ego_fault,11.5,camera,2,0.17642705174441528,True
moving_line,43,frozen_ego_fault,11.600000000000001,radar,4,5.074114565066366,True
moving_line,43,frozen_ego_fault,11.600000000000001,camera,2,2.5129519016729485,True
moving_line,43,frozen_ego_fault,11.700000000000001,radar,4,8.995374935547929,True
moving_line,43,frozen_ego_fault,11.700000000000001,camera,2,0.6322976739454345,True
moving_line,43,frozen_ego_fault,11.8,radar,4,3.6699213521307086,True
moving_line,43,frozen_ego_fault,11.8,camera,2,1.4752913106875623,True
moving_line,43,frozen_ego_fault,11.9,radar,4,2.3934560571281467,True
moving_line,43,frozen_ego_fault,11.9,camera,2,0.869162326810024,True
moving_line,43,frozen_ego_fault,12.0,radar,4,6.831791148237539,True
moving_line,43,frozen_ego_fault,12.0,camera,2,1.0682946866125365,True
moving_line,44,v15_position_adapter,0.1,radar_xyz,3,2.1201326815653707,True
moving_line,44,v15_position_adapter,0.2,radar_xyz,3,0.05960513444429588,True
moving_line,44,v15_position_adapter,0.30000000000000004,radar_xyz,3,1.8069148145756415,True
moving_line,44,v15_position_adapter,0.4,radar_xyz,3,1.7484673859926254,True
moving_line,44,v15_position_adapter,0.5,radar_xyz,3,1.064211916714568,True
moving_line,44,v15_position_adapter,0.6000000000000001,radar_xyz,3,4.743465331100227,True
moving_line,44,v15_position_adapter,0.7000000000000001,radar_xyz,3,2.527285430820465,True
moving_line,44,v15_position_adapter,0.8,radar_xyz,3,2.2976745709398134,True
moving_line,44,v15_position_adapter,0.9,radar_xyz,3,3.947637455284311,True
moving_line,44,v15_position_adapter,1.0,radar_xyz,3,5.3808218144500195,True
moving_line,44,v15_position_adapter,1.1,radar_xyz,3,3.376388461858977,True
moving_line,44,v15_position_adapter,1.2000000000000002,radar_xyz,3,4.380225800942053,True
moving_line,44,v15_position_adapter,1.3,radar_xyz,3,2.070249885525566,True
moving_line,44,v15_position_adapter,1.4000000000000001,radar_xyz,3,4.1971933343838845,True
moving_line,44,v15_position_adapter,1.5,radar_xyz,3,6.266426524666729,True
moving_line,44,v15_position_adapter,1.6,radar_xyz,3,0.8084500193909285,True
moving_line,44,v15_position_adapter,1.7000000000000002,radar_xyz,3,2.2991224695315986,True
moving_line,44,v15_position_adapter,1.8,radar_xyz,3,7.917310742989082,True
moving_line,44,v15_position_adapter,1.9000000000000001,radar_xyz,3,4.406677819343971,True
moving_line,44,v15_position_adapter,2.0,radar_xyz,3,5.52045565493033,True
moving_line,44,v15_position_adapter,2.1,radar_xyz,3,1.6218745476151677,True
moving_line,44,v15_position_adapter,2.2,radar_xyz,3,13.664675007569386,True
moving_line,44,v15_position_adapter,2.3000000000000003,radar_xyz,3,5.492907904182299,True
moving_line,44,v15_position_adapter,2.4000000000000004,radar_xyz,3,2.2858812540569504,True
moving_line,44,v15_position_adapter,2.5,radar_xyz,3,6.437112043619822,True
moving_line,44,v15_position_adapter,2.6,radar_xyz,3,0.11030349277368731,True
moving_line,44,v15_position_adapter,2.7,radar_xyz,3,1.8593781515160004,True
moving_line,44,v15_position_adapter,2.8000000000000003,radar_xyz,3,0.7766726502165854,True
moving_line,44,v15_position_adapter,2.9000000000000004,radar_xyz,3,6.255347349416745,True
moving_line,44,v15_position_adapter,3.0,radar_xyz,3,1.9400556684422448,True
moving_line,44,v15_position_adapter,3.1,radar_xyz,3,14.149292771548732,True
moving_line,44,v15_position_adapter,3.2,radar_xyz,3,1.5862059866908773,True
moving_line,44,v15_position_adapter,3.3000000000000003,radar_xyz,3,1.2025304529333134,True
moving_line,44,v15_position_adapter,3.4000000000000004,radar_xyz,3,4.24920824587407,True
moving_line,44,v15_position_adapter,3.5,radar_xyz,3,0.10528452100942771,True
moving_line,44,v15_position_adapter,3.6,radar_xyz,3,4.894710296632951,True
moving_line,44,v15_position_adapter,3.7,radar_xyz,3,0.6371869674559587,True
moving_line,44,v15_position_adapter,3.8000000000000003,radar_xyz,3,1.3836794754096715,True
moving_line,44,v15_position_adapter,3.9000000000000004,radar_xyz,3,1.8119698398057307,True
moving_line,44,v15_position_adapter,4.0,radar_xyz,3,0.8955655271869581,True
moving_line,44,v15_position_adapter,4.1000000000000005,radar_xyz,3,2.1302053205622573,True
moving_line,44,v15_position_adapter,4.2,radar_xyz,3,1.6193544924797516,True
moving_line,44,v15_position_adapter,4.3,radar_xyz,3,2.074843091023259,True
moving_line,44,v15_position_adapter,4.4,radar_xyz,3,0.33002387622753404,True
moving_line,44,v15_position_adapter,4.5,radar_xyz,3,2.044975616710979,True
moving_line,44,v15_position_adapter,4.6000000000000005,radar_xyz,3,2.1686802553938613,True
moving_line,44,v15_position_adapter,4.7,radar_xyz,3,2.7433919442080663,True
moving_line,44,v15_position_adapter,4.800000000000001,radar_xyz,3,8.355321579032482,True
moving_line,44,v15_position_adapter,4.9,radar_xyz,3,4.546416002455501,True
moving_line,44,v15_position_adapter,5.0,radar_xyz,3,2.6860490889206248,True
moving_line,44,v15_position_adapter,5.1000000000000005,radar_xyz,3,3.1049999421289725,True
moving_line,44,v15_position_adapter,5.2,radar_xyz,3,5.540086306673783,True
moving_line,44,v15_position_adapter,5.300000000000001,radar_xyz,3,2.626799671693899,True
moving_line,44,v15_position_adapter,5.4,radar_xyz,3,3.145182086175429,True
moving_line,44,v15_position_adapter,5.5,radar_xyz,3,1.5027483612617825,True
moving_line,44,v15_position_adapter,5.6000000000000005,radar_xyz,3,1.6628601752895342,True
moving_line,44,v15_position_adapter,5.7,radar_xyz,3,0.23506570693631307,True
moving_line,44,v15_position_adapter,5.800000000000001,radar_xyz,3,8.632481856050074,True
moving_line,44,v15_position_adapter,5.9,radar_xyz,3,3.4345367719844195,True
moving_line,44,v15_position_adapter,6.0,radar_xyz,3,3.9186123509299384,True
moving_line,44,v15_position_adapter,6.1000000000000005,radar_xyz,3,1.8098672046010058,True
moving_line,44,v15_position_adapter,6.2,radar_xyz,3,3.2118776025261107,True
moving_line,44,v15_position_adapter,6.300000000000001,radar_xyz,3,6.2761360480386745,True
moving_line,44,v15_position_adapter,6.4,radar_xyz,3,0.82085481959384,True
moving_line,44,v15_position_adapter,6.5,radar_xyz,3,1.8219309158785424,True
moving_line,44,v15_position_adapter,6.6000000000000005,radar_xyz,3,0.2937540426124988,True
moving_line,44,v15_position_adapter,6.7,radar_xyz,3,3.508210803897638,True
moving_line,44,v15_position_adapter,6.800000000000001,radar_xyz,3,1.1041319431455816,True
moving_line,44,v15_position_adapter,6.9,radar_xyz,3,5.919127786353146,True
moving_line,44,v15_position_adapter,7.0,radar_xyz,3,2.1318503113576837,True
moving_line,44,v15_position_adapter,7.1000000000000005,radar_xyz,3,1.9054203590340695,True
moving_line,44,v15_position_adapter,7.2,radar_xyz,3,0.08173218135257193,True
moving_line,44,v15_position_adapter,7.300000000000001,radar_xyz,3,3.398128278741987,True
moving_line,44,v15_position_adapter,7.4,radar_xyz,3,1.13204719650967,True
moving_line,44,v15_position_adapter,7.5,radar_xyz,3,3.276532983328667,True
moving_line,44,v15_position_adapter,7.6000000000000005,radar_xyz,3,2.24289729728168,True
moving_line,44,v15_position_adapter,7.7,radar_xyz,3,3.1000720049753947,True
moving_line,44,v15_position_adapter,7.800000000000001,radar_xyz,3,6.994321389268067,True
moving_line,44,v15_position_adapter,7.9,radar_xyz,3,2.44135853269033,True
moving_line,44,v15_position_adapter,8.0,radar_xyz,3,0.45181600770920793,True
moving_line,44,v15_position_adapter,8.1,radar_xyz,3,2.8446454852768945,True
moving_line,44,v15_position_adapter,8.200000000000001,radar_xyz,3,4.142637242303202,True
moving_line,44,v15_position_adapter,8.3,radar_xyz,3,1.0752275345164108,True
moving_line,44,v15_position_adapter,8.4,radar_xyz,3,1.0160602448882043,True
moving_line,44,v15_position_adapter,8.5,radar_xyz,3,2.4024853573926546,True
moving_line,44,v15_position_adapter,8.6,radar_xyz,3,3.3487660806194155,True
moving_line,44,v15_position_adapter,8.700000000000001,radar_xyz,3,0.8545519871666515,True
moving_line,44,v15_position_adapter,8.8,radar_xyz,3,0.7944042477689229,True
moving_line,44,v15_position_adapter,8.9,radar_xyz,3,2.7996116899367576,True
moving_line,44,v15_position_adapter,9.0,radar_xyz,3,4.58218309443895,True
moving_line,44,v15_position_adapter,9.1,radar_xyz,3,2.251409598698916,True
moving_line,44,v15_position_adapter,9.200000000000001,radar_xyz,3,1.0380873438762563,True
moving_line,44,v15_position_adapter,9.3,radar_xyz,3,1.3418089290930262,True
moving_line,44,v15_position_adapter,9.4,radar_xyz,3,3.671715327669386,True
moving_line,44,v15_position_adapter,9.5,radar_xyz,3,0.6956036218505821,True
moving_line,44,v15_position_adapter,9.600000000000001,radar_xyz,3,8.797400992387253,True
moving_line,44,v15_position_adapter,9.700000000000001,radar_xyz,3,1.587034398700779,True
moving_line,44,v15_position_adapter,9.8,radar_xyz,3,5.027698672704094,True
moving_line,44,v15_position_adapter,9.9,radar_xyz,3,4.807818404971935,True
moving_line,44,v15_position_adapter,10.0,radar_xyz,3,2.1067101427499875,True
moving_line,44,v15_position_adapter,10.100000000000001,radar_xyz,3,4.101716129591755,True
moving_line,44,v15_position_adapter,10.200000000000001,radar_xyz,3,1.3597798947062258,True
moving_line,44,v15_position_adapter,10.3,radar_xyz,3,4.668257965180319,True
moving_line,44,v15_position_adapter,10.4,radar_xyz,3,6.539366555214055,True
moving_line,44,v15_position_adapter,10.5,radar_xyz,3,2.0183041334116285,True
moving_line,44,v15_position_adapter,10.600000000000001,radar_xyz,3,2.2955477797464914,True
moving_line,44,v15_position_adapter,10.700000000000001,radar_xyz,3,1.1084438894980424,True
moving_line,44,v15_position_adapter,10.8,radar_xyz,3,1.3983453549240827,True
moving_line,44,v15_position_adapter,10.9,radar_xyz,3,2.8748798518861616,True
moving_line,44,v15_position_adapter,11.0,radar_xyz,3,4.439559400366673,True
moving_line,44,v15_position_adapter,11.100000000000001,radar_xyz,3,2.7744726176535335,True
moving_line,44,v15_position_adapter,11.200000000000001,radar_xyz,3,1.72899528590564,True
moving_line,44,v15_position_adapter,11.3,radar_xyz,3,0.5627116906599255,True
moving_line,44,v15_position_adapter,11.4,radar_xyz,3,5.390459360645968,True
moving_line,44,v15_position_adapter,11.5,radar_xyz,3,3.3752140344036623,True
moving_line,44,v15_position_adapter,11.600000000000001,radar_xyz,3,3.2254908591104354,True
moving_line,44,v15_position_adapter,11.700000000000001,radar_xyz,3,6.406238144912963,True
moving_line,44,v15_position_adapter,11.8,radar_xyz,3,0.9161020980463647,True
moving_line,44,v15_position_adapter,11.9,radar_xyz,3,2.127534506113778,True
moving_line,44,v15_position_adapter,12.0,radar_xyz,3,1.054989188578465,True
moving_line,44,v2_radar,0.1,radar,4,2.813432605819043,True
moving_line,44,v2_radar,0.2,radar,4,1.6107303011413352,True
moving_line,44,v2_radar,0.30000000000000004,radar,4,0.6913363747109906,True
moving_line,44,v2_radar,0.4,radar,4,4.252614371634833,True
moving_line,44,v2_radar,0.5,radar,4,0.19431540982014212,True
moving_line,44,v2_radar,0.6000000000000001,radar,4,3.069947047658905,True
moving_line,44,v2_radar,0.7000000000000001,radar,4,2.4019153239504805,True
moving_line,44,v2_radar,0.8,radar,4,2.850443628663991,True
moving_line,44,v2_radar,0.9,radar,4,4.050183019292962,True
moving_line,44,v2_radar,1.0,radar,4,5.669440792394152,True
moving_line,44,v2_radar,1.1,radar,4,3.045642833586378,True
moving_line,44,v2_radar,1.2000000000000002,radar,4,4.800921394213652,True
moving_line,44,v2_radar,1.3,radar,4,2.1017563032041706,True
moving_line,44,v2_radar,1.4000000000000001,radar,4,4.2949519806739875,True
moving_line,44,v2_radar,1.5,radar,4,6.503935158421748,True
moving_line,44,v2_radar,1.6,radar,4,1.8534433477608616,True
moving_line,44,v2_radar,1.7000000000000002,radar,4,2.3787892609828636,True
moving_line,44,v2_radar,1.8,radar,4,10.235142849411272,True
moving_line,44,v2_radar,1.9000000000000001,radar,4,6.762002989161592,True
moving_line,44,v2_radar,2.0,radar,4,6.37683894096331,True
moving_line,44,v2_radar,2.1,radar,4,2.2653317695285557,True
moving_line,44,v2_radar,2.2,radar,4,14.561347951807265,False
moving_line,44,v2_radar,2.3000000000000003,radar,4,5.782569193984225,True
moving_line,44,v2_radar,2.4000000000000004,radar,4,5.007929475642223,True
moving_line,44,v2_radar,2.5,radar,4,10.356515110026121,True
moving_line,44,v2_radar,2.6,radar,4,0.8780004957536656,True
moving_line,44,v2_radar,2.7,radar,4,0.7510752323996515,True
moving_line,44,v2_radar,2.8000000000000003,radar,4,0.6820869464331656,True
moving_line,44,v2_radar,2.9000000000000004,radar,4,7.547107672650523,True
moving_line,44,v2_radar,3.0,radar,4,3.40722929120866,True
moving_line,44,v2_radar,3.1,radar,4,13.97666745338681,False
moving_line,44,v2_radar,3.2,radar,4,4.333179109068134,True
moving_line,44,v2_radar,3.3000000000000003,radar,4,2.9223474391103252,True
moving_line,44,v2_radar,3.4000000000000004,radar,4,5.8118319344723925,True
moving_line,44,v2_radar,3.5,radar,4,0.4714012536108267,True
moving_line,44,v2_radar,3.6,radar,4,8.349851164996872,True
moving_line,44,v2_radar,3.7,radar,4,2.54823496652066,True
moving_line,44,v2_radar,3.8000000000000003,radar,4,1.60870655835196,True
moving_line,44,v2_radar,3.9000000000000004,radar,4,1.5894459799596403,True
moving_line,44,v2_radar,4.0,radar,4,0.9144883917777783,True
moving_line,44,v2_radar,4.1000000000000005,radar,4,2.4124787380207127,True
moving_line,44,v2_radar,4.2,radar,4,1.7445154125505185,True
moving_line,44,v2_radar,4.3,radar,4,2.614962641208413,True
moving_line,44,v2_radar,4.4,radar,4,1.7481985168048588,True
moving_line,44,v2_radar,4.5,radar,4,1.9075243859521194,True
moving_line,44,v2_radar,4.6000000000000005,radar,4,5.148550858991342,True
moving_line,44,v2_radar,4.7,radar,4,4.096715930990671,True
moving_line,44,v2_radar,4.800000000000001,radar,4,11.025123775343612,True
moving_line,44,v2_radar,4.9,radar,4,3.752507518118323,True
moving_line,44,v2_radar,5.0,radar,4,3.543731411962245,True
moving_line,44,v2_radar,5.1000000000000005,radar,4,4.5489330009108935,True
moving_line,44,v2_radar,5.2,radar,4,5.299689893256255,True
moving_line,44,v2_radar,5.300000000000001,radar,4,5.852802398132334,True
moving_line,44,v2_radar,5.4,radar,4,2.1364707420858524,True
moving_line,44,v2_radar,5.5,radar,4,2.2289571884620876,True
moving_line,44,v2_radar,5.6000000000000005,radar,4,2.3675732807180845,True
moving_line,44,v2_radar,5.7,radar,4,0.7249347841129884,True
moving_line,44,v2_radar,5.800000000000001,radar,4,10.510528305490332,True
moving_line,44,v2_radar,5.9,radar,4,4.067610201606798,True
moving_line,44,v2_radar,6.0,radar,4,3.088317914057591,True
moving_line,44,v2_radar,6.1000000000000005,radar,4,2.53610233490198,True
moving_line,44,v2_radar,6.2,radar,4,4.836860582429106,True
moving_line,44,v2_radar,6.300000000000001,radar,4,6.21961494414547,True
moving_line,44,v2_radar,6.4,radar,4,1.1741864941142288,True
moving_line,44,v2_radar,6.5,radar,4,1.5820016551755327,True
moving_line,44,v2_radar,6.6000000000000005,radar,4,0.44841499372272875,True
moving_line,44,v2_radar,6.7,radar,4,4.070405229750805,True
moving_line,44,v2_radar,6.800000000000001,radar,4,3.077669363114297,True
moving_line,44,v2_radar,6.9,radar,4,7.661647202089255,True
moving_line,44,v2_radar,7.0,radar,4,2.146780213248032,True
moving_line,44,v2_radar,7.1000000000000005,radar,4,1.347592899639687,True
moving_line,44,v2_radar,7.2,radar,4,0.8718755668418189,True
moving_line,44,v2_radar,7.300000000000001,radar,4,5.016176384387788,True
moving_line,44,v2_radar,7.4,radar,4,2.904797297164949,True
moving_line,44,v2_radar,7.5,radar,4,3.2013315153323165,True
moving_line,44,v2_radar,7.6000000000000005,radar,4,1.512211737480412,True
moving_line,44,v2_radar,7.7,radar,4,1.9931784544559588,True
moving_line,44,v2_radar,7.800000000000001,radar,4,8.208419557050977,True
moving_line,44,v2_radar,7.9,radar,4,5.187728756334718,True
moving_line,44,v2_radar,8.0,radar,4,0.17389876519003664,True
moving_line,44,v2_radar,8.1,radar,4,3.7574809820648825,True
moving_line,44,v2_radar,8.200000000000001,radar,4,2.280575739748945,True
moving_line,44,v2_radar,8.3,radar,4,1.160078267217734,True
moving_line,44,v2_radar,8.4,radar,4,0.8271955726992885,True
moving_line,44,v2_radar,8.5,radar,4,2.819606545594938,True
moving_line,44,v2_radar,8.6,radar,4,3.1617744090032125,True
moving_line,44,v2_radar,8.700000000000001,radar,4,1.261774140940956,True
moving_line,44,v2_radar,8.8,radar,4,1.6643471111414905,True
moving_line,44,v2_radar,8.9,radar,4,2.4068616987512987,True
moving_line,44,v2_radar,9.0,radar,4,5.935463362303116,True
moving_line,44,v2_radar,9.1,radar,4,4.819372133883083,True
moving_line,44,v2_radar,9.200000000000001,radar,4,1.062051202728245,True
moving_line,44,v2_radar,9.3,radar,4,1.7226635331283706,True
moving_line,44,v2_radar,9.4,radar,4,3.6892488777180565,True
moving_line,44,v2_radar,9.5,radar,4,3.9388683136407705,True
moving_line,44,v2_radar,9.600000000000001,radar,4,8.638231889349795,True
moving_line,44,v2_radar,9.700000000000001,radar,4,1.697033919987844,True
moving_line,44,v2_radar,9.8,radar,4,5.919622714278187,True
moving_line,44,v2_radar,9.9,radar,4,4.388253768537816,True
moving_line,44,v2_radar,10.0,radar,4,2.1933066980914133,True
moving_line,44,v2_radar,10.100000000000001,radar,4,6.000481180389723,True
moving_line,44,v2_radar,10.200000000000001,radar,4,2.072413610813137,True
moving_line,44,v2_radar,10.3,radar,4,5.7032878351516185,True
moving_line,44,v2_radar,10.4,radar,4,5.348741572079892,True
moving_line,44,v2_radar,10.5,radar,4,2.7691206897341307,True
moving_line,44,v2_radar,10.600000000000001,radar,4,3.3377139305964287,True
moving_line,44,v2_radar,10.700000000000001,radar,4,0.5783444220401835,True
moving_line,44,v2_radar,10.8,radar,4,3.757698616359588,True
moving_line,44,v2_radar,10.9,radar,4,4.010537803948417,True
moving_line,44,v2_radar,11.0,radar,4,6.086221092823184,True
moving_line,44,v2_radar,11.100000000000001,radar,4,3.0346176974282772,True
moving_line,44,v2_radar,11.200000000000001,radar,4,1.9353321331335849,True
moving_line,44,v2_radar,11.3,radar,4,0.5262169401241199,True
moving_line,44,v2_radar,11.4,radar,4,7.679406348656869,True
moving_line,44,v2_radar,11.5,radar,4,4.1644708564607456,True
moving_line,44,v2_radar,11.600000000000001,radar,4,5.42641403318507,True
moving_line,44,v2_radar,11.700000000000001,radar,4,5.526530194297074,True
moving_line,44,v2_radar,11.8,radar,4,2.0973527838367083,True
moving_line,44,v2_radar,11.9,radar,4,5.192768745887178,True
moving_line,44,v2_radar,12.0,radar,4,1.9042601494424916,True
moving_line,44,v2_range_rate_camera,0.0,camera,2,1.7154171352497647,True
moving_line,44,v2_range_rate_camera,0.1,radar,2,1.6388938632469785,True
moving_line,44,v2_range_rate_camera,0.1,camera,2,0.004370425023698651,True
moving_line,44,v2_range_rate_camera,0.2,radar,2,1.6746496212919126,True
moving_line,44,v2_range_rate_camera,0.2,camera,2,0.6289305231360968,True
moving_line,44,v2_range_rate_camera,0.30000000000000004,radar,2,0.48085869367999035,True
moving_line,44,v2_range_rate_camera,0.30000000000000004,camera,2,0.18786385319023063,True
moving_line,44,v2_range_rate_camera,0.4,radar,2,2.9807439905277944,True
moving_line,44,v2_range_rate_camera,0.4,camera,2,2.932036355396534,True
moving_line,44,v2_range_rate_camera,0.5,radar,2,0.060851641183242114,True
moving_line,44,v2_range_rate_camera,0.5,camera,2,1.9428349937031655,True
moving_line,44,v2_range_rate_camera,0.6000000000000001,radar,2,0.9618506959112438,True
moving_line,44,v2_range_rate_camera,0.6000000000000001,camera,2,2.7818867305698824,True
moving_line,44,v2_range_rate_camera,0.7000000000000001,radar,2,0.26947217633934484,True
moving_line,44,v2_range_rate_camera,0.7000000000000001,camera,2,1.4630517197831792,True
moving_line,44,v2_range_rate_camera,0.8,radar,2,0.42309566478133775,True
moving_line,44,v2_range_rate_camera,0.8,camera,2,2.291121183920751,True
moving_line,44,v2_range_rate_camera,0.9,radar,2,0.7891164569992039,True
moving_line,44,v2_range_rate_camera,0.9,camera,2,0.2413590613668608,True
moving_line,44,v2_range_rate_camera,1.0,radar,2,3.6917126209459172,True
moving_line,44,v2_range_rate_camera,1.0,camera,2,1.6239117253548014,True
moving_line,44,v2_range_rate_camera,1.1,radar,2,2.2943679010230245,True
moving_line,44,v2_range_rate_camera,1.1,camera,2,0.02768177131410627,True
moving_line,44,v2_range_rate_camera,1.2000000000000002,radar,2,0.6417785065198665,True
moving_line,44,v2_range_rate_camera,1.2000000000000002,camera,2,1.905051365941568,True
moving_line,44,v2_range_rate_camera,1.3,radar,2,1.6616131897796398,True
moving_line,44,v2_range_rate_camera,1.3,camera,2,0.9688087139893401,True
moving_line,44,v2_range_rate_camera,1.4000000000000001,radar,2,0.7095708183231129,True
moving_line,44,v2_range_rate_camera,1.4000000000000001,camera,2,3.0118129275684886,True
moving_line,44,v2_range_rate_camera,1.5,radar,2,0.6965841076853585,True
moving_line,44,v2_range_rate_camera,1.5,camera,2,4.776991351944649,True
moving_line,44,v2_range_rate_camera,1.6,radar,2,1.1248924812626873,True
moving_line,44,v2_range_rate_camera,1.6,camera,2,0.43198663455888575,True
moving_line,44,v2_range_rate_camera,1.7000000000000002,radar,2,1.1398041934237229,True
moving_line,44,v2_range_rate_camera,1.7000000000000002,camera,2,4.231402567213218,True
moving_line,44,v2_range_rate_camera,1.8,radar,2,6.8446622121042635,True
moving_line,44,v2_range_rate_camera,1.8,camera,2,0.028529315300739478,True
moving_line,44,v2_range_rate_camera,1.9000000000000001,radar,2,3.4458568611080285,True
moving_line,44,v2_range_rate_camera,1.9000000000000001,camera,2,2.1842695604721,True
moving_line,44,v2_range_rate_camera,2.0,radar,2,4.534354017945267,True
moving_line,44,v2_range_rate_camera,2.0,camera,2,0.017559987095251917,True
moving_line,44,v2_range_rate_camera,2.1,radar,2,1.4427125142587738,True
moving_line,44,v2_range_rate_camera,2.1,camera,2,1.938780606943255,True
moving_line,44,v2_range_rate_camera,2.2,radar,2,1.5503620753475464,True
moving_line,44,v2_range_rate_camera,2.2,camera,2,0.7621534503816394,True
moving_line,44,v2_range_rate_camera,2.3000000000000003,radar,2,1.998197231043976,True
moving_line,44,v2_range_rate_camera,2.3000000000000003,camera,2,2.3630298170229005,True
moving_line,44,v2_range_rate_camera,2.4000000000000004,radar,2,1.5301643199002375,True
moving_line,44,v2_range_rate_camera,2.4000000000000004,camera,2,2.4665125139938633,True
moving_line,44,v2_range_rate_camera,2.5,radar,2,5.8418665174789925,True
moving_line,44,v2_range_rate_camera,2.5,camera,2,2.1395038187845676,True
moving_line,44,v2_range_rate_camera,2.6,radar,2,0.29573791080781614,True
moving_line,44,v2_range_rate_camera,2.6,camera,2,0.11785077375831653,True
moving_line,44,v2_range_rate_camera,2.7,radar,2,0.0879208528856856,True
moving_line,44,v2_range_rate_camera,2.7,camera,2,0.8542846781226671,True
moving_line,44,v2_range_rate_camera,2.8000000000000003,radar,2,0.48584484378477816,True
moving_line,44,v2_range_rate_camera,2.8000000000000003,camera,2,1.6829215581213615,True
moving_line,44,v2_range_rate_camera,2.9000000000000004,radar,2,0.5543586370046535,True
moving_line,44,v2_range_rate_camera,2.9000000000000004,camera,2,1.0895241818740222,True
moving_line,44,v2_range_rate_camera,3.0,radar,2,3.123454888187767,True
moving_line,44,v2_range_rate_camera,3.0,camera,2,0.4010430207131459,True
moving_line,44,v2_range_rate_camera,3.1,radar,2,3.261750412953786,True
moving_line,44,v2_range_rate_camera,3.1,camera,2,0.7337300258051774,True
moving_line,44,v2_range_rate_camera,3.2,radar,2,0.5450966647349897,True
moving_line,44,v2_range_rate_camera,3.2,camera,2,6.431373504217871,True
moving_line,44,v2_range_rate_camera,3.3000000000000003,radar,2,2.3854553737203736,True
moving_line,44,v2_range_rate_camera,3.3000000000000003,camera,2,2.0493658445196608,True
moving_line,44,v2_range_rate_camera,3.4000000000000004,radar,2,2.6817266297897095,True
moving_line,44,v2_range_rate_camera,3.4000000000000004,camera,2,4.047366221978567,True
moving_line,44,v2_range_rate_camera,3.5,radar,2,0.34672323606360395,True
moving_line,44,v2_range_rate_camera,3.5,camera,2,1.8492892757210686,True
moving_line,44,v2_range_rate_camera,3.6,radar,2,5.592486091748199,True
moving_line,44,v2_range_rate_camera,3.6,camera,2,0.00018641019178732108,True
moving_line,44,v2_range_rate_camera,3.7,radar,2,2.1078565466655954,True
moving_line,44,v2_range_rate_camera,3.7,camera,2,0.1139842480703154,True
moving_line,44,v2_range_rate_camera,3.8000000000000003,radar,2,0.635465922907912,True
moving_line,44,v2_range_rate_camera,3.8000000000000003,camera,2,4.156479323871573,True
moving_line,44,v2_range_rate_camera,3.9000000000000004,radar,2,0.15415126871389226,True
moving_line,44,v2_range_rate_camera,3.9000000000000004,camera,2,4.413971916732425,True
moving_line,44,v2_range_rate_camera,4.0,radar,2,0.18099314503742894,True
moving_line,44,v2_range_rate_camera,4.0,camera,2,10.785045981547658,False
moving_line,44,v2_range_rate_camera,4.1000000000000005,radar,2,2.126467926638853,True
moving_line,44,v2_range_rate_camera,4.1000000000000005,camera,2,12.786110908933537,False
moving_line,44,v2_range_rate_camera,4.2,radar,2,0.6048763516331143,True
moving_line,44,v2_range_rate_camera,4.2,camera,2,5.202235342968694,True
moving_line,44,v2_range_rate_camera,4.3,radar,2,0.9403003116348496,True
moving_line,44,v2_range_rate_camera,4.3,camera,2,0.7829381566332488,True
moving_line,44,v2_range_rate_camera,4.4,radar,2,1.5259428581231165,True
moving_line,44,v2_range_rate_camera,4.4,camera,2,1.100470243813304,True
moving_line,44,v2_range_rate_camera,4.5,radar,2,0.42944254440076407,True
moving_line,44,v2_range_rate_camera,4.5,camera,2,3.419882930242919,True
moving_line,44,v2_range_rate_camera,4.6000000000000005,radar,2,3.2013846766013563,True
moving_line,44,v2_range_rate_camera,4.6000000000000005,camera,2,0.9043129652460615,True
moving_line,44,v2_range_rate_camera,4.7,radar,2,3.4041593788547244,True
moving_line,44,v2_range_rate_camera,4.7,camera,2,4.498753598782738,True
moving_line,44,v2_range_rate_camera,4.800000000000001,radar,2,5.845375689817197,True
moving_line,44,v2_range_rate_camera,4.800000000000001,camera,2,1.2907232705450904,True
moving_line,44,v2_range_rate_camera,4.9,radar,2,1.712829939948431,True
moving_line,44,v2_range_rate_camera,4.9,camera,2,0.22920766670662235,True
moving_line,44,v2_range_rate_camera,5.0,radar,2,1.5925457054625947,True
moving_line,44,v2_range_rate_camera,5.0,camera,2,1.7528733162251346,True
moving_line,44,v2_range_rate_camera,5.1000000000000005,radar,2,4.252549130599837,True
moving_line,44,v2_range_rate_camera,5.1000000000000005,camera,2,0.047289334418416436,True
moving_line,44,v2_range_rate_camera,5.2,radar,2,1.0949991248812676,True
moving_line,44,v2_range_rate_camera,5.2,camera,2,5.957868175071801,True
moving_line,44,v2_range_rate_camera,5.300000000000001,radar,2,5.66789824541078,True
moving_line,44,v2_range_rate_camera,5.300000000000001,camera,2,2.207360691000778,True
moving_line,44,v2_range_rate_camera,5.4,radar,2,0.8728072583404622,True
moving_line,44,v2_range_rate_camera,5.4,camera,2,3.3387260121460836,True
moving_line,44,v2_range_rate_camera,5.5,radar,2,0.773027391938517,True
moving_line,44,v2_range_rate_camera,5.5,camera,2,1.7182263257671857,True
moving_line,44,v2_range_rate_camera,5.6000000000000005,radar,2,1.159074427274933,True
moving_line,44,v2_range_rate_camera,5.6000000000000005,camera,2,8.205438063390291,True
moving_line,44,v2_range_rate_camera,5.7,radar,2,0.5048387340487223,True
moving_line,44,v2_range_rate_camera,5.7,camera,2,1.477088854561136,True
moving_line,44,v2_range_rate_camera,5.800000000000001,radar,2,3.995811091283762,True
moving_line,44,v2_range_rate_camera,5.800000000000001,camera,2,0.39986410273909173,True
moving_line,44,v2_range_rate_camera,5.9,radar,2,0.6276497159492267,True
moving_line,44,v2_range_rate_camera,5.9,camera,2,1.5601264362856202,True
moving_line,44,v2_range_rate_camera,6.0,radar,2,1.7632803705492432,True
moving_line,44,v2_range_rate_camera,6.0,camera,2,3.967819671823988,True
moving_line,44,v2_range_rate_camera,6.1000000000000005,radar,2,1.2371371107745042,True
moving_line,44,v2_range_rate_camera,6.1000000000000005,camera,2,4.578780830831647,True
moving_line,44,v2_range_rate_camera,6.2,radar,2,2.9505519198119323,True
moving_line,44,v2_range_rate_camera,6.2,camera,2,2.928522301678706,True
moving_line,44,v2_range_rate_camera,6.300000000000001,radar,2,4.057265617034882,True
moving_line,44,v2_range_rate_camera,6.300000000000001,camera,2,0.3068276104738373,True
moving_line,44,v2_range_rate_camera,6.4,radar,2,0.597843285373463,True
moving_line,44,v2_range_rate_camera,6.4,camera,2,5.074850278232554,True
moving_line,44,v2_range_rate_camera,6.5,radar,2,1.362361767461747,True
moving_line,44,v2_range_rate_camera,6.5,camera,2,3.571850516784724,True
moving_line,44,v2_range_rate_camera,6.6000000000000005,radar,2,0.3031162732069239,True
moving_line,44,v2_range_rate_camera,6.6000000000000005,camera,2,0.8157857318251599,True
moving_line,44,v2_range_rate_camera,6.7,radar,2,3.26483367609355,True
moving_line,44,v2_range_rate_camera,6.7,camera,2,0.35942401795648354,True
moving_line,44,v2_range_rate_camera,6.800000000000001,radar,2,2.874442950365589,True
moving_line,44,v2_range_rate_camera,6.800000000000001,camera,2,2.539306950039651,True
moving_line,44,v2_range_rate_camera,6.9,radar,2,1.8436604394497487,True
moving_line,44,v2_range_rate_camera,6.9,camera,2,0.13573502639524157,True
moving_line,44,v2_range_rate_camera,7.0,radar,2,0.7273791285853871,True
moving_line,44,v2_range_rate_camera,7.0,camera,2,1.4222085959925652,True
moving_line,44,v2_range_rate_camera,7.1000000000000005,radar,2,0.25349537218924895,True
moving_line,44,v2_range_rate_camera,7.1000000000000005,camera,2,0.18409616590361014,True
moving_line,44,v2_range_rate_camera,7.2,radar,2,0.870462435373794,True
moving_line,44,v2_range_rate_camera,7.2,camera,2,0.22479157476606765,True
moving_line,44,v2_range_rate_camera,7.300000000000001,radar,2,2.2795232927795843,True
moving_line,44,v2_range_rate_camera,7.300000000000001,camera,2,0.2285791714181812,True
moving_line,44,v2_range_rate_camera,7.4,radar,2,1.8865274112494876,True
moving_line,44,v2_range_rate_camera,7.4,camera,2,0.8749376710984627,True
moving_line,44,v2_range_rate_camera,7.5,radar,2,0.2651848063661579,True
moving_line,44,v2_range_rate_camera,7.5,camera,2,4.095005325998739,True
moving_line,44,v2_range_rate_camera,7.6000000000000005,radar,2,0.028371991480515342,True
moving_line,44,v2_range_rate_camera,7.6000000000000005,camera,2,0.36272890416532017,True
moving_line,44,v2_range_rate_camera,7.7,radar,2,0.6631689569337899,True
moving_line,44,v2_range_rate_camera,7.7,camera,2,2.162912198145334,True
moving_line,44,v2_range_rate_camera,7.800000000000001,radar,2,5.193838627897669,True
moving_line,44,v2_range_rate_camera,7.800000000000001,camera,2,0.7261200881304992,True
moving_line,44,v2_range_rate_camera,7.9,radar,2,4.4559617186207925,True
moving_line,44,v2_range_rate_camera,7.9,camera,2,1.2926409082920878,True
moving_line,44,v2_range_rate_camera,8.0,radar,2,0.08721529102169494,True
moving_line,44,v2_range_rate_camera,8.0,camera,2,1.5955392373472614,True
moving_line,44,v2_range_rate_camera,8.1,radar,2,0.9220228421214997,True
moving_line,44,v2_range_rate_camera,8.1,camera,2,0.9631553011405113,True
moving_line,44,v2_range_rate_camera,8.200000000000001,radar,2,1.2418541087201467,True
moving_line,44,v2_range_rate_camera,8.200000000000001,camera,2,0.8838036970934356,True
moving_line,44,v2_range_rate_camera,8.3,radar,2,0.5207093088146094,True
moving_line,44,v2_range_rate_camera,8.3,camera,2,0.9863621601928982,True
moving_line,44,v2_range_rate_camera,8.4,radar,2,0.36692993406443525,True
moving_line,44,v2_range_rate_camera,8.4,camera,2,1.7804409501132898,True
moving_line,44,v2_range_rate_camera,8.5,radar,2,2.163294315607921,True
moving_line,44,v2_range_rate_camera,8.5,camera,2,1.2300526458391703,True
moving_line,44,v2_range_rate_camera,8.6,radar,2,2.7530178459272743,True
moving_line,44,v2_range_rate_camera,8.6,camera,2,3.092382401893711,True
moving_line,44,v2_range_rate_camera,8.700000000000001,radar,2,0.3665173665718519,True
moving_line,44,v2_range_rate_camera,8.700000000000001,camera,2,0.6633204488825374,True
moving_line,44,v2_range_rate_camera,8.8,radar,2,1.3589191533683396,True
moving_line,44,v2_range_rate_camera,8.8,camera,2,0.20380117713050966,True
moving_line,44,v2_range_rate_camera,8.9,radar,2,0.28790132862363493,True
moving_line,44,v2_range_rate_camera,8.9,camera,2,0.8488327220938513,True
moving_line,44,v2_range_rate_camera,9.0,radar,2,4.1805344170685546,True
moving_line,44,v2_range_rate_camera,9.0,camera,2,1.9235474090632516,True
moving_line,44,v2_range_rate_camera,9.1,radar,2,4.3802352448003,True
moving_line,44,v2_range_rate_camera,9.1,camera,2,0.5652096046634493,True
moving_line,44,v2_range_rate_camera,9.200000000000001,radar,2,0.2863418203055904,True
moving_line,44,v2_range_rate_camera,9.200000000000001,camera,2,1.1851697895012738,True
moving_line,44,v2_range_rate_camera,9.3,radar,2,0.6388353945015168,True
moving_line,44,v2_range_rate_camera,9.3,camera,2,3.213374391021591,True
moving_line,44,v2_range_rate_camera,9.4,radar,2,0.04804861816275033,True
moving_line,44,v2_range_rate_camera,9.4,camera,2,0.5283744511210902,True
moving_line,44,v2_range_rate_camera,9.5,radar,2,3.7069746343460057,True
moving_line,44,v2_range_rate_camera,9.5,camera,2,0.1574301251830389,True
moving_line,44,v2_range_rate_camera,9.600000000000001,radar,2,0.518049752908749,True
moving_line,44,v2_range_rate_camera,9.600000000000001,camera,2,0.752350837428544,True
moving_line,44,v2_range_rate_camera,9.700000000000001,radar,2,0.34300511370210446,True
moving_line,44,v2_range_rate_camera,9.700000000000001,camera,2,1.4617588171541653,True
moving_line,44,v2_range_rate_camera,9.8,radar,2,4.874835919510248,True
moving_line,44,v2_range_rate_camera,9.8,camera,2,0.7442520407459948,True
moving_line,44,v2_range_rate_camera,9.9,radar,2,3.244024154209582,True
moving_line,44,v2_range_rate_camera,9.9,camera,2,0.6438549883853699,True
moving_line,44,v2_range_rate_camera,10.0,radar,2,0.10973216212426501,True
moving_line,44,v2_range_rate_camera,10.0,camera,2,3.033452823348942,True
moving_line,44,v2_range_rate_camera,10.100000000000001,radar,2,4.3441193546056525,True
moving_line,44,v2_range_rate_camera,10.100000000000001,camera,2,1.5951566437634666,True
moving_line,44,v2_range_rate_camera,10.200000000000001,radar,2,0.7026296200532959,True
moving_line,44,v2_range_rate_camera,10.200000000000001,camera,2,0.34896354605631036,True
moving_line,44,v2_range_rate_camera,10.3,radar,2,1.2585781282517017,True
moving_line,44,v2_range_rate_camera,10.3,camera,2,0.06394002404980824,True
moving_line,44,v2_range_rate_camera,10.4,radar,2,2.7100804057418304,True
moving_line,44,v2_range_rate_camera,10.4,camera,2,1.0074580360917154,True
moving_line,44,v2_range_rate_camera,10.5,radar,2,2.4812111638692853,True
moving_line,44,v2_range_rate_camera,10.5,camera,2,0.07280127003482417,True
moving_line,44,v2_range_rate_camera,10.600000000000001,radar,2,2.2253026223957115,True
moving_line,44,v2_range_rate_camera,10.600000000000001,camera,2,1.4763646261912984,True
moving_line,44,v2_range_rate_camera,10.700000000000001,radar,2,0.4520438135914724,True
moving_line,44,v2_range_rate_camera,10.700000000000001,camera,2,0.4522109809186613,True
moving_line,44,v2_range_rate_camera,10.8,radar,2,3.524427186124868,True
moving_line,44,v2_range_rate_camera,10.8,camera,2,1.9510335702283848,True
moving_line,44,v2_range_rate_camera,10.9,radar,2,2.3672003623189304,True
moving_line,44,v2_range_rate_camera,10.9,camera,2,3.3650006512281583,True
moving_line,44,v2_range_rate_camera,11.0,radar,2,3.9487115159003734,True
moving_line,44,v2_range_rate_camera,11.0,camera,2,7.165729756708753,True
moving_line,44,v2_range_rate_camera,11.100000000000001,radar,2,0.4380653421628797,True
moving_line,44,v2_range_rate_camera,11.100000000000001,camera,2,1.7602559211731934,True
moving_line,44,v2_range_rate_camera,11.200000000000001,radar,2,0.15912908100643708,True
moving_line,44,v2_range_rate_camera,11.200000000000001,camera,2,4.114455043482713,True
moving_line,44,v2_range_rate_camera,11.3,radar,2,0.4512573640411598,True
moving_line,44,v2_range_rate_camera,11.3,camera,2,0.11916496255774194,True
moving_line,44,v2_range_rate_camera,11.4,radar,2,7.508719811561985,True
moving_line,44,v2_range_rate_camera,11.4,camera,2,0.2739861274622349,True
moving_line,44,v2_range_rate_camera,11.5,radar,2,0.8616017877695462,True
moving_line,44,v2_range_rate_camera,11.5,camera,2,0.036105732459267396,True
moving_line,44,v2_range_rate_camera,11.600000000000001,radar,2,2.278513413722691,True
moving_line,44,v2_range_rate_camera,11.600000000000001,camera,2,0.9884399299971386,True
moving_line,44,v2_range_rate_camera,11.700000000000001,radar,2,1.6519970606299925,True
moving_line,44,v2_range_rate_camera,11.700000000000001,camera,2,0.7936181127088815,True
moving_line,44,v2_range_rate_camera,11.8,radar,2,1.6795939446656916,True
moving_line,44,v2_range_rate_camera,11.8,camera,2,1.3738006843336443,True
moving_line,44,v2_range_rate_camera,11.9,radar,2,3.383281261281084,True
moving_line,44,v2_range_rate_camera,11.9,camera,2,1.4752470044727117,True
moving_line,44,v2_range_rate_camera,12.0,radar,2,1.4070108559388457,True
moving_line,44,v2_range_rate_camera,12.0,camera,2,2.128760344258775,True
moving_line,44,v2_full,0.0,camera,2,1.7154171352497647,True
moving_line,44,v2_full,0.1,radar,4,2.027570415487311,True
moving_line,44,v2_full,0.1,camera,2,0.14770083316537325,True
moving_line,44,v2_full,0.2,radar,4,2.368393553809392,True
moving_line,44,v2_full,0.2,camera,2,0.19042037308302442,True
moving_line,44,v2_full,0.30000000000000004,radar,4,1.372374269317134,True
moving_line,44,v2_full,0.30000000000000004,camera,2,0.37269370041406175,True
moving_line,44,v2_full,0.4,radar,4,4.356066568597782,True
moving_line,44,v2_full,0.4,camera,2,2.870939339052811,True
moving_line,44,v2_full,0.5,radar,4,0.40596378014932033,True
moving_line,44,v2_full,0.5,camera,2,1.6219203992589148,True
moving_line,44,v2_full,0.6000000000000001,radar,4,2.1301348431039346,True
moving_line,44,v2_full,0.6000000000000001,camera,2,2.7016703353669715,True
moving_line,44,v2_full,0.7000000000000001,radar,4,3.528522251017542,True
moving_line,44,v2_full,0.7000000000000001,camera,2,1.841498983500417,True
moving_line,44,v2_full,0.8,radar,4,1.380115164148797,True
moving_line,44,v2_full,0.8,camera,2,2.106531656197261,True
moving_line,44,v2_full,0.9,radar,4,5.886784251704425,True
moving_line,44,v2_full,0.9,camera,2,0.3437641551723019,True
moving_line,44,v2_full,1.0,radar,4,10.587468857646613,True
moving_line,44,v2_full,1.0,camera,2,1.7762434183162419,True
moving_line,44,v2_full,1.1,radar,4,6.923083760230037,True
moving_line,44,v2_full,1.1,camera,2,0.1504923810060505,True
moving_line,44,v2_full,1.2000000000000002,radar,4,0.9952559400615291,True
moving_line,44,v2_full,1.2000000000000002,camera,2,1.2603002376836625,True
moving_line,44,v2_full,1.3,radar,4,4.278190940821365,True
moving_line,44,v2_full,1.3,camera,2,1.4271681760386272,True
moving_line,44,v2_full,1.4000000000000001,radar,4,1.2291379481226754,True
moving_line,44,v2_full,1.4000000000000001,camera,2,2.8883645632945045,True
moving_line,44,v2_full,1.5,radar,4,4.160388562523406,True
moving_line,44,v2_full,1.5,camera,2,4.984391347633307,True
moving_line,44,v2_full,1.6,radar,4,2.0944575560867613,True
moving_line,44,v2_full,1.6,camera,2,0.3894522466375358,True
moving_line,44,v2_full,1.7000000000000002,radar,4,3.9848240649470243,True
moving_line,44,v2_full,1.7000000000000002,camera,2,4.866163138284282,True
moving_line,44,v2_full,1.8,radar,4,9.002861078612337,True
moving_line,44,v2_full,1.8,camera,2,0.14927944866821136,True
moving_line,44,v2_full,1.9000000000000001,radar,4,6.01528719905276,True
moving_line,44,v2_full,1.9000000000000001,camera,2,2.695507717655876,True
moving_line,44,v2_full,2.0,radar,4,5.597501819388215,True
moving_line,44,v2_full,2.0,camera,2,0.08269066957568297,True
moving_line,44,v2_full,2.1,radar,4,2.7690587767657235,True
moving_line,44,v2_full,2.1,camera,2,1.5047727340840256,True
moving_line,44,v2_full,2.2,radar,4,13.271901429194862,True
moving_line,44,v2_full,2.2,camera,2,1.0014625719770205,True
moving_line,44,v2_full,2.3000000000000003,radar,4,6.8569040728488115,True
moving_line,44,v2_full,2.3000000000000003,camera,2,3.1993447282190837,True
moving_line,44,v2_full,2.4000000000000004,radar,4,3.5222847690128583,True
moving_line,44,v2_full,2.4000000000000004,camera,2,3.3539571704479956,True
moving_line,44,v2_full,2.5,radar,4,8.384495382982905,True
moving_line,44,v2_full,2.5,camera,2,1.8912136798598225,True
moving_line,44,v2_full,2.6,radar,4,0.764646620944246,True
moving_line,44,v2_full,2.6,camera,2,0.12553620787758946,True
moving_line,44,v2_full,2.7,radar,4,1.1872724396796048,True
moving_line,44,v2_full,2.7,camera,2,0.7089237103635476,True
moving_line,44,v2_full,2.8000000000000003,radar,4,0.9397123964563722,True
moving_line,44,v2_full,2.8000000000000003,camera,2,1.54370857451075,True
moving_line,44,v2_full,2.9000000000000004,radar,4,9.58095049404452,True
moving_line,44,v2_full,2.9000000000000004,camera,2,1.1436793831627619,True
moving_line,44,v2_full,3.0,radar,4,4.2445839702156976,True
moving_line,44,v2_full,3.0,camera,2,0.823816781216461,True
moving_line,44,v2_full,3.1,radar,4,10.460599123340796,True
moving_line,44,v2_full,3.1,camera,2,0.5791999747012786,True
moving_line,44,v2_full,3.2,radar,4,1.394995093342875,True
moving_line,44,v2_full,3.2,camera,2,7.37453622367115,True
moving_line,44,v2_full,3.3000000000000003,radar,4,3.09441677870775,True
moving_line,44,v2_full,3.3000000000000003,camera,2,2.6045289571865524,True
moving_line,44,v2_full,3.4000000000000004,radar,4,4.581522110862129,True
moving_line,44,v2_full,3.4000000000000004,camera,2,3.3268394511784543,True
moving_line,44,v2_full,3.5,radar,4,0.382318489948003,True
moving_line,44,v2_full,3.5,camera,2,1.4695927738254944,True
moving_line,44,v2_full,3.6,radar,4,8.823677341515225,True
moving_line,44,v2_full,3.6,camera,2,0.01674270790720403,True
moving_line,44,v2_full,3.7,radar,4,3.4613157200711706,True
moving_line,44,v2_full,3.7,camera,2,0.03609525448552996,True
moving_line,44,v2_full,3.8000000000000003,radar,4,1.072816566225134,True
moving_line,44,v2_full,3.8000000000000003,camera,2,4.299906347804496,True
moving_line,44,v2_full,3.9000000000000004,radar,4,1.106740501934253,True
moving_line,44,v2_full,3.9000000000000004,camera,2,4.503294432608901,True
moving_line,44,v2_full,4.0,radar,4,2.520333884531035,True
moving_line,44,v2_full,4.0,camera,2,9.755483653749906,False
moving_line,44,v2_full,4.1000000000000005,radar,4,3.5789118575028462,True
moving_line,44,v2_full,4.1000000000000005,camera,2,10.828177665754223,False
moving_line,44,v2_full,4.2,radar,4,0.6395050736622927,True
moving_line,44,v2_full,4.2,camera,2,4.089837712724371,True
moving_line,44,v2_full,4.3,radar,4,3.202190428868228,True
moving_line,44,v2_full,4.3,camera,2,0.4618829677554312,True
moving_line,44,v2_full,4.4,radar,4,1.9362326363821492,True
moving_line,44,v2_full,4.4,camera,2,0.8005223305824251,True
moving_line,44,v2_full,4.5,radar,4,1.788553056640646,True
moving_line,44,v2_full,4.5,camera,2,3.762994616768336,True
moving_line,44,v2_full,4.6000000000000005,radar,4,5.318216989826695,True
moving_line,44,v2_full,4.6000000000000005,camera,2,0.7072048615185841,True
moving_line,44,v2_full,4.7,radar,4,3.6184306865052895,True
moving_line,44,v2_full,4.7,camera,2,4.710418392704558,True
moving_line,44,v2_full,4.800000000000001,radar,4,11.186311573463314,True
moving_line,44,v2_full,4.800000000000001,camera,2,1.0424212140218283,True
moving_line,44,v2_full,4.9,radar,4,3.9934369686145823,True
moving_line,44,v2_full,4.9,camera,2,0.6126630800416891,True
moving_line,44,v2_full,5.0,radar,4,3.9580601324200826,True
moving_line,44,v2_full,5.0,camera,2,1.4383050183216846,True
moving_line,44,v2_full,5.1000000000000005,radar,4,4.367792570644766,True
moving_line,44,v2_full,5.1000000000000005,camera,2,0.15128999638406257,True
moving_line,44,v2_full,5.2,radar,4,4.265064898467787,True
moving_line,44,v2_full,5.2,camera,2,6.274079662690012,True
moving_line,44,v2_full,5.300000000000001,radar,4,6.654250329253461,True
moving_line,44,v2_full,5.300000000000001,camera,2,1.9216191399384082,True
moving_line,44,v2_full,5.4,radar,4,3.0965399510673937,True
moving_line,44,v2_full,5.4,camera,2,2.712345496775884,True
moving_line,44,v2_full,5.5,radar,4,1.65533481043869,True
moving_line,44,v2_full,5.5,camera,2,1.7457090446019095,True
moving_line,44,v2_full,5.6000000000000005,radar,4,3.0738913457427044,True
moving_line,44,v2_full,5.6000000000000005,camera,2,9.33215430149001,False
moving_line,44,v2_full,5.7,radar,4,0.6039041799485001,True
moving_line,44,v2_full,5.7,camera,2,0.2684830436017041,True
moving_line,44,v2_full,5.800000000000001,radar,4,10.075887387185123,True
moving_line,44,v2_full,5.800000000000001,camera,2,1.8201332022302277,True
moving_line,44,v2_full,5.9,radar,4,2.8060836092442374,True
moving_line,44,v2_full,5.9,camera,2,1.8454651176465822,True
moving_line,44,v2_full,6.0,radar,4,3.813033078729082,True
moving_line,44,v2_full,6.0,camera,2,2.840344366648802,True
moving_line,44,v2_full,6.1000000000000005,radar,4,2.7607359273421963,True
moving_line,44,v2_full,6.1000000000000005,camera,2,4.776487893602842,True
moving_line,44,v2_full,6.2,radar,4,4.081476321537404,True
moving_line,44,v2_full,6.2,camera,2,3.0062922707227426,True
moving_line,44,v2_full,6.300000000000001,radar,4,6.531861945734631,True
moving_line,44,v2_full,6.300000000000001,camera,2,0.2668300033478102,True
moving_line,44,v2_full,6.4,radar,4,1.02305166357067,True
moving_line,44,v2_full,6.4,camera,2,4.988110064423766,True
moving_line,44,v2_full,6.5,radar,4,1.8852349985600738,True
moving_line,44,v2_full,6.5,camera,2,3.582342177744724,True
moving_line,44,v2_full,6.6000000000000005,radar,4,0.6576011921846951,True
moving_line,44,v2_full,6.6000000000000005,camera,2,0.9156128080076796,True
moving_line,44,v2_full,6.7,radar,4,3.7676469044410275,True
moving_line,44,v2_full,6.7,camera,2,0.40678921299412574,True
moving_line,44,v2_full,6.800000000000001,radar,4,2.9694997897346624,True
moving_line,44,v2_full,6.800000000000001,camera,2,2.6111106854044333,True
moving_line,44,v2_full,6.9,radar,4,8.485189744338252,True
moving_line,44,v2_full,6.9,camera,2,0.04025820925854362,True
moving_line,44,v2_full,7.0,radar,4,1.52409430021558,True
moving_line,44,v2_full,7.0,camera,2,1.3771430269449376,True
moving_line,44,v2_full,7.1000000000000005,radar,4,1.1627494820717772,True
moving_line,44,v2_full,7.1000000000000005,camera,2,0.1620818652388575,True
moving_line,44,v2_full,7.2,radar,4,0.942173247405992,True
moving_line,44,v2_full,7.2,camera,2,0.2604380033893434,True
moving_line,44,v2_full,7.300000000000001,radar,4,5.632428624541255,True
moving_line,44,v2_full,7.300000000000001,camera,2,0.42287936170428647,True
moving_line,44,v2_full,7.4,radar,4,4.357016639411613,True
moving_line,44,v2_full,7.4,camera,2,0.976734058573701,True
moving_line,44,v2_full,7.5,radar,4,1.920006160807512,True
moving_line,44,v2_full,7.5,camera,2,3.750561723021633,True
moving_line,44,v2_full,7.6000000000000005,radar,4,1.1108001247562846,True
moving_line,44,v2_full,7.6000000000000005,camera,2,0.42828822997421845,True
moving_line,44,v2_full,7.7,radar,4,2.044537624280676,True
moving_line,44,v2_full,7.7,camera,2,1.8852738353141192,True
moving_line,44,v2_full,7.800000000000001,radar,4,8.591493637347876,True
moving_line,44,v2_full,7.800000000000001,camera,2,0.9002705056210292,True
moving_line,44,v2_full,7.9,radar,4,4.958440619132967,True
moving_line,44,v2_full,7.9,camera,2,1.6142856025411951,True
moving_line,44,v2_full,8.0,radar,4,0.2111721051502594,True
moving_line,44,v2_full,8.0,camera,2,2.0878271567189377,True
moving_line,44,v2_full,8.1,radar,4,3.1241611576739956,True
moving_line,44,v2_full,8.1,camera,2,0.7403306597528466,True
moving_line,44,v2_full,8.200000000000001,radar,4,1.8566540975949641,True
moving_line,44,v2_full,8.200000000000001,camera,2,0.9958476541749921,True
moving_line,44,v2_full,8.3,radar,4,1.349071186014215,True
moving_line,44,v2_full,8.3,camera,2,1.041940898410592,True
moving_line,44,v2_full,8.4,radar,4,1.3870754318008338,True
moving_line,44,v2_full,8.4,camera,2,1.5088967667843434,True
moving_line,44,v2_full,8.5,radar,4,3.2968063221827313,True
moving_line,44,v2_full,8.5,camera,2,1.6294531344479697,True
moving_line,44,v2_full,8.6,radar,4,2.9803890438212415,True
moving_line,44,v2_full,8.6,camera,2,2.6515087667200348,True
moving_line,44,v2_full,8.700000000000001,radar,4,1.4817510773589375,True
moving_line,44,v2_full,8.700000000000001,camera,2,0.7884979249819195,True
moving_line,44,v2_full,8.8,radar,4,1.4834258352305834,True
moving_line,44,v2_full,8.8,camera,2,0.1330314505803692,True
moving_line,44,v2_full,8.9,radar,4,2.4980850177038967,True
moving_line,44,v2_full,8.9,camera,2,0.7012678273562177,True
moving_line,44,v2_full,9.0,radar,4,6.11959452150854,True
moving_line,44,v2_full,9.0,camera,2,1.9785156094593708,True
moving_line,44,v2_full,9.1,radar,4,5.286433276788788,True
moving_line,44,v2_full,9.1,camera,2,0.5929718672318374,True
moving_line,44,v2_full,9.200000000000001,radar,4,1.7680931350686422,True
moving_line,44,v2_full,9.200000000000001,camera,2,1.524119052788693,True
moving_line,44,v2_full,9.3,radar,4,0.9233864642602095,True
moving_line,44,v2_full,9.3,camera,2,3.801457068026427,True
moving_line,44,v2_full,9.4,radar,4,5.221760503275936,True
moving_line,44,v2_full,9.4,camera,2,0.725330371939095,True
moving_line,44,v2_full,9.5,radar,4,3.8686117433075307,True
moving_line,44,v2_full,9.5,camera,2,0.06024771607167507,True
moving_line,44,v2_full,9.600000000000001,radar,4,5.841383850872305,True
moving_line,44,v2_full,9.600000000000001,camera,2,0.8100075459465633,True
moving_line,44,v2_full,9.700000000000001,radar,4,1.2616141682515796,True
moving_line,44,v2_full,9.700000000000001,camera,2,1.637085409546584,True
moving_line,44,v2_full,9.8,radar,4,6.15093281905028,True
moving_line,44,v2_full,9.8,camera,2,0.6875139622089989,True
moving_line,44,v2_full,9.9,radar,4,4.524068449939815,True
moving_line,44,v2_full,9.9,camera,2,0.6526243667891978,True
moving_line,44,v2_full,10.0,radar,4,2.655576451707867,True
moving_line,44,v2_full,10.0,camera,2,3.4064958192594577,True
moving_line,44,v2_full,10.100000000000001,radar,4,8.490106234132654,True
moving_line,44,v2_full,10.100000000000001,camera,2,0.9513202123207003,True
moving_line,44,v2_full,10.200000000000001,radar,4,2.7027919911776683,True
moving_line,44,v2_full,10.200000000000001,camera,2,0.4257280118316813,True
moving_line,44,v2_full,10.3,radar,4,3.9529562711286186,True
moving_line,44,v2_full,10.3,camera,2,0.02424450798320351,True
moving_line,44,v2_full,10.4,radar,4,4.343368268242164,True
moving_line,44,v2_full,10.4,camera,2,1.2043248893214604,True
moving_line,44,v2_full,10.5,radar,4,2.619419435795602,True
moving_line,44,v2_full,10.5,camera,2,0.10029806343555903,True
moving_line,44,v2_full,10.600000000000001,radar,4,3.3637023199136435,True
moving_line,44,v2_full,10.600000000000001,camera,2,1.3383988658320223,True
moving_line,44,v2_full,10.700000000000001,radar,4,0.5267268114082726,True
moving_line,44,v2_full,10.700000000000001,camera,2,0.491212369634778,True
moving_line,44,v2_full,10.8,radar,4,3.785124742003195,True
moving_line,44,v2_full,10.8,camera,2,2.284616209898122,True
moving_line,44,v2_full,10.9,radar,4,3.7872203244131413,True
moving_line,44,v2_full,10.9,camera,2,3.821158136797938,True
moving_line,44,v2_full,11.0,radar,4,5.3488867087262815,True
moving_line,44,v2_full,11.0,camera,2,7.26414705644341,True
moving_line,44,v2_full,11.100000000000001,radar,4,3.7147614840017984,True
moving_line,44,v2_full,11.100000000000001,camera,2,2.159862622636202,True
moving_line,44,v2_full,11.200000000000001,radar,4,1.2504530103173972,True
moving_line,44,v2_full,11.200000000000001,camera,2,4.1387488867889015,True
moving_line,44,v2_full,11.3,radar,4,0.6987120197620754,True
moving_line,44,v2_full,11.3,camera,2,0.12093236089792159,True
moving_line,44,v2_full,11.4,radar,4,7.67971517618655,True
moving_line,44,v2_full,11.4,camera,2,0.20014291381074129,True
moving_line,44,v2_full,11.5,radar,4,4.727336729676354,True
moving_line,44,v2_full,11.5,camera,2,0.11751179600066024,True
moving_line,44,v2_full,11.600000000000001,radar,4,7.0926427848433224,True
moving_line,44,v2_full,11.600000000000001,camera,2,1.4305342567858619,True
moving_line,44,v2_full,11.700000000000001,radar,4,3.9607039410920546,True
moving_line,44,v2_full,11.700000000000001,camera,2,0.44192834868119274,True
moving_line,44,v2_full,11.8,radar,4,1.9034982720513516,True
moving_line,44,v2_full,11.8,camera,2,1.209821089211772,True
moving_line,44,v2_full,11.9,radar,4,4.8458232289870224,True
moving_line,44,v2_full,11.9,camera,2,1.59691215618506,True
moving_line,44,v2_full,12.0,radar,4,2.3832315692760395,True
moving_line,44,v2_full,12.0,camera,2,2.3331307016425944,True
moving_line,44,frozen_ego_fault,0.0,camera,2,1.7154171352497647,True
moving_line,44,frozen_ego_fault,0.1,radar,4,1.8756848095443213,True
moving_line,44,frozen_ego_fault,0.1,camera,2,0.6266943970149039,True
moving_line,44,frozen_ego_fault,0.2,radar,4,2.144938109056944,True
moving_line,44,frozen_ego_fault,0.2,camera,2,0.06776314043455468,True
moving_line,44,frozen_ego_fault,0.30000000000000004,radar,4,1.339537719651713,True
moving_line,44,frozen_ego_fault,0.30000000000000004,camera,2,0.4774683114964014,True
moving_line,44,frozen_ego_fault,0.4,radar,4,4.387744936545153,True
moving_line,44,frozen_ego_fault,0.4,camera,2,3.015355780322248,True
moving_line,44,frozen_ego_fault,0.5,radar,4,0.42862884063646606,True
moving_line,44,frozen_ego_fault,0.5,camera,2,1.6176577199279862,True
moving_line,44,frozen_ego_fault,0.6000000000000001,radar,4,2.1248907962095127,True
moving_line,44,frozen_ego_fault,0.6000000000000001,camera,2,2.709093147880802,True
moving_line,44,frozen_ego_fault,0.7000000000000001,radar,4,3.550905096821471,True
moving_line,44,frozen_ego_fault,0.7000000000000001,camera,2,1.8473765932002486,True
moving_line,44,frozen_ego_fault,0.8,radar,4,1.431234755246625,True
moving_line,44,frozen_ego_fault,0.8,camera,2,2.129419879307211,True
moving_line,44,frozen_ego_fault,0.9,radar,4,5.858620890047278,True
moving_line,44,frozen_ego_fault,0.9,camera,2,0.3188733360932764,True
moving_line,44,frozen_ego_fault,1.0,radar,4,10.563670410487365,True
moving_line,44,frozen_ego_fault,1.0,camera,2,1.6746302834977542,True
moving_line,44,frozen_ego_fault,1.1,radar,4,6.984980481673323,True
moving_line,44,frozen_ego_fault,1.1,camera,2,0.12142108803081329,True
moving_line,44,frozen_ego_fault,1.2000000000000002,radar,4,1.017669755245352,True
moving_line,44,frozen_ego_fault,1.2000000000000002,camera,2,1.3115433394058063,True
moving_line,44,frozen_ego_fault,1.3,radar,4,4.328438426703062,True
moving_line,44,frozen_ego_fault,1.3,camera,2,1.4415827175755946,True
moving_line,44,frozen_ego_fault,1.4000000000000001,radar,4,1.1805053509237506,True
moving_line,44,frozen_ego_fault,1.4000000000000001,camera,2,3.1450845683790845,True
moving_line,44,frozen_ego_fault,1.5,radar,4,4.072636478281692,True
moving_line,44,frozen_ego_fault,1.5,camera,2,4.910918112576619,True
moving_line,44,frozen_ego_fault,1.6,radar,4,2.151158782545932,True
moving_line,44,frozen_ego_fault,1.6,camera,2,0.3748577095424677,True
moving_line,44,frozen_ego_fault,1.7000000000000002,radar,4,3.9037145688198525,True
moving_line,44,frozen_ego_fault,1.7000000000000002,camera,2,5.050854895069947,True
moving_line,44,frozen_ego_fault,1.8,radar,4,8.927114967167984,True
moving_line,44,frozen_ego_fault,1.8,camera,2,0.22637412749638022,True
moving_line,44,frozen_ego_fault,1.9000000000000001,radar,4,5.996190497858718,True
moving_line,44,frozen_ego_fault,1.9000000000000001,camera,2,2.711479071887495,True
moving_line,44,frozen_ego_fault,2.0,radar,4,5.643604892209206,True
moving_line,44,frozen_ego_fault,2.0,camera,2,0.15318216174375482,True
moving_line,44,frozen_ego_fault,2.1,radar,4,2.71584857876402,True
moving_line,44,frozen_ego_fault,2.1,camera,2,1.2401205141997262,True
moving_line,44,frozen_ego_fault,2.2,radar,4,13.521480212218531,False
moving_line,44,frozen_ego_fault,2.2,camera,2,0.5595714515184486,True
moving_line,44,frozen_ego_fault,2.3000000000000003,radar,4,6.253909802220045,True
moving_line,44,frozen_ego_fault,2.3000000000000003,camera,2,3.019064307889877,True
moving_line,44,frozen_ego_fault,2.4000000000000004,radar,4,4.115801411640743,True
moving_line,44,frozen_ego_fault,2.4000000000000004,camera,2,2.4809496767406953,True
moving_line,44,frozen_ego_fault,2.5,radar,4,8.84860406408163,True
moving_line,44,frozen_ego_fault,2.5,camera,2,2.0923752631997146,True
moving_line,44,frozen_ego_fault,2.6,radar,4,0.9602492378261757,True
moving_line,44,frozen_ego_fault,2.6,camera,2,0.14104602606955835,True
moving_line,44,frozen_ego_fault,2.7,radar,4,1.1231355647129273,True
moving_line,44,frozen_ego_fault,2.7,camera,2,0.8864960388393904,True
moving_line,44,frozen_ego_fault,2.8000000000000003,radar,4,0.8948761541175119,True
moving_line,44,frozen_ego_fault,2.8000000000000003,camera,2,1.5982725627981915,True
moving_line,44,frozen_ego_fault,2.9000000000000004,radar,4,9.763442618337082,True
moving_line,44,frozen_ego_fault,2.9000000000000004,camera,2,1.1213236979888739,True
moving_line,44,frozen_ego_fault,3.0,radar,4,4.111805737039261,True
moving_line,44,frozen_ego_fault,3.0,camera,2,0.5864687116353723,True
moving_line,44,frozen_ego_fault,3.1,radar,4,10.482836513627262,True
moving_line,44,frozen_ego_fault,3.1,camera,2,0.38235499846054366,True
moving_line,44,frozen_ego_fault,3.2,radar,4,1.3599352288851487,True
moving_line,44,frozen_ego_fault,3.2,camera,2,8.012035364159445,True
moving_line,44,frozen_ego_fault,3.3000000000000003,radar,4,2.980884118016012,True
moving_line,44,frozen_ego_fault,3.3000000000000003,camera,2,2.974575786228158,True
moving_line,44,frozen_ego_fault,3.4000000000000004,radar,4,4.759057435300574,True
moving_line,44,frozen_ego_fault,3.4000000000000004,camera,2,3.065620290675589,True
moving_line,44,frozen_ego_fault,3.5,radar,4,0.38744601243883825,True
moving_line,44,frozen_ego_fault,3.5,camera,2,1.129602851356514,True
moving_line,44,frozen_ego_fault,3.6,radar,4,9.04878570456109,True
moving_line,44,frozen_ego_fault,3.6,camera,2,0.07844797176538558,True
moving_line,44,frozen_ego_fault,3.7,radar,4,3.512081705847191,True
moving_line,44,frozen_ego_fault,3.7,camera,2,0.024674028002849506,True
moving_line,44,frozen_ego_fault,3.8000000000000003,radar,4,1.0169578844394969,True
moving_line,44,frozen_ego_fault,3.8000000000000003,camera,2,5.089674921431778,True
moving_line,44,frozen_ego_fault,3.9000000000000004,radar,4,1.25103551338259,True
moving_line,44,frozen_ego_fault,3.9000000000000004,camera,2,5.355165416010058,True
moving_line,44,frozen_ego_fault,4.0,radar,4,2.409133683269878,True
moving_line,44,frozen_ego_fault,4.0,camera,2,8.832796215222377,True
moving_line,44,frozen_ego_fault,4.1000000000000005,radar,4,2.671035092404638,True
moving_line,44,frozen_ego_fault,4.1000000000000005,camera,2,4.287327373091345,True
moving_line,44,frozen_ego_fault,4.2,radar,4,1.524765212201939,True
moving_line,44,frozen_ego_fault,4.2,camera,2,0.20423362878067206,True
moving_line,44,frozen_ego_fault,4.3,radar,4,2.7440851484951274,True
moving_line,44,frozen_ego_fault,4.3,camera,2,2.0103281363073755,True
moving_line,44,frozen_ego_fault,4.4,radar,4,1.8419490402587901,True
moving_line,44,frozen_ego_fault,4.4,camera,2,0.2643434634346234,True
moving_line,44,frozen_ego_fault,4.5,radar,4,1.7567877238580862,True
moving_line,44,frozen_ego_fault,4.5,camera,2,6.134862507462686,True
moving_line,44,frozen_ego_fault,4.6000000000000005,radar,4,5.535945556661887,True
moving_line,44,frozen_ego_fault,4.6000000000000005,camera,2,0.5784526870607313,True
moving_line,44,frozen_ego_fault,4.7,radar,4,3.6058199931257264,True
moving_line,44,frozen_ego_fault,4.7,camera,2,4.747601549416261,True
moving_line,44,frozen_ego_fault,4.800000000000001,radar,4,11.443818347716073,True
moving_line,44,frozen_ego_fault,4.800000000000001,camera,2,1.288456606299143,True
moving_line,44,frozen_ego_fault,4.9,radar,4,4.0288206115212475,True
moving_line,44,frozen_ego_fault,4.9,camera,2,0.4480211804664611,True
moving_line,44,frozen_ego_fault,5.0,radar,4,3.9398136286958105,True
moving_line,44,frozen_ego_fault,5.0,camera,2,1.323031433933301,True
moving_line,44,frozen_ego_fault,5.1000000000000005,radar,4,4.421357519436305,True
moving_line,44,frozen_ego_fault,5.1000000000000005,camera,2,0.0658662259844404,True
moving_line,44,frozen_ego_fault,5.2,radar,4,4.133956493593153,True
moving_line,44,frozen_ego_fault,5.2,camera,2,6.166192630887958,True
moving_line,44,frozen_ego_fault,5.300000000000001,radar,4,6.562565367561779,True
moving_line,44,frozen_ego_fault,5.300000000000001,camera,2,2.396091997541671,True
moving_line,44,frozen_ego_fault,5.4,radar,4,3.1941841137636944,True
moving_line,44,frozen_ego_fault,5.4,camera,2,2.9479203331317834,True
moving_line,44,frozen_ego_fault,5.5,radar,4,1.670581271822507,True
moving_line,44,frozen_ego_fault,5.5,camera,2,1.2483884295598335,True
moving_line,44,frozen_ego_fault,5.6000000000000005,radar,4,3.397561935294561,True
moving_line,44,frozen_ego_fault,5.6000000000000005,camera,2,7.934804857005971,True
moving_line,44,frozen_ego_fault,5.7,radar,4,1.012709869143305,True
moving_line,44,frozen_ego_fault,5.7,camera,2,1.602422879429831,True
moving_line,44,frozen_ego_fault,5.800000000000001,radar,4,9.228301400568347,True
moving_line,44,frozen_ego_fault,5.800000000000001,camera,2,0.5209009678694043,True
moving_line,44,frozen_ego_fault,5.9,radar,4,2.396592275785206,True
moving_line,44,frozen_ego_fault,5.9,camera,2,1.6447321132767798,True
moving_line,44,frozen_ego_fault,6.0,radar,4,4.288375068733059,True
moving_line,44,frozen_ego_fault,6.0,camera,2,4.9035273246105024,True
moving_line,44,frozen_ego_fault,6.1000000000000005,radar,4,3.0174109656081525,True
moving_line,44,frozen_ego_fault,6.1000000000000005,camera,2,4.786363520287765,True
moving_line,44,frozen_ego_fault,6.2,radar,4,3.8640680263683285,True
moving_line,44,frozen_ego_fault,6.2,camera,2,4.057189823829328,True
moving_line,44,frozen_ego_fault,6.300000000000001,radar,4,6.863528901767385,True
moving_line,44,frozen_ego_fault,6.300000000000001,camera,2,0.4376162813766052,True
moving_line,44,frozen_ego_fault,6.4,radar,4,0.9664386986300836,True
moving_line,44,frozen_ego_fault,6.4,camera,2,4.343760652772262,True
moving_line,44,frozen_ego_fault,6.5,radar,4,1.919724873577763,True
moving_line,44,frozen_ego_fault,6.5,camera,2,3.798514292551456,True
moving_line,44,frozen_ego_fault,6.6000000000000005,radar,4,0.7877738724753012,True
moving_line,44,frozen_ego_fault,6.6000000000000005,camera,2,0.6260867616583043,True
moving_line,44,frozen_ego_fault,6.7,radar,4,3.7064947162424167,True
moving_line,44,frozen_ego_fault,6.7,camera,2,0.4782803181181672,True
moving_line,44,frozen_ego_fault,6.800000000000001,radar,4,2.8266825657772663,True
moving_line,44,frozen_ego_fault,6.800000000000001,camera,2,2.6357352461654586,True
moving_line,44,frozen_ego_fault,6.9,radar,4,8.317424484551776,True
moving_line,44,frozen_ego_fault,6.9,camera,2,0.1239594804987285,True
moving_line,44,frozen_ego_fault,7.0,radar,4,1.5333594242689215,True
moving_line,44,frozen_ego_fault,7.0,camera,2,1.5665308094173178,True
moving_line,44,frozen_ego_fault,7.1000000000000005,radar,4,1.3830413915808786,True
moving_line,44,frozen_ego_fault,7.1000000000000005,camera,2,0.24950386534340557,True
moving_line,44,frozen_ego_fault,7.2,radar,4,0.849859391014171,True
moving_line,44,frozen_ego_fault,7.2,camera,2,0.5736070244761543,True
moving_line,44,frozen_ego_fault,7.300000000000001,radar,4,5.890188149381954,True
moving_line,44,frozen_ego_fault,7.300000000000001,camera,2,0.27679180072260534,True
moving_line,44,frozen_ego_fault,7.4,radar,4,4.402598852377701,True
moving_line,44,frozen_ego_fault,7.4,camera,2,1.2330515517074059,True
moving_line,44,frozen_ego_fault,7.5,radar,4,1.955893664571614,True
moving_line,44,frozen_ego_fault,7.5,camera,2,4.124608583248727,True
moving_line,44,frozen_ego_fault,7.6000000000000005,radar,4,0.9969363305539225,True
moving_line,44,frozen_ego_fault,7.6000000000000005,camera,2,0.16584861386955077,True
moving_line,44,frozen_ego_fault,7.7,radar,4,1.952602651122514,True
moving_line,44,frozen_ego_fault,7.7,camera,2,1.2330123578784473,True
moving_line,44,frozen_ego_fault,7.800000000000001,radar,4,8.675721929755136,True
moving_line,44,frozen_ego_fault,7.800000000000001,camera,2,1.0829585539921307,True
moving_line,44,frozen_ego_fault,7.9,radar,4,4.723623185102494,True
moving_line,44,frozen_ego_fault,7.9,camera,2,2.2637741050317866,True
moving_line,44,frozen_ego_fault,8.0,radar,4,0.16159150138579734,True
moving_line,44,frozen_ego_fault,8.0,camera,2,2.956233749558197,True
moving_line,44,frozen_ego_fault,8.1,radar,4,3.2387593942703616,True
moving_line,44,frozen_ego_fault,8.1,camera,2,0.5996222801955825,True
moving_line,44,frozen_ego_fault,8.200000000000001,radar,4,1.9535187156815652,True
moving_line,44,frozen_ego_fault,8.200000000000001,camera,2,0.6759740628505326,True
moving_line,44,frozen_ego_fault,8.3,radar,4,1.3539079905208442,True
moving_line,44,frozen_ego_fault,8.3,camera,2,1.4164666941566122,True
moving_line,44,frozen_ego_fault,8.4,radar,4,1.1914223949269118,True
moving_line,44,frozen_ego_fault,8.4,camera,2,0.9872750928063351,True
moving_line,44,frozen_ego_fault,8.5,radar,4,3.1371061514700864,True
moving_line,44,frozen_ego_fault,8.5,camera,2,2.103227780452938,True
moving_line,44,frozen_ego_fault,8.6,radar,4,2.884123362336267,True
moving_line,44,frozen_ego_fault,8.6,camera,2,1.9730893590480088,True
moving_line,44,frozen_ego_fault,8.700000000000001,radar,4,1.6075453848847099,True
moving_line,44,frozen_ego_fault,8.700000000000001,camera,2,1.3188618129176595,True
moving_line,44,frozen_ego_fault,8.8,radar,4,1.6620075287375797,True
moving_line,44,frozen_ego_fault,8.8,camera,2,0.1883711224905912,True
moving_line,44,frozen_ego_fault,8.9,radar,4,2.730523905722244,True
moving_line,44,frozen_ego_fault,8.9,camera,2,1.0881003751345533,True
moving_line,44,frozen_ego_fault,9.0,radar,4,5.7581027726479395,True
moving_line,44,frozen_ego_fault,9.0,camera,2,1.4069774597227012,True
moving_line,44,frozen_ego_fault,9.1,radar,4,5.494174753205235,True
moving_line,44,frozen_ego_fault,9.1,camera,2,0.3500307532896956,True
moving_line,44,frozen_ego_fault,9.200000000000001,radar,4,1.6869432361771222,True
moving_line,44,frozen_ego_fault,9.200000000000001,camera,2,1.6254730994286968,True
moving_line,44,frozen_ego_fault,9.3,radar,4,0.8127235117264074,True
moving_line,44,frozen_ego_fault,9.3,camera,2,4.828832808018815,True
moving_line,44,frozen_ego_fault,9.4,radar,4,4.947481548769762,True
moving_line,44,frozen_ego_fault,9.4,camera,2,1.0099358447942255,True
moving_line,44,frozen_ego_fault,9.5,radar,4,3.5468293861236475,True
moving_line,44,frozen_ego_fault,9.5,camera,2,0.12192825177699713,True
moving_line,44,frozen_ego_fault,9.600000000000001,radar,4,6.243329610011228,True
moving_line,44,frozen_ego_fault,9.600000000000001,camera,2,1.084017959504846,True
moving_line,44,frozen_ego_fault,9.700000000000001,radar,4,1.3815490618704964,True
moving_line,44,frozen_ego_fault,9.700000000000001,camera,2,1.844140967384398,True
moving_line,44,frozen_ego_fault,9.8,radar,4,6.194516153173559,True
moving_line,44,frozen_ego_fault,9.8,camera,2,1.115388788848063,True
moving_line,44,frozen_ego_fault,9.9,radar,4,4.521038452086648,True
moving_line,44,frozen_ego_fault,9.9,camera,2,0.333622627268246,True
moving_line,44,frozen_ego_fault,10.0,radar,4,2.468247007519388,True
moving_line,44,frozen_ego_fault,10.0,camera,2,4.1959833347839295,True
moving_line,44,frozen_ego_fault,10.100000000000001,radar,4,8.086257018189766,True
moving_line,44,frozen_ego_fault,10.100000000000001,camera,2,0.577625869411745,True
moving_line,44,frozen_ego_fault,10.200000000000001,radar,4,2.64415186590138,True
moving_line,44,frozen_ego_fault,10.200000000000001,camera,2,0.5542294451804819,True
moving_line,44,frozen_ego_fault,10.3,radar,4,4.185540641867548,True
moving_line,44,frozen_ego_fault,10.3,camera,2,0.004462039302759571,True
moving_line,44,frozen_ego_fault,10.4,radar,4,4.591008398608938,True
moving_line,44,frozen_ego_fault,10.4,camera,2,0.7891799219580526,True
moving_line,44,frozen_ego_fault,10.5,radar,4,2.473006784227048,True
moving_line,44,frozen_ego_fault,10.5,camera,2,0.10415091351608965,True
moving_line,44,frozen_ego_fault,10.600000000000001,radar,4,3.3451051344700122,True
moving_line,44,frozen_ego_fault,10.600000000000001,camera,2,1.8333759202780777,True
moving_line,44,frozen_ego_fault,10.700000000000001,radar,4,0.5757358595432723,True
moving_line,44,frozen_ego_fault,10.700000000000001,camera,2,0.2864119754926477,True
moving_line,44,frozen_ego_fault,10.8,radar,4,3.9451352990146544,True
moving_line,44,frozen_ego_fault,10.8,camera,2,1.7263148367173469,True
moving_line,44,frozen_ego_fault,10.9,radar,4,3.570892569351379,True
moving_line,44,frozen_ego_fault,10.9,camera,2,3.456979712567848,True
moving_line,44,frozen_ego_fault,11.0,radar,4,5.525565361880938,True
moving_line,44,frozen_ego_fault,11.0,camera,2,8.33002273117619,True
moving_line,44,frozen_ego_fault,11.100000000000001,radar,4,3.762050435297177,True
moving_line,44,frozen_ego_fault,11.100000000000001,camera,2,2.5440861419849985,True
moving_line,44,frozen_ego_fault,11.200000000000001,radar,4,1.3601078938209725,True
moving_line,44,frozen_ego_fault,11.200000000000001,camera,2,3.645198814106766,True
moving_line,44,frozen_ego_fault,11.3,radar,4,0.7143712058974284,True
moving_line,44,frozen_ego_fault,11.3,camera,2,0.11444047334161324,True
moving_line,44,frozen_ego_fault,11.4,radar,4,7.678681886552249,True
moving_line,44,frozen_ego_fault,11.4,camera,2,0.3900710467544192,True
moving_line,44,frozen_ego_fault,11.5,radar,4,4.640368268993826,True
moving_line,44,frozen_ego_fault,11.5,camera,2,0.24199160170998918,True
moving_line,44,frozen_ego_fault,11.600000000000001,radar,4,6.754322892512311,True
moving_line,44,frozen_ego_fault,11.600000000000001,camera,2,1.8548697803158227,True
moving_line,44,frozen_ego_fault,11.700000000000001,radar,4,4.063606040299276,True
moving_line,44,frozen_ego_fault,11.700000000000001,camera,2,0.2487567279128889,True
moving_line,44,frozen_ego_fault,11.8,radar,4,1.9524276945254446,True
moving_line,44,frozen_ego_fault,11.8,camera,2,1.1085473338195169,True
moving_line,44,frozen_ego_fault,11.9,radar,4,4.848416899703467,True
moving_line,44,frozen_ego_fault,11.9,camera,2,1.320964717491539,True
moving_line,44,frozen_ego_fault,12.0,radar,4,2.573450064285957,True
moving_line,44,frozen_ego_fault,12.0,camera,2,2.2054210217344714,True
moving_maneuver,42,v15_position_adapter,0.1,radar_xyz,3,1.5846952877713416,True
moving_maneuver,42,v15_position_adapter,0.2,radar_xyz,3,0.3680080046225048,True
moving_maneuver,42,v15_position_adapter,0.30000000000000004,radar_xyz,3,0.42680910039049985,True
moving_maneuver,42,v15_position_adapter,0.4,radar_xyz,3,1.7372338667334206,True
moving_maneuver,42,v15_position_adapter,0.5,radar_xyz,3,2.6033055315686027,True
moving_maneuver,42,v15_position_adapter,0.6000000000000001,radar_xyz,3,2.31757002904565,True
moving_maneuver,42,v15_position_adapter,0.7000000000000001,radar_xyz,3,1.7002861179264073,True
moving_maneuver,42,v15_position_adapter,0.8,radar_xyz,3,0.90243720844838,True
moving_maneuver,42,v15_position_adapter,0.9,radar_xyz,3,1.366740717207061,True
moving_maneuver,42,v15_position_adapter,1.0,radar_xyz,3,2.124516987586417,True
moving_maneuver,42,v15_position_adapter,1.1,radar_xyz,3,1.7185742846679233,True
moving_maneuver,42,v15_position_adapter,1.2000000000000002,radar_xyz,3,0.04147687424548463,True
moving_maneuver,42,v15_position_adapter,1.3,radar_xyz,3,3.1532195472807154,True
moving_maneuver,42,v15_position_adapter,1.4000000000000001,radar_xyz,3,0.880145079574957,True
moving_maneuver,42,v15_position_adapter,1.5,radar_xyz,3,1.693464481415902,True
moving_maneuver,42,v15_position_adapter,1.6,radar_xyz,3,1.910173799267139,True
moving_maneuver,42,v15_position_adapter,1.7000000000000002,radar_xyz,3,0.8293193353024336,True
moving_maneuver,42,v15_position_adapter,1.8,radar_xyz,3,1.7645068634059728,True
moving_maneuver,42,v15_position_adapter,1.9000000000000001,radar_xyz,3,0.0774498276818129,True
moving_maneuver,42,v15_position_adapter,2.0,radar_xyz,3,2.277024081750886,True
moving_maneuver,42,v15_position_adapter,2.1,radar_xyz,3,3.644208090822186,True
moving_maneuver,42,v15_position_adapter,2.2,radar_xyz,3,2.493898389468322,True
moving_maneuver,42,v15_position_adapter,2.3000000000000003,radar_xyz,3,2.367493194929025,True
moving_maneuver,42,v15_position_adapter,2.4000000000000004,radar_xyz,3,3.2633658752381436,True
moving_maneuver,42,v15_position_adapter,2.5,radar_xyz,3,2.1579694781071006,True
moving_maneuver,42,v15_position_adapter,2.6,radar_xyz,3,0.6888979602234703,True
moving_maneuver,42,v15_position_adapter,2.7,radar_xyz,3,3.4703473029416156,True
moving_maneuver,42,v15_position_adapter,2.8000000000000003,radar_xyz,3,2.4983041785834663,True
moving_maneuver,42,v15_position_adapter,2.9000000000000004,radar_xyz,3,6.933686226919229,True
moving_maneuver,42,v15_position_adapter,3.0,radar_xyz,3,2.8302626179240677,True
moving_maneuver,42,v15_position_adapter,3.1,radar_xyz,3,4.371569655433615,True
moving_maneuver,42,v15_position_adapter,3.2,radar_xyz,3,2.38773558008077,True
moving_maneuver,42,v15_position_adapter,3.3000000000000003,radar_xyz,3,2.068000017604041,True
moving_maneuver,42,v15_position_adapter,3.4000000000000004,radar_xyz,3,6.318460217586991,True
moving_maneuver,42,v15_position_adapter,3.5,radar_xyz,3,1.6171141821315635,True
moving_maneuver,42,v15_position_adapter,3.6,radar_xyz,3,0.6412704584187358,True
moving_maneuver,42,v15_position_adapter,3.7,radar_xyz,3,0.14510227209046844,True
moving_maneuver,42,v15_position_adapter,3.8000000000000003,radar_xyz,3,2.662928655196589,True
moving_maneuver,42,v15_position_adapter,3.9000000000000004,radar_xyz,3,2.892479971442609,True
moving_maneuver,42,v15_position_adapter,4.0,radar_xyz,3,2.5437602283152536,True
moving_maneuver,42,v15_position_adapter,4.1000000000000005,radar_xyz,3,12.799294934112059,True
moving_maneuver,42,v15_position_adapter,4.2,radar_xyz,3,5.447610850694264,True
moving_maneuver,42,v15_position_adapter,4.3,radar_xyz,3,0.08612828266870409,True
moving_maneuver,42,v15_position_adapter,4.4,radar_xyz,3,0.4351909141012171,True
moving_maneuver,42,v15_position_adapter,4.5,radar_xyz,3,4.975707402654183,True
moving_maneuver,42,v15_position_adapter,4.6000000000000005,radar_xyz,3,1.529336402080681,True
moving_maneuver,42,v15_position_adapter,4.7,radar_xyz,3,3.141180150650797,True
moving_maneuver,42,v15_position_adapter,4.800000000000001,radar_xyz,3,0.4713284991295863,True
moving_maneuver,42,v15_position_adapter,4.9,radar_xyz,3,0.5010613256029604,True
moving_maneuver,42,v15_position_adapter,5.0,radar_xyz,3,2.1091465482510228,True
moving_maneuver,42,v15_position_adapter,5.1000000000000005,radar_xyz,3,3.105360079649338,True
moving_maneuver,42,v15_position_adapter,5.2,radar_xyz,3,1.3486094287066963,True
moving_maneuver,42,v15_position_adapter,5.300000000000001,radar_xyz,3,0.23258225673085473,True
moving_maneuver,42,v15_position_adapter,5.4,radar_xyz,3,5.1831695771064386,True
moving_maneuver,42,v15_position_adapter,5.5,radar_xyz,3,2.306768850535863,True
moving_maneuver,42,v15_position_adapter,5.6000000000000005,radar_xyz,3,5.578668977723145,True
moving_maneuver,42,v15_position_adapter,5.7,radar_xyz,3,5.769974553621008,True
moving_maneuver,42,v15_position_adapter,5.800000000000001,radar_xyz,3,6.097369716376149,True
moving_maneuver,42,v15_position_adapter,5.9,radar_xyz,3,0.8756074674120347,True
moving_maneuver,42,v15_position_adapter,6.0,radar_xyz,3,1.190585581139724,True
moving_maneuver,42,v15_position_adapter,6.1000000000000005,radar_xyz,3,2.1664063223549292,True
moving_maneuver,42,v15_position_adapter,6.2,radar_xyz,3,5.303229819303599,True
moving_maneuver,42,v15_position_adapter,6.300000000000001,radar_xyz,3,2.391735439538682,True
moving_maneuver,42,v15_position_adapter,6.4,radar_xyz,3,3.9619546581914666,True
moving_maneuver,42,v15_position_adapter,6.5,radar_xyz,3,5.17064844154837,True
moving_maneuver,42,v15_position_adapter,6.6000000000000005,radar_xyz,3,3.4838472695035256,True
moving_maneuver,42,v15_position_adapter,6.7,radar_xyz,3,1.5338152408665362,True
moving_maneuver,42,v15_position_adapter,6.800000000000001,radar_xyz,3,11.929863661233082,True
moving_maneuver,42,v15_position_adapter,6.9,radar_xyz,3,2.4648101343312834,True
moving_maneuver,42,v15_position_adapter,7.0,radar_xyz,3,3.295989998562283,True
moving_maneuver,42,v15_position_adapter,7.1000000000000005,radar_xyz,3,3.1474939579054073,True
moving_maneuver,42,v15_position_adapter,7.2,radar_xyz,3,1.2519802293580573,True
moving_maneuver,42,v15_position_adapter,7.300000000000001,radar_xyz,3,0.5935342684112265,True
moving_maneuver,42,v15_position_adapter,7.4,radar_xyz,3,0.9603982069851174,True
moving_maneuver,42,v15_position_adapter,7.5,radar_xyz,3,6.338031659170476,True
moving_maneuver,42,v15_position_adapter,7.6000000000000005,radar_xyz,3,1.252354911462354,True
moving_maneuver,42,v15_position_adapter,7.7,radar_xyz,3,5.530575118937029,True
moving_maneuver,42,v15_position_adapter,7.800000000000001,radar_xyz,3,1.5594241532801723,True
moving_maneuver,42,v15_position_adapter,7.9,radar_xyz,3,1.6037838454908244,True
moving_maneuver,42,v15_position_adapter,8.0,radar_xyz,3,0.7398562123690978,True
moving_maneuver,42,v15_position_adapter,8.1,radar_xyz,3,2.959836330413799,True
moving_maneuver,42,v15_position_adapter,8.200000000000001,radar_xyz,3,0.9406345380521977,True
moving_maneuver,42,v15_position_adapter,8.3,radar_xyz,3,4.242023998010658,True
moving_maneuver,42,v15_position_adapter,8.4,radar_xyz,3,6.67190055690742,True
moving_maneuver,42,v15_position_adapter,8.5,radar_xyz,3,0.866176286924243,True
moving_maneuver,42,v15_position_adapter,8.6,radar_xyz,3,5.577128623299332,True
moving_maneuver,42,v15_position_adapter,8.700000000000001,radar_xyz,3,5.7866759301677195,True
moving_maneuver,42,v15_position_adapter,8.8,radar_xyz,3,3.8779225890194815,True
moving_maneuver,42,v15_position_adapter,8.9,radar_xyz,3,3.563172909947113,True
moving_maneuver,42,v15_position_adapter,9.0,radar_xyz,3,1.1915950841504093,True
moving_maneuver,42,v15_position_adapter,9.1,radar_xyz,3,1.1686919156274893,True
moving_maneuver,42,v15_position_adapter,9.200000000000001,radar_xyz,3,1.4765472179267927,True
moving_maneuver,42,v15_position_adapter,9.3,radar_xyz,3,0.7044499565613915,True
moving_maneuver,42,v15_position_adapter,9.4,radar_xyz,3,2.7189767560771925,True
moving_maneuver,42,v15_position_adapter,9.5,radar_xyz,3,1.882989546934208,True
moving_maneuver,42,v15_position_adapter,9.600000000000001,radar_xyz,3,3.013003933737359,True
moving_maneuver,42,v15_position_adapter,9.700000000000001,radar_xyz,3,3.773126741268836,True
moving_maneuver,42,v15_position_adapter,9.8,radar_xyz,3,1.6269290690166698,True
moving_maneuver,42,v15_position_adapter,9.9,radar_xyz,3,1.5597234577564247,True
moving_maneuver,42,v15_position_adapter,10.0,radar_xyz,3,3.470577248236349,True
moving_maneuver,42,v15_position_adapter,10.100000000000001,radar_xyz,3,2.9283664704971795,True
moving_maneuver,42,v15_position_adapter,10.200000000000001,radar_xyz,3,3.913238361029274,True
moving_maneuver,42,v15_position_adapter,10.3,radar_xyz,3,0.06678693120041101,True
moving_maneuver,42,v15_position_adapter,10.4,radar_xyz,3,2.2857054314193044,True
moving_maneuver,42,v15_position_adapter,10.5,radar_xyz,3,6.629990191046954,True
moving_maneuver,42,v15_position_adapter,10.600000000000001,radar_xyz,3,1.7796255281852473,True
moving_maneuver,42,v15_position_adapter,10.700000000000001,radar_xyz,3,2.523286955768883,True
moving_maneuver,42,v15_position_adapter,10.8,radar_xyz,3,4.164284494460389,True
moving_maneuver,42,v15_position_adapter,10.9,radar_xyz,3,0.9121225017557579,True
moving_maneuver,42,v15_position_adapter,11.0,radar_xyz,3,4.488892194658248,True
moving_maneuver,42,v15_position_adapter,11.100000000000001,radar_xyz,3,6.062309321579308,True
moving_maneuver,42,v15_position_adapter,11.200000000000001,radar_xyz,3,1.9846784381277902,True
moving_maneuver,42,v15_position_adapter,11.3,radar_xyz,3,2.9572157982701794,True
moving_maneuver,42,v15_position_adapter,11.4,radar_xyz,3,3.149781115669735,True
moving_maneuver,42,v15_position_adapter,11.5,radar_xyz,3,5.266561648792346,True
moving_maneuver,42,v15_position_adapter,11.600000000000001,radar_xyz,3,4.05948762834945,True
moving_maneuver,42,v15_position_adapter,11.700000000000001,radar_xyz,3,0.7370434025661822,True
moving_maneuver,42,v15_position_adapter,11.8,radar_xyz,3,2.5691927316521386,True
moving_maneuver,42,v15_position_adapter,11.9,radar_xyz,3,4.5940774078487365,True
moving_maneuver,42,v15_position_adapter,12.0,radar_xyz,3,5.770788661967231,True
moving_maneuver,42,v2_radar,0.1,radar,4,1.6583687502089226,True
moving_maneuver,42,v2_radar,0.2,radar,4,0.8187367196283466,True
moving_maneuver,42,v2_radar,0.30000000000000004,radar,4,0.6780486729239584,True
moving_maneuver,42,v2_radar,0.4,radar,4,2.0416262616934406,True
moving_maneuver,42,v2_radar,0.5,radar,4,3.4033300862361333,True
moving_maneuver,42,v2_radar,0.6000000000000001,radar,4,1.7684716979807213,True
moving_maneuver,42,v2_radar,0.7000000000000001,radar,4,1.761362394184153,True
moving_maneuver,42,v2_radar,0.8,radar,4,0.805606775003053,True
moving_maneuver,42,v2_radar,0.9,radar,4,1.8243622472819445,True
moving_maneuver,42,v2_radar,1.0,radar,4,3.5146048741678193,True
moving_maneuver,42,v2_radar,1.1,radar,4,1.713862807103703,True
moving_maneuver,42,v2_radar,1.2000000000000002,radar,4,0.9823553866821236,True
moving_maneuver,42,v2_radar,1.3,radar,4,2.1022672182190294,True
moving_maneuver,42,v2_radar,1.4000000000000001,radar,4,1.799720833034102,True
moving_maneuver,42,v2_radar,1.5,radar,4,0.9757467274184545,True
moving_maneuver,42,v2_radar,1.6,radar,4,3.2590405944824,True
moving_maneuver,42,v2_radar,1.7000000000000002,radar,4,1.3265627597646041,True
moving_maneuver,42,v2_radar,1.8,radar,4,3.315043605616176,True
moving_maneuver,42,v2_radar,1.9000000000000001,radar,4,0.13714123667129377,True
moving_maneuver,42,v2_radar,2.0,radar,4,2.2982886847692883,True
moving_maneuver,42,v2_radar,2.1,radar,4,5.164054318517565,True
moving_maneuver,42,v2_radar,2.2,radar,4,3.165106597310114,True
moving_maneuver,42,v2_radar,2.3000000000000003,radar,4,8.525196210863987,True
moving_maneuver,42,v2_radar,2.4000000000000004,radar,4,3.2435915054455116,True
moving_maneuver,42,v2_radar,2.5,radar,4,2.6865808025988382,True
moving_maneuver,42,v2_radar,2.6,radar,4,1.0493754627181815,True
moving_maneuver,42,v2_radar,2.7,radar,4,6.920584305859957,True
moving_maneuver,42,v2_radar,2.8000000000000003,radar,4,1.243028721978168,True
moving_maneuver,42,v2_radar,2.9000000000000004,radar,4,5.31606929317807,True
moving_maneuver,42,v2_radar,3.0,radar,4,3.526478185018653,True
moving_maneuver,42,v2_radar,3.1,radar,4,5.403042325594942,True
moving_maneuver,42,v2_radar,3.2,radar,4,3.1305880992806823,True
moving_maneuver,42,v2_radar,3.3000000000000003,radar,4,2.4622688397372117,True
moving_maneuver,42,v2_radar,3.4000000000000004,radar,4,6.848404563220378,True
moving_maneuver,42,v2_radar,3.5,radar,4,2.3688273064923733,True
moving_maneuver,42,v2_radar,3.6,radar,4,1.873931760767186,True
moving_maneuver,42,v2_radar,3.7,radar,4,1.7184975990147504,True
moving_maneuver,42,v2_radar,3.8000000000000003,radar,4,2.495876552398929,True
moving_maneuver,42,v2_radar,3.9000000000000004,radar,4,3.1159097144024184,True
moving_maneuver,42,v2_radar,4.0,radar,4,2.7840675594193636,True
moving_maneuver,42,v2_radar,4.1000000000000005,radar,4,14.786943564641367,False
moving_maneuver,42,v2_radar,4.2,radar,4,5.670338307581433,True
moving_maneuver,42,v2_radar,4.3,radar,4,0.7644974244153343,True
moving_maneuver,42,v2_radar,4.4,radar,4,2.336821977402515,True
moving_maneuver,42,v2_radar,4.5,radar,4,4.220235020365569,True
moving_maneuver,42,v2_radar,4.6000000000000005,radar,4,3.284762041729518,True
moving_maneuver,42,v2_radar,4.7,radar,4,3.2553887361229235,True
moving_maneuver,42,v2_radar,4.800000000000001,radar,4,0.19067935805898384,True
moving_maneuver,42,v2_radar,4.9,radar,4,0.47472643250218566,True
moving_maneuver,42,v2_radar,5.0,radar,4,5.669265579941908,True
moving_maneuver,42,v2_radar,5.1000000000000005,radar,4,3.456312314641661,True
moving_maneuver,42,v2_radar,5.2,radar,4,3.524214488505783,True
moving_maneuver,42,v2_radar,5.300000000000001,radar,4,2.7288008980530702,True
moving_maneuver,42,v2_radar,5.4,radar,4,8.047245719893771,True
moving_maneuver,42,v2_radar,5.5,radar,4,3.840717377763896,True
moving_maneuver,42,v2_radar,5.6000000000000005,radar,4,2.0103222314818687,True
moving_maneuver,42,v2_radar,5.7,radar,4,4.9049421526908485,True
moving_maneuver,42,v2_radar,5.800000000000001,radar,4,5.181497518058973,True
moving_maneuver,42,v2_radar,5.9,radar,4,1.4507708880068495,True
moving_maneuver,42,v2_radar,6.0,radar,4,1.2232083431452636,True
moving_maneuver,42,v2_radar,6.1000000000000005,radar,4,3.4150685092409323,True
moving_maneuver,42,v2_radar,6.2,radar,4,5.287241454564214,True
moving_maneuver,42,v2_radar,6.300000000000001,radar,4,3.1980022719605716,True
moving_maneuver,42,v2_radar,6.4,radar,4,4.121113146402506,True
moving_maneuver,42,v2_radar,6.5,radar,4,7.522401725511703,True
moving_maneuver,42,v2_radar,6.6000000000000005,radar,4,2.1044162305561196,True
moving_maneuver,42,v2_radar,6.7,radar,4,1.095538314769778,True
moving_maneuver,42,v2_radar,6.800000000000001,radar,4,14.303637237756991,False
moving_maneuver,42,v2_radar,6.9,radar,4,0.9874291566022579,True
moving_maneuver,42,v2_radar,7.0,radar,4,5.57181036222155,True
moving_maneuver,42,v2_radar,7.1000000000000005,radar,4,4.871911768459419,True
moving_maneuver,42,v2_radar,7.2,radar,4,4.417494174695392,True
moving_maneuver,42,v2_radar,7.300000000000001,radar,4,1.2927321056883463,True
moving_maneuver,42,v2_radar,7.4,radar,4,1.7650300153207776,True
moving_maneuver,42,v2_radar,7.5,radar,4,5.885472883409257,True
moving_maneuver,42,v2_radar,7.6000000000000005,radar,4,1.780702383109048,True
moving_maneuver,42,v2_radar,7.7,radar,4,6.583129862723045,True
moving_maneuver,42,v2_radar,7.800000000000001,radar,4,2.0890687256165843,True
moving_maneuver,42,v2_radar,7.9,radar,4,2.3842329346647677,True
moving_maneuver,42,v2_radar,8.0,radar,4,2.4854285161888496,True
moving_maneuver,42,v2_radar,8.1,radar,4,2.4453383050865867,True
moving_maneuver,42,v2_radar,8.200000000000001,radar,4,0.882856597271146,True
moving_maneuver,42,v2_radar,8.3,radar,4,6.3362000815817145,True
moving_maneuver,42,v2_radar,8.4,radar,4,9.940315826206714,True
moving_maneuver,42,v2_radar,8.5,radar,4,2.0503787894157663,True
moving_maneuver,42,v2_radar,8.6,radar,4,2.770152240093057,True
moving_maneuver,42,v2_radar,8.700000000000001,radar,4,4.388713640467601,True
moving_maneuver,42,v2_radar,8.8,radar,4,5.220932054485256,True
moving_maneuver,42,v2_radar,8.9,radar,4,3.8731378136440897,True
moving_maneuver,42,v2_radar,9.0,radar,4,2.755015899865624,True
moving_maneuver,42,v2_radar,9.1,radar,4,0.7181263004403022,True
moving_maneuver,42,v2_radar,9.200000000000001,radar,4,4.501275310425867,True
moving_maneuver,42,v2_radar,9.3,radar,4,2.083028816158824,True
moving_maneuver,42,v2_radar,9.4,radar,4,2.86981605512372,True
moving_maneuver,42,v2_radar,9.5,radar,4,2.0787365994471068,True
moving_maneuver,42,v2_radar,9.600000000000001,radar,4,3.6447040865899423,True
moving_maneuver,42,v2_radar,9.700000000000001,radar,4,4.989967942342625,True
moving_maneuver,42,v2_radar,9.8,radar,4,3.5729371890176007,True
moving_maneuver,42,v2_radar,9.9,radar,4,1.9104092404538224,True
moving_maneuver,42,v2_radar,10.0,radar,4,3.4650404799087684,True
moving_maneuver,42,v2_radar,10.100000000000001,radar,4,3.6432321619651384,True
moving_maneuver,42,v2_radar,10.200000000000001,radar,4,3.918422474197637,True
moving_maneuver,42,v2_radar,10.3,radar,4,1.0730843816362983,True
moving_maneuver,42,v2_radar,10.4,radar,4,2.574989863842196,True
moving_maneuver,42,v2_radar,10.5,radar,4,9.402062699354632,True
moving_maneuver,42,v2_radar,10.600000000000001,radar,4,4.027487395658671,True
moving_maneuver,42,v2_radar,10.700000000000001,radar,4,3.8241913009128634,True
moving_maneuver,42,v2_radar,10.8,radar,4,3.905356196422316,True
moving_maneuver,42,v2_radar,10.9,radar,4,1.3266844230465944,True
moving_maneuver,42,v2_radar,11.0,radar,4,3.9954103055084547,True
moving_maneuver,42,v2_radar,11.100000000000001,radar,4,7.735510747125217,True
moving_maneuver,42,v2_radar,11.200000000000001,radar,4,2.998560891135402,True
moving_maneuver,42,v2_radar,11.3,radar,4,2.2680012972999424,True
moving_maneuver,42,v2_radar,11.4,radar,4,3.2312185932781783,True
moving_maneuver,42,v2_radar,11.5,radar,4,4.6876109072229335,True
moving_maneuver,42,v2_radar,11.600000000000001,radar,4,6.199730631650631,True
moving_maneuver,42,v2_radar,11.700000000000001,radar,4,1.7034754343987768,True
moving_maneuver,42,v2_radar,11.8,radar,4,2.312780550057525,True
moving_maneuver,42,v2_radar,11.9,radar,4,4.35400086193452,True
moving_maneuver,42,v2_radar,12.0,radar,4,6.892538243837738,True
moving_maneuver,42,v2_range_rate_camera,0.0,camera,2,0.6048105349925346,True
moving_maneuver,42,v2_range_rate_camera,0.1,radar,2,0.0850944497410963,True
moving_maneuver,42,v2_range_rate_camera,0.1,camera,2,0.9794569449958624,True
moving_maneuver,42,v2_range_rate_camera,0.2,radar,2,0.4111529755073418,True
moving_maneuver,42,v2_range_rate_camera,0.2,camera,2,4.042694527634816,True
moving_maneuver,42,v2_range_rate_camera,0.30000000000000004,radar,2,0.6183245864766376,True
moving_maneuver,42,v2_range_rate_camera,0.30000000000000004,camera,2,0.2891970349211559,True
moving_maneuver,42,v2_range_rate_camera,0.4,radar,2,0.7235607637328844,True
moving_maneuver,42,v2_range_rate_camera,0.4,camera,2,1.701002803107433,True
moving_maneuver,42,v2_range_rate_camera,0.5,radar,2,3.189816703712875,True
moving_maneuver,42,v2_range_rate_camera,0.5,camera,2,0.7378896347985039,True
moving_maneuver,42,v2_range_rate_camera,0.6000000000000001,radar,2,0.5130087933450644,True
moving_maneuver,42,v2_range_rate_camera,0.6000000000000001,camera,2,0.5394923755278298,True
moving_maneuver,42,v2_range_rate_camera,0.7000000000000001,radar,2,1.209249150443452,True
moving_maneuver,42,v2_range_rate_camera,0.7000000000000001,camera,2,0.6436029224312363,True
moving_maneuver,42,v2_range_rate_camera,0.8,radar,2,0.16059811430397414,True
moving_maneuver,42,v2_range_rate_camera,0.8,camera,2,5.376839782075345,True
moving_maneuver,42,v2_range_rate_camera,0.9,radar,2,0.7407936603674453,True
moving_maneuver,42,v2_range_rate_camera,0.9,camera,2,0.6615372206293957,True
moving_maneuver,42,v2_range_rate_camera,1.0,radar,2,3.1200803403481734,True
moving_maneuver,42,v2_range_rate_camera,1.0,camera,2,0.9228326911123758,True
moving_maneuver,42,v2_range_rate_camera,1.1,radar,2,0.10115229878899532,True
moving_maneuver,42,v2_range_rate_camera,1.1,camera,2,3.207098289808458,True
moving_maneuver,42,v2_range_rate_camera,1.2000000000000002,radar,2,0.9356883077501857,True
moving_maneuver,42,v2_range_rate_camera,1.2000000000000002,camera,2,0.09908820338162264,True
moving_maneuver,42,v2_range_rate_camera,1.3,radar,2,0.6665559181550064,True
moving_maneuver,42,v2_range_rate_camera,1.3,camera,2,0.20342333455408926,True
moving_maneuver,42,v2_range_rate_camera,1.4000000000000001,radar,2,1.2583199291424745,True
moving_maneuver,42,v2_range_rate_camera,1.4000000000000001,camera,2,1.3247630384449531,True
moving_maneuver,42,v2_range_rate_camera,1.5,radar,2,0.7143334981585395,True
moving_maneuver,42,v2_range_rate_camera,1.5,camera,2,2.3011902368009727,True
moving_maneuver,42,v2_range_rate_camera,1.6,radar,2,1.9626404743952206,True
moving_maneuver,42,v2_range_rate_camera,1.6,camera,2,2.9011831911297516,True
moving_maneuver,42,v2_range_rate_camera,1.7000000000000002,radar,2,0.5414802803355121,True
moving_maneuver,42,v2_range_rate_camera,1.7000000000000002,camera,2,0.09021023122961173,True
moving_maneuver,42,v2_range_rate_camera,1.8,radar,2,3.0065096753119898,True
moving_maneuver,42,v2_range_rate_camera,1.8,camera,2,1.1796622619656252,True
moving_maneuver,42,v2_range_rate_camera,1.9000000000000001,radar,2,0.0953438287967695,True
moving_maneuver,42,v2_range_rate_camera,1.9000000000000001,camera,2,4.278156729960885,True
moving_maneuver,42,v2_range_rate_camera,2.0,radar,2,0.744903530794857,True
moving_maneuver,42,v2_range_rate_camera,2.0,camera,2,0.960528181583652,True
moving_maneuver,42,v2_range_rate_camera,2.1,radar,2,3.62292002918467,True
moving_maneuver,42,v2_range_rate_camera,2.1,camera,2,1.3023081154230525,True
moving_maneuver,42,v2_range_rate_camera,2.2,radar,2,0.7114105335599613,True
moving_maneuver,42,v2_range_rate_camera,2.2,camera,2,1.7113909689340343,True
moving_maneuver,42,v2_range_rate_camera,2.3000000000000003,radar,2,7.611718908808591,True
moving_maneuver,42,v2_range_rate_camera,2.3000000000000003,camera,2,3.883066745739863,True
moving_maneuver,42,v2_range_rate_camera,2.4000000000000004,radar,2,3.0387072521071,True
moving_maneuver,42,v2_range_rate_camera,2.4000000000000004,camera,2,2.1214371613775103,True
moving_maneuver,42,v2_range_rate_camera,2.5,radar,2,1.2221571508594724,True
moving_maneuver,42,v2_range_rate_camera,2.5,camera,2,1.516930828659885,True
moving_maneuver,42,v2_range_rate_camera,2.6,radar,2,0.5331227337406429,True
moving_maneuver,42,v2_range_rate_camera,2.6,camera,2,2.3149061521216345,True
moving_maneuver,42,v2_range_rate_camera,2.7,radar,2,5.181398676352446,True
moving_maneuver,42,v2_range_rate_camera,2.7,camera,2,1.4066229333680593,True
moving_maneuver,42,v2_range_rate_camera,2.8000000000000003,radar,2,0.08446505286430284,True
moving_maneuver,42,v2_range_rate_camera,2.8000000000000003,camera,2,1.8077073519357303,True
moving_maneuver,42,v2_range_rate_camera,2.9000000000000004,radar,2,1.833997172730325,True
moving_maneuver,42,v2_range_rate_camera,2.9000000000000004,camera,2,0.2428482147656635,True
moving_maneuver,42,v2_range_rate_camera,3.0,radar,2,1.5025791767739058,True
moving_maneuver,42,v2_range_rate_camera,3.0,camera,2,2.0441893316413933,True
moving_maneuver,42,v2_range_rate_camera,3.1,radar,2,1.239602422773569,True
moving_maneuver,42,v2_range_rate_camera,3.1,camera,2,2.237020949148295,True
moving_maneuver,42,v2_range_rate_camera,3.2,radar,2,1.498546348365157,True
moving_maneuver,42,v2_range_rate_camera,3.2,camera,2,0.3047657748451803,True
moving_maneuver,42,v2_range_rate_camera,3.3000000000000003,radar,2,0.5063178233023807,True
moving_maneuver,42,v2_range_rate_camera,3.3000000000000003,camera,2,0.5999179418868524,True
moving_maneuver,42,v2_range_rate_camera,3.4000000000000004,radar,2,4.453993602742929,True
moving_maneuver,42,v2_range_rate_camera,3.4000000000000004,camera,2,1.4077976678353714,True
moving_maneuver,42,v2_range_rate_camera,3.5,radar,2,2.014379617692395,True
moving_maneuver,42,v2_range_rate_camera,3.5,camera,2,0.6839510504653263,True
moving_maneuver,42,v2_range_rate_camera,3.6,radar,2,1.492224421318752,True
moving_maneuver,42,v2_range_rate_camera,3.6,camera,2,0.04109807435048684,True
moving_maneuver,42,v2_range_rate_camera,3.7,radar,2,1.5633616994932285,True
moving_maneuver,42,v2_range_rate_camera,3.7,camera,2,7.1094552004643115,True
moving_maneuver,42,v2_range_rate_camera,3.8000000000000003,radar,2,0.7121112089639839,True
moving_maneuver,42,v2_range_rate_camera,3.8000000000000003,camera,2,0.11191157300267271,True
moving_maneuver,42,v2_range_rate_camera,3.9000000000000004,radar,2,0.563234801030452,True
moving_maneuver,42,v2_range_rate_camera,3.9000000000000004,camera,2,3.695055932762154,True
moving_maneuver,42,v2_range_rate_camera,4.0,radar,2,0.5240472412243855,True
moving_maneuver,42,v2_range_rate_camera,4.0,camera,2,5.425864192339926,True
moving_maneuver,42,v2_range_rate_camera,4.1000000000000005,radar,2,2.1819350662217243,True
moving_maneuver,42,v2_range_rate_camera,4.1000000000000005,camera,2,1.0789581755085584,True
moving_maneuver,42,v2_range_rate_camera,4.2,radar,2,5.565545614048201,True
moving_maneuver,42,v2_range_rate_camera,4.2,camera,2,0.03816930227741875,True
moving_maneuver,42,v2_range_rate_camera,4.3,radar,2,1.0308396637496393,True
moving_maneuver,42,v2_range_rate_camera,4.3,camera,2,0.005458387451130811,True
moving_maneuver,42,v2_range_rate_camera,4.4,radar,2,1.2533727920661524,True
moving_maneuver,42,v2_range_rate_camera,4.4,camera,2,0.2836013377194715,True
moving_maneuver,42,v2_range_rate_camera,4.5,radar,2,0.46024434269178327,True
moving_maneuver,42,v2_range_rate_camera,4.5,camera,2,2.126398374845857,True
moving_maneuver,42,v2_range_rate_camera,4.6000000000000005,radar,2,1.6036688401706976,True
moving_maneuver,42,v2_range_rate_camera,4.6000000000000005,camera,2,1.4203331633785832,True
moving_maneuver,42,v2_range_rate_camera,4.7,radar,2,1.2992703153963105,True
moving_maneuver,42,v2_range_rate_camera,4.7,camera,2,0.7258463486174757,True
moving_maneuver,42,v2_range_rate_camera,4.800000000000001,radar,2,0.14987424409824285,True
moving_maneuver,42,v2_range_rate_camera,4.800000000000001,camera,2,2.920415759472919,True
moving_maneuver,42,v2_range_rate_camera,4.9,radar,2,0.0245768582373079,True
moving_maneuver,42,v2_range_rate_camera,4.9,camera,2,6.40787264650687,True
moving_maneuver,42,v2_range_rate_camera,5.0,radar,2,4.936051722099125,True
moving_maneuver,42,v2_range_rate_camera,5.0,camera,2,0.12057717422759552,True
moving_maneuver,42,v2_range_rate_camera,5.1000000000000005,radar,2,1.3621656566569582,True
moving_maneuver,42,v2_range_rate_camera,5.1000000000000005,camera,2,3.3672990528860227,True
moving_maneuver,42,v2_range_rate_camera,5.2,radar,2,2.9388399420665925,True
moving_maneuver,42,v2_range_rate_camera,5.2,camera,2,0.035198624385713466,True
moving_maneuver,42,v2_range_rate_camera,5.300000000000001,radar,2,2.4369540818130946,True
moving_maneuver,42,v2_range_rate_camera,5.300000000000001,camera,2,1.9938524919307707,True
moving_maneuver,42,v2_range_rate_camera,5.4,radar,2,2.9866240574418126,True
moving_maneuver,42,v2_range_rate_camera,5.4,camera,2,1.6810672122997121,True
moving_maneuver,42,v2_range_rate_camera,5.5,radar,2,1.458001162542533,True
moving_maneuver,42,v2_range_rate_camera,5.5,camera,2,0.9294770504048253,True
moving_maneuver,42,v2_range_rate_camera,5.6000000000000005,radar,2,1.125773452222945,True
moving_maneuver,42,v2_range_rate_camera,5.6000000000000005,camera,2,2.523362579176642,True
moving_maneuver,42,v2_range_rate_camera,5.7,radar,2,0.08614186409275153,True
moving_maneuver,42,v2_range_rate_camera,5.7,camera,2,0.9547897970011348,True
moving_maneuver,42,v2_range_rate_camera,5.800000000000001,radar,2,3.8868413271854125,True
moving_maneuver,42,v2_range_rate_camera,5.800000000000001,camera,2,0.741416937754268,True
moving_maneuver,42,v2_range_rate_camera,5.9,radar,2,0.9682645306803291,True
moving_maneuver,42,v2_range_rate_camera,5.9,camera,2,0.5174954203249043,True
moving_maneuver,42,v2_range_rate_camera,6.0,radar,2,0.3287051928889507,True
moving_maneuver,42,v2_range_rate_camera,6.0,camera,2,1.723095224266726,True
moving_maneuver,42,v2_range_rate_camera,6.1000000000000005,radar,2,1.9641235783362818,True
moving_maneuver,42,v2_range_rate_camera,6.1000000000000005,camera,2,0.714882592179908,True
moving_maneuver,42,v2_range_rate_camera,6.2,radar,2,0.6829240192890281,True
moving_maneuver,42,v2_range_rate_camera,6.2,camera,2,6.783557592968698,True
moving_maneuver,42,v2_range_rate_camera,6.300000000000001,radar,2,2.0566245020230314,True
moving_maneuver,42,v2_range_rate_camera,6.300000000000001,camera,2,1.4727678810938498,True
moving_maneuver,42,v2_range_rate_camera,6.4,radar,2,3.9307666920922677,True
moving_maneuver,42,v2_range_rate_camera,6.4,camera,2,1.311205785897264,True
moving_maneuver,42,v2_range_rate_camera,6.5,radar,2,6.116106648155597,True
moving_maneuver,42,v2_range_rate_camera,6.5,camera,2,2.4082291914169898,True
moving_maneuver,42,v2_range_rate_camera,6.6000000000000005,radar,2,0.4809699411923502,True
moving_maneuver,42,v2_range_rate_camera,6.6000000000000005,camera,2,0.8166859934311766,True
moving_maneuver,42,v2_range_rate_camera,6.7,radar,2,0.6354724992782151,True
moving_maneuver,42,v2_range_rate_camera,6.7,camera,2,1.1473937456993204,True
moving_maneuver,42,v2_range_rate_camera,6.800000000000001,radar,2,4.741949702617142,True
moving_maneuver,42,v2_range_rate_camera,6.800000000000001,camera,2,0.4731096500924448,True
moving_maneuver,42,v2_range_rate_camera,6.9,radar,2,0.4385217350996891,True
moving_maneuver,42,v2_range_rate_camera,6.9,camera,2,0.5200372254350147,True
moving_maneuver,42,v2_range_rate_camera,7.0,radar,2,0.23746880302567472,True
moving_maneuver,42,v2_range_rate_camera,7.0,camera,2,1.3654883962505704,True
moving_maneuver,42,v2_range_rate_camera,7.1000000000000005,radar,2,2.589124629508723,True
moving_maneuver,42,v2_range_rate_camera,7.1000000000000005,camera,2,0.05990520665122078,True
moving_maneuver,42,v2_range_rate_camera,7.2,radar,2,3.0673589185981203,True
moving_maneuver,42,v2_range_rate_camera,7.2,camera,2,1.791885879026091,True
moving_maneuver,42,v2_range_rate_camera,7.300000000000001,radar,2,0.8491209914248545,True
moving_maneuver,42,v2_range_rate_camera,7.300000000000001,camera,2,2.545050772236844,True
moving_maneuver,42,v2_range_rate_camera,7.4,radar,2,0.9262838347317228,True
moving_maneuver,42,v2_range_rate_camera,7.4,camera,2,1.5836081664539619,True
moving_maneuver,42,v2_range_rate_camera,7.5,radar,2,0.5772568421312803,True
moving_maneuver,42,v2_range_rate_camera,7.5,camera,2,0.06390705736922188,True
moving_maneuver,42,v2_range_rate_camera,7.6000000000000005,radar,2,1.71445971246727,True
moving_maneuver,42,v2_range_rate_camera,7.6000000000000005,camera,2,0.7743372580775804,True
moving_maneuver,42,v2_range_rate_camera,7.7,radar,2,2.8227898493912327,True
moving_maneuver,42,v2_range_rate_camera,7.7,camera,2,3.1612611246004363,True
moving_maneuver,42,v2_range_rate_camera,7.800000000000001,radar,2,2.1089149340597904,True
moving_maneuver,42,v2_range_rate_camera,7.800000000000001,camera,2,0.22289372893458953,True
moving_maneuver,42,v2_range_rate_camera,7.9,radar,2,1.0416046851647405,True
moving_maneuver,42,v2_range_rate_camera,7.9,camera,2,2.5346116717590634,True
moving_maneuver,42,v2_range_rate_camera,8.0,radar,2,1.8636000174313967,True
moving_maneuver,42,v2_range_rate_camera,8.0,camera,2,1.9493870035017402,True
moving_maneuver,42,v2_range_rate_camera,8.1,radar,2,0.389660833723865,True
moving_maneuver,42,v2_range_rate_camera,8.1,camera,2,1.2185550641210907,True
moving_maneuver,42,v2_range_rate_camera,8.200000000000001,radar,2,0.01618208834776919,True
moving_maneuver,42,v2_range_rate_camera,8.200000000000001,camera,2,3.4398800036771524,True
moving_maneuver,42,v2_range_rate_camera,8.3,radar,2,4.434262982709026,True
moving_maneuver,42,v2_range_rate_camera,8.3,camera,2,1.6281345152238482,True
moving_maneuver,42,v2_range_rate_camera,8.4,radar,2,6.443411316263779,True
moving_maneuver,42,v2_range_rate_camera,8.4,camera,2,1.0845751425194563,True
moving_maneuver,42,v2_range_rate_camera,8.5,radar,2,1.098506941627504,True
moving_maneuver,42,v2_range_rate_camera,8.5,camera,2,2.271536628218369,True
moving_maneuver,42,v2_range_rate_camera,8.6,radar,2,1.5974550942130052,True
moving_maneuver,42,v2_range_rate_camera,8.6,camera,2,0.5411626687752821,True
moving_maneuver,42,v2_range_rate_camera,8.700000000000001,radar,2,3.531530749127093,True
moving_maneuver,42,v2_range_rate_camera,8.700000000000001,camera,2,3.0230268117987573,True
moving_maneuver,42,v2_range_rate_camera,8.8,radar,2,1.9445714974062918,True
moving_maneuver,42,v2_range_rate_camera,8.8,camera,2,0.7909107200435835,True
moving_maneuver,42,v2_range_rate_camera,8.9,radar,2,1.458320767258613,True
moving_maneuver,42,v2_range_rate_camera,8.9,camera,2,3.7358789528736245,True
moving_maneuver,42,v2_range_rate_camera,9.0,radar,2,2.2621664244756525,True
moving_maneuver,42,v2_range_rate_camera,9.0,camera,2,0.6073919303143204,True
moving_maneuver,42,v2_range_rate_camera,9.1,radar,2,0.6485608246939676,True
moving_maneuver,42,v2_range_rate_camera,9.1,camera,2,1.6031847654634828,True
moving_maneuver,42,v2_range_rate_camera,9.200000000000001,radar,2,3.8451880423527,True
moving_maneuver,42,v2_range_rate_camera,9.200000000000001,camera,2,0.7850247358400181,True
moving_maneuver,42,v2_range_rate_camera,9.3,radar,2,1.797464506610392,True
moving_maneuver,42,v2_range_rate_camera,9.3,camera,2,0.3314658363467699,True
moving_maneuver,42,v2_range_rate_camera,9.4,radar,2,2.1409591227414504,True
moving_maneuver,42,v2_range_rate_camera,9.4,camera,2,0.9092436172022774,True
moving_maneuver,42,v2_range_rate_camera,9.5,radar,2,1.1922688514556792,True
moving_maneuver,42,v2_range_rate_camera,9.5,camera,2,0.7383934199824576,True
moving_maneuver,42,v2_range_rate_camera,9.600000000000001,radar,2,3.4478829287044133,True
moving_maneuver,42,v2_range_rate_camera,9.600000000000001,camera,2,4.165882109936623,True
moving_maneuver,42,v2_range_rate_camera,9.700000000000001,radar,2,1.144951518911853,True
moving_maneuver,42,v2_range_rate_camera,9.700000000000001,camera,2,0.07476554320126066,True
moving_maneuver,42,v2_range_rate_camera,9.8,radar,2,2.0658901853426794,True
moving_maneuver,42,v2_range_rate_camera,9.8,camera,2,5.9379774635971225,True
moving_maneuver,42,v2_range_rate_camera,9.9,radar,2,1.5469207646588545,True
moving_maneuver,42,v2_range_rate_camera,9.9,camera,2,0.04366806828721365,True
moving_maneuver,42,v2_range_rate_camera,10.0,radar,2,0.6478796768652333,True
moving_maneuver,42,v2_range_rate_camera,10.0,camera,2,3.8069125756586875,True
moving_maneuver,42,v2_range_rate_camera,10.100000000000001,radar,2,1.3179431651933167,True
moving_maneuver,42,v2_range_rate_camera,10.100000000000001,camera,2,1.1441363780973925,True
moving_maneuver,42,v2_range_rate_camera,10.200000000000001,radar,2,1.6660664672297167,True
moving_maneuver,42,v2_range_rate_camera,10.200000000000001,camera,2,1.0477860112311832,True
moving_maneuver,42,v2_range_rate_camera,10.3,radar,2,1.0364004290730484,True
moving_maneuver,42,v2_range_rate_camera,10.3,camera,2,0.44939473156886994,True
moving_maneuver,42,v2_range_rate_camera,10.4,radar,2,0.9866633421318541,True
moving_maneuver,42,v2_range_rate_camera,10.4,camera,2,4.370314140747301,True
moving_maneuver,42,v2_range_rate_camera,10.5,radar,2,5.611322323729235,True
moving_maneuver,42,v2_range_rate_camera,10.5,camera,2,0.4097302957965,True
moving_maneuver,42,v2_range_rate_camera,10.600000000000001,radar,2,2.419561177104989,True
moving_maneuver,42,v2_range_rate_camera,10.600000000000001,camera,2,2.0507202212449376,True
moving_maneuver,42,v2_range_rate_camera,10.700000000000001,radar,2,3.9185126608446113,True
moving_maneuver,42,v2_range_rate_camera,10.700000000000001,camera,2,3.2115279780285104,True
moving_maneuver,42,v2_range_rate_camera,10.8,radar,2,0.02310088748021102,True
moving_maneuver,42,v2_range_rate_camera,10.8,camera,2,2.3560473458162248,True
moving_maneuver,42,v2_range_rate_camera,10.9,radar,2,0.4375737364813836,True
moving_maneuver,42,v2_range_rate_camera,10.9,camera,2,0.391381343111483,True
moving_maneuver,42,v2_range_rate_camera,11.0,radar,2,3.323342128250405,True
moving_maneuver,42,v2_range_rate_camera,11.0,camera,2,1.5988042358264873,True
moving_maneuver,42,v2_range_rate_camera,11.100000000000001,radar,2,3.0326639027752766,True
moving_maneuver,42,v2_range_rate_camera,11.100000000000001,camera,2,1.3182296275665648,True
moving_maneuver,42,v2_range_rate_camera,11.200000000000001,radar,2,0.970981903313254,True
moving_maneuver,42,v2_range_rate_camera,11.200000000000001,camera,2,1.696025625061972,True
moving_maneuver,42,v2_range_rate_camera,11.3,radar,2,0.567172420670148,True
moving_maneuver,42,v2_range_rate_camera,11.3,camera,2,0.41340331430927857,True
moving_maneuver,42,v2_range_rate_camera,11.4,radar,2,0.11990502011254617,True
moving_maneuver,42,v2_range_rate_camera,11.4,camera,2,3.2738222184713885,True
moving_maneuver,42,v2_range_rate_camera,11.5,radar,2,0.32746129638660393,True
moving_maneuver,42,v2_range_rate_camera,11.5,camera,2,2.0473414101735585,True
moving_maneuver,42,v2_range_rate_camera,11.600000000000001,radar,2,4.387708212284971,True
moving_maneuver,42,v2_range_rate_camera,11.600000000000001,camera,2,0.6947236359763818,True
moving_maneuver,42,v2_range_rate_camera,11.700000000000001,radar,2,0.9502527082745762,True
moving_maneuver,42,v2_range_rate_camera,11.700000000000001,camera,2,1.4671977760693868,True
moving_maneuver,42,v2_range_rate_camera,11.8,radar,2,0.7727170644634508,True
moving_maneuver,42,v2_range_rate_camera,11.8,camera,2,0.350796280895232,True
moving_maneuver,42,v2_range_rate_camera,11.9,radar,2,0.5187720736863243,True
moving_maneuver,42,v2_range_rate_camera,11.9,camera,2,1.0920143049890876,True
moving_maneuver,42,v2_range_rate_camera,12.0,radar,2,1.8340653460940688,True
moving_maneuver,42,v2_range_rate_camera,12.0,camera,2,1.7941739928894294,True
moving_maneuver,42,v2_full,0.0,camera,2,0.6048105349925346,True
moving_maneuver,42,v2_full,0.1,radar,4,1.069476694104376,True
moving_maneuver,42,v2_full,0.1,camera,2,0.5891214410941904,True
moving_maneuver,42,v2_full,0.2,radar,4,1.8140170533842626,True
moving_maneuver,42,v2_full,0.2,camera,2,4.1831057893771675,True
moving_maneuver,42,v2_full,0.30000000000000004,radar,4,1.0858301093568514,True
moving_maneuver,42,v2_full,0.30000000000000004,camera,2,0.25643577238562737,True
moving_maneuver,42,v2_full,0.4,radar,4,1.9858071802401307,True
moving_maneuver,42,v2_full,0.4,camera,2,1.1091028761713544,True
moving_maneuver,42,v2_full,0.5,radar,4,3.715119445925912,True
moving_maneuver,42,v2_full,0.5,camera,2,0.5670800849787572,True
moving_maneuver,42,v2_full,0.6000000000000001,radar,4,1.4432302632899336,True
moving_maneuver,42,v2_full,0.6000000000000001,camera,2,0.5565603890108737,True
moving_maneuver,42,v2_full,0.7000000000000001,radar,4,1.5625616942000038,True
moving_maneuver,42,v2_full,0.7000000000000001,camera,2,0.5465544368185313,True
moving_maneuver,42,v2_full,0.8,radar,4,1.0896572017470505,True
moving_maneuver,42,v2_full,0.8,camera,2,5.03223208139202,True
moving_maneuver,42,v2_full,0.9,radar,4,3.1602975417121044,True
moving_maneuver,42,v2_full,0.9,camera,2,0.9389172854696639,True
moving_maneuver,42,v2_full,1.0,radar,4,3.5608103726354914,True
moving_maneuver,42,v2_full,1.0,camera,2,0.9503205723786207,True
moving_maneuver,42,v2_full,1.1,radar,4,0.7711981728470515,True
moving_maneuver,42,v2_full,1.1,camera,2,2.6578583554953035,True
moving_maneuver,42,v2_full,1.2000000000000002,radar,4,1.3782468197490043,True
moving_maneuver,42,v2_full,1.2000000000000002,camera,2,0.19067044166165237,True
moving_maneuver,42,v2_full,1.3,radar,4,1.1909927415459165,True
moving_maneuver,42,v2_full,1.3,camera,2,0.24513842033995406,True
moving_maneuver,42,v2_full,1.4000000000000001,radar,4,1.7009533996349997,True
moving_maneuver,42,v2_full,1.4000000000000001,camera,2,1.337020895393393,True
moving_maneuver,42,v2_full,1.5,radar,4,0.9679877226325818,True
moving_maneuver,42,v2_full,1.5,camera,2,2.4811116889592912,True
moving_maneuver,42,v2_full,1.6,radar,4,3.021380854589967,True
moving_maneuver,42,v2_full,1.6,camera,2,2.564287662141525,True
moving_maneuver,42,v2_full,1.7000000000000002,radar,4,1.8303499236637124,True
moving_maneuver,42,v2_full,1.7000000000000002,camera,2,0.18682909463562958,True
moving_maneuver,42,v2_full,1.8,radar,4,3.105626293375686,True
moving_maneuver,42,v2_full,1.8,camera,2,1.2488614273293015,True
moving_maneuver,42,v2_full,1.9000000000000001,radar,4,0.10476888985078396,True
moving_maneuver,42,v2_full,1.9000000000000001,camera,2,4.103988723376817,True
moving_maneuver,42,v2_full,2.0,radar,4,2.367495351730625,True
moving_maneuver,42,v2_full,2.0,camera,2,1.1137308137668864,True
moving_maneuver,42,v2_full,2.1,radar,4,4.827253129734951,True
moving_maneuver,42,v2_full,2.1,camera,2,1.3849999928390555,True
moving_maneuver,42,v2_full,2.2,radar,4,3.874186590846712,True
moving_maneuver,42,v2_full,2.2,camera,2,1.4903611068773892,True
moving_maneuver,42,v2_full,2.3000000000000003,radar,4,8.875369775497928,True
moving_maneuver,42,v2_full,2.3000000000000003,camera,2,4.252028261727685,True
moving_maneuver,42,v2_full,2.4000000000000004,radar,4,3.627570627279495,True
moving_maneuver,42,v2_full,2.4000000000000004,camera,2,1.6789598978349658,True
moving_maneuver,42,v2_full,2.5,radar,4,4.107160417709552,True
moving_maneuver,42,v2_full,2.5,camera,2,1.3341731338272136,True
moving_maneuver,42,v2_full,2.6,radar,4,1.7519336714402192,True
moving_maneuver,42,v2_full,2.6,camera,2,3.1731239773200466,True
moving_maneuver,42,v2_full,2.7,radar,4,6.4014143828159,True
moving_maneuver,42,v2_full,2.7,camera,2,1.2216976776436559,True
moving_maneuver,42,v2_full,2.8000000000000003,radar,4,0.7706469328153069,True
moving_maneuver,42,v2_full,2.8000000000000003,camera,2,2.125991518487337,True
moving_maneuver,42,v2_full,2.9000000000000004,radar,4,4.141837759225455,True
moving_maneuver,42,v2_full,2.9000000000000004,camera,2,0.23669250799205005,True
moving_maneuver,42,v2_full,3.0,radar,4,2.9093045896089778,True
moving_maneuver,42,v2_full,3.0,camera,2,2.321135483592707,True
moving_maneuver,42,v2_full,3.1,radar,4,6.056829467535278,True
moving_maneuver,42,v2_full,3.1,camera,2,1.8334020970978775,True
moving_maneuver,42,v2_full,3.2,radar,4,3.0574109280284087,True
moving_maneuver,42,v2_full,3.2,camera,2,0.26300226038877444,True
moving_maneuver,42,v2_full,3.3000000000000003,radar,4,2.719258542655111,True
moving_maneuver,42,v2_full,3.3000000000000003,camera,2,0.8774254874090014,True
moving_maneuver,42,v2_full,3.4000000000000004,radar,4,6.371815377271059,True
moving_maneuver,42,v2_full,3.4000000000000004,camera,2,1.6778183775219515,True
moving_maneuver,42,v2_full,3.5,radar,4,2.2565509736932485,True
moving_maneuver,42,v2_full,3.5,camera,2,0.6937423137775256,True
moving_maneuver,42,v2_full,3.6,radar,4,1.938121618552659,True
moving_maneuver,42,v2_full,3.6,camera,2,0.04151308052548935,True
moving_maneuver,42,v2_full,3.7,radar,4,1.6489808526433956,True
moving_maneuver,42,v2_full,3.7,camera,2,6.930556709831788,True
moving_maneuver,42,v2_full,3.8000000000000003,radar,4,2.503010674491653,True
moving_maneuver,42,v2_full,3.8000000000000003,camera,2,0.2099028996422366,True
moving_maneuver,42,v2_full,3.9000000000000004,radar,4,4.355422498485282,True
moving_maneuver,42,v2_full,3.9000000000000004,camera,2,4.803220154571802,True
moving_maneuver,42,v2_full,4.0,radar,4,5.2762019298263425,True
moving_maneuver,42,v2_full,4.0,camera,2,4.48044705464147,True
moving_maneuver,42,v2_full,4.1000000000000005,radar,4,13.331691451813313,False
moving_maneuver,42,v2_full,4.1000000000000005,camera,2,1.5661285059249517,True
moving_maneuver,42,v2_full,4.2,radar,4,4.712226300176318,True
moving_maneuver,42,v2_full,4.2,camera,2,0.018569882581437734,True
moving_maneuver,42,v2_full,4.3,radar,4,0.6022444708356299,True
moving_maneuver,42,v2_full,4.3,camera,2,0.028637910391250767,True
moving_maneuver,42,v2_full,4.4,radar,4,1.6970474198516545,True
moving_maneuver,42,v2_full,4.4,camera,2,0.2958252652373467,True
moving_maneuver,42,v2_full,4.5,radar,4,4.358681926326295,True
moving_maneuver,42,v2_full,4.5,camera,2,2.395114276811726,True
moving_maneuver,42,v2_full,4.6000000000000005,radar,4,3.2092466200059797,True
moving_maneuver,42,v2_full,4.6000000000000005,camera,2,1.0992531445655926,True
moving_maneuver,42,v2_full,4.7,radar,4,2.8735866204438265,True
moving_maneuver,42,v2_full,4.7,camera,2,0.8184880745890099,True
moving_maneuver,42,v2_full,4.800000000000001,radar,4,0.1701023704434689,True
moving_maneuver,42,v2_full,4.800000000000001,camera,2,2.8623251027153542,True
moving_maneuver,42,v2_full,4.9,radar,4,0.6299690352653595,True
moving_maneuver,42,v2_full,4.9,camera,2,6.103058516424579,True
moving_maneuver,42,v2_full,5.0,radar,4,5.82877947642317,True
moving_maneuver,42,v2_full,5.0,camera,2,0.22104655496407072,True
moving_maneuver,42,v2_full,5.1000000000000005,radar,4,3.9228985398688714,True
moving_maneuver,42,v2_full,5.1000000000000005,camera,2,4.038386906804985,True
moving_maneuver,42,v2_full,5.2,radar,4,3.778870397350763,True
moving_maneuver,42,v2_full,5.2,camera,2,0.09725696349305117,True
moving_maneuver,42,v2_full,5.300000000000001,radar,4,3.0450973365589245,True
moving_maneuver,42,v2_full,5.300000000000001,camera,2,2.5760189326959053,True
moving_maneuver,42,v2_full,5.4,radar,4,5.345270405710998,True
moving_maneuver,42,v2_full,5.4,camera,2,1.6853393763337527,True
moving_maneuver,42,v2_full,5.5,radar,4,3.134131474555898,True
moving_maneuver,42,v2_full,5.5,camera,2,1.026316012968991,True
moving_maneuver,42,v2_full,5.6000000000000005,radar,4,2.516143034783006,True
moving_maneuver,42,v2_full,5.6000000000000005,camera,2,2.4942472917236063,True
moving_maneuver,42,v2_full,5.7,radar,4,5.9223374815940675,True
moving_maneuver,42,v2_full,5.7,camera,2,0.976726105313965,True
moving_maneuver,42,v2_full,5.800000000000001,radar,4,4.631658381859401,True
moving_maneuver,42,v2_full,5.800000000000001,camera,2,0.8633715236348539,True
moving_maneuver,42,v2_full,5.9,radar,4,1.1355540006294653,True
moving_maneuver,42,v2_full,5.9,camera,2,0.5975929072765067,True
moving_maneuver,42,v2_full,6.0,radar,4,1.7262987886110872,True
moving_maneuver,42,v2_full,6.0,camera,2,1.8940653143512853,True
moving_maneuver,42,v2_full,6.1000000000000005,radar,4,2.932720075143253,True
moving_maneuver,42,v2_full,6.1000000000000005,camera,2,0.917289701071536,True
moving_maneuver,42,v2_full,6.2,radar,4,7.102977011256044,True
moving_maneuver,42,v2_full,6.2,camera,2,5.822757701862051,True
moving_maneuver,42,v2_full,6.300000000000001,radar,4,3.635024816560395,True
moving_maneuver,42,v2_full,6.300000000000001,camera,2,0.9958908113042633,True
moving_maneuver,42,v2_full,6.4,radar,4,4.047354049401657,True
moving_maneuver,42,v2_full,6.4,camera,2,1.3079924248594847,True
moving_maneuver,42,v2_full,6.5,radar,4,6.47774081825487,True
moving_maneuver,42,v2_full,6.5,camera,2,2.8097095958963076,True
moving_maneuver,42,v2_full,6.6000000000000005,radar,4,1.5254636011111655,True
moving_maneuver,42,v2_full,6.6000000000000005,camera,2,0.9041359252047305,True
moving_maneuver,42,v2_full,6.7,radar,4,1.0200455903840546,True
moving_maneuver,42,v2_full,6.7,camera,2,1.1509728038829838,True
moving_maneuver,42,v2_full,6.800000000000001,radar,4,12.230332924389222,True
moving_maneuver,42,v2_full,6.800000000000001,camera,2,0.45617458232656544,True
moving_maneuver,42,v2_full,6.9,radar,4,3.469070368930144,True
moving_maneuver,42,v2_full,6.9,camera,2,0.46997087345050453,True
moving_maneuver,42,v2_full,7.0,radar,4,2.383026188697322,True
moving_maneuver,42,v2_full,7.0,camera,2,1.7683627973851996,True
moving_maneuver,42,v2_full,7.1000000000000005,radar,4,5.1085681181500115,True
moving_maneuver,42,v2_full,7.1000000000000005,camera,2,0.25566302418357933,True
moving_maneuver,42,v2_full,7.2,radar,4,3.848145590266393,True
moving_maneuver,42,v2_full,7.2,camera,2,1.9829129219391788,True
moving_maneuver,42,v2_full,7.300000000000001,radar,4,1.0941024258209677,True
moving_maneuver,42,v2_full,7.300000000000001,camera,2,2.256385655952963,True
moving_maneuver,42,v2_full,7.4,radar,4,1.8845083990442377,True
moving_maneuver,42,v2_full,7.4,camera,2,1.796718527662222,True
moving_maneuver,42,v2_full,7.5,radar,4,8.917953857895338,True
moving_maneuver,42,v2_full,7.5,camera,2,0.0357537483035978,True
moving_maneuver,42,v2_full,7.6000000000000005,radar,4,1.8226778301595565,True
moving_maneuver,42,v2_full,7.6000000000000005,camera,2,0.7039064097671399,True
moving_maneuver,42,v2_full,7.7,radar,4,4.252528424268972,True
moving_maneuver,42,v2_full,7.7,camera,2,3.2805746999557988,True
moving_maneuver,42,v2_full,7.800000000000001,radar,4,2.329450834080078,True
moving_maneuver,42,v2_full,7.800000000000001,camera,2,0.18331651441045513,True
moving_maneuver,42,v2_full,7.9,radar,4,3.1456393459230934,True
moving_maneuver,42,v2_full,7.9,camera,2,2.382861194621046,True
moving_maneuver,42,v2_full,8.0,radar,4,2.561099938064973,True
moving_maneuver,42,v2_full,8.0,camera,2,1.9675272343353292,True
moving_maneuver,42,v2_full,8.1,radar,4,1.8567576317196746,True
moving_maneuver,42,v2_full,8.1,camera,2,1.1139521688279304,True
moving_maneuver,42,v2_full,8.200000000000001,radar,4,1.1189385864059838,True
moving_maneuver,42,v2_full,8.200000000000001,camera,2,3.52513438145238,True
moving_maneuver,42,v2_full,8.3,radar,4,6.64590058628859,True
moving_maneuver,42,v2_full,8.3,camera,2,1.2817204619044638,True
moving_maneuver,42,v2_full,8.4,radar,4,11.126786566240982,True
moving_maneuver,42,v2_full,8.4,camera,2,1.63082038406083,True
moving_maneuver,42,v2_full,8.5,radar,4,1.1617924204062458,True
moving_maneuver,42,v2_full,8.5,camera,2,3.045455076758724,True
moving_maneuver,42,v2_full,8.6,radar,4,4.663797596508355,True
moving_maneuver,42,v2_full,8.6,camera,2,0.18916091358647708,True
moving_maneuver,42,v2_full,8.700000000000001,radar,4,5.25564106107409,True
moving_maneuver,42,v2_full,8.700000000000001,camera,2,4.298424224837653,True
moving_maneuver,42,v2_full,8.8,radar,4,3.07999238287679,True
moving_maneuver,42,v2_full,8.8,camera,2,0.5580410695287571,True
moving_maneuver,42,v2_full,8.9,radar,4,3.0583190947310164,True
moving_maneuver,42,v2_full,8.9,camera,2,3.6453232413015604,True
moving_maneuver,42,v2_full,9.0,radar,4,2.318926701637685,True
moving_maneuver,42,v2_full,9.0,camera,2,0.5568777237151407,True
moving_maneuver,42,v2_full,9.1,radar,4,1.246407873470592,True
moving_maneuver,42,v2_full,9.1,camera,2,1.7400098333761103,True
moving_maneuver,42,v2_full,9.200000000000001,radar,4,3.9745249194954875,True
moving_maneuver,42,v2_full,9.200000000000001,camera,2,0.7850716512794917,True
moving_maneuver,42,v2_full,9.3,radar,4,1.905711875911391,True
moving_maneuver,42,v2_full,9.3,camera,2,0.2858133699276898,True
moving_maneuver,42,v2_full,9.4,radar,4,2.7609963845170653,True
moving_maneuver,42,v2_full,9.4,camera,2,0.7672339934907612,True
moving_maneuver,42,v2_full,9.5,radar,4,2.1504856700507857,True
moving_maneuver,42,v2_full,9.5,camera,2,0.9681120866554337,True
moving_maneuver,42,v2_full,9.600000000000001,radar,4,3.5450555447362606,True
moving_maneuver,42,v2_full,9.600000000000001,camera,2,4.448517583614584,True
moving_maneuver,42,v2_full,9.700000000000001,radar,4,4.655322579584364,True
moving_maneuver,42,v2_full,9.700000000000001,camera,2,0.13173721014369016,True
moving_maneuver,42,v2_full,9.8,radar,4,4.314253207661996,True
moving_maneuver,42,v2_full,9.8,camera,2,5.193671553864922,True
moving_maneuver,42,v2_full,9.9,radar,4,2.073606850878524,True
moving_maneuver,42,v2_full,9.9,camera,2,0.006867082691779557,True
moving_maneuver,42,v2_full,10.0,radar,4,3.306765556885892,True
moving_maneuver,42,v2_full,10.0,camera,2,3.7810454659743162,True
moving_maneuver,42,v2_full,10.100000000000001,radar,4,4.324181333422499,True
moving_maneuver,42,v2_full,10.100000000000001,camera,2,1.504099835307188,True
moving_maneuver,42,v2_full,10.200000000000001,radar,4,4.14614701185538,True
moving_maneuver,42,v2_full,10.200000000000001,camera,2,0.6232970789636432,True
moving_maneuver,42,v2_full,10.3,radar,4,1.1861531393834177,True
moving_maneuver,42,v2_full,10.3,camera,2,0.4920062893252685,True
moving_maneuver,42,v2_full,10.4,radar,4,2.9510037684001817,True
moving_maneuver,42,v2_full,10.4,camera,2,4.554180466704958,True
moving_maneuver,42,v2_full,10.5,radar,4,10.213313923441193,True
moving_maneuver,42,v2_full,10.5,camera,2,0.27433954121252696,True
moving_maneuver,42,v2_full,10.600000000000001,radar,4,2.858979571686343,True
moving_maneuver,42,v2_full,10.600000000000001,camera,2,2.0291716510908056,True
moving_maneuver,42,v2_full,10.700000000000001,radar,4,4.247009439698018,True
moving_maneuver,42,v2_full,10.700000000000001,camera,2,3.1638252477422055,True
moving_maneuver,42,v2_full,10.8,radar,4,3.1721851319745937,True
moving_maneuver,42,v2_full,10.8,camera,2,3.0618620433206067,True
moving_maneuver,42,v2_full,10.9,radar,4,0.9874220134878026,True
moving_maneuver,42,v2_full,10.9,camera,2,0.44081544223002583,True
moving_maneuver,42,v2_full,11.0,radar,4,3.9155632392379376,True
moving_maneuver,42,v2_full,11.0,camera,2,1.6985805837464119,True
moving_maneuver,42,v2_full,11.100000000000001,radar,4,10.530506136373072,True
moving_maneuver,42,v2_full,11.100000000000001,camera,2,0.8100584195296742,True
moving_maneuver,42,v2_full,11.200000000000001,radar,4,2.1769085695512644,True
moving_maneuver,42,v2_full,11.200000000000001,camera,2,1.713607827602379,True
moving_maneuver,42,v2_full,11.3,radar,4,2.4334450931731153,True
moving_maneuver,42,v2_full,11.3,camera,2,0.2860712595179345,True
moving_maneuver,42,v2_full,11.4,radar,4,3.652399771254201,True
moving_maneuver,42,v2_full,11.4,camera,2,2.3198724929466517,True
moving_maneuver,42,v2_full,11.5,radar,4,6.662455582297856,True
moving_maneuver,42,v2_full,11.5,camera,2,1.465730647260534,True
moving_maneuver,42,v2_full,11.600000000000001,radar,4,5.342517438997228,True
moving_maneuver,42,v2_full,11.600000000000001,camera,2,0.8414244952999959,True
moving_maneuver,42,v2_full,11.700000000000001,radar,4,3.1894058511324905,True
moving_maneuver,42,v2_full,11.700000000000001,camera,2,0.9949761447344343,True
moving_maneuver,42,v2_full,11.8,radar,4,1.3398488970014102,True
moving_maneuver,42,v2_full,11.8,camera,2,0.2803155758314357,True
moving_maneuver,42,v2_full,11.9,radar,4,4.044650129909854,True
moving_maneuver,42,v2_full,11.9,camera,2,0.9088615473579466,True
moving_maneuver,42,v2_full,12.0,radar,4,9.870001914106902,True
moving_maneuver,42,v2_full,12.0,camera,2,1.8597690689192639,True
moving_maneuver,42,frozen_ego_fault,0.0,camera,2,0.6048105349925346,True
moving_maneuver,42,frozen_ego_fault,0.1,radar,4,1.3097947866186805,True
moving_maneuver,42,frozen_ego_fault,0.1,camera,2,1.4611001234110275,True
moving_maneuver,42,frozen_ego_fault,0.2,radar,4,1.4184049295276115,True
moving_maneuver,42,frozen_ego_fault,0.2,camera,2,3.754795937934992,True
moving_maneuver,42,frozen_ego_fault,0.30000000000000004,radar,4,1.1288364191461278,True
moving_maneuver,42,frozen_ego_fault,0.30000000000000004,camera,2,0.17617552958005744,True
moving_maneuver,42,frozen_ego_fault,0.4,radar,4,1.9781932614389366,True
moving_maneuver,42,frozen_ego_fault,0.4,camera,2,0.9533878909073128,True
moving_maneuver,42,frozen_ego_fault,0.5,radar,4,3.7257791185835574,True
moving_maneuver,42,frozen_ego_fault,0.5,camera,2,0.49969720910530957,True
moving_maneuver,42,frozen_ego_fault,0.6000000000000001,radar,4,1.4812048181517803,True
moving_maneuver,42,frozen_ego_fault,0.6000000000000001,camera,2,0.5184526854093016,True
moving_maneuver,42,frozen_ego_fault,0.7000000000000001,radar,4,1.5422595397414374,True
moving_maneuver,42,frozen_ego_fault,0.7000000000000001,camera,2,0.5378843430821402,True
moving_maneuver,42,frozen_ego_fault,0.8,radar,4,1.0860112283838839,True
moving_maneuver,42,frozen_ego_fault,0.8,camera,2,5.0303499144043515,True
moving_maneuver,42,frozen_ego_fault,0.9,radar,4,3.1684438750472244,True
moving_maneuver,42,frozen_ego_fault,0.9,camera,2,0.9477979504896711,True
moving_maneuver,42,frozen_ego_fault,1.0,radar,4,3.569297037107855,True
moving_maneuver,42,frozen_ego_fault,1.0,camera,2,0.9115207251366202,True
moving_maneuver,42,frozen_ego_fault,1.1,radar,4,0.7877415343140526,True
moving_maneuver,42,frozen_ego_fault,1.1,camera,2,2.717900921762423,True
moving_maneuver,42,frozen_ego_fault,1.2000000000000002,radar,4,1.3861001561688775,True
moving_maneuver,42,frozen_ego_fault,1.2000000000000002,camera,2,0.1620670901837296,True
moving_maneuver,42,frozen_ego_fault,1.3,radar,4,1.1913092871406425,True
moving_maneuver,42,frozen_ego_fault,1.3,camera,2,0.20506760822931447,True
moving_maneuver,42,frozen_ego_fault,1.4000000000000001,radar,4,1.683193173209987,True
moving_maneuver,42,frozen_ego_fault,1.4000000000000001,camera,2,1.2178435868616742,True
moving_maneuver,42,frozen_ego_fault,1.5,radar,4,0.9455119767322002,True
moving_maneuver,42,frozen_ego_fault,1.5,camera,2,2.6401829580343112,True
moving_maneuver,42,frozen_ego_fault,1.6,radar,4,3.0166697920829244,True
moving_maneuver,42,frozen_ego_fault,1.6,camera,2,2.4935351636722483,True
moving_maneuver,42,frozen_ego_fault,1.7000000000000002,radar,4,1.7893049020958753,True
moving_maneuver,42,frozen_ego_fault,1.7000000000000002,camera,2,0.22668479074153253,True
moving_maneuver,42,frozen_ego_fault,1.8,radar,4,3.087837071501386,True
moving_maneuver,42,frozen_ego_fault,1.8,camera,2,1.2199436176153313,True
moving_maneuver,42,frozen_ego_fault,1.9000000000000001,radar,4,0.10788064381807182,True
moving_maneuver,42,frozen_ego_fault,1.9000000000000001,camera,2,3.761257650681188,True
moving_maneuver,42,frozen_ego_fault,2.0,radar,4,2.388682671104236,True
moving_maneuver,42,frozen_ego_fault,2.0,camera,2,1.0050870729925587,True
moving_maneuver,42,frozen_ego_fault,2.1,radar,4,4.791015691026174,True
moving_maneuver,42,frozen_ego_fault,2.1,camera,2,1.5622015829410354,True
moving_maneuver,42,frozen_ego_fault,2.2,radar,4,3.7841828099071875,True
moving_maneuver,42,frozen_ego_fault,2.2,camera,2,1.5253956723510678,True
moving_maneuver,42,frozen_ego_fault,2.3000000000000003,radar,4,8.9454800993161,True
moving_maneuver,42,frozen_ego_fault,2.3000000000000003,camera,2,4.767991546828181,True
moving_maneuver,42,frozen_ego_fault,2.4000000000000004,radar,4,3.5130365783141286,True
moving_maneuver,42,frozen_ego_fault,2.4000000000000004,camera,2,1.3801808935324542,True
moving_maneuver,42,frozen_ego_fault,2.5,radar,4,3.949344765251205,True
moving_maneuver,42,frozen_ego_fault,2.5,camera,2,1.3989967539900248,True
moving_maneuver,42,frozen_ego_fault,2.6,radar,4,1.7395234654571603,True
moving_maneuver,42,frozen_ego_fault,2.6,camera,2,3.44916369152784,True
moving_maneuver,42,frozen_ego_fault,2.7,radar,4,6.415160260991219,True
moving_maneuver,42,frozen_ego_fault,2.7,camera,2,0.9502914129031347,True
moving_maneuver,42,frozen_ego_fault,2.8000000000000003,radar,4,0.7169368844404879,True
moving_maneuver,42,frozen_ego_fault,2.8000000000000003,camera,2,2.28877708301415,True
moving_maneuver,42,frozen_ego_fault,2.9000000000000004,radar,4,4.281920190796467,True
moving_maneuver,42,frozen_ego_fault,2.9000000000000004,camera,2,0.19391056299865256,True
moving_maneuver,42,frozen_ego_fault,3.0,radar,4,2.862665610350981,True
moving_maneuver,42,frozen_ego_fault,3.0,camera,2,2.1461016942263567,True
moving_maneuver,42,frozen_ego_fault,3.1,radar,4,5.873352163160032,True
moving_maneuver,42,frozen_ego_fault,3.1,camera,2,1.4540032019972058,True
moving_maneuver,42,frozen_ego_fault,3.2,radar,4,3.0130294744559767,True
moving_maneuver,42,frozen_ego_fault,3.2,camera,2,0.3810988340764774,True
moving_maneuver,42,frozen_ego_fault,3.3000000000000003,radar,4,2.7528617484471374,True
moving_maneuver,42,frozen_ego_fault,3.3000000000000003,camera,2,1.115268270830556,True
moving_maneuver,42,frozen_ego_fault,3.4000000000000004,radar,4,6.276473552636463,True
moving_maneuver,42,frozen_ego_fault,3.4000000000000004,camera,2,2.155035759714144,True
moving_maneuver,42,frozen_ego_fault,3.5,radar,4,2.1899893003833357,True
moving_maneuver,42,frozen_ego_fault,3.5,camera,2,0.7994791131873439,True
moving_maneuver,42,frozen_ego_fault,3.6,radar,4,1.99778187168083,True
moving_maneuver,42,frozen_ego_fault,3.6,camera,2,0.05348521059398565,True
moving_maneuver,42,frozen_ego_fault,3.7,radar,4,1.5533559049669319,True
moving_maneuver,42,frozen_ego_fault,3.7,camera,2,6.044496617518388,True
moving_maneuver,42,frozen_ego_fault,3.8000000000000003,radar,4,2.3416716819770915,True
moving_maneuver,42,frozen_ego_fault,3.8000000000000003,camera,2,0.43178136258506566,True
moving_maneuver,42,frozen_ego_fault,3.9000000000000004,radar,4,4.090276197504192,True
moving_maneuver,42,frozen_ego_fault,3.9000000000000004,camera,2,5.520658196265238,True
moving_maneuver,42,frozen_ego_fault,4.0,radar,4,5.0644574100411655,True
moving_maneuver,42,frozen_ego_fault,4.0,camera,2,3.9483747438206174,True
moving_maneuver,42,frozen_ego_fault,4.1000000000000005,radar,4,13.828775363655579,False
moving_maneuver,42,frozen_ego_fault,4.1000000000000005,camera,2,2.133826182929518,True
moving_maneuver,42,frozen_ego_fault,4.2,radar,4,4.63292227370163,True
moving_maneuver,42,frozen_ego_fault,4.2,camera,2,0.08998874165757641,True
moving_maneuver,42,frozen_ego_fault,4.3,radar,4,0.5262586223318355,True
moving_maneuver,42,frozen_ego_fault,4.3,camera,2,0.1381283718227125,True
moving_maneuver,42,frozen_ego_fault,4.4,radar,4,1.8350845393696102,True
moving_maneuver,42,frozen_ego_fault,4.4,camera,2,0.3907991056866704,True
moving_maneuver,42,frozen_ego_fault,4.5,radar,4,4.342557911948257,True
moving_maneuver,42,frozen_ego_fault,4.5,camera,2,1.8433176195650274,True
moving_maneuver,42,frozen_ego_fault,4.6000000000000005,radar,4,3.3032521880537837,True
moving_maneuver,42,frozen_ego_fault,4.6000000000000005,camera,2,1.1118278923441756,True
moving_maneuver,42,frozen_ego_fault,4.7,radar,4,2.7715690673823703,True
moving_maneuver,42,frozen_ego_fault,4.7,camera,2,0.940836061607521,True
moving_maneuver,42,frozen_ego_fault,4.800000000000001,radar,4,0.11670891394502764,True
moving_maneuver,42,frozen_ego_fault,4.800000000000001,camera,2,2.4759048305411704,True
moving_maneuver,42,frozen_ego_fault,4.9,radar,4,0.6973703047365052,True
moving_maneuver,42,frozen_ego_fault,4.9,camera,2,7.113928850153691,True
moving_maneuver,42,frozen_ego_fault,5.0,radar,4,5.80474275320352,True
moving_maneuver,42,frozen_ego_fault,5.0,camera,2,0.05380819531350799,True
moving_maneuver,42,frozen_ego_fault,5.1000000000000005,radar,4,4.133176329937136,True
moving_maneuver,42,frozen_ego_fault,5.1000000000000005,camera,2,3.3042594092254665,True
moving_maneuver,42,frozen_ego_fault,5.2,radar,4,3.888003111047522,True
moving_maneuver,42,frozen_ego_fault,5.2,camera,2,0.02291102005608316,True
moving_maneuver,42,frozen_ego_fault,5.300000000000001,radar,4,3.018299999691476,True
moving_maneuver,42,frozen_ego_fault,5.300000000000001,camera,2,1.9895484289992564,True
moving_maneuver,42,frozen_ego_fault,5.4,radar,4,5.179590329926265,True
moving_maneuver,42,frozen_ego_fault,5.4,camera,2,2.393030753377032,True
moving_maneuver,42,frozen_ego_fault,5.5,radar,4,3.0184717167273356,True
moving_maneuver,42,frozen_ego_fault,5.5,camera,2,0.972485549110435,True
moving_maneuver,42,frozen_ego_fault,5.6000000000000005,radar,4,2.658491839857802,True
moving_maneuver,42,frozen_ego_fault,5.6000000000000005,camera,2,3.336179722345759,True
moving_maneuver,42,frozen_ego_fault,5.7,radar,4,6.106680633509852,True
moving_maneuver,42,frozen_ego_fault,5.7,camera,2,0.5640388074045922,True
moving_maneuver,42,frozen_ego_fault,5.800000000000001,radar,4,4.710601875273315,True
moving_maneuver,42,frozen_ego_fault,5.800000000000001,camera,2,0.4739925703459303,True
moving_maneuver,42,frozen_ego_fault,5.9,radar,4,1.046142658159285,True
moving_maneuver,42,frozen_ego_fault,5.9,camera,2,0.4094673650124924,True
moving_maneuver,42,frozen_ego_fault,6.0,radar,4,1.8035314198340826,True
moving_maneuver,42,frozen_ego_fault,6.0,camera,2,1.3373937761337193,True
moving_maneuver,42,frozen_ego_fault,6.1000000000000005,radar,4,2.8084656989269408,True
moving_maneuver,42,frozen_ego_fault,6.1000000000000005,camera,2,0.4879728686438189,True
moving_maneuver,42,frozen_ego_fault,6.2,radar,4,7.267174148713495,True
moving_maneuver,42,frozen_ego_fault,6.2,camera,2,5.658786300652179,True
moving_maneuver,42,frozen_ego_fault,6.300000000000001,radar,4,3.5649692202319887,True
moving_maneuver,42,frozen_ego_fault,6.300000000000001,camera,2,1.5210705344892643,True
moving_maneuver,42,frozen_ego_fault,6.4,radar,4,4.003526032658755,True
moving_maneuver,42,frozen_ego_fault,6.4,camera,2,0.7600471291230817,True
moving_maneuver,42,frozen_ego_fault,6.5,radar,4,6.4105676584398,True
moving_maneuver,42,frozen_ego_fault,6.5,camera,2,2.3252510584240893,True
moving_maneuver,42,frozen_ego_fault,6.6000000000000005,radar,4,1.6537857188271106,True
moving_maneuver,42,frozen_ego_fault,6.6000000000000005,camera,2,1.0336507210785124,True
moving_maneuver,42,frozen_ego_fault,6.7,radar,4,1.06760411706295,True
moving_maneuver,42,frozen_ego_fault,6.7,camera,2,1.2083219098135312,True
moving_maneuver,42,frozen_ego_fault,6.800000000000001,radar,4,11.858862073858731,True
moving_maneuver,42,frozen_ego_fault,6.800000000000001,camera,2,0.8695315712229998,True
moving_maneuver,42,frozen_ego_fault,6.9,radar,4,3.743939891222795,True
moving_maneuver,42,frozen_ego_fault,6.9,camera,2,0.38592383735496083,True
moving_maneuver,42,frozen_ego_fault,7.0,radar,4,2.2126159637178318,True
moving_maneuver,42,frozen_ego_fault,7.0,camera,2,2.1412812781041857,True
moving_maneuver,42,frozen_ego_fault,7.1000000000000005,radar,4,5.062398012923526,True
moving_maneuver,42,frozen_ego_fault,7.1000000000000005,camera,2,0.6191715561317467,True
moving_maneuver,42,frozen_ego_fault,7.2,radar,4,3.7311948396499552,True
moving_maneuver,42,frozen_ego_fault,7.2,camera,2,1.9007826604765692,True
moving_maneuver,42,frozen_ego_fault,7.300000000000001,radar,4,1.138703965811734,True
moving_maneuver,42,frozen_ego_fault,7.300000000000001,camera,2,1.769108191675833,True
moving_maneuver,42,frozen_ego_fault,7.4,radar,4,1.920303896957241,True
moving_maneuver,42,frozen_ego_fault,7.4,camera,2,1.1211629880992464,True
moving_maneuver,42,frozen_ego_fault,7.5,radar,4,9.379931549690053,True
moving_maneuver,42,frozen_ego_fault,7.5,camera,2,0.016044734467122134,True
moving_maneuver,42,frozen_ego_fault,7.6000000000000005,radar,4,1.8265655700204686,True
moving_maneuver,42,frozen_ego_fault,7.6000000000000005,camera,2,0.5995051022698069,True
moving_maneuver,42,frozen_ego_fault,7.7,radar,4,3.929083421813295,True
moving_maneuver,42,frozen_ego_fault,7.7,camera,2,3.5594971813067735,True
moving_maneuver,42,frozen_ego_fault,7.800000000000001,radar,4,2.450498586448286,True
moving_maneuver,42,frozen_ego_fault,7.800000000000001,camera,2,0.3597971182841249,True
moving_maneuver,42,frozen_ego_fault,7.9,radar,4,3.394007082666574,True
moving_maneuver,42,frozen_ego_fault,7.9,camera,2,2.2726665000506068,True
moving_maneuver,42,frozen_ego_fault,8.0,radar,4,2.7741013376422994,True
moving_maneuver,42,frozen_ego_fault,8.0,camera,2,1.942086260161812,True
moving_maneuver,42,frozen_ego_fault,8.1,radar,4,1.704495757870323,True
moving_maneuver,42,frozen_ego_fault,8.1,camera,2,0.6557922531935955,True
moving_maneuver,42,frozen_ego_fault,8.200000000000001,radar,4,1.1007017801872265,True
moving_maneuver,42,frozen_ego_fault,8.200000000000001,camera,2,4.56270390426825,True
moving_maneuver,42,frozen_ego_fault,8.3,radar,4,6.667862498643713,True
moving_maneuver,42,frozen_ego_fault,8.3,camera,2,1.3219521630578976,True
moving_maneuver,42,frozen_ego_fault,8.4,radar,4,11.504395186565517,True
moving_maneuver,42,frozen_ego_fault,8.4,camera,2,1.3598657225218231,True
moving_maneuver,42,frozen_ego_fault,8.5,radar,4,1.1889531254257832,True
moving_maneuver,42,frozen_ego_fault,8.5,camera,2,2.2616694581904606,True
moving_maneuver,42,frozen_ego_fault,8.6,radar,4,4.8030816131604865,True
moving_maneuver,42,frozen_ego_fault,8.6,camera,2,0.40580812853191695,True
moving_maneuver,42,frozen_ego_fault,8.700000000000001,radar,4,5.503387233246277,True
moving_maneuver,42,frozen_ego_fault,8.700000000000001,camera,2,3.342713769673531,True
moving_maneuver,42,frozen_ego_fault,8.8,radar,4,3.222670472483812,True
moving_maneuver,42,frozen_ego_fault,8.8,camera,2,0.8229548309429779,True
moving_maneuver,42,frozen_ego_fault,8.9,radar,4,2.977154109775045,True
moving_maneuver,42,frozen_ego_fault,8.9,camera,2,4.650014256677798,True
moving_maneuver,42,frozen_ego_fault,9.0,radar,4,2.1910179019220757,True
moving_maneuver,42,frozen_ego_fault,9.0,camera,2,0.25664211707327417,True
moving_maneuver,42,frozen_ego_fault,9.1,radar,4,1.2810583896907546,True
moving_maneuver,42,frozen_ego_fault,9.1,camera,2,1.252679824214371,True
moving_maneuver,42,frozen_ego_fault,9.200000000000001,radar,4,4.236226209374532,True
moving_maneuver,42,frozen_ego_fault,9.200000000000001,camera,2,0.9800219610552066,True
moving_maneuver,42,frozen_ego_fault,9.3,radar,4,1.7253587911904174,True
moving_maneuver,42,frozen_ego_fault,9.3,camera,2,0.1157135539793983,True
moving_maneuver,42,frozen_ego_fault,9.4,radar,4,2.84839318256426,True
moving_maneuver,42,frozen_ego_fault,9.4,camera,2,0.5165743085054993,True
moving_maneuver,42,frozen_ego_fault,9.5,radar,4,2.1648074095701624,True
moving_maneuver,42,frozen_ego_fault,9.5,camera,2,1.0182943027402307,True
moving_maneuver,42,frozen_ego_fault,9.600000000000001,radar,4,3.669868051394734,True
moving_maneuver,42,frozen_ego_fault,9.600000000000001,camera,2,5.471736969474295,True
moving_maneuver,42,frozen_ego_fault,9.700000000000001,radar,4,4.586055860921261,True
moving_maneuver,42,frozen_ego_fault,9.700000000000001,camera,2,0.22380074377919892,True
moving_maneuver,42,frozen_ego_fault,9.8,radar,4,4.323543699532265,True
moving_maneuver,42,frozen_ego_fault,9.8,camera,2,4.2395667951844835,True
moving_maneuver,42,frozen_ego_fault,9.9,radar,4,1.921920642423935,True
moving_maneuver,42,frozen_ego_fault,9.9,camera,2,0.0720425341873682,True
moving_maneuver,42,frozen_ego_fault,10.0,radar,4,3.45725801524264,True
moving_maneuver,42,frozen_ego_fault,10.0,camera,2,4.083781344344001,True
moving_maneuver,42,frozen_ego_fault,10.100000000000001,radar,4,4.217653362612097,True
moving_maneuver,42,frozen_ego_fault,10.100000000000001,camera,2,1.9196615990057098,True
moving_maneuver,42,frozen_ego_fault,10.200000000000001,radar,4,4.078564375280917,True
moving_maneuver,42,frozen_ego_fault,10.200000000000001,camera,2,0.35011615371355076,True
moving_maneuver,42,frozen_ego_fault,10.3,radar,4,1.2757004841418003,True
moving_maneuver,42,frozen_ego_fault,10.3,camera,2,0.5518399301446353,True
moving_maneuver,42,frozen_ego_fault,10.4,radar,4,2.8244298388885203,True
moving_maneuver,42,frozen_ego_fault,10.4,camera,2,5.089809962922962,True
moving_maneuver,42,frozen_ego_fault,10.5,radar,4,10.405565104754961,True
moving_maneuver,42,frozen_ego_fault,10.5,camera,2,0.3593883239074908,True
moving_maneuver,42,frozen_ego_fault,10.600000000000001,radar,4,2.7198670816799666,True
moving_maneuver,42,frozen_ego_fault,10.600000000000001,camera,2,2.3999755595191075,True
moving_maneuver,42,frozen_ego_fault,10.700000000000001,radar,4,4.242962188008084,True
moving_maneuver,42,frozen_ego_fault,10.700000000000001,camera,2,2.7823444170414153,True
moving_maneuver,42,frozen_ego_fault,10.8,radar,4,3.3550135365703166,True
moving_maneuver,42,frozen_ego_fault,10.8,camera,2,2.4584652610490925,True
moving_maneuver,42,frozen_ego_fault,10.9,radar,4,0.9863063009447773,True
moving_maneuver,42,frozen_ego_fault,10.9,camera,2,0.2978421419504772,True
moving_maneuver,42,frozen_ego_fault,11.0,radar,4,3.8571443442823763,True
moving_maneuver,42,frozen_ego_fault,11.0,camera,2,2.109714769666993,True
moving_maneuver,42,frozen_ego_fault,11.100000000000001,radar,4,10.549920254175863,True
moving_maneuver,42,frozen_ego_fault,11.100000000000001,camera,2,0.8600123513978825,True
moving_maneuver,42,frozen_ego_fault,11.200000000000001,radar,4,2.1931904161310727,True
moving_maneuver,42,frozen_ego_fault,11.200000000000001,camera,2,1.3321009666051218,True
moving_maneuver,42,frozen_ego_fault,11.3,radar,4,2.640124830981977,True
moving_maneuver,42,frozen_ego_fault,11.3,camera,2,0.4093764929013743,True
moving_maneuver,42,frozen_ego_fault,11.4,radar,4,3.7961306357875952,True
moving_maneuver,42,frozen_ego_fault,11.4,camera,2,2.8365119475841647,True
moving_maneuver,42,frozen_ego_fault,11.5,radar,4,6.800329801550857,True
moving_maneuver,42,frozen_ego_fault,11.5,camera,2,1.8303445980965085,True
moving_maneuver,42,frozen_ego_fault,11.600000000000001,radar,4,5.226542873302972,True
moving_maneuver,42,frozen_ego_fault,11.600000000000001,camera,2,0.5857834992172052,True
moving_maneuver,42,frozen_ego_fault,11.700000000000001,radar,4,3.358481202961359,True
moving_maneuver,42,frozen_ego_fault,11.700000000000001,camera,2,1.2577395721074078,True
moving_maneuver,42,frozen_ego_fault,11.8,radar,4,1.4287134761368374,True
moving_maneuver,42,frozen_ego_fault,11.8,camera,2,0.442197840826354,True
moving_maneuver,42,frozen_ego_fault,11.9,radar,4,3.840526885684268,True
moving_maneuver,42,frozen_ego_fault,11.9,camera,2,0.893664109050641,True
moving_maneuver,42,frozen_ego_fault,12.0,radar,4,9.806935431695297,True
moving_maneuver,42,frozen_ego_fault,12.0,camera,2,1.9832769741414829,True
moving_maneuver,43,v15_position_adapter,0.1,radar_xyz,3,2.1716873431817256,True
moving_maneuver,43,v15_position_adapter,0.2,radar_xyz,3,0.09815075249621864,True
moving_maneuver,43,v15_position_adapter,0.30000000000000004,radar_xyz,3,3.646888210112179,True
moving_maneuver,43,v15_position_adapter,0.4,radar_xyz,3,0.8007875539182914,True
moving_maneuver,43,v15_position_adapter,0.5,radar_xyz,3,8.6340684973293,True
moving_maneuver,43,v15_position_adapter,0.6000000000000001,radar_xyz,3,0.8110055508564908,True
moving_maneuver,43,v15_position_adapter,0.7000000000000001,radar_xyz,3,4.6791942072117205,True
moving_maneuver,43,v15_position_adapter,0.8,radar_xyz,3,1.1619566367108622,True
moving_maneuver,43,v15_position_adapter,0.9,radar_xyz,3,5.617584900041146,True
moving_maneuver,43,v15_position_adapter,1.0,radar_xyz,3,1.4324092636294794,True
moving_maneuver,43,v15_position_adapter,1.1,radar_xyz,3,3.2981734354737253,True
moving_maneuver,43,v15_position_adapter,1.2000000000000002,radar_xyz,3,1.9657464363699475,True
moving_maneuver,43,v15_position_adapter,1.3,radar_xyz,3,11.406729219578096,True
moving_maneuver,43,v15_position_adapter,1.4000000000000001,radar_xyz,3,1.875295887467579,True
moving_maneuver,43,v15_position_adapter,1.5,radar_xyz,3,12.291324159582839,True
moving_maneuver,43,v15_position_adapter,1.6,radar_xyz,3,2.412778032863321,True
moving_maneuver,43,v15_position_adapter,1.7000000000000002,radar_xyz,3,1.496227628136166,True
moving_maneuver,43,v15_position_adapter,1.8,radar_xyz,3,0.6302219252787419,True
moving_maneuver,43,v15_position_adapter,1.9000000000000001,radar_xyz,3,1.2647993391639378,True
moving_maneuver,43,v15_position_adapter,2.0,radar_xyz,3,2.505933573630316,True
moving_maneuver,43,v15_position_adapter,2.1,radar_xyz,3,0.24562520768299181,True
moving_maneuver,43,v15_position_adapter,2.2,radar_xyz,3,0.9998874512637839,True
moving_maneuver,43,v15_position_adapter,2.3000000000000003,radar_xyz,3,0.405617316959517,True
moving_maneuver,43,v15_position_adapter,2.4000000000000004,radar_xyz,3,1.4362059920572166,True
moving_maneuver,43,v15_position_adapter,2.5,radar_xyz,3,5.365446848267271,True
moving_maneuver,43,v15_position_adapter,2.6,radar_xyz,3,15.11151874970539,True
moving_maneuver,43,v15_position_adapter,2.7,radar_xyz,3,2.7892636564873134,True
moving_maneuver,43,v15_position_adapter,2.8000000000000003,radar_xyz,3,1.433506792805973,True
moving_maneuver,43,v15_position_adapter,2.9000000000000004,radar_xyz,3,1.7213455231911772,True
moving_maneuver,43,v15_position_adapter,3.0,radar_xyz,3,0.4249370479977728,True
moving_maneuver,43,v15_position_adapter,3.1,radar_xyz,3,3.1085854468282252,True
moving_maneuver,43,v15_position_adapter,3.2,radar_xyz,3,0.8199365928921029,True
moving_maneuver,43,v15_position_adapter,3.3000000000000003,radar_xyz,3,4.562099367404368,True
moving_maneuver,43,v15_position_adapter,3.4000000000000004,radar_xyz,3,2.7764589676452696,True
moving_maneuver,43,v15_position_adapter,3.5,radar_xyz,3,0.7512428944835073,True
moving_maneuver,43,v15_position_adapter,3.6,radar_xyz,3,3.901792453909878,True
moving_maneuver,43,v15_position_adapter,3.7,radar_xyz,3,5.062030324968781,True
moving_maneuver,43,v15_position_adapter,3.8000000000000003,radar_xyz,3,1.1456322359085322,True
moving_maneuver,43,v15_position_adapter,3.9000000000000004,radar_xyz,3,0.3049968603745096,True
moving_maneuver,43,v15_position_adapter,4.0,radar_xyz,3,3.806795422907259,True
moving_maneuver,43,v15_position_adapter,4.1000000000000005,radar_xyz,3,0.18511326811901035,True
moving_maneuver,43,v15_position_adapter,4.2,radar_xyz,3,3.551545718466973,True
moving_maneuver,43,v15_position_adapter,4.3,radar_xyz,3,1.0177195991527277,True
moving_maneuver,43,v15_position_adapter,4.4,radar_xyz,3,1.257777588567542,True
moving_maneuver,43,v15_position_adapter,4.5,radar_xyz,3,1.0512010560955083,True
moving_maneuver,43,v15_position_adapter,4.6000000000000005,radar_xyz,3,2.0026043178943738,True
moving_maneuver,43,v15_position_adapter,4.7,radar_xyz,3,0.5113859361004344,True
moving_maneuver,43,v15_position_adapter,4.800000000000001,radar_xyz,3,0.058979399643529995,True
moving_maneuver,43,v15_position_adapter,4.9,radar_xyz,3,2.2567438900236163,True
moving_maneuver,43,v15_position_adapter,5.0,radar_xyz,3,2.7427703954985216,True
moving_maneuver,43,v15_position_adapter,5.1000000000000005,radar_xyz,3,3.2984499866799286,True
moving_maneuver,43,v15_position_adapter,5.2,radar_xyz,3,2.3288241848415323,True
moving_maneuver,43,v15_position_adapter,5.300000000000001,radar_xyz,3,3.6796252255622437,True
moving_maneuver,43,v15_position_adapter,5.4,radar_xyz,3,1.197691851633367,True
moving_maneuver,43,v15_position_adapter,5.5,radar_xyz,3,1.0110180093831713,True
moving_maneuver,43,v15_position_adapter,5.6000000000000005,radar_xyz,3,0.7593647276898198,True
moving_maneuver,43,v15_position_adapter,5.7,radar_xyz,3,3.9979519040227194,True
moving_maneuver,43,v15_position_adapter,5.800000000000001,radar_xyz,3,2.4596643339993776,True
moving_maneuver,43,v15_position_adapter,5.9,radar_xyz,3,0.2339389468177281,True
moving_maneuver,43,v15_position_adapter,6.0,radar_xyz,3,3.2629316718941035,True
moving_maneuver,43,v15_position_adapter,6.1000000000000005,radar_xyz,3,4.740378587527354,True
moving_maneuver,43,v15_position_adapter,6.2,radar_xyz,3,3.5152638217539276,True
moving_maneuver,43,v15_position_adapter,6.300000000000001,radar_xyz,3,3.877458805436563,True
moving_maneuver,43,v15_position_adapter,6.4,radar_xyz,3,5.121447971955338,True
moving_maneuver,43,v15_position_adapter,6.5,radar_xyz,3,0.1800847274399513,True
moving_maneuver,43,v15_position_adapter,6.6000000000000005,radar_xyz,3,1.6235174725483097,True
moving_maneuver,43,v15_position_adapter,6.7,radar_xyz,3,5.748889357412905,True
moving_maneuver,43,v15_position_adapter,6.800000000000001,radar_xyz,3,1.7089203293061137,True
moving_maneuver,43,v15_position_adapter,6.9,radar_xyz,3,1.384112218940994,True
moving_maneuver,43,v15_position_adapter,7.0,radar_xyz,3,3.799210054765829,True
moving_maneuver,43,v15_position_adapter,7.1000000000000005,radar_xyz,3,3.582924027570169,True
moving_maneuver,43,v15_position_adapter,7.2,radar_xyz,3,0.6414030564374383,True
moving_maneuver,43,v15_position_adapter,7.300000000000001,radar_xyz,3,1.5414104417084573,True
moving_maneuver,43,v15_position_adapter,7.4,radar_xyz,3,2.681229891391831,True
moving_maneuver,43,v15_position_adapter,7.5,radar_xyz,3,1.110634310767552,True
moving_maneuver,43,v15_position_adapter,7.6000000000000005,radar_xyz,3,7.09202108932656,True
moving_maneuver,43,v15_position_adapter,7.7,radar_xyz,3,7.52766228066848,True
moving_maneuver,43,v15_position_adapter,7.800000000000001,radar_xyz,3,0.5799838449413401,True
moving_maneuver,43,v15_position_adapter,7.9,radar_xyz,3,3.0960917823852987,True
moving_maneuver,43,v15_position_adapter,8.0,radar_xyz,3,1.5903841203560947,True
moving_maneuver,43,v15_position_adapter,8.1,radar_xyz,3,1.806787401225349,True
moving_maneuver,43,v15_position_adapter,8.200000000000001,radar_xyz,3,2.3849628787657857,True
moving_maneuver,43,v15_position_adapter,8.3,radar_xyz,3,1.7395915257679968,True
moving_maneuver,43,v15_position_adapter,8.4,radar_xyz,3,4.313284385279177,True
moving_maneuver,43,v15_position_adapter,8.5,radar_xyz,3,0.12455549638575635,True
moving_maneuver,43,v15_position_adapter,8.6,radar_xyz,3,3.683701289541534,True
moving_maneuver,43,v15_position_adapter,8.700000000000001,radar_xyz,3,0.44726587165159165,True
moving_maneuver,43,v15_position_adapter,8.8,radar_xyz,3,2.599708565130496,True
moving_maneuver,43,v15_position_adapter,8.9,radar_xyz,3,2.8478847930015982,True
moving_maneuver,43,v15_position_adapter,9.0,radar_xyz,3,4.76218864572176,True
moving_maneuver,43,v15_position_adapter,9.1,radar_xyz,3,1.4985788343790138,True
moving_maneuver,43,v15_position_adapter,9.200000000000001,radar_xyz,3,6.631139903760813,True
moving_maneuver,43,v15_position_adapter,9.3,radar_xyz,3,2.4677896031862914,True
moving_maneuver,43,v15_position_adapter,9.4,radar_xyz,3,3.367947798654007,True
moving_maneuver,43,v15_position_adapter,9.5,radar_xyz,3,1.655793142837788,True
moving_maneuver,43,v15_position_adapter,9.600000000000001,radar_xyz,3,0.9644336736095618,True
moving_maneuver,43,v15_position_adapter,9.700000000000001,radar_xyz,3,2.2744931486751723,True
moving_maneuver,43,v15_position_adapter,9.8,radar_xyz,3,0.39364326519684334,True
moving_maneuver,43,v15_position_adapter,9.9,radar_xyz,3,3.157674960007187,True
moving_maneuver,43,v15_position_adapter,10.0,radar_xyz,3,3.73507709931005,True
moving_maneuver,43,v15_position_adapter,10.100000000000001,radar_xyz,3,6.813315404843238,True
moving_maneuver,43,v15_position_adapter,10.200000000000001,radar_xyz,3,0.6491905304258251,True
moving_maneuver,43,v15_position_adapter,10.3,radar_xyz,3,4.72792896728329,True
moving_maneuver,43,v15_position_adapter,10.4,radar_xyz,3,0.14522560048560132,True
moving_maneuver,43,v15_position_adapter,10.5,radar_xyz,3,1.155422257320192,True
moving_maneuver,43,v15_position_adapter,10.600000000000001,radar_xyz,3,2.8255047482857822,True
moving_maneuver,43,v15_position_adapter,10.700000000000001,radar_xyz,3,7.6934832654183944,True
moving_maneuver,43,v15_position_adapter,10.8,radar_xyz,3,7.814179676563469,True
moving_maneuver,43,v15_position_adapter,10.9,radar_xyz,3,6.586231785445501,True
moving_maneuver,43,v15_position_adapter,11.0,radar_xyz,3,6.773179433399066,True
moving_maneuver,43,v15_position_adapter,11.100000000000001,radar_xyz,3,0.9575348465793672,True
moving_maneuver,43,v15_position_adapter,11.200000000000001,radar_xyz,3,0.42007221707219305,True
moving_maneuver,43,v15_position_adapter,11.3,radar_xyz,3,5.5970671643470356,True
moving_maneuver,43,v15_position_adapter,11.4,radar_xyz,3,1.3560245280191519,True
moving_maneuver,43,v15_position_adapter,11.5,radar_xyz,3,1.3074120934458522,True
moving_maneuver,43,v15_position_adapter,11.600000000000001,radar_xyz,3,5.0655753370547485,True
moving_maneuver,43,v15_position_adapter,11.700000000000001,radar_xyz,3,6.145460303167688,True
moving_maneuver,43,v15_position_adapter,11.8,radar_xyz,3,3.993821430004902,True
moving_maneuver,43,v15_position_adapter,11.9,radar_xyz,3,2.240328407229032,True
moving_maneuver,43,v15_position_adapter,12.0,radar_xyz,3,6.85262297219465,True
moving_maneuver,43,v2_radar,0.1,radar,4,2.277912637503131,True
moving_maneuver,43,v2_radar,0.2,radar,4,0.5695119679803452,True
moving_maneuver,43,v2_radar,0.30000000000000004,radar,4,3.492170702194013,True
moving_maneuver,43,v2_radar,0.4,radar,4,3.149611304564352,True
moving_maneuver,43,v2_radar,0.5,radar,4,6.609461560780277,True
moving_maneuver,43,v2_radar,0.6000000000000001,radar,4,2.200564273486932,True
moving_maneuver,43,v2_radar,0.7000000000000001,radar,4,4.14768038247962,True
moving_maneuver,43,v2_radar,0.8,radar,4,1.1839003466113274,True
moving_maneuver,43,v2_radar,0.9,radar,4,5.423773921381743,True
moving_maneuver,43,v2_radar,1.0,radar,4,2.862884009052525,True
moving_maneuver,43,v2_radar,1.1,radar,4,3.963775627925829,True
moving_maneuver,43,v2_radar,1.2000000000000002,radar,4,2.590340784119921,True
moving_maneuver,43,v2_radar,1.3,radar,4,8.866151299062238,True
moving_maneuver,43,v2_radar,1.4000000000000001,radar,4,1.814094239610463,True
moving_maneuver,43,v2_radar,1.5,radar,4,13.494382689410907,False
moving_maneuver,43,v2_radar,1.6,radar,4,6.398485066756453,True
moving_maneuver,43,v2_radar,1.7000000000000002,radar,4,6.958488836210272,True
moving_maneuver,43,v2_radar,1.8,radar,4,1.3723422043841937,True
moving_maneuver,43,v2_radar,1.9000000000000001,radar,4,2.5826682657583175,True
moving_maneuver,43,v2_radar,2.0,radar,4,4.674105954552227,True
moving_maneuver,43,v2_radar,2.1,radar,4,2.519127401594202,True
moving_maneuver,43,v2_radar,2.2,radar,4,1.4517038197511902,True
moving_maneuver,43,v2_radar,2.3000000000000003,radar,4,0.43835585877976285,True
moving_maneuver,43,v2_radar,2.4000000000000004,radar,4,4.259632268739359,True
moving_maneuver,43,v2_radar,2.5,radar,4,3.4427098570909367,True
moving_maneuver,43,v2_radar,2.6,radar,4,15.938898059081389,False
moving_maneuver,43,v2_radar,2.7,radar,4,3.2584435209270897,True
moving_maneuver,43,v2_radar,2.8000000000000003,radar,4,7.074950374643754,True
moving_maneuver,43,v2_radar,2.9000000000000004,radar,4,3.142308586509104,True
moving_maneuver,43,v2_radar,3.0,radar,4,0.5101678128443807,True
moving_maneuver,43,v2_radar,3.1,radar,4,4.301010643295993,True
moving_maneuver,43,v2_radar,3.2,radar,4,1.8579958752736028,True
moving_maneuver,43,v2_radar,3.3000000000000003,radar,4,3.941599848105872,True
moving_maneuver,43,v2_radar,3.4000000000000004,radar,4,2.9480591918734174,True
moving_maneuver,43,v2_radar,3.5,radar,4,2.418183316464533,True
moving_maneuver,43,v2_radar,3.6,radar,4,2.6214041310209524,True
moving_maneuver,43,v2_radar,3.7,radar,4,5.17628178824451,True
moving_maneuver,43,v2_radar,3.8000000000000003,radar,4,0.8517233475023613,True
moving_maneuver,43,v2_radar,3.9000000000000004,radar,4,2.1653156051809934,True
moving_maneuver,43,v2_radar,4.0,radar,4,4.535351627335196,True
moving_maneuver,43,v2_radar,4.1000000000000005,radar,4,1.131895598710591,True
moving_maneuver,43,v2_radar,4.2,radar,4,3.11796580215867,True
moving_maneuver,43,v2_radar,4.3,radar,4,1.072976381576075,True
moving_maneuver,43,v2_radar,4.4,radar,4,3.0211332808607088,True
moving_maneuver,43,v2_radar,4.5,radar,4,1.245519063140217,True
moving_maneuver,43,v2_radar,4.6000000000000005,radar,4,2.0358939518293093,True
moving_maneuver,43,v2_radar,4.7,radar,4,2.1018579791925873,True
moving_maneuver,43,v2_radar,4.800000000000001,radar,4,0.6635980532549728,True
moving_maneuver,43,v2_radar,4.9,radar,4,2.0151302359254153,True
moving_maneuver,43,v2_radar,5.0,radar,4,2.4806319997623665,True
moving_maneuver,43,v2_radar,5.1000000000000005,radar,4,4.189807360696171,True
moving_maneuver,43,v2_radar,5.2,radar,4,2.321795944033302,True
moving_maneuver,43,v2_radar,5.300000000000001,radar,4,4.0055278157834024,True
moving_maneuver,43,v2_radar,5.4,radar,4,1.7343650793468095,True
moving_maneuver,43,v2_radar,5.5,radar,4,1.3201935291788816,True
moving_maneuver,43,v2_radar,5.6000000000000005,radar,4,0.4588784593355742,True
moving_maneuver,43,v2_radar,5.7,radar,4,4.088954236499697,True
moving_maneuver,43,v2_radar,5.800000000000001,radar,4,3.1206081403963943,True
moving_maneuver,43,v2_radar,5.9,radar,4,0.5884629455908971,True
moving_maneuver,43,v2_radar,6.0,radar,4,3.2808345538919625,True
moving_maneuver,43,v2_radar,6.1000000000000005,radar,4,4.189666895221466,True
moving_maneuver,43,v2_radar,6.2,radar,4,3.9600172142862724,True
moving_maneuver,43,v2_radar,6.300000000000001,radar,4,4.8910440824971655,True
moving_maneuver,43,v2_radar,6.4,radar,4,5.414581430259562,True
moving_maneuver,43,v2_radar,6.5,radar,4,1.923574214147049,True
moving_maneuver,43,v2_radar,6.6000000000000005,radar,4,2.1064745149309636,True
moving_maneuver,43,v2_radar,6.7,radar,4,6.268446402648656,True
moving_maneuver,43,v2_radar,6.800000000000001,radar,4,2.1090392977234638,True
moving_maneuver,43,v2_radar,6.9,radar,4,2.5818701027619837,True
moving_maneuver,43,v2_radar,7.0,radar,4,6.301463011292253,True
moving_maneuver,43,v2_radar,7.1000000000000005,radar,4,4.018961348766168,True
moving_maneuver,43,v2_radar,7.2,radar,4,1.3541776356464839,True
moving_maneuver,43,v2_radar,7.300000000000001,radar,4,2.638464463693184,True
moving_maneuver,43,v2_radar,7.4,radar,4,4.120786933988205,True
moving_maneuver,43,v2_radar,7.5,radar,4,3.435607204787035,True
moving_maneuver,43,v2_radar,7.6000000000000005,radar,4,6.494092813836476,True
moving_maneuver,43,v2_radar,7.7,radar,4,7.326692988072869,True
moving_maneuver,43,v2_radar,7.800000000000001,radar,4,0.8575569326950448,True
moving_maneuver,43,v2_radar,7.9,radar,4,4.520961175899632,True
moving_maneuver,43,v2_radar,8.0,radar,4,1.6827493773196285,True
moving_maneuver,43,v2_radar,8.1,radar,4,1.8205776959679705,True
moving_maneuver,43,v2_radar,8.200000000000001,radar,4,2.5679001444282465,True
moving_maneuver,43,v2_radar,8.3,radar,4,1.5832217924107488,True
moving_maneuver,43,v2_radar,8.4,radar,4,4.383488616166852,True
moving_maneuver,43,v2_radar,8.5,radar,4,1.2558996007815808,True
moving_maneuver,43,v2_radar,8.6,radar,4,5.529511331022488,True
moving_maneuver,43,v2_radar,8.700000000000001,radar,4,0.4896908908001963,True
moving_maneuver,43,v2_radar,8.8,radar,4,2.5461536665986952,True
moving_maneuver,43,v2_radar,8.9,radar,4,4.410241507074546,True
moving_maneuver,43,v2_radar,9.0,radar,4,6.286439795514524,True
moving_maneuver,43,v2_radar,9.1,radar,4,1.5567320448869972,True
moving_maneuver,43,v2_radar,9.200000000000001,radar,4,8.831537232610108,True
moving_maneuver,43,v2_radar,9.3,radar,4,4.656721316630868,True
moving_maneuver,43,v2_radar,9.4,radar,4,5.150516059282699,True
moving_maneuver,43,v2_radar,9.5,radar,4,2.456623214310169,True
moving_maneuver,43,v2_radar,9.600000000000001,radar,4,1.8055009797230461,True
moving_maneuver,43,v2_radar,9.700000000000001,radar,4,1.9292928218851328,True
moving_maneuver,43,v2_radar,9.8,radar,4,0.36417246626850547,True
moving_maneuver,43,v2_radar,9.9,radar,4,3.7633284239474047,True
moving_maneuver,43,v2_radar,10.0,radar,4,4.3768086340158385,True
moving_maneuver,43,v2_radar,10.100000000000001,radar,4,7.125771184418321,True
moving_maneuver,43,v2_radar,10.200000000000001,radar,4,0.9600084564679555,True
moving_maneuver,43,v2_radar,10.3,radar,4,4.9591505612015885,True
moving_maneuver,43,v2_radar,10.4,radar,4,0.3039734494348656,True
moving_maneuver,43,v2_radar,10.5,radar,4,2.653255286689003,True
moving_maneuver,43,v2_radar,10.600000000000001,radar,4,2.589608421793589,True
moving_maneuver,43,v2_radar,10.700000000000001,radar,4,10.008869891870045,True
moving_maneuver,43,v2_radar,10.8,radar,4,7.7942318233400245,True
moving_maneuver,43,v2_radar,10.9,radar,4,7.513430256191078,True
moving_maneuver,43,v2_radar,11.0,radar,4,7.177768282146359,True
moving_maneuver,43,v2_radar,11.100000000000001,radar,4,1.3494396953244963,True
moving_maneuver,43,v2_radar,11.200000000000001,radar,4,0.2585650075555778,True
moving_maneuver,43,v2_radar,11.3,radar,4,6.182730339588845,True
moving_maneuver,43,v2_radar,11.4,radar,4,1.65694046119589,True
moving_maneuver,43,v2_radar,11.5,radar,4,2.2274070486494932,True
moving_maneuver,43,v2_radar,11.600000000000001,radar,4,5.1902493781988825,True
moving_maneuver,43,v2_radar,11.700000000000001,radar,4,7.6434345580171,True
moving_maneuver,43,v2_radar,11.8,radar,4,5.680752034855157,True
moving_maneuver,43,v2_radar,11.9,radar,4,3.110803138893519,True
moving_maneuver,43,v2_radar,12.0,radar,4,6.88283391212101,True
moving_maneuver,43,v2_range_rate_camera,0.0,camera,2,1.6286773711157305,True
moving_maneuver,43,v2_range_rate_camera,0.1,radar,2,0.11998464250853984,True
moving_maneuver,43,v2_range_rate_camera,0.1,camera,2,0.6579429114805214,True
moving_maneuver,43,v2_range_rate_camera,0.2,radar,2,0.5516649363324192,True
moving_maneuver,43,v2_range_rate_camera,0.2,camera,2,2.866632752518788,True
moving_maneuver,43,v2_range_rate_camera,0.30000000000000004,radar,2,0.09027149013470692,True
moving_maneuver,43,v2_range_rate_camera,0.30000000000000004,camera,2,1.623041510514003,True
moving_maneuver,43,v2_range_rate_camera,0.4,radar,2,3.0273380401251813,True
moving_maneuver,43,v2_range_rate_camera,0.4,camera,2,2.3151804682539825,True
moving_maneuver,43,v2_range_rate_camera,0.5,radar,2,1.0049885802331031,True
moving_maneuver,43,v2_range_rate_camera,0.5,camera,2,0.4430022548573498,True
moving_maneuver,43,v2_range_rate_camera,0.6000000000000001,radar,2,1.90841238738728,True
moving_maneuver,43,v2_range_rate_camera,0.6000000000000001,camera,2,1.229339641968544,True
moving_maneuver,43,v2_range_rate_camera,0.7000000000000001,radar,2,2.2361085326405523,True
moving_maneuver,43,v2_range_rate_camera,0.7000000000000001,camera,2,3.568159754825262,True
moving_maneuver,43,v2_range_rate_camera,0.8,radar,2,0.9996872486457699,True
moving_maneuver,43,v2_range_rate_camera,0.8,camera,2,1.1459398165553782,True
moving_maneuver,43,v2_range_rate_camera,0.9,radar,2,0.33973852176002833,True
moving_maneuver,43,v2_range_rate_camera,0.9,camera,2,0.3073257568146911,True
moving_maneuver,43,v2_range_rate_camera,1.0,radar,2,2.5207046256680607,True
moving_maneuver,43,v2_range_rate_camera,1.0,camera,2,0.6504721688519569,True
moving_maneuver,43,v2_range_rate_camera,1.1,radar,2,0.5700398527847222,True
moving_maneuver,43,v2_range_rate_camera,1.1,camera,2,1.5158040145641722,True
moving_maneuver,43,v2_range_rate_camera,1.2000000000000002,radar,2,0.858630650514991,True
moving_maneuver,43,v2_range_rate_camera,1.2000000000000002,camera,2,0.3241192569530474,True
moving_maneuver,43,v2_range_rate_camera,1.3,radar,2,6.540843478555969,True
moving_maneuver,43,v2_range_rate_camera,1.3,camera,2,2.540888443577841,True
moving_maneuver,43,v2_range_rate_camera,1.4000000000000001,radar,2,0.11053043302889576,True
moving_maneuver,43,v2_range_rate_camera,1.4000000000000001,camera,2,3.580763762232166,True
moving_maneuver,43,v2_range_rate_camera,1.5,radar,2,3.56522617684059,True
moving_maneuver,43,v2_range_rate_camera,1.5,camera,2,2.7787599319187692,True
moving_maneuver,43,v2_range_rate_camera,1.6,radar,2,1.9508300243112164,True
moving_maneuver,43,v2_range_rate_camera,1.6,camera,2,0.701739918131888,True
moving_maneuver,43,v2_range_rate_camera,1.7000000000000002,radar,2,3.8453831293012932,True
moving_maneuver,43,v2_range_rate_camera,1.7000000000000002,camera,2,2.2620523388721137,True
moving_maneuver,43,v2_range_rate_camera,1.8,radar,2,0.9744151601448166,True
moving_maneuver,43,v2_range_rate_camera,1.8,camera,2,3.395421677002521,True
moving_maneuver,43,v2_range_rate_camera,1.9000000000000001,radar,2,1.5263778695381303,True
moving_maneuver,43,v2_range_rate_camera,1.9000000000000001,camera,2,0.5403308409152178,True
moving_maneuver,43,v2_range_rate_camera,2.0,radar,2,1.3882535649638152,True
moving_maneuver,43,v2_range_rate_camera,2.0,camera,2,0.7637812508626077,True
moving_maneuver,43,v2_range_rate_camera,2.1,radar,2,2.4257203672417353,True
moving_maneuver,43,v2_range_rate_camera,2.1,camera,2,5.433274122222046,True
moving_maneuver,43,v2_range_rate_camera,2.2,radar,2,0.9095839469170682,True
moving_maneuver,43,v2_range_rate_camera,2.2,camera,2,0.5924852886139741,True
moving_maneuver,43,v2_range_rate_camera,2.3000000000000003,radar,2,0.31441679359660746,True
moving_maneuver,43,v2_range_rate_camera,2.3000000000000003,camera,2,1.4116676933005772,True
moving_maneuver,43,v2_range_rate_camera,2.4000000000000004,radar,2,4.131253981333291,True
moving_maneuver,43,v2_range_rate_camera,2.4000000000000004,camera,2,1.4652599058132232,True
moving_maneuver,43,v2_range_rate_camera,2.5,radar,2,1.1229234378845225,True
moving_maneuver,43,v2_range_rate_camera,2.5,camera,2,0.5331380051288207,True
moving_maneuver,43,v2_range_rate_camera,2.6,radar,2,1.256528817941594,True
moving_maneuver,43,v2_range_rate_camera,2.6,camera,2,2.9643573579728075,True
moving_maneuver,43,v2_range_rate_camera,2.7,radar,2,1.1420373101619676,True
moving_maneuver,43,v2_range_rate_camera,2.7,camera,2,1.6142778791272914,True
moving_maneuver,43,v2_range_rate_camera,2.8000000000000003,radar,2,5.09361699123173,True
moving_maneuver,43,v2_range_rate_camera,2.8000000000000003,camera,2,7.419008169738904,True
moving_maneuver,43,v2_range_rate_camera,2.9000000000000004,radar,2,2.1497215743787925,True
moving_maneuver,43,v2_range_rate_camera,2.9000000000000004,camera,2,0.4054834687184762,True
moving_maneuver,43,v2_range_rate_camera,3.0,radar,2,0.20227946223680526,True
moving_maneuver,43,v2_range_rate_camera,3.0,camera,2,0.7929068618095545,True
moving_maneuver,43,v2_range_rate_camera,3.1,radar,2,1.5477071057261012,True
moving_maneuver,43,v2_range_rate_camera,3.1,camera,2,2.6866422133376635,True
moving_maneuver,43,v2_range_rate_camera,3.2,radar,2,0.7898688834294879,True
moving_maneuver,43,v2_range_rate_camera,3.2,camera,2,3.068524027843399,True
moving_maneuver,43,v2_range_rate_camera,3.3000000000000003,radar,2,1.8208364788020808,True
moving_maneuver,43,v2_range_rate_camera,3.3000000000000003,camera,2,2.480591695723364,True
moving_maneuver,43,v2_range_rate_camera,3.4000000000000004,radar,2,0.8415013747204969,True
moving_maneuver,43,v2_range_rate_camera,3.4000000000000004,camera,2,1.1613821490430418,True
moving_maneuver,43,v2_range_rate_camera,3.5,radar,2,2.1635584027714594,True
moving_maneuver,43,v2_range_rate_camera,3.5,camera,2,0.3614626234024333,True
moving_maneuver,43,v2_range_rate_camera,3.6,radar,2,1.1398797115086552,True
moving_maneuver,43,v2_range_rate_camera,3.6,camera,2,3.4589263252028473,True
moving_maneuver,43,v2_range_rate_camera,3.7,radar,2,4.908687739919607,True
moving_maneuver,43,v2_range_rate_camera,3.7,camera,2,9.0560858545254,True
moving_maneuver,43,v2_range_rate_camera,3.8000000000000003,radar,2,0.08886868072572715,True
moving_maneuver,43,v2_range_rate_camera,3.8000000000000003,camera,2,0.04709501145554549,True
moving_maneuver,43,v2_range_rate_camera,3.9000000000000004,radar,2,1.8582597152074711,True
moving_maneuver,43,v2_range_rate_camera,3.9000000000000004,camera,2,2.9530844623566526,True
moving_maneuver,43,v2_range_rate_camera,4.0,radar,2,1.9723296397439087,True
moving_maneuver,43,v2_range_rate_camera,4.0,camera,2,2.328411579616907,True
moving_maneuver,43,v2_range_rate_camera,4.1000000000000005,radar,2,0.9981327598957543,True
moving_maneuver,43,v2_range_rate_camera,4.1000000000000005,camera,2,4.255646158968975,True
moving_maneuver,43,v2_range_rate_camera,4.2,radar,2,0.5103545774702493,True
moving_maneuver,43,v2_range_rate_camera,4.2,camera,2,1.5557812205950563,True
moving_maneuver,43,v2_range_rate_camera,4.3,radar,2,0.37762661955663457,True
moving_maneuver,43,v2_range_rate_camera,4.3,camera,2,0.7725595327833521,True
moving_maneuver,43,v2_range_rate_camera,4.4,radar,2,1.838047417968942,True
moving_maneuver,43,v2_range_rate_camera,4.4,camera,2,1.8998465028242932,True
moving_maneuver,43,v2_range_rate_camera,4.5,radar,2,0.18735435130829958,True
moving_maneuver,43,v2_range_rate_camera,4.5,camera,2,0.44305205966696254,True
moving_maneuver,43,v2_range_rate_camera,4.6000000000000005,radar,2,0.13698970880970723,True
moving_maneuver,43,v2_range_rate_camera,4.6000000000000005,camera,2,2.8084329629015197,True
moving_maneuver,43,v2_range_rate_camera,4.7,radar,2,2.0478223238509297,True
moving_maneuver,43,v2_range_rate_camera,4.7,camera,2,0.14837268730506034,True
moving_maneuver,43,v2_range_rate_camera,4.800000000000001,radar,2,0.6112060404239008,True
moving_maneuver,43,v2_range_rate_camera,4.800000000000001,camera,2,4.625465692623084,True
moving_maneuver,43,v2_range_rate_camera,4.9,radar,2,0.12531435511664374,True
moving_maneuver,43,v2_range_rate_camera,4.9,camera,2,2.3355304779715653,True
moving_maneuver,43,v2_range_rate_camera,5.0,radar,2,0.28827639517089104,True
moving_maneuver,43,v2_range_rate_camera,5.0,camera,2,0.6600100824669514,True
moving_maneuver,43,v2_range_rate_camera,5.1000000000000005,radar,2,0.741359520877135,True
moving_maneuver,43,v2_range_rate_camera,5.1000000000000005,camera,2,0.9868036754203401,True
moving_maneuver,43,v2_range_rate_camera,5.2,radar,2,0.0746455038587763,True
moving_maneuver,43,v2_range_rate_camera,5.2,camera,2,0.5337941325314065,True
moving_maneuver,43,v2_range_rate_camera,5.300000000000001,radar,2,2.9788168512502233,True
moving_maneuver,43,v2_range_rate_camera,5.300000000000001,camera,2,0.4103635592597808,True
moving_maneuver,43,v2_range_rate_camera,5.4,radar,2,1.4620397365439062,True
moving_maneuver,43,v2_range_rate_camera,5.4,camera,2,0.297100728695559,True
moving_maneuver,43,v2_range_rate_camera,5.5,radar,2,0.293917324104352,True
moving_maneuver,43,v2_range_rate_camera,5.5,camera,2,3.3358045009082296,True
moving_maneuver,43,v2_range_rate_camera,5.6000000000000005,radar,2,0.3254267190565958,True
moving_maneuver,43,v2_range_rate_camera,5.6000000000000005,camera,2,2.350951557587425,True
moving_maneuver,43,v2_range_rate_camera,5.7,radar,2,1.393073422760825,True
moving_maneuver,43,v2_range_rate_camera,5.7,camera,2,2.0603453804266967,True
moving_maneuver,43,v2_range_rate_camera,5.800000000000001,radar,2,1.625529331562974,True
moving_maneuver,43,v2_range_rate_camera,5.800000000000001,camera,2,1.2938992418731676,True
moving_maneuver,43,v2_range_rate_camera,5.9,radar,2,0.3819815586669105,True
moving_maneuver,43,v2_range_rate_camera,5.9,camera,2,1.6330271333058564,True
moving_maneuver,43,v2_range_rate_camera,6.0,radar,2,0.1350129148733152,True
moving_maneuver,43,v2_range_rate_camera,6.0,camera,2,0.4684632048555675,True
moving_maneuver,43,v2_range_rate_camera,6.1000000000000005,radar,2,1.0686667539097026,True
moving_maneuver,43,v2_range_rate_camera,6.1000000000000005,camera,2,0.07378816336474858,True
moving_maneuver,43,v2_range_rate_camera,6.2,radar,2,2.7110053904374776,True
moving_maneuver,43,v2_range_rate_camera,6.2,camera,2,1.656335310351445,True
moving_maneuver,43,v2_range_rate_camera,6.300000000000001,radar,2,2.592055171261103,True
moving_maneuver,43,v2_range_rate_camera,6.300000000000001,camera,2,0.47510564411260164,True
moving_maneuver,43,v2_range_rate_camera,6.4,radar,2,4.715351209984539,True
moving_maneuver,43,v2_range_rate_camera,6.4,camera,2,3.7271751922542733,True
moving_maneuver,43,v2_range_rate_camera,6.5,radar,2,1.797775613632215,True
moving_maneuver,43,v2_range_rate_camera,6.5,camera,2,1.8772090362093303,True
moving_maneuver,43,v2_range_rate_camera,6.6000000000000005,radar,2,1.8646271370593992,True
moving_maneuver,43,v2_range_rate_camera,6.6000000000000005,camera,2,3.392132131349379,True
moving_maneuver,43,v2_range_rate_camera,6.7,radar,2,0.9714258934975517,True
moving_maneuver,43,v2_range_rate_camera,6.7,camera,2,2.1222876848997956,True
moving_maneuver,43,v2_range_rate_camera,6.800000000000001,radar,2,1.8245265176447254,True
moving_maneuver,43,v2_range_rate_camera,6.800000000000001,camera,2,0.3003553138327793,True
moving_maneuver,43,v2_range_rate_camera,6.9,radar,2,1.770868574161581,True
moving_maneuver,43,v2_range_rate_camera,6.9,camera,2,2.97710347037474,True
moving_maneuver,43,v2_range_rate_camera,7.0,radar,2,4.542393786113127,True
moving_maneuver,43,v2_range_rate_camera,7.0,camera,2,1.8562235131058935,True
moving_maneuver,43,v2_range_rate_camera,7.1000000000000005,radar,2,0.378455691854216,True
moving_maneuver,43,v2_range_rate_camera,7.1000000000000005,camera,2,0.8490858826335056,True
moving_maneuver,43,v2_range_rate_camera,7.2,radar,2,0.7768679149670162,True
moving_maneuver,43,v2_range_rate_camera,7.2,camera,2,3.245510942908531,True
moving_maneuver,43,v2_range_rate_camera,7.300000000000001,radar,2,1.9579968304738902,True
moving_maneuver,43,v2_range_rate_camera,7.300000000000001,camera,2,6.318319037751859,True
moving_maneuver,43,v2_range_rate_camera,7.4,radar,2,2.960431682500956,True
moving_maneuver,43,v2_range_rate_camera,7.4,camera,2,0.36966283550111523,True
moving_maneuver,43,v2_range_rate_camera,7.5,radar,2,3.263126701573604,True
moving_maneuver,43,v2_range_rate_camera,7.5,camera,2,2.2438206807906314,True
moving_maneuver,43,v2_range_rate_camera,7.6000000000000005,radar,2,0.4653953062771097,True
moving_maneuver,43,v2_range_rate_camera,7.6000000000000005,camera,2,1.0335182036341457,True
moving_maneuver,43,v2_range_rate_camera,7.7,radar,2,5.716530685334838,True
moving_maneuver,43,v2_range_rate_camera,7.7,camera,2,1.6099077824684696,True
moving_maneuver,43,v2_range_rate_camera,7.800000000000001,radar,2,0.31790722864129434,True
moving_maneuver,43,v2_range_rate_camera,7.800000000000001,camera,2,0.958691794814419,True
moving_maneuver,43,v2_range_rate_camera,7.9,radar,2,2.5222837010064145,True
moving_maneuver,43,v2_range_rate_camera,7.9,camera,2,2.0260274095391493,True
moving_maneuver,43,v2_range_rate_camera,8.0,radar,2,0.22874538145399592,True
moving_maneuver,43,v2_range_rate_camera,8.0,camera,2,0.4471263585943389,True
moving_maneuver,43,v2_range_rate_camera,8.1,radar,2,0.07357648135073752,True
moving_maneuver,43,v2_range_rate_camera,8.1,camera,2,0.80461713698308,True
moving_maneuver,43,v2_range_rate_camera,8.200000000000001,radar,2,0.29703397315690416,True
moving_maneuver,43,v2_range_rate_camera,8.200000000000001,camera,2,1.394296678921027,True
moving_maneuver,43,v2_range_rate_camera,8.3,radar,2,0.4542223645089465,True
moving_maneuver,43,v2_range_rate_camera,8.3,camera,2,2.758128771333296,True
moving_maneuver,43,v2_range_rate_camera,8.4,radar,2,0.20765528347572315,True
moving_maneuver,43,v2_range_rate_camera,8.4,camera,2,0.3154942472317227,True
moving_maneuver,43,v2_range_rate_camera,8.5,radar,2,1.1703103579688685,True
moving_maneuver,43,v2_range_rate_camera,8.5,camera,2,0.19276442804414728,True
moving_maneuver,43,v2_range_rate_camera,8.6,radar,2,4.113178353056482,True
moving_maneuver,43,v2_range_rate_camera,8.6,camera,2,1.2310545865765385,True
moving_maneuver,43,v2_range_rate_camera,8.700000000000001,radar,2,0.24411053422169776,True
moving_maneuver,43,v2_range_rate_camera,8.700000000000001,camera,2,0.861212732564516,True
moving_maneuver,43,v2_range_rate_camera,8.8,radar,2,0.04191278775096123,True
moving_maneuver,43,v2_range_rate_camera,8.8,camera,2,1.1441680626386397,True
moving_maneuver,43,v2_range_rate_camera,8.9,radar,2,3.751265223301183,True
moving_maneuver,43,v2_range_rate_camera,8.9,camera,2,3.344948607707101,True
moving_maneuver,43,v2_range_rate_camera,9.0,radar,2,2.9601125312341146,True
moving_maneuver,43,v2_range_rate_camera,9.0,camera,2,0.6447233509377157,True
moving_maneuver,43,v2_range_rate_camera,9.1,radar,2,1.0155657672146075,True
moving_maneuver,43,v2_range_rate_camera,9.1,camera,2,0.021968178893209605,True
moving_maneuver,43,v2_range_rate_camera,9.200000000000001,radar,2,2.3517231876071243,True
moving_maneuver,43,v2_range_rate_camera,9.200000000000001,camera,2,0.008853829551133162,True
moving_maneuver,43,v2_range_rate_camera,9.3,radar,2,3.5697827677359553,True
moving_maneuver,43,v2_range_rate_camera,9.3,camera,2,2.3661023144291504,True
moving_maneuver,43,v2_range_rate_camera,9.4,radar,2,4.830909581686309,True
moving_maneuver,43,v2_range_rate_camera,9.4,camera,2,0.7252880803163063,True
moving_maneuver,43,v2_range_rate_camera,9.5,radar,2,1.0709524091232947,True
moving_maneuver,43,v2_range_rate_camera,9.5,camera,2,0.026435531328444048,True
moving_maneuver,43,v2_range_rate_camera,9.600000000000001,radar,2,0.9815924989432128,True
moving_maneuver,43,v2_range_rate_camera,9.600000000000001,camera,2,4.145489966768534,True
moving_maneuver,43,v2_range_rate_camera,9.700000000000001,radar,2,0.15640917083564687,True
moving_maneuver,43,v2_range_rate_camera,9.700000000000001,camera,2,2.3828084548372503,True
moving_maneuver,43,v2_range_rate_camera,9.8,radar,2,0.07438582346742209,True
moving_maneuver,43,v2_range_rate_camera,9.8,camera,2,2.392518725101218,True
moving_maneuver,43,v2_range_rate_camera,9.9,radar,2,1.0291024463089498,True
moving_maneuver,43,v2_range_rate_camera,9.9,camera,2,6.3798986170955265,True
moving_maneuver,43,v2_range_rate_camera,10.0,radar,2,0.7093788403016633,True
moving_maneuver,43,v2_range_rate_camera,10.0,camera,2,1.5645261181589674,True
moving_maneuver,43,v2_range_rate_camera,10.100000000000001,radar,2,1.4212871336415187,True
moving_maneuver,43,v2_range_rate_camera,10.100000000000001,camera,2,2.102930521101758,True
moving_maneuver,43,v2_range_rate_camera,10.200000000000001,radar,2,0.2872211442692258,True
moving_maneuver,43,v2_range_rate_camera,10.200000000000001,camera,2,0.029895657673103176,True
moving_maneuver,43,v2_range_rate_camera,10.3,radar,2,0.6959616325293836,True
moving_maneuver,43,v2_range_rate_camera,10.3,camera,2,0.14417332818129608,True
moving_maneuver,43,v2_range_rate_camera,10.4,radar,2,0.21059087014482994,True
moving_maneuver,43,v2_range_rate_camera,10.4,camera,2,0.3527932554220794,True
moving_maneuver,43,v2_range_rate_camera,10.5,radar,2,1.4584830861560665,True
moving_maneuver,43,v2_range_rate_camera,10.5,camera,2,1.0661255710556254,True
moving_maneuver,43,v2_range_rate_camera,10.600000000000001,radar,2,0.630550255884255,True
moving_maneuver,43,v2_range_rate_camera,10.600000000000001,camera,2,7.6776597787304475,True
moving_maneuver,43,v2_range_rate_camera,10.700000000000001,radar,2,8.034196236225394,True
moving_maneuver,43,v2_range_rate_camera,10.700000000000001,camera,2,0.4187984020389454,True
moving_maneuver,43,v2_range_rate_camera,10.8,radar,2,6.338862835118137,True
moving_maneuver,43,v2_range_rate_camera,10.8,camera,2,2.8144880899043523,True
moving_maneuver,43,v2_range_rate_camera,10.9,radar,2,5.064030962090784,True
moving_maneuver,43,v2_range_rate_camera,10.9,camera,2,0.20602283974246102,True
moving_maneuver,43,v2_range_rate_camera,11.0,radar,2,0.337802668720659,True
moving_maneuver,43,v2_range_rate_camera,11.0,camera,2,1.0514028636973862,True
moving_maneuver,43,v2_range_rate_camera,11.100000000000001,radar,2,0.45187710354768756,True
moving_maneuver,43,v2_range_rate_camera,11.100000000000001,camera,2,3.427240590603497,True
moving_maneuver,43,v2_range_rate_camera,11.200000000000001,radar,2,0.23955928242670724,True
moving_maneuver,43,v2_range_rate_camera,11.200000000000001,camera,2,2.339862655891859,True
moving_maneuver,43,v2_range_rate_camera,11.3,radar,2,1.0156514284309228,True
moving_maneuver,43,v2_range_rate_camera,11.3,camera,2,5.560719502630108,True
moving_maneuver,43,v2_range_rate_camera,11.4,radar,2,0.47386409058347484,True
moving_maneuver,43,v2_range_rate_camera,11.4,camera,2,4.013739360953206,True
moving_maneuver,43,v2_range_rate_camera,11.5,radar,2,1.342640687667403,True
moving_maneuver,43,v2_range_rate_camera,11.5,camera,2,0.08020319144349206,True
moving_maneuver,43,v2_range_rate_camera,11.600000000000001,radar,2,3.2248621732438387,True
moving_maneuver,43,v2_range_rate_camera,11.600000000000001,camera,2,2.6255134190566083,True
moving_maneuver,43,v2_range_rate_camera,11.700000000000001,radar,2,2.7361208229598826,True
moving_maneuver,43,v2_range_rate_camera,11.700000000000001,camera,2,0.6243945882264084,True
moving_maneuver,43,v2_range_rate_camera,11.8,radar,2,3.0429880380973993,True
moving_maneuver,43,v2_range_rate_camera,11.8,camera,2,1.2153154443072696,True
moving_maneuver,43,v2_range_rate_camera,11.9,radar,2,0.7377374421185305,True
moving_maneuver,43,v2_range_rate_camera,11.9,camera,2,0.8191177862664967,True
moving_maneuver,43,v2_range_rate_camera,12.0,radar,2,2.0977961648566725,True
moving_maneuver,43,v2_range_rate_camera,12.0,camera,2,0.665542048602463,True
moving_maneuver,43,v2_full,0.0,camera,2,1.6286773711157305,True
moving_maneuver,43,v2_full,0.1,radar,4,2.5544703714456496,True
moving_maneuver,43,v2_full,0.1,camera,2,0.0649331258974026,True
moving_maneuver,43,v2_full,0.2,radar,4,0.5942859229768147,True
moving_maneuver,43,v2_full,0.2,camera,2,4.007100269827964,True
moving_maneuver,43,v2_full,0.30000000000000004,radar,4,3.3883813821132827,True
moving_maneuver,43,v2_full,0.30000000000000004,camera,2,1.077987281922741,True
moving_maneuver,43,v2_full,0.4,radar,4,3.492444638465133,True
moving_maneuver,43,v2_full,0.4,camera,2,2.948683627540471,True
moving_maneuver,43,v2_full,0.5,radar,4,5.27686207104886,True
moving_maneuver,43,v2_full,0.5,camera,2,0.511087306281988,True
moving_maneuver,43,v2_full,0.6000000000000001,radar,4,1.9305155922313881,True
moving_maneuver,43,v2_full,0.6000000000000001,camera,2,1.4453978208654383,True
moving_maneuver,43,v2_full,0.7000000000000001,radar,4,5.133386149896912,True
moving_maneuver,43,v2_full,0.7000000000000001,camera,2,4.099644404367447,True
moving_maneuver,43,v2_full,0.8,radar,4,1.4859688596380596,True
moving_maneuver,43,v2_full,0.8,camera,2,1.6882123230831343,True
moving_maneuver,43,v2_full,0.9,radar,4,3.050487110506966,True
moving_maneuver,43,v2_full,0.9,camera,2,0.3061260477067059,True
moving_maneuver,43,v2_full,1.0,radar,4,2.8266431646143126,True
moving_maneuver,43,v2_full,1.0,camera,2,0.6210084342544788,True
moving_maneuver,43,v2_full,1.1,radar,4,6.305548959278034,True
moving_maneuver,43,v2_full,1.1,camera,2,1.272040335664561,True
moving_maneuver,43,v2_full,1.2000000000000002,radar,4,2.5854161538711895,True
moving_maneuver,43,v2_full,1.2000000000000002,camera,2,0.26894308817446444,True
moving_maneuver,43,v2_full,1.3,radar,4,10.92942942713139,True
moving_maneuver,43,v2_full,1.3,camera,2,3.31389802892842,True
moving_maneuver,43,v2_full,1.4000000000000001,radar,4,3.814029883699187,True
moving_maneuver,43,v2_full,1.4000000000000001,camera,2,1.9733280627319467,True
moving_maneuver,43,v2_full,1.5,radar,4,9.696283128976813,True
moving_maneuver,43,v2_full,1.5,camera,2,3.3046183997281866,True
moving_maneuver,43,v2_full,1.6,radar,4,3.102955150702788,True
moving_maneuver,43,v2_full,1.6,camera,2,0.7754258886554937,True
moving_maneuver,43,v2_full,1.7000000000000002,radar,4,4.879065728078327,True
moving_maneuver,43,v2_full,1.7000000000000002,camera,2,2.0279521491190753,True
moving_maneuver,43,v2_full,1.8,radar,4,1.3885221691847434,True
moving_maneuver,43,v2_full,1.8,camera,2,3.4983912573692235,True
moving_maneuver,43,v2_full,1.9000000000000001,radar,4,3.9285129034731434,True
moving_maneuver,43,v2_full,1.9000000000000001,camera,2,0.669474714944881,True
moving_maneuver,43,v2_full,2.0,radar,4,4.447984714122541,True
moving_maneuver,43,v2_full,2.0,camera,2,0.5557564688317153,True
moving_maneuver,43,v2_full,2.1,radar,4,3.0569326796543534,True
moving_maneuver,43,v2_full,2.1,camera,2,4.464566875500702,True
moving_maneuver,43,v2_full,2.2,radar,4,3.1187915516668503,True
moving_maneuver,43,v2_full,2.2,camera,2,0.5480861460239261,True
moving_maneuver,43,v2_full,2.3000000000000003,radar,4,0.8242501739340656,True
moving_maneuver,43,v2_full,2.3000000000000003,camera,2,1.357978505429027,True
moving_maneuver,43,v2_full,2.4000000000000004,radar,4,5.405434474405008,True
moving_maneuver,43,v2_full,2.4000000000000004,camera,2,2.0630099880542714,True
moving_maneuver,43,v2_full,2.5,radar,4,1.987098246718033,True
moving_maneuver,43,v2_full,2.5,camera,2,0.40340323384440036,True
moving_maneuver,43,v2_full,2.6,radar,4,13.056087383450183,True
moving_maneuver,43,v2_full,2.6,camera,2,2.35100362752892,True
moving_maneuver,43,v2_full,2.7,radar,4,2.118541802986733,True
moving_maneuver,43,v2_full,2.7,camera,2,1.3288678203024016,True
moving_maneuver,43,v2_full,2.8000000000000003,radar,4,6.245950356847758,True
moving_maneuver,43,v2_full,2.8000000000000003,camera,2,8.750282240140628,True
moving_maneuver,43,v2_full,2.9000000000000004,radar,4,2.644177811522917,True
moving_maneuver,43,v2_full,2.9000000000000004,camera,2,0.3917202797162456,True
moving_maneuver,43,v2_full,3.0,radar,4,0.5368337918458561,True
moving_maneuver,43,v2_full,3.0,camera,2,0.7845349941194233,True
moving_maneuver,43,v2_full,3.1,radar,4,3.713745091847304,True
moving_maneuver,43,v2_full,3.1,camera,2,2.573108346630287,True
moving_maneuver,43,v2_full,3.2,radar,4,2.330688393328958,True
moving_maneuver,43,v2_full,3.2,camera,2,2.824707111052607,True
moving_maneuver,43,v2_full,3.3000000000000003,radar,4,5.075046595284784,True
moving_maneuver,43,v2_full,3.3000000000000003,camera,2,2.2344807268038296,True
moving_maneuver,43,v2_full,3.4000000000000004,radar,4,2.0900682809142084,True
moving_maneuver,43,v2_full,3.4000000000000004,camera,2,1.2065316674392512,True
moving_maneuver,43,v2_full,3.5,radar,4,2.242838450865524,True
moving_maneuver,43,v2_full,3.5,camera,2,0.3920868496475911,True
moving_maneuver,43,v2_full,3.6,radar,4,3.6056411076819446,True
moving_maneuver,43,v2_full,3.6,camera,2,3.6355582266456845,True
moving_maneuver,43,v2_full,3.7,radar,4,5.493435117894259,True
moving_maneuver,43,v2_full,3.7,camera,2,8.964690460916538,True
moving_maneuver,43,v2_full,3.8000000000000003,radar,4,0.7400510080850806,True
moving_maneuver,43,v2_full,3.8000000000000003,camera,2,0.09557638268533766,True
moving_maneuver,43,v2_full,3.9000000000000004,radar,4,3.289369121638312,True
moving_maneuver,43,v2_full,3.9000000000000004,camera,2,3.8051940591043887,True
moving_maneuver,43,v2_full,4.0,radar,4,2.5715601217007324,True
moving_maneuver,43,v2_full,4.0,camera,2,2.0936433134267562,True
moving_maneuver,43,v2_full,4.1000000000000005,radar,4,1.1928288798079916,True
moving_maneuver,43,v2_full,4.1000000000000005,camera,2,3.9929008772188017,True
moving_maneuver,43,v2_full,4.2,radar,4,5.68743575529897,True
moving_maneuver,43,v2_full,4.2,camera,2,1.5378347368347471,True
moving_maneuver,43,v2_full,4.3,radar,4,1.7185770658361583,True
moving_maneuver,43,v2_full,4.3,camera,2,0.4004695008193887,True
moving_maneuver,43,v2_full,4.4,radar,4,3.9990695388069146,True
moving_maneuver,43,v2_full,4.4,camera,2,1.2668759994622691,True
moving_maneuver,43,v2_full,4.5,radar,4,0.7018762004338477,True
moving_maneuver,43,v2_full,4.5,camera,2,0.779260325641928,True
moving_maneuver,43,v2_full,4.6000000000000005,radar,4,0.7442703979545685,True
moving_maneuver,43,v2_full,4.6000000000000005,camera,2,2.605721491839508,True
moving_maneuver,43,v2_full,4.7,radar,4,2.2130568119754663,True
moving_maneuver,43,v2_full,4.7,camera,2,0.19975871742552662,True
moving_maneuver,43,v2_full,4.800000000000001,radar,4,0.9380957451724095,True
moving_maneuver,43,v2_full,4.800000000000001,camera,2,5.070627694844709,True
moving_maneuver,43,v2_full,4.9,radar,4,0.9209183568737569,True
moving_maneuver,43,v2_full,4.9,camera,2,2.342705549255777,True
moving_maneuver,43,v2_full,5.0,radar,4,1.4442310105327993,True
moving_maneuver,43,v2_full,5.0,camera,2,0.5876632255844245,True
moving_maneuver,43,v2_full,5.1000000000000005,radar,4,5.925731009066044,True
moving_maneuver,43,v2_full,5.1000000000000005,camera,2,0.8400771446398795,True
moving_maneuver,43,v2_full,5.2,radar,4,2.1014260951810186,True
moving_maneuver,43,v2_full,5.2,camera,2,0.6263573971286336,True
moving_maneuver,43,v2_full,5.300000000000001,radar,4,3.5402975706896767,True
moving_maneuver,43,v2_full,5.300000000000001,camera,2,0.41383444246880785,True
moving_maneuver,43,v2_full,5.4,radar,4,1.9356173420293508,True
moving_maneuver,43,v2_full,5.4,camera,2,0.3203723041528979,True
moving_maneuver,43,v2_full,5.5,radar,4,2.526146693726138,True
moving_maneuver,43,v2_full,5.5,camera,2,3.0210592455253646,True
moving_maneuver,43,v2_full,5.6000000000000005,radar,4,0.36779363159273165,True
moving_maneuver,43,v2_full,5.6000000000000005,camera,2,1.9740387411226297,True
moving_maneuver,43,v2_full,5.7,radar,4,6.164716580095281,True
moving_maneuver,43,v2_full,5.7,camera,2,2.9486401845326613,True
moving_maneuver,43,v2_full,5.800000000000001,radar,4,1.9334226112670194,True
moving_maneuver,43,v2_full,5.800000000000001,camera,2,1.7396156076872167,True
moving_maneuver,43,v2_full,5.9,radar,4,1.962592805606134,True
moving_maneuver,43,v2_full,5.9,camera,2,2.0433649541952086,True
moving_maneuver,43,v2_full,6.0,radar,4,1.1219790976034278,True
moving_maneuver,43,v2_full,6.0,camera,2,0.5194127475994852,True
moving_maneuver,43,v2_full,6.1000000000000005,radar,4,2.917034012516775,True
moving_maneuver,43,v2_full,6.1000000000000005,camera,2,0.038878682301771564,True
moving_maneuver,43,v2_full,6.2,radar,4,3.8685222442457756,True
moving_maneuver,43,v2_full,6.2,camera,2,2.061636096810032,True
moving_maneuver,43,v2_full,6.300000000000001,radar,4,5.165264099719736,True
moving_maneuver,43,v2_full,6.300000000000001,camera,2,0.6300341220728697,True
moving_maneuver,43,v2_full,6.4,radar,4,5.147785140643342,True
moving_maneuver,43,v2_full,6.4,camera,2,3.006917477690754,True
moving_maneuver,43,v2_full,6.5,radar,4,1.9075122920189405,True
moving_maneuver,43,v2_full,6.5,camera,2,1.6402637713926609,True
moving_maneuver,43,v2_full,6.6000000000000005,radar,4,2.2076428034597795,True
moving_maneuver,43,v2_full,6.6000000000000005,camera,2,3.886298725957673,True
moving_maneuver,43,v2_full,6.7,radar,4,6.019449269207199,True
moving_maneuver,43,v2_full,6.7,camera,2,2.577242114612595,True
moving_maneuver,43,v2_full,6.800000000000001,radar,4,1.9616575914557013,True
moving_maneuver,43,v2_full,6.800000000000001,camera,2,0.5170736544483074,True
moving_maneuver,43,v2_full,6.9,radar,4,2.7172381210406633,True
moving_maneuver,43,v2_full,6.9,camera,2,3.0434824744229543,True
moving_maneuver,43,v2_full,7.0,radar,4,5.374391961861734,True
moving_maneuver,43,v2_full,7.0,camera,2,1.973868769296687,True
moving_maneuver,43,v2_full,7.1000000000000005,radar,4,3.707393972979336,True
moving_maneuver,43,v2_full,7.1000000000000005,camera,2,1.1538690949778319,True
moving_maneuver,43,v2_full,7.2,radar,4,1.149847845042415,True
moving_maneuver,43,v2_full,7.2,camera,2,2.963938589893765,True
moving_maneuver,43,v2_full,7.300000000000001,radar,4,2.714502670613182,True
moving_maneuver,43,v2_full,7.300000000000001,camera,2,6.130054869889268,True
moving_maneuver,43,v2_full,7.4,radar,4,4.143000883294556,True
moving_maneuver,43,v2_full,7.4,camera,2,0.565977168958409,True
moving_maneuver,43,v2_full,7.5,radar,4,3.3464396004013035,True
moving_maneuver,43,v2_full,7.5,camera,2,2.1348345755195584,True
moving_maneuver,43,v2_full,7.6000000000000005,radar,4,6.4994543572423,True
moving_maneuver,43,v2_full,7.6000000000000005,camera,2,1.1135834802245332,True
moving_maneuver,43,v2_full,7.7,radar,4,7.976037882187013,True
moving_maneuver,43,v2_full,7.7,camera,2,2.2027830865432567,True
moving_maneuver,43,v2_full,7.800000000000001,radar,4,0.768763841224513,True
moving_maneuver,43,v2_full,7.800000000000001,camera,2,0.6230520163570685,True
moving_maneuver,43,v2_full,7.9,radar,4,5.586155792945835,True
moving_maneuver,43,v2_full,7.9,camera,2,2.2148335041044387,True
moving_maneuver,43,v2_full,8.0,radar,4,1.6876077989565819,True
moving_maneuver,43,v2_full,8.0,camera,2,0.21623884209499697,True
moving_maneuver,43,v2_full,8.1,radar,4,1.5101968293350163,True
moving_maneuver,43,v2_full,8.1,camera,2,0.9106598277761259,True
moving_maneuver,43,v2_full,8.200000000000001,radar,4,1.269003152281408,True
moving_maneuver,43,v2_full,8.200000000000001,camera,2,1.6869481967624287,True
moving_maneuver,43,v2_full,8.3,radar,4,1.5155422912463337,True
moving_maneuver,43,v2_full,8.3,camera,2,2.9297163887677784,True
moving_maneuver,43,v2_full,8.4,radar,4,3.3067372842696416,True
moving_maneuver,43,v2_full,8.4,camera,2,0.4848624065281169,True
moving_maneuver,43,v2_full,8.5,radar,4,1.48175728366642,True
moving_maneuver,43,v2_full,8.5,camera,2,0.21942554906916245,True
moving_maneuver,43,v2_full,8.6,radar,4,5.434929341827973,True
moving_maneuver,43,v2_full,8.6,camera,2,1.4652331683507689,True
moving_maneuver,43,v2_full,8.700000000000001,radar,4,0.3097485039772916,True
moving_maneuver,43,v2_full,8.700000000000001,camera,2,1.129365392521203,True
moving_maneuver,43,v2_full,8.8,radar,4,2.5306316734075667,True
moving_maneuver,43,v2_full,8.8,camera,2,0.8067617026444113,True
moving_maneuver,43,v2_full,8.9,radar,4,4.296955984156731,True
moving_maneuver,43,v2_full,8.9,camera,2,3.227898640163281,True
moving_maneuver,43,v2_full,9.0,radar,4,7.0683682045950045,True
moving_maneuver,43,v2_full,9.0,camera,2,0.8106876875116007,True
moving_maneuver,43,v2_full,9.1,radar,4,1.1534056084356414,True
moving_maneuver,43,v2_full,9.1,camera,2,0.04750976066683905,True
moving_maneuver,43,v2_full,9.200000000000001,radar,4,12.840168018629079,True
moving_maneuver,43,v2_full,9.200000000000001,camera,2,0.1874215566437066,True
moving_maneuver,43,v2_full,9.3,radar,4,4.182863453204561,True
moving_maneuver,43,v2_full,9.3,camera,2,3.3385903771382117,True
moving_maneuver,43,v2_full,9.4,radar,4,5.345265082797809,True
moving_maneuver,43,v2_full,9.4,camera,2,0.31371424165500167,True
moving_maneuver,43,v2_full,9.5,radar,4,2.4563138544753365,True
moving_maneuver,43,v2_full,9.5,camera,2,0.02329967355773331,True
moving_maneuver,43,v2_full,9.600000000000001,radar,4,2.9673834295191757,True
moving_maneuver,43,v2_full,9.600000000000001,camera,2,5.377896874693532,True
moving_maneuver,43,v2_full,9.700000000000001,radar,4,1.9072547311712882,True
moving_maneuver,43,v2_full,9.700000000000001,camera,2,2.085988216292218,True
moving_maneuver,43,v2_full,9.8,radar,4,0.5222101078587698,True
moving_maneuver,43,v2_full,9.8,camera,2,1.8307492662062985,True
moving_maneuver,43,v2_full,9.9,radar,4,2.0317170893175676,True
moving_maneuver,43,v2_full,9.9,camera,2,6.2725712852412245,True
moving_maneuver,43,v2_full,10.0,radar,4,4.603833381595381,True
moving_maneuver,43,v2_full,10.0,camera,2,1.9236654013587569,True
moving_maneuver,43,v2_full,10.100000000000001,radar,4,6.978216921426083,True
moving_maneuver,43,v2_full,10.100000000000001,camera,2,2.197716539144138,True
moving_maneuver,43,v2_full,10.200000000000001,radar,4,1.8258944679348585,True
moving_maneuver,43,v2_full,10.200000000000001,camera,2,0.12493336948081982,True
moving_maneuver,43,v2_full,10.3,radar,4,5.2157898912818546,True
moving_maneuver,43,v2_full,10.3,camera,2,0.21152281795921618,True
moving_maneuver,43,v2_full,10.4,radar,4,0.6441556481105016,True
moving_maneuver,43,v2_full,10.4,camera,2,0.4463668655543106,True
moving_maneuver,43,v2_full,10.5,radar,4,1.7844517860487497,True
moving_maneuver,43,v2_full,10.5,camera,2,1.0168627250012259,True
moving_maneuver,43,v2_full,10.600000000000001,radar,4,2.470449256522149,True
moving_maneuver,43,v2_full,10.600000000000001,camera,2,8.285071020738206,True
moving_maneuver,43,v2_full,10.700000000000001,radar,4,9.383948714724722,True
moving_maneuver,43,v2_full,10.700000000000001,camera,2,0.45896653266671256,True
moving_maneuver,43,v2_full,10.8,radar,4,8.121726448900866,True
moving_maneuver,43,v2_full,10.8,camera,2,3.413049992340104,True
moving_maneuver,43,v2_full,10.9,radar,4,6.614945854921238,True
moving_maneuver,43,v2_full,10.9,camera,2,0.2862405372085335,True
moving_maneuver,43,v2_full,11.0,radar,4,7.73683956186109,True
moving_maneuver,43,v2_full,11.0,camera,2,1.501308285770317,True
moving_maneuver,43,v2_full,11.100000000000001,radar,4,3.333334685363417,True
moving_maneuver,43,v2_full,11.100000000000001,camera,2,2.8055342684357902,True
moving_maneuver,43,v2_full,11.200000000000001,radar,4,0.7032160297987725,True
moving_maneuver,43,v2_full,11.200000000000001,camera,2,3.184210918622508,True
moving_maneuver,43,v2_full,11.3,radar,4,4.311507963460127,True
moving_maneuver,43,v2_full,11.3,camera,2,5.047621420949056,True
moving_maneuver,43,v2_full,11.4,radar,4,2.2342264883197442,True
moving_maneuver,43,v2_full,11.4,camera,2,3.389382337237051,True
moving_maneuver,43,v2_full,11.5,radar,4,1.9650849876963665,True
moving_maneuver,43,v2_full,11.5,camera,2,0.09445809785693687,True
moving_maneuver,43,v2_full,11.600000000000001,radar,4,4.696842226144484,True
moving_maneuver,43,v2_full,11.600000000000001,camera,2,3.249962801589141,True
moving_maneuver,43,v2_full,11.700000000000001,radar,4,8.671807649556241,True
moving_maneuver,43,v2_full,11.700000000000001,camera,2,0.6161356647538797,True
moving_maneuver,43,v2_full,11.8,radar,4,4.362056956625427,True
moving_maneuver,43,v2_full,11.8,camera,2,1.6729558506662598,True
moving_maneuver,43,v2_full,11.9,radar,4,2.186091858709059,True
moving_maneuver,43,v2_full,11.9,camera,2,0.8750257344764862,True
moving_maneuver,43,v2_full,12.0,radar,4,6.411866978023932,True
moving_maneuver,43,v2_full,12.0,camera,2,1.0880256792578682,True
moving_maneuver,43,frozen_ego_fault,0.0,camera,2,1.6286773711157305,True
moving_maneuver,43,frozen_ego_fault,0.1,radar,4,3.133083997556144,True
moving_maneuver,43,frozen_ego_fault,0.1,camera,2,0.5196576875847719,True
moving_maneuver,43,frozen_ego_fault,0.2,radar,4,0.7905527133129114,True
moving_maneuver,43,frozen_ego_fault,0.2,camera,2,3.1146841997474306,True
moving_maneuver,43,frozen_ego_fault,0.30000000000000004,radar,4,3.2204849649164875,True
moving_maneuver,43,frozen_ego_fault,0.30000000000000004,camera,2,0.824876263943588,True
moving_maneuver,43,frozen_ego_fault,0.4,radar,4,3.4657529485618035,True
moving_maneuver,43,frozen_ego_fault,0.4,camera,2,3.0779950404598435,True
moving_maneuver,43,frozen_ego_fault,0.5,radar,4,5.304580621659177,True
moving_maneuver,43,frozen_ego_fault,0.5,camera,2,0.4561638346481682,True
moving_maneuver,43,frozen_ego_fault,0.6000000000000001,radar,4,1.9376544229687425,True
moving_maneuver,43,frozen_ego_fault,0.6000000000000001,camera,2,1.4611442349454453,True
moving_maneuver,43,frozen_ego_fault,0.7000000000000001,radar,4,5.156319580074018,True
moving_maneuver,43,frozen_ego_fault,0.7000000000000001,camera,2,4.105393976923354,True
moving_maneuver,43,frozen_ego_fault,0.8,radar,4,1.4880876326229022,True
moving_maneuver,43,frozen_ego_fault,0.8,camera,2,1.682278820928323,True
moving_maneuver,43,frozen_ego_fault,0.9,radar,4,3.0652345910672705,True
moving_maneuver,43,frozen_ego_fault,0.9,camera,2,0.2974700791245483,True
moving_maneuver,43,frozen_ego_fault,1.0,radar,4,2.820552001401005,True
moving_maneuver,43,frozen_ego_fault,1.0,camera,2,0.6130764129332407,True
moving_maneuver,43,frozen_ego_fault,1.1,radar,4,6.317771947752439,True
moving_maneuver,43,frozen_ego_fault,1.1,camera,2,1.3459457529197343,True
moving_maneuver,43,frozen_ego_fault,1.2000000000000002,radar,4,2.6152637389833076,True
moving_maneuver,43,frozen_ego_fault,1.2000000000000002,camera,2,0.2855735176833848,True
moving_maneuver,43,frozen_ego_fault,1.3,radar,4,10.999269747751569,True
moving_maneuver,43,frozen_ego_fault,1.3,camera,2,3.194475847447602,True
moving_maneuver,43,frozen_ego_fault,1.4000000000000001,radar,4,3.871058752115581,True
moving_maneuver,43,frozen_ego_fault,1.4000000000000001,camera,2,2.1376757862439,True
moving_maneuver,43,frozen_ego_fault,1.5,radar,4,9.58948225124533,True
moving_maneuver,43,frozen_ego_fault,1.5,camera,2,3.10358116943579,True
moving_maneuver,43,frozen_ego_fault,1.6,radar,4,3.0602960949752855,True
moving_maneuver,43,frozen_ego_fault,1.6,camera,2,0.7265877580712001,True
moving_maneuver,43,frozen_ego_fault,1.7000000000000002,radar,4,4.858228289117719,True
moving_maneuver,43,frozen_ego_fault,1.7000000000000002,camera,2,1.808197005008558,True
moving_maneuver,43,frozen_ego_fault,1.8,radar,4,1.3981006862545644,True
moving_maneuver,43,frozen_ego_fault,1.8,camera,2,3.831489152754211,True
moving_maneuver,43,frozen_ego_fault,1.9000000000000001,radar,4,3.9503784492875442,True
moving_maneuver,43,frozen_ego_fault,1.9000000000000001,camera,2,0.8098833310089902,True
moving_maneuver,43,frozen_ego_fault,2.0,radar,4,4.330167696772792,True
moving_maneuver,43,frozen_ego_fault,2.0,camera,2,0.4375711357829693,True
moving_maneuver,43,frozen_ego_fault,2.1,radar,4,3.0385930067868525,True
moving_maneuver,43,frozen_ego_fault,2.1,camera,2,4.294994228547756,True
moving_maneuver,43,frozen_ego_fault,2.2,radar,4,3.1797815912830316,True
moving_maneuver,43,frozen_ego_fault,2.2,camera,2,0.40133503576139373,True
moving_maneuver,43,frozen_ego_fault,2.3000000000000003,radar,4,0.838152137926936,True
moving_maneuver,43,frozen_ego_fault,2.3000000000000003,camera,2,1.6439305673619011,True
moving_maneuver,43,frozen_ego_fault,2.4000000000000004,radar,4,5.386621231436926,True
moving_maneuver,43,frozen_ego_fault,2.4000000000000004,camera,2,2.0888073557272144,True
moving_maneuver,43,frozen_ego_fault,2.5,radar,4,2.0477567227646176,True
moving_maneuver,43,frozen_ego_fault,2.5,camera,2,0.3830150917066447,True
moving_maneuver,43,frozen_ego_fault,2.6,radar,4,12.981455379779275,True
moving_maneuver,43,frozen_ego_fault,2.6,camera,2,2.309831992563724,True
moving_maneuver,43,frozen_ego_fault,2.7,radar,4,2.174324846822214,True
moving_maneuver,43,frozen_ego_fault,2.7,camera,2,1.0967197837496567,True
moving_maneuver,43,frozen_ego_fault,2.8000000000000003,radar,4,6.077927305135758,True
moving_maneuver,43,frozen_ego_fault,2.8000000000000003,camera,2,9.172374279639667,True
moving_maneuver,43,frozen_ego_fault,2.9000000000000004,radar,4,2.669876602547515,True
moving_maneuver,43,frozen_ego_fault,2.9000000000000004,camera,2,0.2372946456959876,True
moving_maneuver,43,frozen_ego_fault,3.0,radar,4,0.5937793778783711,True
moving_maneuver,43,frozen_ego_fault,3.0,camera,2,0.5356581224078677,True
moving_maneuver,43,frozen_ego_fault,3.1,radar,4,3.6165832004261746,True
moving_maneuver,43,frozen_ego_fault,3.1,camera,2,2.1508416792266605,True
moving_maneuver,43,frozen_ego_fault,3.2,radar,4,2.4068165819836347,True
moving_maneuver,43,frozen_ego_fault,3.2,camera,2,3.3761970167436353,True
moving_maneuver,43,frozen_ego_fault,3.3000000000000003,radar,4,5.047113667333106,True
moving_maneuver,43,frozen_ego_fault,3.3000000000000003,camera,2,2.73841849056762,True
moving_maneuver,43,frozen_ego_fault,3.4000000000000004,radar,4,2.179932172892697,True
moving_maneuver,43,frozen_ego_fault,3.4000000000000004,camera,2,0.8846106863645797,True
moving_maneuver,43,frozen_ego_fault,3.5,radar,4,2.1823883572257903,True
moving_maneuver,43,frozen_ego_fault,3.5,camera,2,0.4935786002143002,True
moving_maneuver,43,frozen_ego_fault,3.6,radar,4,3.481068364536096,True
moving_maneuver,43,frozen_ego_fault,3.6,camera,2,3.27838053344351,True
moving_maneuver,43,frozen_ego_fault,3.7,radar,4,5.619644988370195,True
moving_maneuver,43,frozen_ego_fault,3.7,camera,2,8.02880295118673,True
moving_maneuver,43,frozen_ego_fault,3.8000000000000003,radar,4,0.8334558021870204,True
moving_maneuver,43,frozen_ego_fault,3.8000000000000003,camera,2,0.03088566246424158,True
moving_maneuver,43,frozen_ego_fault,3.9000000000000004,radar,4,3.3585536861883267,True
moving_maneuver,43,frozen_ego_fault,3.9000000000000004,camera,2,3.160273228579571,True
moving_maneuver,43,frozen_ego_fault,4.0,radar,4,2.491136221845681,True
moving_maneuver,43,frozen_ego_fault,4.0,camera,2,2.629404581298401,True
moving_maneuver,43,frozen_ego_fault,4.1000000000000005,radar,4,1.1908750185099917,True
moving_maneuver,43,frozen_ego_fault,4.1000000000000005,camera,2,4.435458670726502,True
moving_maneuver,43,frozen_ego_fault,4.2,radar,4,5.878373251312119,True
moving_maneuver,43,frozen_ego_fault,4.2,camera,2,1.278332443555762,True
moving_maneuver,43,frozen_ego_fault,4.3,radar,4,1.8907288196738572,True
moving_maneuver,43,frozen_ego_fault,4.3,camera,2,0.6678149236268165,True
moving_maneuver,43,frozen_ego_fault,4.4,radar,4,4.067253836212128,True
moving_maneuver,43,frozen_ego_fault,4.4,camera,2,1.6931432919793912,True
moving_maneuver,43,frozen_ego_fault,4.5,radar,4,0.7037321500657113,True
moving_maneuver,43,frozen_ego_fault,4.5,camera,2,0.43500025184833285,True
moving_maneuver,43,frozen_ego_fault,4.6000000000000005,radar,4,0.6369788064123653,True
moving_maneuver,43,frozen_ego_fault,4.6000000000000005,camera,2,3.1286033846892223,True
moving_maneuver,43,frozen_ego_fault,4.7,radar,4,2.4372163611108286,True
moving_maneuver,43,frozen_ego_fault,4.7,camera,2,0.04117479293522306,True
moving_maneuver,43,frozen_ego_fault,4.800000000000001,radar,4,0.9560736131706766,True
moving_maneuver,43,frozen_ego_fault,4.800000000000001,camera,2,4.166813818183862,True
moving_maneuver,43,frozen_ego_fault,4.9,radar,4,0.7657665669871846,True
moving_maneuver,43,frozen_ego_fault,4.9,camera,2,1.640947448146222,True
moving_maneuver,43,frozen_ego_fault,5.0,radar,4,1.3009436869911306,True
moving_maneuver,43,frozen_ego_fault,5.0,camera,2,0.44970040889929497,True
moving_maneuver,43,frozen_ego_fault,5.1000000000000005,radar,4,6.117910312345493,True
moving_maneuver,43,frozen_ego_fault,5.1000000000000005,camera,2,1.3700493431921479,True
moving_maneuver,43,frozen_ego_fault,5.2,radar,4,2.17693879579414,True
moving_maneuver,43,frozen_ego_fault,5.2,camera,2,0.44122701726887553,True
moving_maneuver,43,frozen_ego_fault,5.300000000000001,radar,4,3.380184433020591,True
moving_maneuver,43,frozen_ego_fault,5.300000000000001,camera,2,0.17242305159347063,True
moving_maneuver,43,frozen_ego_fault,5.4,radar,4,2.0408423489553296,True
moving_maneuver,43,frozen_ego_fault,5.4,camera,2,0.09288245463535688,True
moving_maneuver,43,frozen_ego_fault,5.5,radar,4,2.729370526880001,True
moving_maneuver,43,frozen_ego_fault,5.5,camera,2,3.352412623881805,True
moving_maneuver,43,frozen_ego_fault,5.6000000000000005,radar,4,0.39688652238506783,True
moving_maneuver,43,frozen_ego_fault,5.6000000000000005,camera,2,2.7969425417117733,True
moving_maneuver,43,frozen_ego_fault,5.7,radar,4,6.509063008065794,True
moving_maneuver,43,frozen_ego_fault,5.7,camera,2,2.194265825976469,True
moving_maneuver,43,frozen_ego_fault,5.800000000000001,radar,4,1.8672102911213269,True
moving_maneuver,43,frozen_ego_fault,5.800000000000001,camera,2,1.28225216981477,True
moving_maneuver,43,frozen_ego_fault,5.9,radar,4,2.1751183508512058,True
moving_maneuver,43,frozen_ego_fault,5.9,camera,2,1.7344231198043754,True
moving_maneuver,43,frozen_ego_fault,6.0,radar,4,0.9595288253451427,True
moving_maneuver,43,frozen_ego_fault,6.0,camera,2,0.5268174528277049,True
moving_maneuver,43,frozen_ego_fault,6.1000000000000005,radar,4,2.7709062903778894,True
moving_maneuver,43,frozen_ego_fault,6.1000000000000005,camera,2,0.00978965576727959,True
moving_maneuver,43,frozen_ego_fault,6.2,radar,4,3.7488811207362236,True
moving_maneuver,43,frozen_ego_fault,6.2,camera,2,2.896712481801378,True
moving_maneuver,43,frozen_ego_fault,6.300000000000001,radar,4,4.784055060469121,True
moving_maneuver,43,frozen_ego_fault,6.300000000000001,camera,2,0.9513425759819268,True
moving_maneuver,43,frozen_ego_fault,6.4,radar,4,5.186538428377975,True
moving_maneuver,43,frozen_ego_fault,6.4,camera,2,2.16291930858783,True
moving_maneuver,43,frozen_ego_fault,6.5,radar,4,1.776125971483245,True
moving_maneuver,43,frozen_ego_fault,6.5,camera,2,1.6537484523080705,True
moving_maneuver,43,frozen_ego_fault,6.6000000000000005,radar,4,2.272682310163074,True
moving_maneuver,43,frozen_ego_fault,6.6000000000000005,camera,2,4.8727809825526,True
moving_maneuver,43,frozen_ego_fault,6.7,radar,4,6.209904262657637,True
moving_maneuver,43,frozen_ego_fault,6.7,camera,2,1.804630149137915,True
moving_maneuver,43,frozen_ego_fault,6.800000000000001,radar,4,2.067525587497764,True
moving_maneuver,43,frozen_ego_fault,6.800000000000001,camera,2,0.3082063364053153,True
moving_maneuver,43,frozen_ego_fault,6.9,radar,4,2.9615703762019563,True
moving_maneuver,43,frozen_ego_fault,6.9,camera,2,3.103932789425717,True
moving_maneuver,43,frozen_ego_fault,7.0,radar,4,5.081938837851842,True
moving_maneuver,43,frozen_ego_fault,7.0,camera,2,2.08804548056709,True
moving_maneuver,43,frozen_ego_fault,7.1000000000000005,radar,4,3.5428987163379184,True
moving_maneuver,43,frozen_ego_fault,7.1000000000000005,camera,2,1.7676548227373028,True
moving_maneuver,43,frozen_ego_fault,7.2,radar,4,1.3901284537298917,True
moving_maneuver,43,frozen_ego_fault,7.2,camera,2,2.4380025889870196,True
moving_maneuver,43,frozen_ego_fault,7.300000000000001,radar,4,2.428075103870574,True
moving_maneuver,43,frozen_ego_fault,7.300000000000001,camera,2,5.041917321297037,True
moving_maneuver,43,frozen_ego_fault,7.4,radar,4,4.182074019781243,True
moving_maneuver,43,frozen_ego_fault,7.4,camera,2,1.0017479381900671,True
moving_maneuver,43,frozen_ego_fault,7.5,radar,4,3.42540656334242,True
moving_maneuver,43,frozen_ego_fault,7.5,camera,2,1.5819071632430042,True
moving_maneuver,43,frozen_ego_fault,7.6000000000000005,radar,4,6.526825017839208,True
moving_maneuver,43,frozen_ego_fault,7.6000000000000005,camera,2,1.7675814975469455,True
moving_maneuver,43,frozen_ego_fault,7.7,radar,4,8.138440867458044,True
moving_maneuver,43,frozen_ego_fault,7.7,camera,2,1.5681897778089993,True
moving_maneuver,43,frozen_ego_fault,7.800000000000001,radar,4,0.7117531668877286,True
moving_maneuver,43,frozen_ego_fault,7.800000000000001,camera,2,0.9183347661309578,True
moving_maneuver,43,frozen_ego_fault,7.9,radar,4,6.036625601795481,True
moving_maneuver,43,frozen_ego_fault,7.9,camera,2,2.1327271207015652,True
moving_maneuver,43,frozen_ego_fault,8.0,radar,4,1.740811818571032,True
moving_maneuver,43,frozen_ego_fault,8.0,camera,2,0.41738222466118563,True
moving_maneuver,43,frozen_ego_fault,8.1,radar,4,1.5276053488595462,True
moving_maneuver,43,frozen_ego_fault,8.1,camera,2,0.5264365629894685,True
moving_maneuver,43,frozen_ego_fault,8.200000000000001,radar,4,1.1576016649474175,True
moving_maneuver,43,frozen_ego_fault,8.200000000000001,camera,2,1.9178275704481558,True
moving_maneuver,43,frozen_ego_fault,8.3,radar,4,1.6082203209109545,True
moving_maneuver,43,frozen_ego_fault,8.3,camera,2,2.087449546029667,True
moving_maneuver,43,frozen_ego_fault,8.4,radar,4,3.052634009295134,True
moving_maneuver,43,frozen_ego_fault,8.4,camera,2,0.716891370427102,True
moving_maneuver,43,frozen_ego_fault,8.5,radar,4,1.4070013424121066,True
moving_maneuver,43,frozen_ego_fault,8.5,camera,2,0.520334187402728,True
moving_maneuver,43,frozen_ego_fault,8.6,radar,4,5.439812183683597,True
moving_maneuver,43,frozen_ego_fault,8.6,camera,2,2.015276138070198,True
moving_maneuver,43,frozen_ego_fault,8.700000000000001,radar,4,0.4326833236981543,True
moving_maneuver,43,frozen_ego_fault,8.700000000000001,camera,2,1.603004544919405,True
moving_maneuver,43,frozen_ego_fault,8.8,radar,4,2.4088191251351954,True
moving_maneuver,43,frozen_ego_fault,8.8,camera,2,0.6505878059377522,True
moving_maneuver,43,frozen_ego_fault,8.9,radar,4,4.176877299926671,True
moving_maneuver,43,frozen_ego_fault,8.9,camera,2,2.5757934269312486,True
moving_maneuver,43,frozen_ego_fault,9.0,radar,4,6.982334520678859,True
moving_maneuver,43,frozen_ego_fault,9.0,camera,2,1.2309221101939534,True
moving_maneuver,43,frozen_ego_fault,9.1,radar,4,1.282844866848379,True
moving_maneuver,43,frozen_ego_fault,9.1,camera,2,0.13569851273753056,True
moving_maneuver,43,frozen_ego_fault,9.200000000000001,radar,4,12.168348005827697,True
moving_maneuver,43,frozen_ego_fault,9.200000000000001,camera,2,0.4590411881842462,True
moving_maneuver,43,frozen_ego_fault,9.3,radar,4,4.359474304581417,True
moving_maneuver,43,frozen_ego_fault,9.3,camera,2,4.058406963176662,True
moving_maneuver,43,frozen_ego_fault,9.4,radar,4,5.207084291129779,True
moving_maneuver,43,frozen_ego_fault,9.4,camera,2,0.16930531069460006,True
moving_maneuver,43,frozen_ego_fault,9.5,radar,4,2.2413755211640587,True
moving_maneuver,43,frozen_ego_fault,9.5,camera,2,0.12956665872326387,True
moving_maneuver,43,frozen_ego_fault,9.600000000000001,radar,4,2.9974450063708984,True
moving_maneuver,43,frozen_ego_fault,9.600000000000001,camera,2,6.502902112421781,True
moving_maneuver,43,frozen_ego_fault,9.700000000000001,radar,4,1.8593014541658917,True
moving_maneuver,43,frozen_ego_fault,9.700000000000001,camera,2,2.024735963814062,True
moving_maneuver,43,frozen_ego_fault,9.8,radar,4,0.403754368553314,True
moving_maneuver,43,frozen_ego_fault,9.8,camera,2,1.3635314414145898,True
moving_maneuver,43,frozen_ego_fault,9.9,radar,4,2.2854980962694253,True
moving_maneuver,43,frozen_ego_fault,9.9,camera,2,5.454018983421746,True
moving_maneuver,43,frozen_ego_fault,10.0,radar,4,4.4662509972808575,True
moving_maneuver,43,frozen_ego_fault,10.0,camera,2,1.9633101472819703,True
moving_maneuver,43,frozen_ego_fault,10.100000000000001,radar,4,6.9912820141626755,True
moving_maneuver,43,frozen_ego_fault,10.100000000000001,camera,2,2.8024949229315648,True
moving_maneuver,43,frozen_ego_fault,10.200000000000001,radar,4,1.7800004393848834,True
moving_maneuver,43,frozen_ego_fault,10.200000000000001,camera,2,0.2521688763521022,True
moving_maneuver,43,frozen_ego_fault,10.3,radar,4,5.194081327303319,True
moving_maneuver,43,frozen_ego_fault,10.3,camera,2,0.2851841069586699,True
moving_maneuver,43,frozen_ego_fault,10.4,radar,4,0.5513292080096514,True
moving_maneuver,43,frozen_ego_fault,10.4,camera,2,0.7427102554754978,True
moving_maneuver,43,frozen_ego_fault,10.5,radar,4,1.99724282636239,True
moving_maneuver,43,frozen_ego_fault,10.5,camera,2,0.661765231413434,True
moving_maneuver,43,frozen_ego_fault,10.600000000000001,radar,4,2.3478086874816233,True
moving_maneuver,43,frozen_ego_fault,10.600000000000001,camera,2,8.751864350045555,True
moving_maneuver,43,frozen_ego_fault,10.700000000000001,radar,4,9.355356232708486,True
moving_maneuver,43,frozen_ego_fault,10.700000000000001,camera,2,0.309761896086537,True
moving_maneuver,43,frozen_ego_fault,10.8,radar,4,8.403581218292992,True
moving_maneuver,43,frozen_ego_fault,10.8,camera,2,2.9132511420996887,True
moving_maneuver,43,frozen_ego_fault,10.9,radar,4,6.589616802807739,True
moving_maneuver,43,frozen_ego_fault,10.9,camera,2,0.12718123727498884,True
moving_maneuver,43,frozen_ego_fault,11.0,radar,4,7.619019768866484,True
moving_maneuver,43,frozen_ego_fault,11.0,camera,2,1.4894915016948456,True
moving_maneuver,43,frozen_ego_fault,11.100000000000001,radar,4,3.409589096607047,True
moving_maneuver,43,frozen_ego_fault,11.100000000000001,camera,2,3.228035787906863,True
moving_maneuver,43,frozen_ego_fault,11.200000000000001,radar,4,0.7494096291192397,True
moving_maneuver,43,frozen_ego_fault,11.200000000000001,camera,2,3.1368756157123516,True
moving_maneuver,43,frozen_ego_fault,11.3,radar,4,4.399295066960415,True
moving_maneuver,43,frozen_ego_fault,11.3,camera,2,5.725328719581921,True
moving_maneuver,43,frozen_ego_fault,11.4,radar,4,2.4437162447112932,True
moving_maneuver,43,frozen_ego_fault,11.4,camera,2,3.9920125223063976,True
moving_maneuver,43,frozen_ego_fault,11.5,radar,4,1.9773742083430261,True
moving_maneuver,43,frozen_ego_fault,11.5,camera,2,0.10192968289906858,True
moving_maneuver,43,frozen_ego_fault,11.600000000000001,radar,4,4.752287526108943,True
moving_maneuver,43,frozen_ego_fault,11.600000000000001,camera,2,2.7232516769939763,True
moving_maneuver,43,frozen_ego_fault,11.700000000000001,radar,4,8.79975028598735,True
moving_maneuver,43,frozen_ego_fault,11.700000000000001,camera,2,0.6991778437000974,True
moving_maneuver,43,frozen_ego_fault,11.8,radar,4,4.444954561471179,True
moving_maneuver,43,frozen_ego_fault,11.8,camera,2,1.4307010857746763,True
moving_maneuver,43,frozen_ego_fault,11.9,radar,4,2.0283409057854636,True
moving_maneuver,43,frozen_ego_fault,11.9,camera,2,0.7135383573090515,True
moving_maneuver,43,frozen_ego_fault,12.0,radar,4,6.173254517342084,True
moving_maneuver,43,frozen_ego_fault,12.0,camera,2,1.3384375205834762,True
moving_maneuver,44,v15_position_adapter,0.1,radar_xyz,3,1.8740811484196016,True
moving_maneuver,44,v15_position_adapter,0.2,radar_xyz,3,0.16044156158897044,True
moving_maneuver,44,v15_position_adapter,0.30000000000000004,radar_xyz,3,1.962250814311783,True
moving_maneuver,44,v15_position_adapter,0.4,radar_xyz,3,1.4899624268246496,True
moving_maneuver,44,v15_position_adapter,0.5,radar_xyz,3,1.1543893306367932,True
moving_maneuver,44,v15_position_adapter,0.6000000000000001,radar_xyz,3,4.908414251760858,True
moving_maneuver,44,v15_position_adapter,0.7000000000000001,radar_xyz,3,2.6398123047981255,True
moving_maneuver,44,v15_position_adapter,0.8,radar_xyz,3,2.26012991218967,True
moving_maneuver,44,v15_position_adapter,0.9,radar_xyz,3,3.938223114872412,True
moving_maneuver,44,v15_position_adapter,1.0,radar_xyz,3,5.356155030897898,True
moving_maneuver,44,v15_position_adapter,1.1,radar_xyz,3,3.4684064950066222,True
moving_maneuver,44,v15_position_adapter,1.2000000000000002,radar_xyz,3,4.387524299855081,True
moving_maneuver,44,v15_position_adapter,1.3,radar_xyz,3,1.9522996789757843,True
moving_maneuver,44,v15_position_adapter,1.4000000000000001,radar_xyz,3,4.291934984136003,True
moving_maneuver,44,v15_position_adapter,1.5,radar_xyz,3,6.281097342435641,True
moving_maneuver,44,v15_position_adapter,1.6,radar_xyz,3,0.860911540883398,True
moving_maneuver,44,v15_position_adapter,1.7000000000000002,radar_xyz,3,2.2156628346084544,True
moving_maneuver,44,v15_position_adapter,1.8,radar_xyz,3,8.346053493333274,True
moving_maneuver,44,v15_position_adapter,1.9000000000000001,radar_xyz,3,4.6533310308999605,True
moving_maneuver,44,v15_position_adapter,2.0,radar_xyz,3,4.971635705132607,True
moving_maneuver,44,v15_position_adapter,2.1,radar_xyz,3,1.429172272024216,True
moving_maneuver,44,v15_position_adapter,2.2,radar_xyz,3,13.468892767295431,True
moving_maneuver,44,v15_position_adapter,2.3000000000000003,radar_xyz,3,5.015350605276346,True
moving_maneuver,44,v15_position_adapter,2.4000000000000004,radar_xyz,3,2.558207374107434,True
moving_maneuver,44,v15_position_adapter,2.5,radar_xyz,3,7.145640307903234,True
moving_maneuver,44,v15_position_adapter,2.6,radar_xyz,3,0.0982613747780328,True
moving_maneuver,44,v15_position_adapter,2.7,radar_xyz,3,1.7496588362558823,True
moving_maneuver,44,v15_position_adapter,2.8000000000000003,radar_xyz,3,0.803080569347361,True
moving_maneuver,44,v15_position_adapter,2.9000000000000004,radar_xyz,3,5.543459367074034,True
moving_maneuver,44,v15_position_adapter,3.0,radar_xyz,3,1.6614436025172419,True
moving_maneuver,44,v15_position_adapter,3.1,radar_xyz,3,15.69093550489825,True
moving_maneuver,44,v15_position_adapter,3.2,radar_xyz,3,1.9835806511376686,True
moving_maneuver,44,v15_position_adapter,3.3000000000000003,radar_xyz,3,1.0028733993137764,True
moving_maneuver,44,v15_position_adapter,3.4000000000000004,radar_xyz,3,4.934041153957864,True
moving_maneuver,44,v15_position_adapter,3.5,radar_xyz,3,0.02586624421492606,True
moving_maneuver,44,v15_position_adapter,3.6,radar_xyz,3,5.526143781624708,True
moving_maneuver,44,v15_position_adapter,3.7,radar_xyz,3,0.4059233962270047,True
moving_maneuver,44,v15_position_adapter,3.8000000000000003,radar_xyz,3,1.2770057788611595,True
moving_maneuver,44,v15_position_adapter,3.9000000000000004,radar_xyz,3,1.3908163831821805,True
moving_maneuver,44,v15_position_adapter,4.0,radar_xyz,3,0.8705973733118679,True
moving_maneuver,44,v15_position_adapter,4.1000000000000005,radar_xyz,3,1.7876901519300068,True
moving_maneuver,44,v15_position_adapter,4.2,radar_xyz,3,1.7248963750648538,True
moving_maneuver,44,v15_position_adapter,4.3,radar_xyz,3,2.211898084079619,True
moving_maneuver,44,v15_position_adapter,4.4,radar_xyz,3,0.3537572483446696,True
moving_maneuver,44,v15_position_adapter,4.5,radar_xyz,3,2.2162896193029664,True
moving_maneuver,44,v15_position_adapter,4.6000000000000005,radar_xyz,3,1.6788157163498667,True
moving_maneuver,44,v15_position_adapter,4.7,radar_xyz,3,3.490120937944802,True
moving_maneuver,44,v15_position_adapter,4.800000000000001,radar_xyz,3,8.538223544489083,True
moving_maneuver,44,v15_position_adapter,4.9,radar_xyz,3,4.0084690123088755,True
moving_maneuver,44,v15_position_adapter,5.0,radar_xyz,3,2.2621635710370116,True
moving_maneuver,44,v15_position_adapter,5.1000000000000005,radar_xyz,3,2.7275260081881094,True
moving_maneuver,44,v15_position_adapter,5.2,radar_xyz,3,6.79696603906924,True
moving_maneuver,44,v15_position_adapter,5.300000000000001,radar_xyz,3,1.8010641008165076,True
moving_maneuver,44,v15_position_adapter,5.4,radar_xyz,3,3.8291565898364173,True
moving_maneuver,44,v15_position_adapter,5.5,radar_xyz,3,1.7244532098496232,True
moving_maneuver,44,v15_position_adapter,5.6000000000000005,radar_xyz,3,1.6574846208263927,True
moving_maneuver,44,v15_position_adapter,5.7,radar_xyz,3,0.384895411445542,True
moving_maneuver,44,v15_position_adapter,5.800000000000001,radar_xyz,3,10.104485844005614,True
moving_maneuver,44,v15_position_adapter,5.9,radar_xyz,3,4.0557162017886,True
moving_maneuver,44,v15_position_adapter,6.0,radar_xyz,3,2.8966136074347335,True
moving_maneuver,44,v15_position_adapter,6.1000000000000005,radar_xyz,3,1.8002877228706404,True
moving_maneuver,44,v15_position_adapter,6.2,radar_xyz,3,4.232207481216607,True
moving_maneuver,44,v15_position_adapter,6.300000000000001,radar_xyz,3,5.151677593213672,True
moving_maneuver,44,v15_position_adapter,6.4,radar_xyz,3,1.1757751714072004,True
moving_maneuver,44,v15_position_adapter,6.5,radar_xyz,3,1.3805931017544328,True
moving_maneuver,44,v15_position_adapter,6.6000000000000005,radar_xyz,3,0.3608614757041296,True
moving_maneuver,44,v15_position_adapter,6.7,radar_xyz,3,3.2855902333884477,True
moving_maneuver,44,v15_position_adapter,6.800000000000001,radar_xyz,3,1.119610155640583,True
moving_maneuver,44,v15_position_adapter,6.9,radar_xyz,3,6.776739971964005,True
moving_maneuver,44,v15_position_adapter,7.0,radar_xyz,3,2.02427259408642,True
moving_maneuver,44,v15_position_adapter,7.1000000000000005,radar_xyz,3,1.7983652340064031,True
moving_maneuver,44,v15_position_adapter,7.2,radar_xyz,3,0.1329678992566784,True
moving_maneuver,44,v15_position_adapter,7.300000000000001,radar_xyz,3,2.639167070823174,True
moving_maneuver,44,v15_position_adapter,7.4,radar_xyz,3,0.8356219142678369,True
moving_maneuver,44,v15_position_adapter,7.5,radar_xyz,3,3.5598101455372104,True
moving_maneuver,44,v15_position_adapter,7.6000000000000005,radar_xyz,3,2.8614483299023306,True
moving_maneuver,44,v15_position_adapter,7.7,radar_xyz,3,3.7115967670488224,True
moving_maneuver,44,v15_position_adapter,7.800000000000001,radar_xyz,3,7.355059033641007,True
moving_maneuver,44,v15_position_adapter,7.9,radar_xyz,3,2.7716329070128967,True
moving_maneuver,44,v15_position_adapter,8.0,radar_xyz,3,0.3440230887306816,True
moving_maneuver,44,v15_position_adapter,8.1,radar_xyz,3,2.7266012272332567,True
moving_maneuver,44,v15_position_adapter,8.200000000000001,radar_xyz,3,3.7644702784322246,True
moving_maneuver,44,v15_position_adapter,8.3,radar_xyz,3,1.2399984984537982,True
moving_maneuver,44,v15_position_adapter,8.4,radar_xyz,3,1.1783694883825102,True
moving_maneuver,44,v15_position_adapter,8.5,radar_xyz,3,2.448139828226161,True
moving_maneuver,44,v15_position_adapter,8.6,radar_xyz,3,3.313806711840756,True
moving_maneuver,44,v15_position_adapter,8.700000000000001,radar_xyz,3,0.745295921895167,True
moving_maneuver,44,v15_position_adapter,8.8,radar_xyz,3,0.6390482603845338,True
moving_maneuver,44,v15_position_adapter,8.9,radar_xyz,3,2.492264848376056,True
moving_maneuver,44,v15_position_adapter,9.0,radar_xyz,3,5.128480065468127,True
moving_maneuver,44,v15_position_adapter,9.1,radar_xyz,3,2.1789502443708186,True
moving_maneuver,44,v15_position_adapter,9.200000000000001,radar_xyz,3,1.2580654455741878,True
moving_maneuver,44,v15_position_adapter,9.3,radar_xyz,3,1.3530291206419156,True
moving_maneuver,44,v15_position_adapter,9.4,radar_xyz,3,3.947443500473423,True
moving_maneuver,44,v15_position_adapter,9.5,radar_xyz,3,0.5384385415489421,True
moving_maneuver,44,v15_position_adapter,9.600000000000001,radar_xyz,3,8.516364592701999,True
moving_maneuver,44,v15_position_adapter,9.700000000000001,radar_xyz,3,1.2961462378186257,True
moving_maneuver,44,v15_position_adapter,9.8,radar_xyz,3,5.6482107301403115,True
moving_maneuver,44,v15_position_adapter,9.9,radar_xyz,3,4.2962746858543674,True
moving_maneuver,44,v15_position_adapter,10.0,radar_xyz,3,2.409734140466165,True
moving_maneuver,44,v15_position_adapter,10.100000000000001,radar_xyz,3,4.65417736899052,True
moving_maneuver,44,v15_position_adapter,10.200000000000001,radar_xyz,3,1.483082989128742,True
moving_maneuver,44,v15_position_adapter,10.3,radar_xyz,3,4.6124357302545596,True
moving_maneuver,44,v15_position_adapter,10.4,radar_xyz,3,5.743675325839563,True
moving_maneuver,44,v15_position_adapter,10.5,radar_xyz,3,1.6116186723670645,True
moving_maneuver,44,v15_position_adapter,10.600000000000001,radar_xyz,3,1.885304389176089,True
moving_maneuver,44,v15_position_adapter,10.700000000000001,radar_xyz,3,1.5304737321481907,True
moving_maneuver,44,v15_position_adapter,10.8,radar_xyz,3,0.9978433675681376,True
moving_maneuver,44,v15_position_adapter,10.9,radar_xyz,3,3.3892389977717436,True
moving_maneuver,44,v15_position_adapter,11.0,radar_xyz,3,5.09858492313502,True
moving_maneuver,44,v15_position_adapter,11.100000000000001,radar_xyz,3,2.684658006579352,True
moving_maneuver,44,v15_position_adapter,11.200000000000001,radar_xyz,3,1.7368564342425348,True
moving_maneuver,44,v15_position_adapter,11.3,radar_xyz,3,0.9224933591912545,True
moving_maneuver,44,v15_position_adapter,11.4,radar_xyz,3,4.417083393732063,True
moving_maneuver,44,v15_position_adapter,11.5,radar_xyz,3,3.3724187111913984,True
moving_maneuver,44,v15_position_adapter,11.600000000000001,radar_xyz,3,3.1526011514655727,True
moving_maneuver,44,v15_position_adapter,11.700000000000001,radar_xyz,3,7.265436625485027,True
moving_maneuver,44,v15_position_adapter,11.8,radar_xyz,3,0.7455131518853513,True
moving_maneuver,44,v15_position_adapter,11.9,radar_xyz,3,2.0682562213946984,True
moving_maneuver,44,v15_position_adapter,12.0,radar_xyz,3,1.5224617210599143,True
moving_maneuver,44,v2_radar,0.1,radar,4,2.8347867525645736,True
moving_maneuver,44,v2_radar,0.2,radar,4,1.70222348754222,True
moving_maneuver,44,v2_radar,0.30000000000000004,radar,4,0.6735453940476047,True
moving_maneuver,44,v2_radar,0.4,radar,4,4.080502075457414,True
moving_maneuver,44,v2_radar,0.5,radar,4,0.21200790247093027,True
moving_maneuver,44,v2_radar,0.6000000000000001,radar,4,3.1694416368863125,True
moving_maneuver,44,v2_radar,0.7000000000000001,radar,4,2.546951597266904,True
moving_maneuver,44,v2_radar,0.8,radar,4,2.8940836217678925,True
moving_maneuver,44,v2_radar,0.9,radar,4,3.9612731718551015,True
moving_maneuver,44,v2_radar,1.0,radar,4,5.628641618850691,True
moving_maneuver,44,v2_radar,1.1,radar,4,3.1168936446421505,True
moving_maneuver,44,v2_radar,1.2000000000000002,radar,4,4.866492521888159,True
moving_maneuver,44,v2_radar,1.3,radar,4,2.1405951207253384,True
moving_maneuver,44,v2_radar,1.4000000000000001,radar,4,4.208154393982195,True
moving_maneuver,44,v2_radar,1.5,radar,4,6.400361588980039,True
moving_maneuver,44,v2_radar,1.6,radar,4,2.082159600669646,True
moving_maneuver,44,v2_radar,1.7000000000000002,radar,4,2.4285582797124023,True
moving_maneuver,44,v2_radar,1.8,radar,4,9.994254555180822,True
moving_maneuver,44,v2_radar,1.9000000000000001,radar,4,6.788882331882228,True
moving_maneuver,44,v2_radar,2.0,radar,4,6.792957082892589,True
moving_maneuver,44,v2_radar,2.1,radar,4,1.9475519709054818,True
moving_maneuver,44,v2_radar,2.2,radar,4,14.301738951882571,False
moving_maneuver,44,v2_radar,2.3000000000000003,radar,4,5.285645745185192,True
moving_maneuver,44,v2_radar,2.4000000000000004,radar,4,4.838780355725505,True
moving_maneuver,44,v2_radar,2.5,radar,4,11.340021909201468,True
moving_maneuver,44,v2_radar,2.6,radar,4,0.9813978603922054,True
moving_maneuver,44,v2_radar,2.7,radar,4,0.866412215411087,True
moving_maneuver,44,v2_radar,2.8000000000000003,radar,4,0.5211920534019637,True
moving_maneuver,44,v2_radar,2.9000000000000004,radar,4,7.311126130551405,True
moving_maneuver,44,v2_radar,3.0,radar,4,2.960963908983064,True
moving_maneuver,44,v2_radar,3.1,radar,4,14.963942906053383,False
moving_maneuver,44,v2_radar,3.2,radar,4,5.451950752154783,True
moving_maneuver,44,v2_radar,3.3000000000000003,radar,4,2.6199739754950073,True
moving_maneuver,44,v2_radar,3.4000000000000004,radar,4,6.027967476689256,True
moving_maneuver,44,v2_radar,3.5,radar,4,0.8296041214104353,True
moving_maneuver,44,v2_radar,3.6,radar,4,8.1597047355645,True
moving_maneuver,44,v2_radar,3.7,radar,4,3.1452791046253528,True
moving_maneuver,44,v2_radar,3.8000000000000003,radar,4,1.6140599658725878,True
moving_maneuver,44,v2_radar,3.9000000000000004,radar,4,1.4022546951723656,True
moving_maneuver,44,v2_radar,4.0,radar,4,1.021289030635963,True
moving_maneuver,44,v2_radar,4.1000000000000005,radar,4,3.1262730083538655,True
moving_maneuver,44,v2_radar,4.2,radar,4,1.491208642291761,True
moving_maneuver,44,v2_radar,4.3,radar,4,2.7457283596082243,True
moving_maneuver,44,v2_radar,4.4,radar,4,2.4164797965969007,True
moving_maneuver,44,v2_radar,4.5,radar,4,1.878926735634407,True
moving_maneuver,44,v2_radar,4.6000000000000005,radar,4,3.992381611088622,True
moving_maneuver,44,v2_radar,4.7,radar,4,4.6515113383274675,True
moving_maneuver,44,v2_radar,4.800000000000001,radar,4,10.600365805850172,True
moving_maneuver,44,v2_radar,4.9,radar,4,3.4892750458750146,True
moving_maneuver,44,v2_radar,5.0,radar,4,3.974096775275338,True
moving_maneuver,44,v2_radar,5.1000000000000005,radar,4,4.394924737244619,True
moving_maneuver,44,v2_radar,5.2,radar,4,6.100038172142574,True
moving_maneuver,44,v2_radar,5.300000000000001,radar,4,6.254102678918819,True
moving_maneuver,44,v2_radar,5.4,radar,4,2.1534130831020235,True
moving_maneuver,44,v2_radar,5.5,radar,4,2.230840591427322,True
moving_maneuver,44,v2_radar,5.6000000000000005,radar,4,1.6777297466422287,True
moving_maneuver,44,v2_radar,5.7,radar,4,0.659160417219099,True
moving_maneuver,44,v2_radar,5.800000000000001,radar,4,11.866163099879136,True
moving_maneuver,44,v2_radar,5.9,radar,4,4.46338804093815,True
moving_maneuver,44,v2_radar,6.0,radar,4,2.6275257163088384,True
moving_maneuver,44,v2_radar,6.1000000000000005,radar,4,2.369183075573051,True
moving_maneuver,44,v2_radar,6.2,radar,4,5.650210607864763,True
moving_maneuver,44,v2_radar,6.300000000000001,radar,4,5.392825913030659,True
moving_maneuver,44,v2_radar,6.4,radar,4,1.4191714063592513,True
moving_maneuver,44,v2_radar,6.5,radar,4,1.5272395116044175,True
moving_maneuver,44,v2_radar,6.6000000000000005,radar,4,0.28684475104736556,True
moving_maneuver,44,v2_radar,6.7,radar,4,4.272672122831237,True
moving_maneuver,44,v2_radar,6.800000000000001,radar,4,3.4270144678538736,True
moving_maneuver,44,v2_radar,6.9,radar,4,8.270612659064733,True
moving_maneuver,44,v2_radar,7.0,radar,4,1.9771458167633809,True
moving_maneuver,44,v2_radar,7.1000000000000005,radar,4,0.9663005700256764,True
moving_maneuver,44,v2_radar,7.2,radar,4,1.0045000317843409,True
moving_maneuver,44,v2_radar,7.300000000000001,radar,4,4.380182235584851,True
moving_maneuver,44,v2_radar,7.4,radar,4,2.6809340956339636,True
moving_maneuver,44,v2_radar,7.5,radar,4,3.393165672331291,True
moving_maneuver,44,v2_radar,7.6000000000000005,radar,4,1.9844994523609152,True
moving_maneuver,44,v2_radar,7.7,radar,4,2.4139907288682516,True
moving_maneuver,44,v2_radar,7.800000000000001,radar,4,8.321930858755307,True
moving_maneuver,44,v2_radar,7.9,radar,4,5.451437006110393,True
moving_maneuver,44,v2_radar,8.0,radar,4,0.11890504977768825,True
moving_maneuver,44,v2_radar,8.1,radar,4,3.6548589726494325,True
moving_maneuver,44,v2_radar,8.200000000000001,radar,4,1.9444963436531892,True
moving_maneuver,44,v2_radar,8.3,radar,4,1.3895489821328466,True
moving_maneuver,44,v2_radar,8.4,radar,4,0.9673180919779466,True
moving_maneuver,44,v2_radar,8.5,radar,4,2.790253389997116,True
moving_maneuver,44,v2_radar,8.6,radar,4,3.168914176523256,True
moving_maneuver,44,v2_radar,8.700000000000001,radar,4,1.22449095038965,True
moving_maneuver,44,v2_radar,8.8,radar,4,1.6847042527059504,True
moving_maneuver,44,v2_radar,8.9,radar,4,2.0255648986199284,True
moving_maneuver,44,v2_radar,9.0,radar,4,6.097586318279018,True
moving_maneuver,44,v2_radar,9.1,radar,4,5.284024513899956,True
moving_maneuver,44,v2_radar,9.200000000000001,radar,4,1.2573821962690865,True
moving_maneuver,44,v2_radar,9.3,radar,4,1.7017597912969011,True
moving_maneuver,44,v2_radar,9.4,radar,4,3.9903948088531602,True
moving_maneuver,44,v2_radar,9.5,radar,4,3.5198022957089106,True
moving_maneuver,44,v2_radar,9.600000000000001,radar,4,8.323958004617085,True
moving_maneuver,44,v2_radar,9.700000000000001,radar,4,1.5425212526978296,True
moving_maneuver,44,v2_radar,9.8,radar,4,6.272914600463489,True
moving_maneuver,44,v2_radar,9.9,radar,4,4.449011591857921,True
moving_maneuver,44,v2_radar,10.0,radar,4,2.336497078990522,True
moving_maneuver,44,v2_radar,10.100000000000001,radar,4,5.775167825887714,True
moving_maneuver,44,v2_radar,10.200000000000001,radar,4,2.277110726488404,True
moving_maneuver,44,v2_radar,10.3,radar,4,5.706742105081657,True
moving_maneuver,44,v2_radar,10.4,radar,4,5.482897775390717,True
moving_maneuver,44,v2_radar,10.5,radar,4,2.481311494138097,True
moving_maneuver,44,v2_radar,10.600000000000001,radar,4,3.1759430612588613,True
moving_maneuver,44,v2_radar,10.700000000000001,radar,4,0.7518022113923316,True
moving_maneuver,44,v2_radar,10.8,radar,4,4.209955538945583,True
moving_maneuver,44,v2_radar,10.9,radar,4,3.474158105371481,True
moving_maneuver,44,v2_radar,11.0,radar,4,6.838220249742715,True
moving_maneuver,44,v2_radar,11.100000000000001,radar,4,3.2778962875485695,True
moving_maneuver,44,v2_radar,11.200000000000001,radar,4,2.038167586313529,True
moving_maneuver,44,v2_radar,11.3,radar,4,0.37506817303423257,True
moving_maneuver,44,v2_radar,11.4,radar,4,7.746582465912619,True
moving_maneuver,44,v2_radar,11.5,radar,4,4.349967295491412,True
moving_maneuver,44,v2_radar,11.600000000000001,radar,4,4.614495462017546,True
moving_maneuver,44,v2_radar,11.700000000000001,radar,4,6.08438478292577,True
moving_maneuver,44,v2_radar,11.8,radar,4,2.3913158048881256,True
moving_maneuver,44,v2_radar,11.9,radar,4,4.79843230872054,True
moving_maneuver,44,v2_radar,12.0,radar,4,2.5726088826069686,True
moving_maneuver,44,v2_range_rate_camera,0.0,camera,2,1.715953613497488,True
moving_maneuver,44,v2_range_rate_camera,0.1,radar,2,1.6866066000581268,True
moving_maneuver,44,v2_range_rate_camera,0.1,camera,2,0.06933391270404492,True
moving_maneuver,44,v2_range_rate_camera,0.2,radar,2,1.6656352969343464,True
moving_maneuver,44,v2_range_rate_camera,0.2,camera,2,0.7697645900162902,True
moving_maneuver,44,v2_range_rate_camera,0.30000000000000004,radar,2,0.42087911401880057,True
moving_maneuver,44,v2_range_rate_camera,0.30000000000000004,camera,2,0.1609652719150461,True
moving_maneuver,44,v2_range_rate_camera,0.4,radar,2,2.9630678861154713,True
moving_maneuver,44,v2_range_rate_camera,0.4,camera,2,2.884516214679356,True
moving_maneuver,44,v2_range_rate_camera,0.5,radar,2,0.07645011391968007,True
moving_maneuver,44,v2_range_rate_camera,0.5,camera,2,1.9403819159132873,True
moving_maneuver,44,v2_range_rate_camera,0.6000000000000001,radar,2,0.9616101272101294,True
moving_maneuver,44,v2_range_rate_camera,0.6000000000000001,camera,2,2.7801961517060283,True
moving_maneuver,44,v2_range_rate_camera,0.7000000000000001,radar,2,0.29957736381055133,True
moving_maneuver,44,v2_range_rate_camera,0.7000000000000001,camera,2,1.4728854637443152,True
moving_maneuver,44,v2_range_rate_camera,0.8,radar,2,0.5003147667062685,True
moving_maneuver,44,v2_range_rate_camera,0.8,camera,2,2.265741871759743,True
moving_maneuver,44,v2_range_rate_camera,0.9,radar,2,0.7261435725355609,True
moving_maneuver,44,v2_range_rate_camera,0.9,camera,2,0.2574917205702793,True
moving_maneuver,44,v2_range_rate_camera,1.0,radar,2,3.6110362255224375,True
moving_maneuver,44,v2_range_rate_camera,1.0,camera,2,1.6972379118103953,True
moving_maneuver,44,v2_range_rate_camera,1.1,radar,2,2.338376756079665,True
moving_maneuver,44,v2_range_rate_camera,1.1,camera,2,0.035472383147994425,True
moving_maneuver,44,v2_range_rate_camera,1.2000000000000002,radar,2,0.7471757420109559,True
moving_maneuver,44,v2_range_rate_camera,1.2000000000000002,camera,2,1.8771628668734663,True
moving_maneuver,44,v2_range_rate_camera,1.3,radar,2,1.6962059960515554,True
moving_maneuver,44,v2_range_rate_camera,1.3,camera,2,0.9262020725377725,True
moving_maneuver,44,v2_range_rate_camera,1.4000000000000001,radar,2,0.612391676248167,True
moving_maneuver,44,v2_range_rate_camera,1.4000000000000001,camera,2,2.8335638862516666,True
moving_maneuver,44,v2_range_rate_camera,1.5,radar,2,0.5138232225631187,True
moving_maneuver,44,v2_range_rate_camera,1.5,camera,2,4.914740371997599,True
moving_maneuver,44,v2_range_rate_camera,1.6,radar,2,1.3961021661469981,True
moving_maneuver,44,v2_range_rate_camera,1.6,camera,2,0.43607769727271745,True
moving_maneuver,44,v2_range_rate_camera,1.7000000000000002,radar,2,1.11261380502448,True
moving_maneuver,44,v2_range_rate_camera,1.7000000000000002,camera,2,4.083993302824809,True
moving_maneuver,44,v2_range_rate_camera,1.8,radar,2,6.528112495486454,True
moving_maneuver,44,v2_range_rate_camera,1.8,camera,2,0.03113130034886573,True
moving_maneuver,44,v2_range_rate_camera,1.9000000000000001,radar,2,3.478931071661686,True
moving_maneuver,44,v2_range_rate_camera,1.9000000000000001,camera,2,2.277851184442984,True
moving_maneuver,44,v2_range_rate_camera,2.0,radar,2,5.108457294903111,True
moving_maneuver,44,v2_range_rate_camera,2.0,camera,2,0.0025732127219000207,True
moving_maneuver,44,v2_range_rate_camera,2.1,radar,2,1.1012542497062148,True
moving_maneuver,44,v2_range_rate_camera,2.1,camera,2,2.1920475187250514,True
moving_maneuver,44,v2_range_rate_camera,2.2,radar,2,1.727505603849217,True
moving_maneuver,44,v2_range_rate_camera,2.2,camera,2,0.7898538210714995,True
moving_maneuver,44,v2_range_rate_camera,2.3000000000000003,radar,2,1.6775078893143087,True
moving_maneuver,44,v2_range_rate_camera,2.3000000000000003,camera,2,2.5189491998876345,True
moving_maneuver,44,v2_range_rate_camera,2.4000000000000004,radar,2,1.4979872151124285,True
moving_maneuver,44,v2_range_rate_camera,2.4000000000000004,camera,2,2.6120496593847746,True
moving_maneuver,44,v2_range_rate_camera,2.5,radar,2,6.539548772219424,True
moving_maneuver,44,v2_range_rate_camera,2.5,camera,2,2.150501575304411,True
moving_maneuver,44,v2_range_rate_camera,2.6,radar,2,0.46168913589781446,True
moving_maneuver,44,v2_range_rate_camera,2.6,camera,2,0.07126908442249368,True
moving_maneuver,44,v2_range_rate_camera,2.7,radar,2,0.13379055718098168,True
moving_maneuver,44,v2_range_rate_camera,2.7,camera,2,0.6894215893587148,True
moving_maneuver,44,v2_range_rate_camera,2.8000000000000003,radar,2,0.2482531866850758,True
moving_maneuver,44,v2_range_rate_camera,2.8000000000000003,camera,2,1.613045986332527,True
moving_maneuver,44,v2_range_rate_camera,2.9000000000000004,radar,2,0.8243368442473912,True
moving_maneuver,44,v2_range_rate_camera,2.9000000000000004,camera,2,1.0995497550519604,True
moving_maneuver,44,v2_range_rate_camera,3.0,radar,2,2.6111758396757563,True
moving_maneuver,44,v2_range_rate_camera,3.0,camera,2,0.5968106044668589,True
moving_maneuver,44,v2_range_rate_camera,3.1,radar,2,3.5226370474001167,True
moving_maneuver,44,v2_range_rate_camera,3.1,camera,2,1.0152715201043072,True
moving_maneuver,44,v2_range_rate_camera,3.2,radar,2,0.9033235128591954,True
moving_maneuver,44,v2_range_rate_camera,3.2,camera,2,5.825480856542524,True
moving_maneuver,44,v2_range_rate_camera,3.3000000000000003,radar,2,1.835863391073374,True
moving_maneuver,44,v2_range_rate_camera,3.3000000000000003,camera,2,1.8894084858309086,True
moving_maneuver,44,v2_range_rate_camera,3.4000000000000004,radar,2,2.7317782687261936,True
moving_maneuver,44,v2_range_rate_camera,3.4000000000000004,camera,2,4.505062316048949,True
moving_maneuver,44,v2_range_rate_camera,3.5,radar,2,0.6528049848290024,True
moving_maneuver,44,v2_range_rate_camera,3.5,camera,2,2.3228888972853525,True
moving_maneuver,44,v2_range_rate_camera,3.6,radar,2,5.414119753323612,True
moving_maneuver,44,v2_range_rate_camera,3.6,camera,2,0.0360992416159229,True
moving_maneuver,44,v2_range_rate_camera,3.7,radar,2,2.7747740766193383,True
moving_maneuver,44,v2_range_rate_camera,3.7,camera,2,0.16234878283402798,True
moving_maneuver,44,v2_range_rate_camera,3.8000000000000003,radar,2,0.3287995948392968,True
moving_maneuver,44,v2_range_rate_camera,3.8000000000000003,camera,2,3.4927428827361893,True
moving_maneuver,44,v2_range_rate_camera,3.9000000000000004,radar,2,0.2658728245214923,True
moving_maneuver,44,v2_range_rate_camera,3.9000000000000004,camera,2,3.858048040699866,True
moving_maneuver,44,v2_range_rate_camera,4.0,radar,2,0.0371882958965012,True
moving_maneuver,44,v2_range_rate_camera,4.0,camera,2,11.430662526904337,False
moving_maneuver,44,v2_range_rate_camera,4.1000000000000005,radar,2,2.6052028172076676,True
moving_maneuver,44,v2_range_rate_camera,4.1000000000000005,camera,2,13.887932907149157,False
moving_maneuver,44,v2_range_rate_camera,4.2,radar,2,0.564146082371448,True
moving_maneuver,44,v2_range_rate_camera,4.2,camera,2,6.035780812647015,True
moving_maneuver,44,v2_range_rate_camera,4.3,radar,2,0.6410149743090168,True
moving_maneuver,44,v2_range_rate_camera,4.3,camera,2,1.170037741562965,True
moving_maneuver,44,v2_range_rate_camera,4.4,radar,2,2.1141169350057334,True
moving_maneuver,44,v2_range_rate_camera,4.4,camera,2,1.5450047887284437,True
moving_maneuver,44,v2_range_rate_camera,4.5,radar,2,0.6224192848730065,True
moving_maneuver,44,v2_range_rate_camera,4.5,camera,2,2.790477507942917,True
moving_maneuver,44,v2_range_rate_camera,4.6000000000000005,radar,2,2.4543807932197685,True
moving_maneuver,44,v2_range_rate_camera,4.6000000000000005,camera,2,0.9120274850230311,True
moving_maneuver,44,v2_range_rate_camera,4.7,radar,2,3.9456607947093265,True
moving_maneuver,44,v2_range_rate_camera,4.7,camera,2,4.615317122920266,True
moving_maneuver,44,v2_range_rate_camera,4.800000000000001,radar,2,6.198286246481736,True
moving_maneuver,44,v2_range_rate_camera,4.800000000000001,camera,2,1.080961479121692,True
moving_maneuver,44,v2_range_rate_camera,4.9,radar,2,1.3351161067123394,True
moving_maneuver,44,v2_range_rate_camera,4.9,camera,2,0.4621087890339637,True
moving_maneuver,44,v2_range_rate_camera,5.0,radar,2,2.1134572715319493,True
moving_maneuver,44,v2_range_rate_camera,5.0,camera,2,1.5512109865759032,True
moving_maneuver,44,v2_range_rate_camera,5.1000000000000005,radar,2,3.787518938748046,True
moving_maneuver,44,v2_range_rate_camera,5.1000000000000005,camera,2,0.17435117102863684,True
moving_maneuver,44,v2_range_rate_camera,5.2,radar,2,1.204563068400993,True
moving_maneuver,44,v2_range_rate_camera,5.2,camera,2,6.524620604202001,True
moving_maneuver,44,v2_range_rate_camera,5.300000000000001,radar,2,6.2663136181882875,True
moving_maneuver,44,v2_range_rate_camera,5.300000000000001,camera,2,1.6809950739713952,True
moving_maneuver,44,v2_range_rate_camera,5.4,radar,2,0.8679682106951497,True
moving_maneuver,44,v2_range_rate_camera,5.4,camera,2,3.106668217537253,True
moving_maneuver,44,v2_range_rate_camera,5.5,radar,2,0.5335893364911577,True
moving_maneuver,44,v2_range_rate_camera,5.5,camera,2,2.2592951820574982,True
moving_maneuver,44,v2_range_rate_camera,5.6000000000000005,radar,2,0.8446781325308236,True
moving_maneuver,44,v2_range_rate_camera,5.6000000000000005,camera,2,9.40204623122329,False
moving_maneuver,44,v2_range_rate_camera,5.7,radar,2,0.3033315937266892,True
moving_maneuver,44,v2_range_rate_camera,5.7,camera,2,0.3571502648196789,True
moving_maneuver,44,v2_range_rate_camera,5.800000000000001,radar,2,4.45886178485068,True
moving_maneuver,44,v2_range_rate_camera,5.800000000000001,camera,2,2.202760139751385,True
moving_maneuver,44,v2_range_rate_camera,5.9,radar,2,0.5749587555417045,True
moving_maneuver,44,v2_range_rate_camera,5.9,camera,2,2.1640270136245707,True
moving_maneuver,44,v2_range_rate_camera,6.0,radar,2,1.7616321146043947,True
moving_maneuver,44,v2_range_rate_camera,6.0,camera,2,2.2292326556375146,True
moving_maneuver,44,v2_range_rate_camera,6.1000000000000005,radar,2,1.4288183039878959,True
moving_maneuver,44,v2_range_rate_camera,6.1000000000000005,camera,2,4.880254164647289,True
moving_maneuver,44,v2_range_rate_camera,6.2,radar,2,3.1815838717483564,True
moving_maneuver,44,v2_range_rate_camera,6.2,camera,2,2.2126158475825175,True
moving_maneuver,44,v2_range_rate_camera,6.300000000000001,radar,2,3.7207302921062193,True
moving_maneuver,44,v2_range_rate_camera,6.300000000000001,camera,2,0.2729149661931082,True
moving_maneuver,44,v2_range_rate_camera,6.4,radar,2,0.6948622777594132,True
moving_maneuver,44,v2_range_rate_camera,6.4,camera,2,5.540886983522843,True
moving_maneuver,44,v2_range_rate_camera,6.5,radar,2,1.4012191796871452,True
moving_maneuver,44,v2_range_rate_camera,6.5,camera,2,3.365052321510967,True
moving_maneuver,44,v2_range_rate_camera,6.6000000000000005,radar,2,0.23946226217045757,True
moving_maneuver,44,v2_range_rate_camera,6.6000000000000005,camera,2,0.9374767096541864,True
moving_maneuver,44,v2_range_rate_camera,6.7,radar,2,3.2618935274892147,True
moving_maneuver,44,v2_range_rate_camera,6.7,camera,2,0.40357487044686263,True
moving_maneuver,44,v2_range_rate_camera,6.800000000000001,radar,2,2.998991269120275,True
moving_maneuver,44,v2_range_rate_camera,6.800000000000001,camera,2,2.6690428345040442,True
moving_maneuver,44,v2_range_rate_camera,6.9,radar,2,1.6385160287004379,True
moving_maneuver,44,v2_range_rate_camera,6.9,camera,2,0.2016724830471066,True
moving_maneuver,44,v2_range_rate_camera,7.0,radar,2,0.8838913548730721,True
moving_maneuver,44,v2_range_rate_camera,7.0,camera,2,1.331154555368512,True
moving_maneuver,44,v2_range_rate_camera,7.1000000000000005,radar,2,0.1989295108917674,True
moving_maneuver,44,v2_range_rate_camera,7.1000000000000005,camera,2,0.1600901809148857,True
moving_maneuver,44,v2_range_rate_camera,7.2,radar,2,0.9219424245266679,True
moving_maneuver,44,v2_range_rate_camera,7.2,camera,2,0.12269868490748446,True
moving_maneuver,44,v2_range_rate_camera,7.300000000000001,radar,2,2.2506509600973725,True
moving_maneuver,44,v2_range_rate_camera,7.300000000000001,camera,2,0.37418878438758774,True
moving_maneuver,44,v2_range_rate_camera,7.4,radar,2,1.9226795439164344,True
moving_maneuver,44,v2_range_rate_camera,7.4,camera,2,0.753219416521515,True
moving_maneuver,44,v2_range_rate_camera,7.5,radar,2,0.2769656532004238,True
moving_maneuver,44,v2_range_rate_camera,7.5,camera,2,3.7115673803204423,True
moving_maneuver,44,v2_range_rate_camera,7.6000000000000005,radar,2,0.020128585436755348,True
moving_maneuver,44,v2_range_rate_camera,7.6000000000000005,camera,2,0.5877916650112588,True
moving_maneuver,44,v2_range_rate_camera,7.7,radar,2,0.6597968865072346,True
moving_maneuver,44,v2_range_rate_camera,7.7,camera,2,2.6790359321626096,True
moving_maneuver,44,v2_range_rate_camera,7.800000000000001,radar,2,5.190111818195496,True
moving_maneuver,44,v2_range_rate_camera,7.800000000000001,camera,2,0.7903492503248734,True
moving_maneuver,44,v2_range_rate_camera,7.9,radar,2,4.494799570310693,True
moving_maneuver,44,v2_range_rate_camera,7.9,camera,2,1.019613086334691,True
moving_maneuver,44,v2_range_rate_camera,8.0,radar,2,0.08516693372054382,True
moving_maneuver,44,v2_range_rate_camera,8.0,camera,2,1.1974333082266124,True
moving_maneuver,44,v2_range_rate_camera,8.1,radar,2,0.9444563202527861,True
moving_maneuver,44,v2_range_rate_camera,8.1,camera,2,1.201585352967408,True
moving_maneuver,44,v2_range_rate_camera,8.200000000000001,radar,2,1.2192075495741808,True
moving_maneuver,44,v2_range_rate_camera,8.200000000000001,camera,2,1.084159875922593,True
moving_maneuver,44,v2_range_rate_camera,8.3,radar,2,0.5656431466366101,True
moving_maneuver,44,v2_range_rate_camera,8.3,camera,2,0.798728522657006,True
moving_maneuver,44,v2_range_rate_camera,8.4,radar,2,0.3335833647868245,True
moving_maneuver,44,v2_range_rate_camera,8.4,camera,2,2.1413005813848573,True
moving_maneuver,44,v2_range_rate_camera,8.5,radar,2,2.1074247071779104,True
moving_maneuver,44,v2_range_rate_camera,8.5,camera,2,1.1469855295377185,True
moving_maneuver,44,v2_range_rate_camera,8.6,radar,2,2.724687613551754,True
moving_maneuver,44,v2_range_rate_camera,8.6,camera,2,3.3670057576335677,True
moving_maneuver,44,v2_range_rate_camera,8.700000000000001,radar,2,0.44636406659592215,True
moving_maneuver,44,v2_range_rate_camera,8.700000000000001,camera,2,0.5400887657729082,True
moving_maneuver,44,v2_range_rate_camera,8.8,radar,2,1.4790855994455263,True
moving_maneuver,44,v2_range_rate_camera,8.8,camera,2,0.18901613672676118,True
moving_maneuver,44,v2_range_rate_camera,8.9,radar,2,0.2826659649907661,True
moving_maneuver,44,v2_range_rate_camera,8.9,camera,2,0.735075681656223,True
moving_maneuver,44,v2_range_rate_camera,9.0,radar,2,3.984702640761154,True
moving_maneuver,44,v2_range_rate_camera,9.0,camera,2,2.1782746947998213,True
moving_maneuver,44,v2_range_rate_camera,9.1,radar,2,4.727653656024087,True
moving_maneuver,44,v2_range_rate_camera,9.1,camera,2,0.6276231508254131,True
moving_maneuver,44,v2_range_rate_camera,9.200000000000001,radar,2,0.34821786784941244,True
moving_maneuver,44,v2_range_rate_camera,9.200000000000001,camera,2,1.1270164571614647,True
moving_maneuver,44,v2_range_rate_camera,9.3,radar,2,0.5368696291280951,True
moving_maneuver,44,v2_range_rate_camera,9.3,camera,2,2.948102137874306,True
moving_maneuver,44,v2_range_rate_camera,9.4,radar,2,0.11764585797952751,True
moving_maneuver,44,v2_range_rate_camera,9.4,camera,2,0.4443634213243468,True
moving_maneuver,44,v2_range_rate_camera,9.5,radar,2,3.2736530257399,True
moving_maneuver,44,v2_range_rate_camera,9.5,camera,2,0.26194878434486535,True
moving_maneuver,44,v2_range_rate_camera,9.600000000000001,radar,2,0.6401586528744417,True
moving_maneuver,44,v2_range_rate_camera,9.600000000000001,camera,2,0.7110446829273959,True
moving_maneuver,44,v2_range_rate_camera,9.700000000000001,radar,2,0.3846688777417809,True
moving_maneuver,44,v2_range_rate_camera,9.700000000000001,camera,2,1.3582328799385595,True
moving_maneuver,44,v2_range_rate_camera,9.8,radar,2,5.113708223543817,True
moving_maneuver,44,v2_range_rate_camera,9.8,camera,2,0.5673658354720053,True
moving_maneuver,44,v2_range_rate_camera,9.9,radar,2,3.338418076541026,True
moving_maneuver,44,v2_range_rate_camera,9.9,camera,2,0.8015787672831478,True
moving_maneuver,44,v2_range_rate_camera,10.0,radar,2,0.061284744023118475,True
moving_maneuver,44,v2_range_rate_camera,10.0,camera,2,2.709776826584376,True
moving_maneuver,44,v2_range_rate_camera,10.100000000000001,radar,2,3.9709282362697316,True
moving_maneuver,44,v2_range_rate_camera,10.100000000000001,camera,2,1.7830051450580713,True
moving_maneuver,44,v2_range_rate_camera,10.200000000000001,radar,2,0.8866409649169519,True
moving_maneuver,44,v2_range_rate_camera,10.200000000000001,camera,2,0.4003370585906562,True
moving_maneuver,44,v2_range_rate_camera,10.3,radar,2,1.455766112438049,True
moving_maneuver,44,v2_range_rate_camera,10.3,camera,2,0.06999509837102305,True
moving_maneuver,44,v2_range_rate_camera,10.4,radar,2,3.0015980423572466,True
moving_maneuver,44,v2_range_rate_camera,10.4,camera,2,0.9516154122924363,True
moving_maneuver,44,v2_range_rate_camera,10.5,radar,2,2.1702394002864884,True
moving_maneuver,44,v2_range_rate_camera,10.5,camera,2,0.07264667408271544,True
moving_maneuver,44,v2_range_rate_camera,10.600000000000001,radar,2,2.0992547831873667,True
moving_maneuver,44,v2_range_rate_camera,10.600000000000001,camera,2,1.5064078434739978,True
moving_maneuver,44,v2_range_rate_camera,10.700000000000001,radar,2,0.6186254833107487,True
moving_maneuver,44,v2_range_rate_camera,10.700000000000001,camera,2,0.46835423738254206,True
moving_maneuver,44,v2_range_rate_camera,10.8,radar,2,3.9723869266108323,True
moving_maneuver,44,v2_range_rate_camera,10.8,camera,2,1.8053488693561388,True
moving_maneuver,44,v2_range_rate_camera,10.9,radar,2,1.8258323876823979,True
moving_maneuver,44,v2_range_rate_camera,10.9,camera,2,3.061730155037722,True
moving_maneuver,44,v2_range_rate_camera,11.0,radar,2,4.628906622495554,True
moving_maneuver,44,v2_range_rate_camera,11.0,camera,2,7.525176716086969,True
moving_maneuver,44,v2_range_rate_camera,11.100000000000001,radar,2,0.6693111822023072,True
moving_maneuver,44,v2_range_rate_camera,11.100000000000001,camera,2,1.5499797224401541,True
moving_maneuver,44,v2_range_rate_camera,11.200000000000001,radar,2,0.2446376175195401,True
moving_maneuver,44,v2_range_rate_camera,11.200000000000001,camera,2,4.341474507574893,True
moving_maneuver,44,v2_range_rate_camera,11.3,radar,2,0.3108873752218834,True
moving_maneuver,44,v2_range_rate_camera,11.3,camera,2,0.13303493026350058,True
moving_maneuver,44,v2_range_rate_camera,11.4,radar,2,7.567517631554034,True
moving_maneuver,44,v2_range_rate_camera,11.4,camera,2,0.30681614678534896,True
moving_maneuver,44,v2_range_rate_camera,11.5,radar,2,1.1214369313041932,True
moving_maneuver,44,v2_range_rate_camera,11.5,camera,2,0.044208789671512656,True
moving_maneuver,44,v2_range_rate_camera,11.600000000000001,radar,2,1.682450521233177,True
moving_maneuver,44,v2_range_rate_camera,11.600000000000001,camera,2,1.0072137803093606,True
moving_maneuver,44,v2_range_rate_camera,11.700000000000001,radar,2,2.1318012372881605,True
moving_maneuver,44,v2_range_rate_camera,11.700000000000001,camera,2,0.7468577217528092,True
moving_maneuver,44,v2_range_rate_camera,11.8,radar,2,1.8746978893559356,True
moving_maneuver,44,v2_range_rate_camera,11.8,camera,2,1.268656569396176,True
moving_maneuver,44,v2_range_rate_camera,11.9,radar,2,2.824717517835569,True
moving_maneuver,44,v2_range_rate_camera,11.9,camera,2,1.3117678718178274,True
moving_maneuver,44,v2_range_rate_camera,12.0,radar,2,1.9894395044454276,True
moving_maneuver,44,v2_range_rate_camera,12.0,camera,2,1.9255177210192185,True
moving_maneuver,44,v2_full,0.0,camera,2,1.715953613497488,True
moving_maneuver,44,v2_full,0.1,radar,4,2.2084904088979775,True
moving_maneuver,44,v2_full,0.1,camera,2,0.09925152148200016,True
moving_maneuver,44,v2_full,0.2,radar,4,2.425103892446974,True
moving_maneuver,44,v2_full,0.2,camera,2,0.2575082330360899,True
moving_maneuver,44,v2_full,0.30000000000000004,radar,4,1.318182458502328,True
moving_maneuver,44,v2_full,0.30000000000000004,camera,2,0.33402854355635947,True
moving_maneuver,44,v2_full,0.4,radar,4,4.326105534697702,True
moving_maneuver,44,v2_full,0.4,camera,2,2.8284491696139873,True
moving_maneuver,44,v2_full,0.5,radar,4,0.42068346488509395,True
moving_maneuver,44,v2_full,0.5,camera,2,1.6228624673436116,True
moving_maneuver,44,v2_full,0.6000000000000001,radar,4,2.125588670136446,True
moving_maneuver,44,v2_full,0.6000000000000001,camera,2,2.7027330637891263,True
moving_maneuver,44,v2_full,0.7000000000000001,radar,4,3.5539174719196773,True
moving_maneuver,44,v2_full,0.7000000000000001,camera,2,1.8524985371577747,True
moving_maneuver,44,v2_full,0.8,radar,4,1.4662343884387394,True
moving_maneuver,44,v2_full,0.8,camera,2,2.080876199564438,True
moving_maneuver,44,v2_full,0.9,radar,4,5.819867869276767,True
moving_maneuver,44,v2_full,0.9,camera,2,0.3600975477902614,True
moving_maneuver,44,v2_full,1.0,radar,4,10.494058062225884,True
moving_maneuver,44,v2_full,1.0,camera,2,1.852630808755806,True
moving_maneuver,44,v2_full,1.1,radar,4,6.940509228253162,True
moving_maneuver,44,v2_full,1.1,camera,2,0.17140831101800075,True
moving_maneuver,44,v2_full,1.2000000000000002,radar,4,1.1155319739831324,True
moving_maneuver,44,v2_full,1.2000000000000002,camera,2,1.2473843121403534,True
moving_maneuver,44,v2_full,1.3,radar,4,4.286794748690318,True
moving_maneuver,44,v2_full,1.3,camera,2,1.3919538366836979,True
moving_maneuver,44,v2_full,1.4000000000000001,radar,4,1.1474581687707828,True
moving_maneuver,44,v2_full,1.4000000000000001,camera,2,2.717927511335471,True
moving_maneuver,44,v2_full,1.5,radar,4,4.01097858694788,True
moving_maneuver,44,v2_full,1.5,camera,2,5.097656244914617,True
moving_maneuver,44,v2_full,1.6,radar,4,2.363852733777499,True
moving_maneuver,44,v2_full,1.6,camera,2,0.3867629104431854,True
moving_maneuver,44,v2_full,1.7000000000000002,radar,4,4.021887175792888,True
moving_maneuver,44,v2_full,1.7000000000000002,camera,2,4.683181876464724,True
moving_maneuver,44,v2_full,1.8,radar,4,8.724980663285804,True
moving_maneuver,44,v2_full,1.8,camera,2,0.11098037991781026,True
moving_maneuver,44,v2_full,1.9000000000000001,radar,4,6.067023033307576,True
moving_maneuver,44,v2_full,1.9000000000000001,camera,2,2.7396970439027046,True
moving_maneuver,44,v2_full,2.0,radar,4,6.16685286996482,True
moving_maneuver,44,v2_full,2.0,camera,2,0.046235118843965015,True
moving_maneuver,44,v2_full,2.1,radar,4,2.4454794529191375,True
moving_maneuver,44,v2_full,2.1,camera,2,1.7275153594578594,True
moving_maneuver,44,v2_full,2.2,radar,4,13.274250160488462,True
moving_maneuver,44,v2_full,2.2,camera,2,1.0761512092826753,True
moving_maneuver,44,v2_full,2.3000000000000003,radar,4,6.447120046718989,True
moving_maneuver,44,v2_full,2.3000000000000003,camera,2,3.423265308021431,True
moving_maneuver,44,v2_full,2.4000000000000004,radar,4,3.4141945456084493,True
moving_maneuver,44,v2_full,2.4000000000000004,camera,2,3.588787740591086,True
moving_maneuver,44,v2_full,2.5,radar,4,9.181118065395307,True
moving_maneuver,44,v2_full,2.5,camera,2,1.960695178308501,True
moving_maneuver,44,v2_full,2.6,radar,4,0.887107174594544,True
moving_maneuver,44,v2_full,2.6,camera,2,0.1267005656660615,True
moving_maneuver,44,v2_full,2.7,radar,4,1.2338141953371697,True
moving_maneuver,44,v2_full,2.7,camera,2,0.5749819449802529,True
moving_maneuver,44,v2_full,2.8000000000000003,radar,4,0.7211859337500827,True
moving_maneuver,44,v2_full,2.8000000000000003,camera,2,1.482085339952662,True
moving_maneuver,44,v2_full,2.9000000000000004,radar,4,9.626659678803493,True
moving_maneuver,44,v2_full,2.9000000000000004,camera,2,1.2312248822309333,True
moving_maneuver,44,v2_full,3.0,radar,4,3.7036279964954435,True
moving_maneuver,44,v2_full,3.0,camera,2,1.0847466592498272,True
moving_maneuver,44,v2_full,3.1,radar,4,10.952312462703324,True
moving_maneuver,44,v2_full,3.1,camera,2,0.8313773289999042,True
moving_maneuver,44,v2_full,3.2,radar,4,1.8225915470746994,True
moving_maneuver,44,v2_full,3.2,camera,2,6.703263103296794,True
moving_maneuver,44,v2_full,3.3000000000000003,radar,4,2.597574432815906,True
moving_maneuver,44,v2_full,3.3000000000000003,camera,2,2.3704179992669694,True
moving_maneuver,44,v2_full,3.4000000000000004,radar,4,4.659044791632259,True
moving_maneuver,44,v2_full,3.4000000000000004,camera,2,3.711945884385742,True
moving_maneuver,44,v2_full,3.5,radar,4,0.6872257644584719,True
moving_maneuver,44,v2_full,3.5,camera,2,1.8772066017832183,True
moving_maneuver,44,v2_full,3.6,radar,4,8.61136334814012,True
moving_maneuver,44,v2_full,3.6,camera,2,0.03004079578258502,True
moving_maneuver,44,v2_full,3.7,radar,4,4.068655891985792,True
moving_maneuver,44,v2_full,3.7,camera,2,0.09292558557652482,True
moving_maneuver,44,v2_full,3.8000000000000003,radar,4,0.8336150436828074,True
moving_maneuver,44,v2_full,3.8000000000000003,camera,2,3.649879619375196,True
moving_maneuver,44,v2_full,3.9000000000000004,radar,4,1.1279516621033971,True
moving_maneuver,44,v2_full,3.9000000000000004,camera,2,3.987985496763853,True
moving_maneuver,44,v2_full,4.0,radar,4,2.4618300879782047,True
moving_maneuver,44,v2_full,4.0,camera,2,10.352686388871508,False
moving_maneuver,44,v2_full,4.1000000000000005,radar,4,4.213891545228625,True
moving_maneuver,44,v2_full,4.1000000000000005,camera,2,11.773721082468334,False
moving_maneuver,44,v2_full,4.2,radar,4,0.5728794693775892,True
moving_maneuver,44,v2_full,4.2,camera,2,4.740961875193056,True
moving_maneuver,44,v2_full,4.3,radar,4,3.075198707058181,True
moving_maneuver,44,v2_full,4.3,camera,2,0.7373707395936988,True
moving_maneuver,44,v2_full,4.4,radar,4,2.5770749835681475,True
moving_maneuver,44,v2_full,4.4,camera,2,1.1598597879130073,True
moving_maneuver,44,v2_full,4.5,radar,4,1.9429586456239742,True
moving_maneuver,44,v2_full,4.5,camera,2,3.1309559621711887,True
moving_maneuver,44,v2_full,4.6000000000000005,radar,4,4.480232133704522,True
moving_maneuver,44,v2_full,4.6000000000000005,camera,2,0.7273993325852944,True
moving_maneuver,44,v2_full,4.7,radar,4,4.159031964366801,True
moving_maneuver,44,v2_full,4.7,camera,2,4.841244815212687,True
moving_maneuver,44,v2_full,4.800000000000001,radar,4,11.276516831393085,True
moving_maneuver,44,v2_full,4.800000000000001,camera,2,0.9569052415091923,True
moving_maneuver,44,v2_full,4.9,radar,4,3.581143680592242,True
moving_maneuver,44,v2_full,4.9,camera,2,0.9409753211681651,True
moving_maneuver,44,v2_full,5.0,radar,4,4.399211018625345,True
moving_maneuver,44,v2_full,5.0,camera,2,1.3567882934839886,True
moving_maneuver,44,v2_full,5.1000000000000005,radar,4,3.9383126789358194,True
moving_maneuver,44,v2_full,5.1000000000000005,camera,2,0.33929775543408075,True
moving_maneuver,44,v2_full,5.2,radar,4,4.537671668759979,True
moving_maneuver,44,v2_full,5.2,camera,2,6.806346466501449,True
moving_maneuver,44,v2_full,5.300000000000001,radar,4,7.140722177605515,True
moving_maneuver,44,v2_full,5.300000000000001,camera,2,1.441546513670899,True
moving_maneuver,44,v2_full,5.4,radar,4,3.037613485272467,True
moving_maneuver,44,v2_full,5.4,camera,2,2.519796448815629,True
moving_maneuver,44,v2_full,5.5,radar,4,1.4724065264091548,True
moving_maneuver,44,v2_full,5.5,camera,2,2.2601550831952832,True
moving_maneuver,44,v2_full,5.6000000000000005,radar,4,2.599616046512614,True
moving_maneuver,44,v2_full,5.6000000000000005,camera,2,10.559752712938375,False
moving_maneuver,44,v2_full,5.7,radar,4,0.36818238294390765,True
moving_maneuver,44,v2_full,5.7,camera,2,0.5782880653658324,True
moving_maneuver,44,v2_full,5.800000000000001,radar,4,10.77547255804151,True
moving_maneuver,44,v2_full,5.800000000000001,camera,2,2.2568934614420573,True
moving_maneuver,44,v2_full,5.9,radar,4,2.867471503718744,True
moving_maneuver,44,v2_full,5.9,camera,2,1.9757349388091614,True
moving_maneuver,44,v2_full,6.0,radar,4,3.6580431130138824,True
moving_maneuver,44,v2_full,6.0,camera,2,2.2340533255337727,True
moving_maneuver,44,v2_full,6.1000000000000005,radar,4,2.822036828267845,True
moving_maneuver,44,v2_full,6.1000000000000005,camera,2,5.0596410574211985,True
moving_maneuver,44,v2_full,6.2,radar,4,4.4376717778281165,True
moving_maneuver,44,v2_full,6.2,camera,2,2.3680207543056273,True
moving_maneuver,44,v2_full,6.300000000000001,radar,4,6.036082912076562,True
moving_maneuver,44,v2_full,6.300000000000001,camera,2,0.23623449535961671,True
moving_maneuver,44,v2_full,6.4,radar,4,1.1567935368241247,True
moving_maneuver,44,v2_full,6.4,camera,2,5.836929849133433,True
moving_maneuver,44,v2_full,6.5,radar,4,1.8551906014251558,True
moving_maneuver,44,v2_full,6.5,camera,2,3.2254399804643343,True
moving_maneuver,44,v2_full,6.6000000000000005,radar,4,0.5308920886775601,True
moving_maneuver,44,v2_full,6.6000000000000005,camera,2,1.2477667989090482,True
moving_maneuver,44,v2_full,6.7,radar,4,3.7829412358080563,True
moving_maneuver,44,v2_full,6.7,camera,2,0.476168898626652,True
moving_maneuver,44,v2_full,6.800000000000001,radar,4,3.1247138112740833,True
moving_maneuver,44,v2_full,6.800000000000001,camera,2,2.792693586158581,True
moving_maneuver,44,v2_full,6.9,radar,4,8.520638871135127,True
moving_maneuver,44,v2_full,6.9,camera,2,0.030297012239684853,True
moving_maneuver,44,v2_full,7.0,radar,4,1.5963325704686997,True
moving_maneuver,44,v2_full,7.0,camera,2,1.2223157865670295,True
moving_maneuver,44,v2_full,7.1000000000000005,radar,4,1.0128346471268566,True
moving_maneuver,44,v2_full,7.1000000000000005,camera,2,0.13932880102131454,True
moving_maneuver,44,v2_full,7.2,radar,4,1.0093762840080251,True
moving_maneuver,44,v2_full,7.2,camera,2,0.14622378555614293,True
moving_maneuver,44,v2_full,7.300000000000001,radar,4,5.422426655971101,True
moving_maneuver,44,v2_full,7.300000000000001,camera,2,0.6409521971953673,True
moving_maneuver,44,v2_full,7.4,radar,4,4.286401407136088,True
moving_maneuver,44,v2_full,7.4,camera,2,0.9455011068941496,True
moving_maneuver,44,v2_full,7.5,radar,4,1.9092579246539325,True
moving_maneuver,44,v2_full,7.5,camera,2,3.4601093229649726,True
moving_maneuver,44,v2_full,7.6000000000000005,radar,4,1.2133660699173858,True
moving_maneuver,44,v2_full,7.6000000000000005,camera,2,0.6439857907727272,True
moving_maneuver,44,v2_full,7.7,radar,4,2.1509910196261965,True
moving_maneuver,44,v2_full,7.7,camera,2,2.3110541663280184,True
moving_maneuver,44,v2_full,7.800000000000001,radar,4,8.61049102978306,True
moving_maneuver,44,v2_full,7.800000000000001,camera,2,0.9365654860821182,True
moving_maneuver,44,v2_full,7.9,radar,4,5.046790964158621,True
moving_maneuver,44,v2_full,7.9,camera,2,1.31901841409271,True
moving_maneuver,44,v2_full,8.0,radar,4,0.21641395211770922,True
moving_maneuver,44,v2_full,8.0,camera,2,1.6673662982966688,True
moving_maneuver,44,v2_full,8.1,radar,4,3.1357577470360525,True
moving_maneuver,44,v2_full,8.1,camera,2,0.9246451040817234,True
moving_maneuver,44,v2_full,8.200000000000001,radar,4,1.7685593278277858,True
moving_maneuver,44,v2_full,8.200000000000001,camera,2,1.2051717665406412,True
moving_maneuver,44,v2_full,8.3,radar,4,1.4465116311915487,True
moving_maneuver,44,v2_full,8.3,camera,2,0.8454905516113778,True
moving_maneuver,44,v2_full,8.4,radar,4,1.4209282196153556,True
moving_maneuver,44,v2_full,8.4,camera,2,1.8234056354614503,True
moving_maneuver,44,v2_full,8.5,radar,4,3.26517114758785,True
moving_maneuver,44,v2_full,8.5,camera,2,1.5341693994233163,True
moving_maneuver,44,v2_full,8.6,radar,4,2.973652772857727,True
moving_maneuver,44,v2_full,8.6,camera,2,2.8856833189927706,True
moving_maneuver,44,v2_full,8.700000000000001,radar,4,1.5502609124547888,True
moving_maneuver,44,v2_full,8.700000000000001,camera,2,0.6622929464411332,True
moving_maneuver,44,v2_full,8.8,radar,4,1.587457660890772,True
moving_maneuver,44,v2_full,8.8,camera,2,0.12133001444277823,True
moving_maneuver,44,v2_full,8.9,radar,4,2.4107229081324237,True
moving_maneuver,44,v2_full,8.9,camera,2,0.6118488546821664,True
moving_maneuver,44,v2_full,9.0,radar,4,6.009750081237902,True
moving_maneuver,44,v2_full,9.0,camera,2,2.2215994212136954,True
moving_maneuver,44,v2_full,9.1,radar,4,5.660366464413067,True
moving_maneuver,44,v2_full,9.1,camera,2,0.6425367028946019,True
moving_maneuver,44,v2_full,9.200000000000001,radar,4,1.8640426324870218,True
moving_maneuver,44,v2_full,9.200000000000001,camera,2,1.455224622192682,True
moving_maneuver,44,v2_full,9.3,radar,4,0.8200022623082577,True
moving_maneuver,44,v2_full,9.3,camera,2,3.542244887725234,True
moving_maneuver,44,v2_full,9.4,radar,4,5.411813205961002,True
moving_maneuver,44,v2_full,9.4,camera,2,0.5701831598264577,True
moving_maneuver,44,v2_full,9.5,radar,4,3.472584740007266,True
moving_maneuver,44,v2_full,9.5,camera,2,0.09900581430844205,True
moving_maneuver,44,v2_full,9.600000000000001,radar,4,5.817915381340818,True
moving_maneuver,44,v2_full,9.600000000000001,camera,2,0.7808366218567805,True
moving_maneuver,44,v2_full,9.700000000000001,radar,4,1.259153343660748,True
moving_maneuver,44,v2_full,9.700000000000001,camera,2,1.5688299290948489,True
moving_maneuver,44,v2_full,9.8,radar,4,6.4086235315590665,True
moving_maneuver,44,v2_full,9.8,camera,2,0.5104335220865884,True
moving_maneuver,44,v2_full,9.9,radar,4,4.657009948788232,True
moving_maneuver,44,v2_full,9.9,camera,2,0.8053546859377548,True
moving_maneuver,44,v2_full,10.0,radar,4,2.624394590800248,True
moving_maneuver,44,v2_full,10.0,camera,2,3.082529319617518,True
moving_maneuver,44,v2_full,10.100000000000001,radar,4,8.216733349537932,True
moving_maneuver,44,v2_full,10.100000000000001,camera,2,1.0436588131062987,True
moving_maneuver,44,v2_full,10.200000000000001,radar,4,2.8699583704168488,True
moving_maneuver,44,v2_full,10.200000000000001,camera,2,0.47451975369460264,True
moving_maneuver,44,v2_full,10.3,radar,4,4.155660228301438,True
moving_maneuver,44,v2_full,10.3,camera,2,0.028874220739077402,True
moving_maneuver,44,v2_full,10.4,radar,4,4.638119943373052,True
moving_maneuver,44,v2_full,10.4,camera,2,1.1806428963039808,True
moving_maneuver,44,v2_full,10.5,radar,4,2.3011494833130324,True
moving_maneuver,44,v2_full,10.5,camera,2,0.09459003104171931,True
moving_maneuver,44,v2_full,10.600000000000001,radar,4,3.2466047281195043,True
moving_maneuver,44,v2_full,10.600000000000001,camera,2,1.341596488009666,True
moving_maneuver,44,v2_full,10.700000000000001,radar,4,0.6919415411940363,True
moving_maneuver,44,v2_full,10.700000000000001,camera,2,0.5087177685691822,True
moving_maneuver,44,v2_full,10.8,radar,4,4.237595296037589,True
moving_maneuver,44,v2_full,10.8,camera,2,2.1390218933369374,True
moving_maneuver,44,v2_full,10.9,radar,4,3.2372951500221716,True
moving_maneuver,44,v2_full,10.9,camera,2,3.5033365163886714,True
moving_maneuver,44,v2_full,11.0,radar,4,5.975402951881207,True
moving_maneuver,44,v2_full,11.0,camera,2,7.6759930185675875,True
moving_maneuver,44,v2_full,11.100000000000001,radar,4,3.983754593870602,True
moving_maneuver,44,v2_full,11.100000000000001,camera,2,1.950296359829612,True
moving_maneuver,44,v2_full,11.200000000000001,radar,4,1.3085999698708206,True
moving_maneuver,44,v2_full,11.200000000000001,camera,2,4.371853860230957,True
moving_maneuver,44,v2_full,11.3,radar,4,0.5677887548466012,True
moving_maneuver,44,v2_full,11.3,camera,2,0.1306819227536772,True
moving_maneuver,44,v2_full,11.4,radar,4,7.740209171016723,True
moving_maneuver,44,v2_full,11.4,camera,2,0.22449496190251136,True
moving_maneuver,44,v2_full,11.5,radar,4,4.9539331084526745,True
moving_maneuver,44,v2_full,11.5,camera,2,0.13422577939375985,True
moving_maneuver,44,v2_full,11.600000000000001,radar,4,6.4431371124787535,True
moving_maneuver,44,v2_full,11.600000000000001,camera,2,1.4868711777019135,True
moving_maneuver,44,v2_full,11.700000000000001,radar,4,4.445123729703835,True
moving_maneuver,44,v2_full,11.700000000000001,camera,2,0.3993867643895216,True
moving_maneuver,44,v2_full,11.8,radar,4,2.1094310853070315,True
moving_maneuver,44,v2_full,11.8,camera,2,1.1405957763689938,True
moving_maneuver,44,v2_full,11.9,radar,4,4.353660300052527,True
moving_maneuver,44,v2_full,11.9,camera,2,1.4435252753475172,True
moving_maneuver,44,v2_full,12.0,radar,4,3.0383448846442733,True
moving_maneuver,44,v2_full,12.0,camera,2,2.0839569202293693,True
moving_maneuver,44,frozen_ego_fault,0.0,camera,2,1.715953613497488,True
moving_maneuver,44,frozen_ego_fault,0.1,radar,4,1.8698603217699252,True
moving_maneuver,44,frozen_ego_fault,0.1,camera,2,0.40190763067524,True
moving_maneuver,44,frozen_ego_fault,0.2,radar,4,2.237512745825523,True
moving_maneuver,44,frozen_ego_fault,0.2,camera,2,0.10278009891386929,True
moving_maneuver,44,frozen_ego_fault,0.30000000000000004,radar,4,1.3275537038989416,True
moving_maneuver,44,frozen_ego_fault,0.30000000000000004,camera,2,0.4408303187759552,True
moving_maneuver,44,frozen_ego_fault,0.4,radar,4,4.369591253855714,True
moving_maneuver,44,frozen_ego_fault,0.4,camera,2,2.988365236199198,True
moving_maneuver,44,frozen_ego_fault,0.5,radar,4,0.42946728844254195,True
moving_maneuver,44,frozen_ego_fault,0.5,camera,2,1.6180853339041328,True
moving_maneuver,44,frozen_ego_fault,0.6000000000000001,radar,4,2.12186393678858,True
moving_maneuver,44,frozen_ego_fault,0.6000000000000001,camera,2,2.7120172210777254,True
moving_maneuver,44,frozen_ego_fault,0.7000000000000001,radar,4,3.5494716097357277,True
moving_maneuver,44,frozen_ego_fault,0.7000000000000001,camera,2,1.8731446875091544,True
moving_maneuver,44,frozen_ego_fault,0.8,radar,4,1.486707222890639,True
moving_maneuver,44,frozen_ego_fault,0.8,camera,2,2.0686730880365323,True
moving_maneuver,44,frozen_ego_fault,0.9,radar,4,5.8155276202384645,True
moving_maneuver,44,frozen_ego_fault,0.9,camera,2,0.35052527505041253,True
moving_maneuver,44,frozen_ego_fault,1.0,radar,4,10.498138523964018,True
moving_maneuver,44,frozen_ego_fault,1.0,camera,2,1.79471112472245,True
moving_maneuver,44,frozen_ego_fault,1.1,radar,4,6.970890120598794,True
moving_maneuver,44,frozen_ego_fault,1.1,camera,2,0.15057664181877675,True
moving_maneuver,44,frozen_ego_fault,1.2000000000000002,radar,4,1.1121922408858747,True
moving_maneuver,44,frozen_ego_fault,1.2000000000000002,camera,2,1.278182076648719,True
moving_maneuver,44,frozen_ego_fault,1.3,radar,4,4.3186928830956415,True
moving_maneuver,44,frozen_ego_fault,1.3,camera,2,1.3952203653213626,True
moving_maneuver,44,frozen_ego_fault,1.4000000000000001,radar,4,1.1300188109036957,True
moving_maneuver,44,frozen_ego_fault,1.4000000000000001,camera,2,2.8988770721854618,True
moving_maneuver,44,frozen_ego_fault,1.5,radar,4,3.977488210321273,True
moving_maneuver,44,frozen_ego_fault,1.5,camera,2,5.039518045390356,True
moving_maneuver,44,frozen_ego_fault,1.6,radar,4,2.3591506012302044,True
moving_maneuver,44,frozen_ego_fault,1.6,camera,2,0.3638922581299543,True
moving_maneuver,44,frozen_ego_fault,1.7000000000000002,radar,4,3.964208331907752,True
moving_maneuver,44,frozen_ego_fault,1.7000000000000002,camera,2,4.812191790542805,True
moving_maneuver,44,frozen_ego_fault,1.8,radar,4,8.707669326388157,True
moving_maneuver,44,frozen_ego_fault,1.8,camera,2,0.16155932776461976,True
moving_maneuver,44,frozen_ego_fault,1.9000000000000001,radar,4,6.038604615175594,True
moving_maneuver,44,frozen_ego_fault,1.9000000000000001,camera,2,2.745238028383854,True
moving_maneuver,44,frozen_ego_fault,2.0,radar,4,6.11903744828001,True
moving_maneuver,44,frozen_ego_fault,2.0,camera,2,0.09121887051159501,True
moving_maneuver,44,frozen_ego_fault,2.1,radar,4,2.446661085430478,True
moving_maneuver,44,frozen_ego_fault,2.1,camera,2,1.4780622930044198,True
moving_maneuver,44,frozen_ego_fault,2.2,radar,4,13.463470666715766,False
moving_maneuver,44,frozen_ego_fault,2.2,camera,2,0.5497496217538036,True
moving_maneuver,44,frozen_ego_fault,2.3000000000000003,radar,4,5.9384767690120315,True
moving_maneuver,44,frozen_ego_fault,2.3000000000000003,camera,2,3.182308350077188,True
moving_maneuver,44,frozen_ego_fault,2.4000000000000004,radar,4,4.0560448831390055,True
moving_maneuver,44,frozen_ego_fault,2.4000000000000004,camera,2,2.6672694689609444,True
moving_maneuver,44,frozen_ego_fault,2.5,radar,4,9.572292770156704,True
moving_maneuver,44,frozen_ego_fault,2.5,camera,2,2.1051812166691173,True
moving_maneuver,44,frozen_ego_fault,2.6,radar,4,1.0566245505239373,True
moving_maneuver,44,frozen_ego_fault,2.6,camera,2,0.09187332005693058,True
moving_maneuver,44,frozen_ego_fault,2.7,radar,4,1.160505738782808,True
moving_maneuver,44,frozen_ego_fault,2.7,camera,2,0.7005880704408275,True
moving_maneuver,44,frozen_ego_fault,2.8000000000000003,radar,4,0.6962759814727106,True
moving_maneuver,44,frozen_ego_fault,2.8000000000000003,camera,2,1.4891599023759772,True
moving_maneuver,44,frozen_ego_fault,2.9000000000000004,radar,4,9.763254368055847,True
moving_maneuver,44,frozen_ego_fault,2.9000000000000004,camera,2,1.1830770815254135,True
moving_maneuver,44,frozen_ego_fault,3.0,radar,4,3.613543168847566,True
moving_maneuver,44,frozen_ego_fault,3.0,camera,2,0.8205633821376688,True
moving_maneuver,44,frozen_ego_fault,3.1,radar,4,10.941307401793638,True
moving_maneuver,44,frozen_ego_fault,3.1,camera,2,0.6005611884750945,True
moving_maneuver,44,frozen_ego_fault,3.2,radar,4,1.7469350970986957,True
moving_maneuver,44,frozen_ego_fault,3.2,camera,2,7.2667902092776355,True
moving_maneuver,44,frozen_ego_fault,3.3000000000000003,radar,4,2.522772412195599,True
moving_maneuver,44,frozen_ego_fault,3.3000000000000003,camera,2,2.694023903437737,True
moving_maneuver,44,frozen_ego_fault,3.4000000000000004,radar,4,4.812040500798485,True
moving_maneuver,44,frozen_ego_fault,3.4000000000000004,camera,2,3.4201469671076223,True
moving_maneuver,44,frozen_ego_fault,3.5,radar,4,0.6510759079921374,True
moving_maneuver,44,frozen_ego_fault,3.5,camera,2,1.4941498259135082,True
moving_maneuver,44,frozen_ego_fault,3.6,radar,4,8.824408147746457,True
moving_maneuver,44,frozen_ego_fault,3.6,camera,2,0.03211430548386822,True
moving_maneuver,44,frozen_ego_fault,3.7,radar,4,4.050312401533507,True
moving_maneuver,44,frozen_ego_fault,3.7,camera,2,0.02048292268696311,True
moving_maneuver,44,frozen_ego_fault,3.8000000000000003,radar,4,0.7831793967318653,True
moving_maneuver,44,frozen_ego_fault,3.8000000000000003,camera,2,4.3706852388272734,True
moving_maneuver,44,frozen_ego_fault,3.9000000000000004,radar,4,1.243092642752605,True
moving_maneuver,44,frozen_ego_fault,3.9000000000000004,camera,2,4.78910341571988,True
moving_maneuver,44,frozen_ego_fault,4.0,radar,4,2.331456973974852,True
moving_maneuver,44,frozen_ego_fault,4.0,camera,2,9.343817136739332,False
moving_maneuver,44,frozen_ego_fault,4.1000000000000005,radar,4,3.801561298004223,True
moving_maneuver,44,frozen_ego_fault,4.1000000000000005,camera,2,10.323337248980668,False
moving_maneuver,44,frozen_ego_fault,4.2,radar,4,0.6562246311697525,True
moving_maneuver,44,frozen_ego_fault,4.2,camera,2,3.696195730792998,True
moving_maneuver,44,frozen_ego_fault,4.3,radar,4,2.8951494584304274,True
moving_maneuver,44,frozen_ego_fault,4.3,camera,2,0.4500295266126485,True
moving_maneuver,44,frozen_ego_fault,4.4,radar,4,2.3805108991893635,True
moving_maneuver,44,frozen_ego_fault,4.4,camera,2,0.7325105217214677,True
moving_maneuver,44,frozen_ego_fault,4.5,radar,4,1.9544760846835096,True
moving_maneuver,44,frozen_ego_fault,4.5,camera,2,3.9545837968980497,True
moving_maneuver,44,frozen_ego_fault,4.6000000000000005,radar,4,4.707846782418359,True
moving_maneuver,44,frozen_ego_fault,4.6000000000000005,camera,2,0.629220139266969,True
moving_maneuver,44,frozen_ego_fault,4.7,radar,4,4.10424527530593,True
moving_maneuver,44,frozen_ego_fault,4.7,camera,2,4.940719925927633,True
moving_maneuver,44,frozen_ego_fault,4.800000000000001,radar,4,11.614795749084987,True
moving_maneuver,44,frozen_ego_fault,4.800000000000001,camera,2,0.9594281867338359,True
moving_maneuver,44,frozen_ego_fault,4.9,radar,4,3.722933572578127,True
moving_maneuver,44,frozen_ego_fault,4.9,camera,2,0.5129539636188883,True
moving_maneuver,44,frozen_ego_fault,5.0,radar,4,4.309909402716714,True
moving_maneuver,44,frozen_ego_fault,5.0,camera,2,1.6283768507039542,True
moving_maneuver,44,frozen_ego_fault,5.1000000000000005,radar,4,3.951874184100238,True
moving_maneuver,44,frozen_ego_fault,5.1000000000000005,camera,2,0.11150949274887413,True
moving_maneuver,44,frozen_ego_fault,5.2,radar,4,4.354707662650363,True
moving_maneuver,44,frozen_ego_fault,5.2,camera,2,5.845765646769228,True
moving_maneuver,44,frozen_ego_fault,5.300000000000001,radar,4,7.078834845052701,True
moving_maneuver,44,frozen_ego_fault,5.300000000000001,camera,2,2.125092305040606,True
moving_maneuver,44,frozen_ego_fault,5.4,radar,4,3.16649888055354,True
moving_maneuver,44,frozen_ego_fault,5.4,camera,2,2.9946910591436677,True
moving_maneuver,44,frozen_ego_fault,5.5,radar,4,1.430494038650204,True
moving_maneuver,44,frozen_ego_fault,5.5,camera,2,1.5297967019794412,True
moving_maneuver,44,frozen_ego_fault,5.6000000000000005,radar,4,2.9188284947035243,True
moving_maneuver,44,frozen_ego_fault,5.6000000000000005,camera,2,8.856544200116,True
moving_maneuver,44,frozen_ego_fault,5.7,radar,4,0.7150679525921783,True
moving_maneuver,44,frozen_ego_fault,5.7,camera,2,1.2567163280186482,True
moving_maneuver,44,frozen_ego_fault,5.800000000000001,radar,4,9.824019059116006,True
moving_maneuver,44,frozen_ego_fault,5.800000000000001,camera,2,0.4753756808228156,True
moving_maneuver,44,frozen_ego_fault,5.9,radar,4,2.3967207645096416,True
moving_maneuver,44,frozen_ego_fault,5.9,camera,2,1.4733977283548776,True
moving_maneuver,44,frozen_ego_fault,6.0,radar,4,4.114762221275781,True
moving_maneuver,44,frozen_ego_fault,6.0,camera,2,4.11062883473249,True
moving_maneuver,44,frozen_ego_fault,6.1000000000000005,radar,4,3.0481049924396433,True
moving_maneuver,44,frozen_ego_fault,6.1000000000000005,camera,2,4.914637869847424,True
moving_maneuver,44,frozen_ego_fault,6.2,radar,4,4.1789522798272944,True
moving_maneuver,44,frozen_ego_fault,6.2,camera,2,3.333450570058502,True
moving_maneuver,44,frozen_ego_fault,6.300000000000001,radar,4,6.352362712769553,True
moving_maneuver,44,frozen_ego_fault,6.300000000000001,camera,2,0.32628158133453994,True
moving_maneuver,44,frozen_ego_fault,6.4,radar,4,1.0707939541455127,True
moving_maneuver,44,frozen_ego_fault,6.4,camera,2,5.093476163295596,True
moving_maneuver,44,frozen_ego_fault,6.5,radar,4,1.87715759491671,True
moving_maneuver,44,frozen_ego_fault,6.5,camera,2,3.3898646220304545,True
moving_maneuver,44,frozen_ego_fault,6.6000000000000005,radar,4,0.6371617333081117,True
moving_maneuver,44,frozen_ego_fault,6.6000000000000005,camera,2,0.8785465953156192,True
moving_maneuver,44,frozen_ego_fault,6.7,radar,4,3.707201079153421,True
moving_maneuver,44,frozen_ego_fault,6.7,camera,2,0.4880520001508855,True
moving_maneuver,44,frozen_ego_fault,6.800000000000001,radar,4,2.973762167853871,True
moving_maneuver,44,frozen_ego_fault,6.800000000000001,camera,2,2.7560816948661677,True
moving_maneuver,44,frozen_ego_fault,6.9,radar,4,8.304169998800514,True
moving_maneuver,44,frozen_ego_fault,6.9,camera,2,0.04307436616713787,True
moving_maneuver,44,frozen_ego_fault,7.0,radar,4,1.6039694514607874,True
moving_maneuver,44,frozen_ego_fault,7.0,camera,2,1.3306148351479552,True
moving_maneuver,44,frozen_ego_fault,7.1000000000000005,radar,4,1.2137539414377738,True
moving_maneuver,44,frozen_ego_fault,7.1000000000000005,camera,2,0.1411098637886351,True
moving_maneuver,44,frozen_ego_fault,7.2,radar,4,0.9075213585864428,True
moving_maneuver,44,frozen_ego_fault,7.2,camera,2,0.3835866922609149,True
moving_maneuver,44,frozen_ego_fault,7.300000000000001,radar,4,5.676952667601607,True
moving_maneuver,44,frozen_ego_fault,7.300000000000001,camera,2,0.3989412979893386,True
moving_maneuver,44,frozen_ego_fault,7.4,radar,4,4.333344609537052,True
moving_maneuver,44,frozen_ego_fault,7.4,camera,2,1.1207391198295782,True
moving_maneuver,44,frozen_ego_fault,7.5,radar,4,1.9384710521392827,True
moving_maneuver,44,frozen_ego_fault,7.5,camera,2,3.728738499219181,True
moving_maneuver,44,frozen_ego_fault,7.6000000000000005,radar,4,1.078238567998047,True
moving_maneuver,44,frozen_ego_fault,7.6000000000000005,camera,2,0.2786518581915128,True
moving_maneuver,44,frozen_ego_fault,7.7,radar,4,2.0327865414880106,True
moving_maneuver,44,frozen_ego_fault,7.7,camera,2,1.5690058733760908,True
moving_maneuver,44,frozen_ego_fault,7.800000000000001,radar,4,8.654375977585966,True
moving_maneuver,44,frozen_ego_fault,7.800000000000001,camera,2,1.064697924580546,True
moving_maneuver,44,frozen_ego_fault,7.9,radar,4,4.816678574499242,True
moving_maneuver,44,frozen_ego_fault,7.9,camera,2,1.9029926859541837,True
moving_maneuver,44,frozen_ego_fault,8.0,radar,4,0.16398890408056013,True
moving_maneuver,44,frozen_ego_fault,8.0,camera,2,2.464864534474304,True
moving_maneuver,44,frozen_ego_fault,8.1,radar,4,3.2394786250252308,True
moving_maneuver,44,frozen_ego_fault,8.1,camera,2,0.7002349641607297,True
moving_maneuver,44,frozen_ego_fault,8.200000000000001,radar,4,1.8681759594756457,True
moving_maneuver,44,frozen_ego_fault,8.200000000000001,camera,2,0.7974295565785817,True
moving_maneuver,44,frozen_ego_fault,8.3,radar,4,1.4347929625684737,True
moving_maneuver,44,frozen_ego_fault,8.3,camera,2,1.1460884105050804,True
moving_maneuver,44,frozen_ego_fault,8.4,radar,4,1.2311250927936757,True
moving_maneuver,44,frozen_ego_fault,8.4,camera,2,1.2430224518633108,True
moving_maneuver,44,frozen_ego_fault,8.5,radar,4,3.1174021269320225,True
moving_maneuver,44,frozen_ego_fault,8.5,camera,2,1.9601757849185222,True
moving_maneuver,44,frozen_ego_fault,8.6,radar,4,2.8853957825553644,True
moving_maneuver,44,frozen_ego_fault,8.6,camera,2,2.156188988882743,True
moving_maneuver,44,frozen_ego_fault,8.700000000000001,radar,4,1.6684493931370066,True
moving_maneuver,44,frozen_ego_fault,8.700000000000001,camera,2,1.1499754878969628,True
moving_maneuver,44,frozen_ego_fault,8.8,radar,4,1.756737456905157,True
moving_maneuver,44,frozen_ego_fault,8.8,camera,2,0.12906112071423506,True
moving_maneuver,44,frozen_ego_fault,8.9,radar,4,2.649013412695531,True
moving_maneuver,44,frozen_ego_fault,8.9,camera,2,0.9433731948542476,True
moving_maneuver,44,frozen_ego_fault,9.0,radar,4,5.678973210128659,True
moving_maneuver,44,frozen_ego_fault,9.0,camera,2,1.616648480346661,True
moving_maneuver,44,frozen_ego_fault,9.1,radar,4,5.849203334026223,True
moving_maneuver,44,frozen_ego_fault,9.1,camera,2,0.38385869291355923,True
moving_maneuver,44,frozen_ego_fault,9.200000000000001,radar,4,1.7931193374571928,True
moving_maneuver,44,frozen_ego_fault,9.200000000000001,camera,2,1.5461958572845738,True
moving_maneuver,44,frozen_ego_fault,9.3,radar,4,0.7305090219285103,True
moving_maneuver,44,frozen_ego_fault,9.3,camera,2,4.512153956025842,True
moving_maneuver,44,frozen_ego_fault,9.4,radar,4,5.156073138794105,True
moving_maneuver,44,frozen_ego_fault,9.4,camera,2,0.8073021306322594,True
moving_maneuver,44,frozen_ego_fault,9.5,radar,4,3.190143716523321,True
moving_maneuver,44,frozen_ego_fault,9.5,camera,2,0.11183951592564957,True
moving_maneuver,44,frozen_ego_fault,9.600000000000001,radar,4,6.216403817206059,True
moving_maneuver,44,frozen_ego_fault,9.600000000000001,camera,2,0.9905799129742442,True
moving_maneuver,44,frozen_ego_fault,9.700000000000001,radar,4,1.3899006654397406,True
moving_maneuver,44,frozen_ego_fault,9.700000000000001,camera,2,1.709637211861498,True
moving_maneuver,44,frozen_ego_fault,9.8,radar,4,6.4664621790220105,True
moving_maneuver,44,frozen_ego_fault,9.8,camera,2,0.8684338052809162,True
moving_maneuver,44,frozen_ego_fault,9.9,radar,4,4.67348279322053,True
moving_maneuver,44,frozen_ego_fault,9.9,camera,2,0.4605376577220532,True
moving_maneuver,44,frozen_ego_fault,10.0,radar,4,2.4697972824350907,True
moving_maneuver,44,frozen_ego_fault,10.0,camera,2,3.7935511626304015,True
moving_maneuver,44,frozen_ego_fault,10.100000000000001,radar,4,7.857601692189897,True
moving_maneuver,44,frozen_ego_fault,10.100000000000001,camera,2,0.660533022721484,True
moving_maneuver,44,frozen_ego_fault,10.200000000000001,radar,4,2.8419753181312255,True
moving_maneuver,44,frozen_ego_fault,10.200000000000001,camera,2,0.5880250925887623,True
moving_maneuver,44,frozen_ego_fault,10.3,radar,4,4.401142571826484,True
moving_maneuver,44,frozen_ego_fault,10.3,camera,2,0.0013528565531074255,True
moving_maneuver,44,frozen_ego_fault,10.4,radar,4,4.900856258440924,True
moving_maneuver,44,frozen_ego_fault,10.4,camera,2,0.7920839314188921,True
moving_maneuver,44,frozen_ego_fault,10.5,radar,4,2.186496745470935,True
moving_maneuver,44,frozen_ego_fault,10.5,camera,2,0.109942562607822,True
moving_maneuver,44,frozen_ego_fault,10.600000000000001,radar,4,3.2547435661142576,True
moving_maneuver,44,frozen_ego_fault,10.600000000000001,camera,2,1.8036360276548575,True
moving_maneuver,44,frozen_ego_fault,10.700000000000001,radar,4,0.7681155375397529,True
moving_maneuver,44,frozen_ego_fault,10.700000000000001,camera,2,0.31483946386637246,True
moving_maneuver,44,frozen_ego_fault,10.8,radar,4,4.427667298545237,True
moving_maneuver,44,frozen_ego_fault,10.8,camera,2,1.6387418374624976,True
moving_maneuver,44,frozen_ego_fault,10.9,radar,4,3.047618627461335,True
moving_maneuver,44,frozen_ego_fault,10.9,camera,2,3.2053814562991647,True
moving_maneuver,44,frozen_ego_fault,11.0,radar,4,6.193628069134492,True
moving_maneuver,44,frozen_ego_fault,11.0,camera,2,8.675293927666301,True
moving_maneuver,44,frozen_ego_fault,11.100000000000001,radar,4,4.063379181130277,True
moving_maneuver,44,frozen_ego_fault,11.100000000000001,camera,2,2.295903723208407,True
moving_maneuver,44,frozen_ego_fault,11.200000000000001,radar,4,1.436166522214074,True
moving_maneuver,44,frozen_ego_fault,11.200000000000001,camera,2,3.911926386957512,True
moving_maneuver,44,frozen_ego_fault,11.3,radar,4,0.60090000424339,True
moving_maneuver,44,frozen_ego_fault,11.3,camera,2,0.1305443197008792,True
moving_maneuver,44,frozen_ego_fault,11.4,radar,4,7.771117108858142,True
moving_maneuver,44,frozen_ego_fault,11.4,camera,2,0.40370969503506476,True
moving_maneuver,44,frozen_ego_fault,11.5,radar,4,4.916945081915483,True
moving_maneuver,44,frozen_ego_fault,11.5,camera,2,0.25534013286750695,True
moving_maneuver,44,frozen_ego_fault,11.600000000000001,radar,4,6.130809355173393,True
moving_maneuver,44,frozen_ego_fault,11.600000000000001,camera,2,1.8753558039438258,True
moving_maneuver,44,frozen_ego_fault,11.700000000000001,radar,4,4.588490872046809,True
moving_maneuver,44,frozen_ego_fault,11.700000000000001,camera,2,0.23262231038065145,True
moving_maneuver,44,frozen_ego_fault,11.8,radar,4,2.1915662390375674,True
moving_maneuver,44,frozen_ego_fault,11.8,camera,2,1.0653186063600313,True
moving_maneuver,44,frozen_ego_fault,11.9,radar,4,4.343470059762442,True
moving_maneuver,44,frozen_ego_fault,11.9,camera,2,1.221053578068821,True
moving_maneuver,44,frozen_ego_fault,12.0,radar,4,3.2746655140111134,True
moving_maneuver,44,frozen_ego_fault,12.0,camera,2,2.0023928430657403,True
